{
  "config": {
    "seed": 42,
    "bs_train": 8,
    "bs_test": null,
    "batches": 100,
    "epochs": 100,
    "early_stopping": 10,
    "checkpoints": null,
    "gen_lr": 0.001,
    "des_lr": 0.001,
    "print_every": 5,
    "generator_optim": "SGD",
    "dsc_optim": "SGD",
    "h_dim": 256,
    "z_dim": 128,
    "kw": {},
    "RTplot": false,
    "data_label": 1,
    "label_noise": 0.3,
    "out_dir": "./results/Res3/",
    "run_name": "Gan_First_Run"
  },
  "results": {
    "num_epochs": 100,
    "generator_loss": [
      0.6530426767335009,
      0.5947083323749144,
      0.5149492412360747,
      0.4258985830776727,
      0.33678713796743703,
      0.2538102769584798,
      0.18557036545739244,
      0.13601598877515367,
      0.09926646024878345,
      0.073238501297449,
      0.055850342249692375,
      0.04125827072716471,
      0.03232197788780305,
      0.02626492469502029,
      0.021784494283483988,
      0.018659924893681682,
      0.015369532935654939,
      0.014254080173350982,
      0.01196028068383683,
      0.012610068503044435,
      0.010587491498175842,
      0.011059709199106515,
      0.010179043594580977,
      0.010095942862776678,
      0.009604352415164016,
      0.008826032190569747,
      0.008870320095777956,
      0.00788382841135139,
      0.006915072896587315,
      0.0066661837566365945,
      0.006872088627528344,
      0.005838414167623911,
      0.005289838955139936,
      0.005408376239851785,
      0.005030884824470797,
      0.004102852476983151,
      0.0033939793573887047,
      0.003482267173674347,
      0.0037065552957633984,
      0.0036561978675091443,
      0.003241861583109,
      0.0028133022828277813,
      0.0031111327437822944,
      0.0029544576363109832,
      0.0029103512799283906,
      0.0032539927789858028,
      0.0029852290102628186,
      0.0036061301153264384,
      0.003363832866133594,
      0.003245553933084011,
      0.0031446405415381513,
      0.0034718682551617497,
      0.003944240771095032,
      0.0035931986457765548,
      0.0031509867403656244,
      0.0029828280676156282,
      0.002382316793412415,
      0.002128978461416355,
      0.0019446610240265727,
      0.002364283107888343,
      0.0020026770392571813,
      0.0016369163892718394,
      0.001775437194520413,
      0.0011231703214597568,
      0.0010863392876197043,
      0.0008748928866863473,
      0.0008516686919854203,
      0.0008578658088304992,
      0.0008205363775408869,
      0.0009700139235607834,
      0.0015488686300675148,
      0.0013435704098430587,
      0.0013281619523777002,
      0.002067319209576209,
      0.0030243542434564277,
      0.0023971213733276994,
      0.001935568523468144,
      0.001978090013822179,
      0.0016563806210213633,
      0.0012474501924241768,
      0.0015317433193993214,
      0.001434888993042396,
      0.0013976756677921138,
      0.0016676618651584236,
      0.0024581023512769548,
      0.003277158882441138,
      0.003477267503960809,
      0.0033957740715913364,
      0.0025811740475248043,
      0.0018159979815358547,
      0.0023803318843745916,
      0.0022505077293643086,
      0.004788989281115025,
      0.004249476334219103,
      0.0035779076982845564,
      0.003725083343295464,
      0.00344635945147098,
      0.0038420533406923513,
      0.003132959309993173,
      0.0033725773005176393
    ],
    "descriminator_loss": [
      1.3162931826577258,
      1.184093658603839,
      1.0489831700253842,
      0.9465328116915119,
      0.8689107396709386,
      0.8178124667993233,
      0.7842276412159649,
      0.7513014149309983,
      0.7390554409418533,
      0.7373536847420593,
      0.7142322414846562,
      0.680385365859786,
      0.683807882800031,
      0.6779970384355801,
      0.6927169161056405,
      0.690195250867018,
      0.7081380086158638,
      0.6627005440975303,
      0.7138572659955096,
      0.7155559272018831,
      0.6903281794555152,
      0.7110383016849632,
      0.7091163863886648,
      0.7447335724510363,
      0.7057321076072863,
      0.7284912271286125,
      0.7005855739116669,
      0.7047686309956792,
      0.6942456231188419,
      0.710050346691217,
      0.7164695854507276,
      0.6797456581201127,
      0.7024002987057415,
      0.7164768429834452,
      0.6724551369005175,
      0.692085105536589,
      0.6507885860863016,
      0.6974109526890427,
      0.7052256491646838,
      0.6797625271242056,
      0.6521123540935232,
      0.7173509953626945,
      0.672092806047468,
      0.6727512883606241,
      0.696528602002272,
      0.7161713024573539,
      0.7089180265789601,
      0.697163807367211,
      0.658740922141431,
      0.6631349841160561,
      0.6925636796808955,
      0.7321752492171615,
      0.6971725741429116,
      0.6110781217688945,
      0.6954527822003436,
      0.6894611396006683,
      0.6326162672754544,
      0.664520280129874,
      0.6906436748469054,
      0.6680697149305201,
      0.6394518920734747,
      0.640629774598933,
      0.6729457520726901,
      0.6617023073025604,
      0.6298876209045524,
      0.6447566600877848,
      0.6513143453135419,
      0.6250317986331769,
      0.6569206234234483,
      0.7116876791662244,
      0.7462396888590571,
      0.6575266162850963,
      0.675999104976654,
      0.7732229246132409,
      0.6684459309969375,
      0.6724704592975218,
      0.659779629155771,
      0.6435706868990144,
      0.6232083039497262,
      0.683730433681118,
      0.6777644611116665,
      0.6112607886542135,
      0.6323712650519698,
      0.7274283455378974,
      0.6485651099859778,
      0.6882425573334765,
      0.6813799712195325,
      0.6574395570292402,
      0.6104728681827659,
      0.6330909902480111,
      0.6258432558223382,
      0.6973719752546567,
      0.6843897531281656,
      0.6168361315086707,
      0.6537858612501799,
      0.6177692159787932,
      0.6516562557932156,
      0.6471629876699021,
      0.6085081100463867,
      0.6357537570284374
    ]
  }
}