{
  "config": {
    "seed": 42,
    "bs_train": 32,
    "bs_test": 8,
    "batches": 100,
    "epochs": 100,
    "early_stopping": 10,
    "checkpoints": null,
    "lr": 0.001,
    "print_every": 100,
    "h_dim": 256,
    "z_dim": 20,
    "betas": [
      0.1,
      0.1
    ],
    "kw": {},
    "RTplot": false,
    "out_dir": "./results/Res3/",
    "run_name": "MEGA_RUNbs_32lr_0.001h_256z_20s_0.5",
    "x_sigma2": 0.5
  },
  "results": {
    "num_epochs": 0,
    "train_loss": [
      1.7999995787938436,
      0.7588205575942993,
      0.6455563267072042,
      0.6401616732279459,
      0.6364534815152486,
      0.62075750430425,
      0.5999018629391988,
      0.6028489311536153,
      0.6014270385106405,
      0.6087325175603231,
      0.5979395190874736,
      0.5888434986273448,
      0.6027295470237732,
      0.6124471068382263,
      0.6052137772242229,
      0.5869352757930756,
      0.5866153120994568,
      0.5809599796930949,
      0.5970796545346578,
      0.5678116242090862,
      0.5795873483022054,
      0.578588976462682,
      0.5851082324981689,
      0.5764559268951416,
      0.5886827886104584,
      0.5866771976153056,
      0.5735450426737467,
      0.6053317149480184,
      0.5846350073814393,
      0.5950737158457439,
      0.5833173831303914,
      0.5620603402455647,
      0.5564230481783549,
      0.5473776280879974,
      0.5180745442708333,
      0.5349607606728871,
      0.5342881341775259,
      0.5061175167560578,
      0.5333247363567353,
      0.5145673175652822,
      0.5220549166202545,
      0.5043455580870311,
      0.5112222552299499,
      0.5058830221494038,
      0.5114157557487488,
      0.4820429702599843,
      0.5071148057778676,
      0.5297774891058604,
      0.4885498762130737,
      0.48376909693082176,
      0.5080416719118754,
      0.4819979747136434,
      0.493802801767985,
      0.47283788124720255,
      0.49900625348091127,
      0.4835626403490702,
      0.4682203729947408,
      0.5047823786735535,
      0.47126367886861165,
      0.49152708450953164,
      0.47268292705217996,
      0.4810740649700165,
      0.4793124596277873,
      0.48277734716733295,
      0.477402126789093,
      0.4651640196641286,
      0.4817837715148926,
      0.4762316544850667,
      0.4697433948516846,
      0.4816695769627889,
      0.4611782987912496,
      0.4669080456097921,
      0.47955498298009236,
      0.4854129493236542,
      0.45448753039042156,
      0.4578445374965668,
      0.4702639659245809,
      0.47472567558288575,
      0.4762076834837596,
      0.45342895984649656,
      0.45404192606608074,
      0.43910185297330223,
      0.46463133295377096,
      0.4655935525894165,
      0.4488844633102417,
      0.4476859986782074,
      0.4362694799900055,
      0.4539991239706675,
      0.44882439176241556,
      0.44997260769208275,
      0.46190751989682516,
      0.4296883761882782,
      0.44308149019877113,
      0.42843275268872577,
      0.45908764998118085,
      0.4433841685454051,
      0.43315064907073975,
      0.44930574695269265,
      0.4274765094121297,
      0.4366251309712728
    ],
    "train_acc": [
      4.933425010181799,
      4.990852132814189,
      5.683936015474429,
      5.707536213734081,
      5.746458085943936,
      5.7982096820113425,
      5.96649054281055,
      5.936491984080518,
      5.9459690851190095,
      5.89228145089073,
      6.00257302808198,
      6.009895038745106,
      5.896306149442069,
      5.917228566077064,
      5.933398946046819,
      6.01804015605087,
      6.1265836506674365,
      6.063459715172106,
      5.964677435459892,
      6.152416549637436,
      6.118204348574587,
      6.084233010325033,
      6.018580723069795,
      6.1396524219216335,
      6.149524352332641,
      5.991576771585655,
      6.411944927761701,
      6.053357097495679,
      6.345204659231978,
      6.1832163985235535,
      6.318751210119681,
      6.532451224725307,
      6.5901702471304,
      6.503116965105174,
      6.818890398430439,
      6.77733682433161,
      6.661654738774525,
      7.075484632886128,
      6.671285609293365,
      6.998307487340076,
      6.72750820320914,
      7.082045289418773,
      6.983546625192968,
      7.064121539705994,
      6.918559678501077,
      7.444128398493756,
      7.060270086254701,
      6.858109427139716,
      7.339985697817182,
      7.347570658943095,
      7.113854152013804,
      7.311552197243166,
      7.161423288316932,
      7.492622800815089,
      7.118324897564301,
      7.356175450582653,
      7.476634415507062,
      7.0462333853669135,
      7.338929286381973,
      7.263226136320209,
      7.455864616000511,
      7.385299724652164,
      7.352889215444912,
      7.348407397570087,
      7.4497940893785275,
      7.540197445871285,
      7.3759423254810175,
      7.323152080300196,
      7.4365690431777045,
      7.382454532246757,
      7.526434757406406,
      7.551205667882491,
      7.317976943708007,
      7.183168222561833,
      7.620225815168433,
      7.449299334285025,
      7.355299126622356,
      7.45356974451387,
      7.434082818076151,
      7.529177982457957,
      7.623389861929561,
      7.8650594138786305,
      7.553170471852676,
      7.451870879875734,
      7.659118604168732,
      7.628512101206079,
      7.782693413836654,
      7.6549326875866415,
      7.647205335636346,
      7.654283142593682,
      7.600300285650433,
      8.033697611014295,
      7.845590863885518,
      7.973795397768353,
      7.662122543629461,
      7.817432943494151,
      8.030616021807708,
      7.7199391018319,
      7.992220986419507,
      7.887878140980358
    ],