{
  "config": {
    "seed": 42,
    "bs_train": 16,
    "bs_test": 4,
    "batches": 100,
    "epochs": 100,
    "early_stopping": 10,
    "checkpoints": null,
    "lr": 0.0005,
    "print_every": 100,
    "h_dim": 512,
    "z_dim": 50,
    "betas": [
      0.1,
      0.1
    ],
    "kw": {},
    "RTplot": false,
    "out_dir": "./results/Res3/",
    "run_name": "MEGA_RUNbs_16lr_0.0005h_512z_50s_0.5",
    "x_sigma2": 0.5
  },
  "results": {
    "num_epochs": 0,
    "train_loss": [
      1.253180605173111,
      0.5963599612315496,
      0.5708022952079773,
      0.558707128961881,
      0.5454496632019679,
      0.5516502221425374,
      0.537452432513237,
      0.5289091090361278,
      0.5300494293371837,
      0.5313770492871602,
      0.527304811278979,
      0.5243213007847468,
      0.51797456741333,
      0.5233524382114411,
      0.5220147391160329,
      0.5157806028922399,
      0.5238775094350179,
      0.5242787132660548,
      0.514739814400673,
      0.5106447209914525,
      0.506822724143664,
      0.5077731966972351,
      0.5073236614465714,
      0.5031704783439637,
      0.5120733936627706,
      0.5011037915945054,
      0.4966987242301305,
      0.5045749564965566,
      0.5003133088350296,
      0.4979359894990921,
      0.5065355012814204,
      0.4917561004559199,
      0.5042904744545619,
      0.47850543856620786,
      0.4861324528853099,
      0.4724198659261068,
      0.4580856571594874,
      0.4505707522233327,
      0.45604111353556315,
      0.4513792475064596,
      0.44578329026699065,
      0.4552025924126307,
      0.4435722748438517,
      0.445544695854187,
      0.43890086114406585,
      0.444499600927035,
      0.4374916801850001,
      0.4306200236082077,
      0.43503084580103557,
      0.43052826126416527,
      0.43470411797364555,
      0.431568185488383,
      0.4307212164004644,
      0.422280682126681,
      0.41573325991630555,
      0.41552048722902934,
      0.4179435153802236,
      0.4166441798210144,
      0.4088933308919271,
      0.41075938840707144,
      0.4007697810729345,
      0.39819586972395576,
      0.40414492090543114,
      0.39723261495431267,
      0.3984978804985682,
      0.3945688207944234,
      0.4081196993589401,
      0.39967808226744334,
      0.39826660255591073,
      0.3916138837734858,
      0.38946670790513355,
      0.39489023784796395,
      0.3912474592526754,
      0.39329300026098885,
      0.3768269797166189,
      0.39053990741570793,
      0.387118798494339,
      0.3839362929264704,
      0.3861627032359441,
      0.38146463632583616,
      0.39193963011105853,
      0.3813952992359797,
      0.3835037926832835,
      0.37575058738390604,
      0.3707477957010269,
      0.3816299905379613,
      0.37179609139760333,
      0.3701444228490194,
      0.37299815714359286,
      0.3726417054732641,
      0.3710922122001648,
      0.36294892330964407,
      0.37284587025642396,
      0.3717137038707733,
      0.37292932768662773,
      0.36104249755541484,
      0.37106223007043204,
      0.3648433576027552,
      0.3657009313503901,
      0.36003037889798484
    ],
    "train_acc": [
      10.322197269427196,
      11.993631042871755,
      12.431468918371996,
      12.773797410483965,
      13.443497763645238,
      12.97261743198914,
      13.29691116312634,
      13.462366153861334,
      13.460326127310212,
      13.575052252504683,
      13.624555688177187,
      13.673804429751256,
      13.692412457802657,
      13.674673114640546,
      13.661741433547785,
      13.793201219665763,
      13.638675819449002,
      13.686939711932974,
      13.728515579861192,
      13.85922152903312,
      13.985727225372507,
      13.88895953193665,
      13.978632249308847,
      14.11145714957582,
      13.904921595873878,
      14.156195933165332,
      14.18220005632583,
      14.022487805224722,
      14.144083072318558,
      14.168389584075216,
      14.196254576660511,
      14.343949000337116,
      13.879208581079444,
      14.529204624070465,
      14.43085375458324,
      14.700058148524741,
      15.066365985491787,
      15.180223271619248,
      15.112382131096822,
      15.324573409037756,
      15.318588566377239,
      15.163572130351243,
      15.348376265025628,
      15.37109296531327,
      15.540944163206015,
      15.338028991045855,
      15.587077926686137,
      15.898545185874621,
      15.718850422589922,
      15.786884792930817,
      15.672265686993281,
      15.886405892380363,
      15.861669936313643,
      16.135441978759687,
      16.40739422065836,
      16.408267230550997,
      16.322530969245726,
      16.279056593135216,
      16.72907160726398,
      16.573288911665685,
      16.986006253300268,
      17.07029717234789,
      16.7311261112329,
      17.12050477557414,
      16.993435423918964,
      17.27940713784781,
      16.71164381821001,
      17.256138047188973,
      17.118196810560125,
      17.422373506501575,
      17.278666113982307,
      17.114344575943438,
      17.296654897057977,
      17.41107405462577,
      18.007651572848506,
      17.399804212722735,
      17.560687588720224,
      17.622132207630656,
      17.52565280168025,
      18.01539360999336,
      17.46500970375915,
      17.77064628807346,
      17.673146512435455,
      18.22732707268314,
      18.17578036193929,
      17.92019699936608,
      18.445618230521237,
      18.23318576222786,
      18.230207680057493,
      18.27931690022821,
      18.27995748395515,
      18.550505855517926,
      18.257330043839154,
      18.237799925936137,
      18.16297190459463,
      18.735625168917622,
      18.310022694328648,
      18.588740791365012,
      18.62776741352213,
      18.67347822465945
    ],