{
  "config": {
    "seed": 42,
    "bs_train": 16,
    "bs_test": 4,
    "batches": 100,
    "epochs": 100,
    "early_stopping": 10,
    "checkpoints": null,
    "lr": 0.001,
    "print_every": 100,
    "h_dim": 512,
    "z_dim": 5,
    "betas": [
      0.1,
      0.1
    ],
    "kw": {},
    "RTplot": false,
    "out_dir": "./results/Res3/",
    "run_name": "MEGA_RUNbs_16lr_0.001h_512z_5s_0.9",
    "x_sigma2": 0.9
  },
  "results": {
    "num_epochs": 0,
    "train_loss": [
      0.5989453901847204,
      0.368336550394694,
      0.362768558661143,
      0.3622530847787857,
      0.35411938428878786,
      0.3404950728019079,
      0.33898016611735027,
      0.3393874794244766,
      0.3351376414299011,
      0.3314619421958923,
      0.3270009756088257,
      0.3230433394511541,
      0.3261518935362498,
      0.3208861912290255,
      0.3208412706851959,
      0.3157776564359665,
      0.31951228976249696,
      0.3150716746846835,
      0.31785364747047423,
      0.3114585330088933,
      0.313519756992658,
      0.31022495329380034,
      0.3088936557372411,
      0.3103809426228205,
      0.30835735201835635,
      0.30670745571454366,
      0.30507231255372363,
      0.3054566894968351,
      0.30424830069144565,
      0.3037735909223557,
      0.30180970033009846,
      0.30172573725382484,
      0.3038398633400599,
      0.3094281276067098,
      0.3103767101963361,
      0.30449480265378953,
      0.3052039345105489,
      0.3020952597260475,
      0.30230751633644104,
      0.29038194864988326,
      0.2907835309704145,
      0.2800415466229121,
      0.2860653152068456,
      0.28477522333463035,
      0.2882893025875092,
      0.2814118112126986,
      0.279080198208491,
      0.28141546845436094,
      0.27965839505195617,
      0.26800027787685393,
      0.28227824668089546,
      0.27412729312976203,
      0.28063942392667135,
      0.27595786154270174,
      0.270565165579319,
      0.2786419093608856,
      0.27135400772094725,
      0.26656792461872103,
      0.2762743825713793,
      0.2639515817165375,
      0.26737505892912544,
      0.2621439054608345,
      0.2613076503078143,
      0.2736959124604861,
      0.28566457827885944,
      0.25610753446817397,
      0.2695299208164215,
      0.2629220262169838,
      0.2772361199061076,
      0.26859730780124663,
      0.25803287923336027,
      0.26223131467898686,
      0.26244390904903414,
      0.24967191020647686,
      0.26242273648579917,
      0.2592683330178261,
      0.2527426933248838,
      0.25191924422979356,
      0.2540824775894483,
      0.2535176292061806,
      0.2516966983675957,
      0.24831970036029816,
      0.2548559804757436,
      0.24628166109323502,
      0.2500184034307798,
      0.24455679555733997,
      0.2635053679347038,
      0.253547074397405,
      0.2555977682272593,
      0.257080078125,
      0.2577012121677399,
      0.24534066567818325,
      0.24920525600512822,
      0.24200857530037562,
      0.25507061630487443,
      0.25489516158898673,
      0.24747368643681208,
      0.258065373202165,
      0.2445239265759786,
      0.24799086501200993
    ],
    "train_acc": [
      18.04688787462172,
      20.850559801947345,
      21.19266735236244,
      21.411567286970627,
      21.65351645212593,
      21.96498404362939,
      21.843721736987366,
      21.80884939487272,
      21.757931766534096,
      22.012884565513346,
      22.030637409994238,
      22.1720327692955,
      22.144055665785977,
      22.352512747602393,
      22.02582725651768,
      22.299473137460886,
      22.300744521102235,
      22.297122889857942,
      22.231023567668856,
      22.508591343965126,
      22.27136066588707,
      22.388759954628494,
      22.580311647302942,
      22.212875731065825,
      22.460307211894545,
      22.338982939610954,
      22.553992364235125,
      22.434155476566303,
      22.64175738905561,
      22.54490000202473,
      22.506720412157332,
      22.655941463945762,
      22.535907948793014,
      22.461864811865752,
      22.465652267879992,
      22.96471839080388,
      23.484287933475436,
      23.80018347361027,
      23.50259372533673,
      24.491794174675928,
      24.691158825264303,
      25.360721016714233,
      25.614604909784774,
      25.55497145610708,
      25.1464462825527,
      25.565321768740436,
      25.484571455033272,
      25.18970248359345,
      25.865729037414198,
      26.430883968932445,
      25.3021517431828,
      25.764898308855642,
      25.429862538624054,
      25.460885348484446,
      26.469565154089562,
      25.627413802834237,
      25.84634700283618,
      26.006574679294662,
      25.69700824122606,
      26.207492667315947,
      26.20314287783378,
      26.281112780279344,
      26.56327098515663,
      25.914157972855474,
      25.072290544148096,
      26.80370465045697,
      26.240637619850027,
      26.41975611298447,
      25.368503280653854,
      26.22094609545841,
      27.3643927445273,
      26.367309487265427,
      26.689461857568425,
      27.45312334783494,
      26.48170500939495,
      26.646562198660476,
      27.012876860131893,
      26.981137518050893,
      26.961608165870924,
      27.01771117404892,
      27.08183213040708,
      27.42100987722602,
      27.23295038065481,
      27.3785729297489,
      27.024622797185152,
      27.78760149416952,
      26.246687397433863,
      27.118608944728486,
      26.954226718420298,
      26.56314123359096,
      26.2366209122642,
      27.916208204802654,
      27.26306316504879,
      28.052440638729433,
      27.33882204190248,
      26.5925482945645,
      27.419465695101106,
      27.138295142385942,
      27.577473734610088,
      27.395042851929865
    ],