{
  "config": {
    "seed": 42,
    "bs_train": 32,
    "bs_test": 8,
    "batches": 100,
    "epochs": 100,
    "early_stopping": 10,
    "checkpoints": null,
    "lr": 0.01,
    "print_every": 100,
    "h_dim": 128,
    "z_dim": 5,
    "betas": [
      0.1,
      0.1
    ],
    "kw": {},
    "RTplot": false,
    "out_dir": "./results/Res3/",
    "run_name": "MEGA_RUNbs_32lr_0.01h_128z_5s_0.9",
    "x_sigma2": 0.9
  },
  "results": {
    "num_epochs": 0,
    "train_loss": [
      2.0095065673192343,
      1.3925885915756226,
      0.9831286907196045,
      0.8149473249912262,
      0.7369296431541443,
      0.6004046897093455,
      0.5292788088321686,
      0.5364867726961772,
      0.48671608169873554,
      0.4513325750827789,
      0.45204943815867105,
      0.44732013742129006,
      0.4487243910630544,
      0.4313104530175527,
      0.4262314657370249,
      0.41037703355153404,
      0.41143935720125835,
      0.39803410569826764,
      0.4015019516150157,
      0.39593459566434225,
      0.3978678027788798,
      0.38976665735244753,
      0.38617696762084963,
      0.38600614070892336,
      0.3822125275929769,
      0.380769819021225,
      0.3811345299084981,
      0.3712819238503774,
      0.3760942896207174,
      0.37090144952138265,
      0.37156985799471537,
      0.36791717211405434,
      0.3679257611433665,
      0.3675562302271525,
      0.3639564077059428,
      0.3655000607172648,
      0.36612289349238075,
      0.3633438289165497,
      0.3640893797079722,
      0.3623089055220286,
      0.362354032198588,
      0.359809801975886,
      0.3605529526869456,
      0.36610487500826516,
      0.3572138428688049,
      0.36070475578308103,
      0.3576805512110392,
      0.35868319272995,
      0.356304806470871,
      0.35815516908963524,
      0.354539426167806,
      0.35531367858250934,
      0.3532759408156077,
      0.35339263280232747,
      0.3531844139099121,
      0.3525065302848816,
      0.3529913286368052,
      0.35371166666348774,
      0.35002119541168214,
      0.35004353324572246,
      0.35010488430658976,
      0.3497481902440389,
      0.349701996644338,
      0.3493046979109446,
      0.34806456963221233,
      0.3475835641225179,
      0.3468634247779846,
      0.34617468317349753,
      0.3459646701812744,
      0.3471927622954051,
      0.3438448409239451,
      0.3429613629976908,
      0.3422674794991811,
      0.3444744606812795,
      0.34207043051719666,
      0.3421458701292674,
      0.3423132578531901,
      0.34371349414189656,
      0.34180670579274497,
      0.3408863067626953,
      0.3396510144074758,
      0.34004306197166445,
      0.3416247626145681,
      0.34234596689542135,
      0.3381713807582855,
      0.33853346705436704,
      0.33803191781044006,
      0.33749505678812664,
      0.3352747619152069,
      0.33553779125213623,
      0.3345595161120097,
      0.33346014817555747,
      0.3316586077213287,
      0.33188637097676593,
      0.3306605736414591,
      0.33081623713175456,
      0.32907429536183674,
      0.3274740974108378,
      0.3266336381435394,
      0.32602954705556236
    ],
    "train_acc": [
      5.188806760493401,
      5.5395900881128135,
      8.66586572539652,
      9.757330718271318,
      9.681935370157783,
      9.873872838945358,
      9.85495652991974,
      9.860001292150542,
      9.880856098548838,
      9.864728565136627,
      9.877539729118991,
      9.878814556790482,
      9.865665364777513,
      9.881515335648363,
      9.873224076565759,
      9.875959934114992,
      9.87259059866782,
      9.879333855906811,
      9.875251096564751,
      9.889257562513977,
      9.87281375003313,
      9.88720118336159,
      9.909083172437521,
      9.874914089948398,
      9.863814302378579,
      9.876450083211008,
      9.881600959533193,
      9.872595548277006,
      9.866677858645215,
      9.88725052909218,
      9.863032794992243,
      9.879945269318656,
      9.877976980956875,
      9.88005915608265,
      9.879323032234884,
      9.903839765033936,
      9.872814827864637,
      9.864672764720904,
      9.891834207432531,
      9.893370123163855,
      9.874850680583428,
      9.866611012318527,
      9.885587371719163,
      9.889254091431075,
      9.883865978150393,
      9.887709743048521,
      9.889330665942829,
      9.871549665789932,
      9.862534576023444,
      9.895386600878489,
      9.867148511675309,
      9.907903400262912,
      9.908369414256818,
      9.881850587765319,
      9.87224416405575,
      9.875152287990963,
      9.890030897750886,
      9.886028477367972,
      9.864494991566284,
      9.877725400333603,
      9.869394835290887,
      9.86897130004058,
      9.864241579843597,
      9.870733206891739,
      9.901194116280642,
      9.888373575496495,
      9.882760229793552,
      9.867726664746934,
      9.869464157657093,
      9.867802788380349,
      9.877735148167055,
      9.892440645575773,
      9.875628567338788,
      9.870659491178673,
      9.873867634412148,
      9.863977184394743,
      9.89098869158024,
      9.899401933276037,
      9.879626920832528,
      9.901671797137528,
      9.857667163609111,
      9.86794743553217,
      9.886469736385942,
      9.891004728902947,
      9.895435933442743,
      9.881530288023905,
      9.8796653060111,
      9.857257540003712,
      9.862421554595342,
      9.876769094220702,
      9.89485712797857,
      9.87039225670528,
      9.87271528781904,
      9.873047552194388,
      9.867825489523584,
      9.874327019702969,
      9.881963931873699,
      9.871761841907437,
      9.864249458006649,
      9.90707002197967
    ],