{
  "config": {
    "seed": 42,
    "bs_train": 16,
    "bs_test": 4,
    "batches": 100,
    "epochs": 100,
    "early_stopping": 10,
    "checkpoints": null,
    "lr": 0.0005,
    "print_every": 100,
    "h_dim": 128,
    "z_dim": 20,
    "betas": [
      0.1,
      0.1
    ],
    "kw": {},
    "RTplot": false,
    "out_dir": "./results/Res3/",
    "run_name": "MEGA_RUNbs_16lr_0.0005h_128z_20s_0.9",
    "x_sigma2": 0.9
  },
  "results": {
    "num_epochs": 0,
    "train_loss": [
      1.4947238743305207,
      0.3720030725002289,
      0.3517389138539632,
      0.3404848193128904,
      0.33535247643788657,
      0.3452836245298386,
      0.3369975859920184,
      0.32786520818869275,
      0.3264611929655075,
      0.3240892082452774,
      0.32544869085152944,
      0.33074664970239004,
      0.3282706449429194,
      0.32179482132196424,
      0.32098871568838755,
      0.3297334507107735,
      0.3140462438265483,
      0.3079606542984645,
      0.309471450249354,
      0.30792478372653326,
      0.28741151591142017,
      0.2838744287689527,
      0.2771512051423391,
      0.2818654830257098,
      0.2768814221024513,
      0.2731339211265246,
      0.27687171548604966,
      0.28308601131041844,
      0.27847889959812167,
      0.2817103202144305,
      0.26729782968759536,
      0.26029400279124576,
      0.26825607220331826,
      0.2687840561072032,
      0.2697565883398056,
      0.2625972231229146,
      0.27207748393217723,
      0.27126390635967257,
      0.2667355750997861,
      0.26054395983616513,
      0.2613887056708336,
      0.25631990283727646,
      0.2589114844799042,
      0.2591195235649745,
      0.25612806528806686,
      0.2599351848165194,
      0.2583212986588478,
      0.2577801749110222,
      0.253397590915362,
      0.24909102072318395,
      0.25322115818659463,
      0.2540127784013748,
      0.2471284955739975,
      0.24962089210748672,
      0.25028963685035704,
      0.2482124795516332,
      0.24509827494621278,
      0.24616992523272832,
      0.24743135770161948,
      0.2477301299571991,
      0.24144074122111003,
      0.2390692378083865,
      0.25125780900319417,
      0.24069043795267742,
      0.2379359801610311,
      0.2322881042957306,
      0.2390542502204577,
      0.23550297816594443,
      0.2345169837276141,
      0.2324737141529719,
      0.23265449404716493,
      0.23795501987139384,
      0.23432043393452961,
      0.23130108962456386,
      0.22989900708198546,
      0.23147233972946804,
      0.2313840538263321,
      0.23389778037865958,
      0.23564865539471308,
      0.234520090619723,
      0.23124284197886785,
      0.2299100915590922,
      0.233093565205733,
      0.22418832083543141,
      0.23000126282374064,
      0.23152578224738438,
      0.2279955600698789,
      0.2238378753264745,
      0.2276618445912997,
      0.22963976462682087,
      0.22390372306108475,
      0.23362171550591787,
      0.21962362726529439,
      0.22571478684743246,
      0.23073902974526087,
      0.22771609624226888,
      0.23255435824394227,
      0.22342823594808578,
      0.21775958091020584,
      0.2185508946577708
    ],
    "train_acc": [
      18.866590982076286,
      20.758130047283124,
      21.390712213276608,
      22.353551611595428,
      22.430099827129737,
      22.10796056231292,
      22.345405633171357,
      22.81652384212477,
      22.93304304413789,
      22.874680043610052,
      23.09347053619764,
      22.503689758734872,
      23.2037360232772,
      23.624279794547526,
      22.985099164963973,
      22.868943626481474,
      24.033004374387396,
      24.145052630790563,
      23.869381014569615,
      24.057788529931038,
      25.162832208969956,
      25.913845395243445,
      26.44421735439847,
      26.054925609655253,
      26.18771771605233,
      26.65566801018982,
      26.2952454675041,
      25.894881184013748,
      25.78332824576132,
      25.94327565528677,
      26.993334519329913,
      27.5861485480702,
      26.93917248430722,
      26.912805336723032,
      26.867790000423224,
      27.231893352491362,
      26.50556660233254,
      26.54903429178474,
      26.900835803846466,
      27.58131093274741,
      27.350625390036754,
      27.822764215576825,
      27.518644711556558,
      27.398929756656717,
      27.951007894656726,
      27.12323679001368,
      27.548139164511966,
      27.786941478569922,
      27.882449644658045,
      28.46515506627672,
      28.32576281782941,
      28.314353265977132,
      28.765023709189283,
      28.30468226127924,
      28.580403215417356,
      28.30623812401224,
      29.091498774734895,
      28.896363165967863,
      28.82789414924817,
      29.026043699002173,
      29.379539741524493,
      29.990773520937726,
      28.704957071837168,
      29.531604155651095,
      29.4921574241155,
      30.344243946012536,
      29.818382333619315,
      30.283330605183735,
      30.240587390841693,
      30.384818661212307,
      30.36867795063828,
      29.822641507995307,
      29.996971360410978,
      30.288783614702638,
      30.86818269692687,
      30.34577030659664,
      30.306088344725392,
      30.2656583960297,
      30.076723473673646,
      29.98477022968757,
      30.41555502206147,
      30.644412392162366,
      30.226529146015327,
      31.261561227332937,
      30.535861621226562,
      30.67451450089099,
      31.01559506317435,
      31.327570122986163,
      31.05339654576421,
      31.24208779855058,
      31.40246113799168,
      30.633644534661094,
      31.7351211722737,
      31.048093225340725,
      30.892383340107386,
      30.889700251651053,
      30.809178208477395,
      31.750952021689223,
      32.215850290952474,
      32.309160149729955
    ],