{
  "config": {
    "seed": 42,
    "bs_train": 32,
    "bs_test": 8,
    "batches": 100,
    "epochs": 100,
    "early_stopping": 10,
    "checkpoints": null,
    "lr": 0.01,
    "print_every": 100,
    "h_dim": 256,
    "z_dim": 50,
    "betas": [
      0.1,
      0.1
    ],
    "kw": {},
    "RTplot": false,
    "out_dir": "./results/Res3/",
    "run_name": "MEGA_RUNbs_32lr_0.01h_256z_50s_0.9",
    "x_sigma2": 0.9
  },
  "results": {
    "num_epochs": 0,
    "train_loss": [
      3.749251135190328,
      1.9573517044385274,
      1.167299755414327,
      1.0865777413050333,
      0.9342073599497477,
      0.8455256303151448,
      0.8057070692380269,
      0.7931405186653138,
      0.8012056191762288,
      0.7621226032574971,
      0.7465130686759949,
      0.7398693521817525,
      0.7302669962247212,
      0.7262395779291789,
      0.7164641539255778,
      0.7219703833262126,
      0.7159824927647909,
      0.7197798132896424,
      0.7110083023707072,
      0.7124949812889099,
      0.7054856499036153,
      0.704751479625702,
      0.7037873427073161,
      0.7009318987528483,
      0.6999929825464885,
      0.6997826337814331,
      0.6951104839642842,
      0.6950986504554748,
      0.6977526863416036,
      0.694192397594452,
      0.6904793024063111,
      0.6957125266393026,
      0.6878942886988322,
      0.6914679169654846,
      0.6879198670387268,
      0.6885678013165791,
      0.6849649786949158,
      0.6839080373446147,
      0.6823228398958842,
      0.6812467813491822,
      0.6840230266253153,
      0.6833302458127339,
      0.6791396180788676,
      0.6799448966979981,
      0.6759357412656148,
      0.67999161084493,
      0.6776512543360392,
      0.6749269366264343,
      0.6705531080563863,
      0.6714318990707397,
      0.6730024496714274,
      0.6692959507306416,
      0.6690118392308553,
      0.6713786403338114,
      0.6692078908284506,
      0.6708289583524069,
      0.668280279636383,
      0.6671958963076273,
      0.6689247131347656,
      0.6666754126548767,
      0.6673828204472859,
      0.6709641615549723,
      0.6650032758712768,
      0.6638111511866251,
      0.6700707952181498,
      0.6640386859575907,
      0.6671026269594829,
      0.6671735088030497,
      0.6647733648618063,
      0.6650528073310852,
      0.663383400440216,
      0.665355896949768,
      0.6621227860450745,
      0.6621148745218913,
      0.6630131642023722,
      0.6645691235860188,
      0.6621429443359375,
      0.6632775465647379,
      0.6605788350105286,
      0.6624530951182047,
      0.6599182566006978,
      0.6579803586006164,
      0.6594099243481953,
      0.6575782974561055,
      0.6561429341634114,
      0.6588341474533081,
      0.6544621706008911,
      0.6578964988390604,
      0.6536947925885518,
      0.6564167261123657,
      0.6548925916353862,
      0.6548435688018799,
      0.6533063451449076,
      0.655306895573934,
      0.6534214933713277,
      0.6551988999048869,
      0.6529130617777507,
      0.6534016807874043,
      0.6539485454559326,
      0.6526671369870504
    ],
    "train_acc": [
      5.238916868167344,
      5.025108430591968,
      5.074264558726303,
      5.042774546605714,
      5.02610409220358,
      5.023408679534841,
      5.0340957631466505,
      5.019980381436251,
      5.0452929120397165,
      5.0450192552995015,
      5.035008634902188,
      5.037307805166356,
      5.025326887271107,
      5.034202907713476,
      5.033024765356031,
      5.029239447116429,
      5.053245763389566,
      5.039456436186,
      5.018122522075578,
      5.033976042138537,
      5.036904507725038,
      5.0373973501372475,
      5.040134489494649,
      5.053511786057126,
      5.017800308527777,
      5.036021342538763,
      5.03285993681635,
      5.04029705035557,
      5.040945966513793,
      5.034524961106676,
      5.035013686818902,
      5.03014771262013,
      5.028675884568587,
      5.04513274646971,
      5.035542645623518,
      5.0416537578724485,
      5.025106060672546,
      5.066627694952539,
      5.031498049528262,
      5.028778297406771,
      5.038774034797196,
      5.029406042352328,
      5.060918393279271,
      5.024731880837329,
      5.032068504282957,
      5.03799257272863,
      5.061824017744252,
      5.032262203619998,
      5.0273938194110235,
      5.039655712507924,
      5.032257777048017,
      5.037334793933525,
      5.03695886356953,
      5.050642351244099,
      5.0299838666789185,
      5.017663155090589,
      5.017708722486435,
      5.020192788564182,
      5.046388888041111,
      5.043216684093763,
      5.060782253499028,
      5.03725610956648,
      5.039338995563215,
      5.037304558885964,
      5.039266397257069,
      5.028467881786375,
      5.030438712960307,
      5.040715547527115,
      5.040819936174511,
      5.055120408249337,
      5.045690017859799,
      5.041406543607851,
      5.042492224886555,
      5.019030882066661,
      5.033884498727513,
      5.025151432211928,
      5.027809521397559,
      5.0302101131202965,
      5.023458709020822,
      5.0122081383422845,
      5.03036575840841,
      5.040315908943173,
      5.0335070348411906,
      5.048473354591478,
      5.031062117051568,
      5.043383967583252,
      5.040919497360718,
      5.018828477075791,
      5.018885123784899,
      5.047352170731086,
      5.043349769927448,
      5.027423565996698,
      5.047195320071777,
      5.025926434512348,
      5.022694428234499,
      5.032516490132083,
      5.046545103991432,
      5.041360637648697,
      5.041637714553764,
      5.038388274218191
    ],