{
  "config": {
    "seed": 42,
    "bs_train": 32,
    "bs_test": 8,
    "batches": 100,
    "epochs": 100,
    "early_stopping": 10,
    "checkpoints": null,
    "lr": 0.001,
    "print_every": 100,
    "h_dim": 512,
    "z_dim": 50,
    "betas": [
      0.1,
      0.1
    ],
    "kw": {},
    "RTplot": false,
    "out_dir": "./results/Res3/",
    "run_name": "MEGA_RUNbs_32lr_0.001h_512z_50s_0.5",
    "x_sigma2": 0.5
  },
  "results": {
    "num_epochs": 0,
    "train_loss": [
      1.4004781325658162,
      0.6978723128636678,
      0.6606582880020142,
      0.608587384223938,
      0.6010040322939555,
      0.6180394728978474,
      0.5952139059702556,
      0.5916313767433167,
      0.606206766764323,
      0.579849761724472,
      0.5862456202507019,
      0.5885270396868388,
      0.5753537734349569,
      0.5751548131306966,
      0.5863615771134695,
      0.5990730305512746,
      0.6155892312526703,
      0.5951465964317322,
      0.6258223970731099,
      0.5803455730279287,
      0.5738089640935262,
      0.5901683866977692,
      0.5744008203347524,
      0.5621800720691681,
      0.5843005935351054,
      0.6001173774401347,
      0.5750655849774678,
      0.5699022889137269,
      0.5511058191458384,
      0.5578403135140737,
      0.5567482471466064,
      0.5497187753518422,
      0.5513970951239268,
      0.5349510510762533,
      0.5195301393667857,
      0.5127370039621989,
      0.5300796826680502,
      0.5088848729928335,
      0.49932667016983034,
      0.5082431256771087,
      0.5119376659393311,
      0.49906514485677084,
      0.4900720695654551,
      0.48349335392316184,
      0.4764707187811534,
      0.4735760231812795,
      0.5046902298927307,
      0.48200647632280985,
      0.4632063468297323,
      0.4801730692386627,
      0.4719484289487203,
      0.47176350752512614,
      0.4709240754445394,
      0.48391759594281514,
      0.4707253575325012,
      0.46572195291519164,
      0.4744479497273763,
      0.4573641459147135,
      0.4543287456035614,
      0.45631078879038495,
      0.46734463175137836,
      0.4355085591475169,
      0.454110445578893,
      0.4320185959339142,
      0.4556922475496928,
      0.44688504934310913,
      0.4470388154188792,
      0.45320241649945575,
      0.4319158732891083,
      0.4269099533557892,
      0.4392767369747162,
      0.4289217452208201,
      0.4280360658963521,
      0.43805951476097105,
      0.4239748736222585,
      0.4395874301592509,
      0.42368801633516945,
      0.4239041606585185,
      0.40694796045621234,
      0.43328104019165037,
      0.42484818895657855,
      0.41483503381411235,
      0.4166536291440328,
      0.4016367316246033,
      0.42515442371368406,
      0.4059675474961599,
      0.4249855101108551,
      0.41085853179295856,
      0.42122869690259296,
      0.4056627412637075,
      0.42962203224500023,
      0.3951868931452433,
      0.3972849190235138,
      0.4009937147299449,
      0.3953729728857676,
      0.4268894036610921,
      0.406507138411204,
      0.42373973727226255,
      0.3988504906495412,
      0.4145953158537547
    ],
    "train_acc": [
      4.743479868723425,
      5.1420074759046885,
      5.393095331600057,
      5.717420161960354,
      5.8181125403639244,
      5.719411549008962,
      5.887173888907213,
      5.864097226361533,
      5.779755293397455,
      5.949569326052706,
      5.939461490859629,
      5.968288080914951,
      6.039680589706728,
      6.0872041225946605,
      6.089800375280121,
      6.011475004056425,
      5.997605017562875,
      6.106511520526208,
      5.962279797397442,
      6.160041045518917,
      6.2169773837833535,
      6.149650024652722,
      6.271790877382777,
      6.354839081904588,
      6.2092680966546405,
      6.120455692614333,
      6.357145453099127,
      6.281064488338504,
      6.483351546092991,
      6.566270875437443,
      6.580937327158552,
      6.475955441076794,
      6.6007574553596235,
      6.615660232095099,
      6.881993865335021,
      7.027317118073222,
      6.71243310623798,
      7.0671200468507855,
      7.15926303398428,
      7.025211450910103,
      6.914647102679467,
      7.204718285375143,
      7.192893608043236,
      7.2385502498241925,
      7.363154397418423,
      7.436689363956986,
      7.048030332315021,
      7.3625721186310455,
      7.481016294015203,
      7.311488913342468,
      7.417966896954462,
      7.465881371640012,
      7.435122004768485,
      7.226938699596521,
      7.423821057789906,
      7.538647169612034,
      7.395478758142925,
      7.6041301600908175,
      7.719962565303456,
      7.622962951088161,
      7.623561476186963,
      7.98020965898019,
      7.692365890865684,
      8.084058920441603,
      7.68581015153946,
      7.817456994264873,
      7.737724292879472,
      7.790087500934216,
      8.051030205079007,
      8.275792316013675,
      7.974804960053781,
      8.197564029964818,
      8.133272502346252,
      8.015936196916584,
      8.344580420447574,
      8.061048125650952,
      8.230593206251791,
      8.226494279239008,
      8.504540056932576,
      8.142183042917358,
      8.281001223021052,
      8.43191615038521,
      8.336254975069803,
      8.71573914028371,
      8.26417355548924,
      8.549512586358466,
      8.166061625201415,
      8.448556181007088,
      8.382443352606096,
      8.527161073745997,
      8.223418209266736,
      8.763078576917017,
      8.724964757586577,
      8.6218671199366,
      8.794859022029312,
      8.085097463287324,
      8.524441321784076,
      8.223231907719768,
      8.656652842641162,
      8.306102190186197
    ],