{
  "config": {
    "seed": 42,
    "bs_train": 32,
    "bs_test": 8,
    "batches": 100,
    "epochs": 100,
    "early_stopping": 10,
    "checkpoints": null,
    "lr": 0.001,
    "print_every": 100,
    "h_dim": 128,
    "z_dim": 50,
    "betas": [
      0.1,
      0.1
    ],
    "kw": {},
    "RTplot": false,
    "out_dir": "./results/Res3/",
    "run_name": "MEGA_RUNbs_32lr_0.001h_128z_50s_0.9",
    "x_sigma2": 0.9
  },
  "results": {
    "num_epochs": 0,
    "train_loss": [
      1.1246436476707458,
      0.5243430872758229,
      0.45301132996877036,
      0.42042836944262185,
      0.3963947017987569,
      0.39046380718549095,
      0.38894678354263307,
      0.3738698879877726,
      0.3890811145305634,
      0.379325403769811,
      0.37200560569763186,
      0.35406036376953126,
      0.3583101669947306,
      0.34764271378517153,
      0.35292664368947346,
      0.35723007917404176,
      0.3520990669727325,
      0.3460630675156911,
      0.37438580791155496,
      0.3370679020881653,
      0.33515758911768595,
      0.34680861234664917,
      0.34001034100850425,
      0.3409412741661072,
      0.3382544140021006,
      0.33538676699002584,
      0.3086658934752146,
      0.32532567977905275,
      0.31519710024197894,
      0.3073582053184509,
      0.31861664255460104,
      0.2987212101618449,
      0.30812121033668516,
      0.3086464524269104,
      0.2995007435480754,
      0.3123156199852625,
      0.29344181915124257,
      0.29085352818171184,
      0.30064897537231444,
      0.2810826619466146,
      0.3049906313419342,
      0.2901834905147552,
      0.2903351326783498,
      0.28767324884732565,
      0.28509182333946226,
      0.2793079684178034,
      0.3021189868450165,
      0.2848487953344981,
      0.2807665745417277,
      0.27326945463816327,
      0.3002825210491816,
      0.2755478203296661,
      0.2758390724658966,
      0.2839886327584585,
      0.282307301958402,
      0.2794893423716227,
      0.2816548307736715,
      0.2747605989376704,
      0.27474721471468605,
      0.26734400590260826,
      0.26806117097536725,
      0.27646105190118153,
      0.2749633838733037,
      0.267654088139534,
      0.27055668234825136,
      0.26566372414429984,
      0.2748790204524994,
      0.2536615977684657,
      0.25611267586549125,
      0.2648406118154526,
      0.25857175687948863,
      0.2709554026524226,
      0.26008481383323667,
      0.2636893977721532,
      0.255497286717097,
      0.2545634001493454,
      0.27128494878609977,
      0.26719712615013125,
      0.2537072231372198,
      0.2659453163544337,
      0.2547269523143768,
      0.2661082406838735,
      0.25573351482550305,
      0.2502542515595754,
      0.2561933437983195,
      0.2602530131737391,
      0.26263509194056195,
      0.2521888385216395,
      0.2617971738179525,
      0.2640328178803126,
      0.2542110284169515,
      0.24242621858914692,
      0.2633454293012619,
      0.2673402557770411,
      0.2591738194227219,
      0.2647278954585393,
      0.2655231108268102,
      0.25169679125150046,
      0.2546871056159337,
      0.2435361752907435
    ],
    "train_acc": [
      8.684474464037391,
      9.319843152956995,
      9.701526232919354,
      10.00409018327955,
      10.227065166369574,
      10.372363737184017,
      10.273481639328072,
      10.60404577975748,
      10.160693851323602,
      10.446916245772808,
      10.677161986072857,
      10.667345227939224,
      10.646130485155142,
      11.026645024892364,
      11.084386238751316,
      10.872692025212784,
      10.882780764407054,
      11.243229173208286,
      10.538833136568464,
      11.576446248753507,
      11.356135739228689,
      10.942841072365507,
      11.016795130477883,
      11.179959882948392,
      11.127649892517272,
      11.50505234080223,
      12.407237329833416,
      11.993981360008915,
      12.04781996927884,
      12.573550264029656,
      11.993228391729005,
      12.921784413283579,
      12.16963988108548,
      12.486275278502058,
      12.667782815492536,
      12.241945221642089,
      13.01400365135096,
      12.94704988214498,
      12.708597832380963,
      13.264122274132035,
      12.411745086405302,
      13.134076332569526,
      12.91018293299758,
      13.19229128895172,
      13.035125952770757,
      13.13971134699305,
      12.425526169499964,
      13.270292085139632,
      13.284095532784992,
      13.68003478725188,
      12.61752514337066,
      13.357047444142509,
      13.432103261917696,
      13.072401472393452,
      13.085814307768294,
      13.371129114186914,
      13.19910817685924,
      13.220082725531498,
      13.323854443721627,
      13.610434016911732,
      13.784075549137368,
      13.13151403606442,
      13.55889989011879,
      13.658563034046631,
      13.772232704238881,
      13.827354959121537,
      13.349136071589676,
      14.540587885154261,
      14.411287421212236,
      13.833653895682506,
      14.408035517229544,
      13.792815720088042,
      14.054685152332572,
      14.131120285444563,
      14.550666343157335,
      14.356972749953352,
      13.752388917656564,
      13.80888719017035,
      14.500209126545716,
      14.13904903037661,
      14.357219383359258,
      14.156045412291716,
      14.347589405979816,
      14.63620317010353,
      14.352307438323619,
      14.103301340486514,
      13.935688569686446,
      14.439648465343982,
      14.141029188812219,
      14.117886182364531,
      14.385339593442374,
      15.080074550550314,
      14.0055951973594,
      14.032603676267373,
      14.221655655320244,
      13.981947964651852,
      13.987032291661276,
      14.663609830647182,
      14.404945559554779,
      15.0500615780031
    ],