{
  "config": {
    "seed": 42,
    "bs_train": 16,
    "bs_test": 4,
    "batches": 100,
    "epochs": 100,
    "early_stopping": 10,
    "checkpoints": null,
    "lr": 0.01,
    "print_every": 100,
    "h_dim": 128,
    "z_dim": 2,
    "betas": [
      0.1,
      0.1
    ],
    "kw": {},
    "RTplot": false,
    "out_dir": "./results/Res3/",
    "run_name": "MEGA_RUNbs_16lr_0.01h_128z_2s_0.9",
    "x_sigma2": 0.9
  },
  "results": {
    "num_epochs": 0,
    "train_loss": [
      1.585244240363439,
      0.799627012014389,
      0.4647196441888809,
      0.40514025986194613,
      0.3986274023850759,
      0.39080227812131246,
      0.3784761259953181,
      0.3640059957901637,
      0.3570961505174637,
      0.3544009288152059,
      0.3523977865775426,
      0.34540466368198397,
      0.3440302312374115,
      0.34282304644584655,
      0.3406125615040461,
      0.33856068551540375,
      0.33770866294701896,
      0.3339277436335882,
      0.33096797366937003,
      0.33036600053310394,
      0.32777076760927837,
      0.3277335911989212,
      0.32663225134213764,
      0.3258725603421529,
      0.3244798183441162,
      0.32335878411928815,
      0.3195033758878708,
      0.32122610410054525,
      0.3183910816907883,
      0.3164882173140844,
      0.31698350310325624,
      0.3168184538682302,
      0.31673469841480256,
      0.3157772749662399,
      0.3173658927281698,
      0.3169848104317983,
      0.3155040542284648,
      0.3150342911481857,
      0.3169651741782824,
      0.31521380643049873,
      0.31824239989121755,
      0.31591570576032,
      0.31599616010983783,
      0.3162576571106911,
      0.3165532400210698,
      0.31845627625783285,
      0.31600889563560486,
      0.3170448432366053,
      0.31625583668549856,
      0.3171257217725118,
      0.3161464422941208,
      0.3174031525850296,
      0.31580123007297517,
      0.31727996865908303,
      0.31660420894622804,
      0.31587326228618623,
      0.3183007369438807,
      0.31569182872772217,
      0.3162598043680191,
      0.3160368114709854,
      0.3156795879205068,
      0.315343522032102,
      0.3161961674690247,
      0.31448406477769214,
      0.31559740702311195,
      0.3151015341281891,
      0.316456683476766,
      0.3166145632664363,
      0.3165864398082097,
      0.3151464556654294,
      0.3157885164022446,
      0.3163550933202108,
      0.3166299045085907,
      0.31502405007680256,
      0.31595505475997926,
      0.31581996083259584,
      0.31572609543800356,
      0.31482887963453926,
      0.3153678993384043,
      0.31572723935047786,
      0.3149572422107061,
      0.3155796001354853,
      0.3160577446222305,
      0.3153352419535319,
      0.31452258825302126,
      0.3168459395567576,
      0.3149099737405777,
      0.31655150949954985,
      0.31519239445527397,
      0.31512679159641266,
      0.31567297677199047,
      0.31640831331411995,
      0.317185374101003,
      0.31551948289076487,
      0.3150188773870468,
      0.3152692288160324,
      0.3153453399737676,
      0.31525147557258604,
      0.3150439520676931,
      0.3148982564608256
    ],
    "train_acc": [
      10.09668870216943,
      10.969190644607613,
      18.089865393931756,
      19.596419044039376,
      19.721945535921463,
      19.746128634769764,
      19.791354200748955,
      19.78948245633666,
      19.807359519326916,
      19.90833016888585,
      19.897568681598166,
      19.899131393416887,
      20.04918444346258,
      19.958939098865688,
      19.95617534706995,
      19.942571507477023,
      20.058558163597414,
      19.973846147897124,
      20.047830187307767,
      20.023452929165238,
      20.048640718146977,
      20.064844194977464,
      19.946685551237078,
      20.00659157027748,
      20.05719406524594,
      20.003620482754034,
      20.06738457537802,
      19.878114096227293,
      19.97011012895157,
      20.04499554222408,
      20.014381365332262,
      20.072918014868694,
      20.032602880361427,
      20.041003588047055,
      19.941867086884905,
      19.996415516348453,
      20.131295507433023,
      20.148169940975645,
      20.058673515769478,
      20.073116147705463,
      19.916570690448175,
      20.06395521221361,
      20.061098655786715,
      20.076838741364856,
      20.048726857200144,
      19.93783382835806,
      20.072076638486042,
      19.95926462435616,
      20.027313051478107,
      20.0633204047093,
      19.97065361610268,
      19.989210368988374,
      20.101875013484065,
      19.984767407912646,
      20.062978014040254,
      20.08125988223651,
      20.01342977366917,
      20.12382222191484,
      20.00135264166778,
      20.13470069870437,
      20.078244154331706,
      20.102889011099496,
      20.078214676556534,
      20.182640218666574,
      20.06961546175422,
      20.117853197235483,
      20.015944115656225,
      20.0330061177167,
      20.010387903555152,
      20.18001934502127,
      19.999527401533545,
      20.069817185979634,
      20.042248909835845,
      20.11819417349839,
      20.080499886951834,
      20.087462745270766,
      20.119329145375794,
      20.106491054252597,
      20.09533848804343,
      20.161124736673855,
      20.13358934350914,
      20.03646002505955,
      20.032572446349842,
      20.07082532025578,
      20.137178868121378,
      20.013972224799698,
      20.094103847655635,
      20.031994989103172,
      20.146740592869474,
      20.220799770717473,
      20.20328629831632,
      20.006209399149398,
      20.025871740802657,
      20.110855288263522,
      20.19943048747565,
      20.14386838051908,
      20.09769368273957,
      20.10430608366263,
      20.087392627746954,
      20.199143494847537
    ],