{
  "config": {
    "seed": 42,
    "bs_train": 32,
    "bs_test": 8,
    "batches": 100,
    "epochs": 100,
    "early_stopping": 10,
    "checkpoints": null,
    "lr": 0.01,
    "print_every": 100,
    "h_dim": 128,
    "z_dim": 20,
    "betas": [
      0.1,
      0.1
    ],
    "kw": {},
    "RTplot": false,
    "out_dir": "./results/Res3/",
    "run_name": "MEGA_RUNbs_32lr_0.01h_128z_20s_0.5",
    "x_sigma2": 0.5
  },
  "results": {
    "num_epochs": 0,
    "train_loss": [
      140.8675606091817,
      2.231539726257324,
      1.9756705999374389,
      1.9126806100209555,
      1.6732593377431233,
      1.4853627840677897,
      1.4458766142527262,
      1.4076008160909017,
      1.3676271120707193,
      1.346393076578776,
      1.3078678448994954,
      1.3320980469385784,
      1.413211170832316,
      1.3000197728474936,
      1.2971543709437052,
      1.294056804974874,
      1.288123893737793,
      1.2795418183008829,
      1.2724045832951865,
      1.2780059417088827,
      1.2529599825541178,
      1.2671663363774617,
      1.310533308982849,
      1.3525521198908488,
      1.0915981928507488,
      0.9498333970705668,
      0.7131219029426574,
      0.7007922093073528,
      0.7117642203966776,
      0.7125558455785116,
      0.717490820089976,
      0.6851008176803589,
      0.6787510673205058,
      0.7071649432182312,
      0.6901450991630554,
      0.7194856802622477,
      0.6742314020792644,
      0.6594601591428121,
      0.6554677168528239,
      0.6591564098993937,
      0.6573953906695048,
      0.6778670072555542,
      0.6497896949450175,
      0.6496168653170268,
      0.6438550194104512,
      0.6479722261428833,
      0.6604615449905396,
      0.64952445824941,
      0.6388029853502909,
      0.6354812542597453,
      0.6300653258959452,
      0.636017934481303,
      0.6272261102994283,
      0.641575813293457,
      0.6270399451255798,
      0.6624207377433777,
      0.6561920841534933,
      0.6240019122759501,
      0.618522576491038,
      0.6331448038419087,
      0.6349446455637614,
      0.6160495360692342,
      0.6233893831570944,
      0.6488866368929546,
      0.6200094819068909,
      0.617668084303538,
      0.6345526019732157,
      0.6135078350702922,
      0.6191360513369243,
      0.6367067654927572,
      0.6133699695269267,
      0.6016226728757222,
      0.6334949056307475,
      0.6341896812121074,
      0.6155051906903585,
      0.6159044027328491,
      0.6273699164390564,
      0.6019312024116517,
      0.6018034974733989,
      0.6027633786201477,
      0.6027666330337524,
      0.6014083703358968,
      0.5999766031901042,
      0.5945935368537902,
      0.6039246837298076,
      0.6138686577479044,
      0.6002772569656372,
      0.5947449465592702,
      0.6035806139310201,
      0.597437192996343,
      0.5876232902208964,
      0.5903533498446146,
      0.5851682941118876,
      0.6110304713249206,
      0.594045619169871,
      0.5919459342956543,
      0.5935267964998882,
      0.6072775920232137,
      0.5976621667544048,
      0.5949796597162883
    ],
    "train_acc": [
      2.8910474762986924,
      2.7961560013674442,
      2.8015385855794905,
      2.807901958274779,
      2.943604220745804,
      2.812414718502669,
      2.811319428038701,
      2.7916068136193664,
      2.7845077710376587,
      2.7902449662015067,
      2.818048143536102,
      2.7887323632506122,
      2.6186302378546222,
      2.8093109847373072,
      2.7943717372741337,
      2.7918296366574373,
      2.819293401755474,
      2.7931822883979187,
      2.8048735298382055,
      2.800147103051738,
      2.7948284625074007,
      2.7999227976358396,
      2.7258964514564976,
      2.7092921667092167,
      3.7707805562326002,
      4.8428684110455436,
      5.428275878196872,
      5.427056386929914,
      5.3602687480037385,
      5.405313778149896,
      5.31346175934627,
      5.496987805105921,
      5.5215617173860885,
      5.338619583741123,
      5.405525101930318,
      5.267363264502655,
      5.478931310652961,
      5.5296055815063525,
      5.549918153804416,
      5.526922196635332,
      5.52141527671665,
      5.379670732705387,
      5.520292997790559,
      5.546982120364112,
      5.579646313694881,
      5.54992006005003,
      5.42653060702775,
      5.552854335068178,
      5.569074729176762,
      5.524314278420409,
      5.602305900835103,
      5.540468854393106,
      5.538665621500154,
      5.600259838023181,
      5.555625221412019,
      5.56416015048271,
      5.533041707445912,
      5.573028751615036,
      5.590519442484296,
      5.495899277110106,
      5.440134519765152,
      5.621966972505077,
      5.5447110940072255,
      5.471706237140446,
      5.601803124973074,
      5.6154601937993345,
      5.486392446604035,
      5.61576353740282,
      5.6071139869053725,
      5.556309994552998,
      5.657490702608191,
      5.678763582560502,
      5.6262059637007855,
      5.5751069013221555,
      5.552504053736556,
      5.646115671434445,
      5.664433214432414,
      5.663051817918146,
      5.640850120618785,
      5.6671068131922695,
      5.665801528747369,
      5.662222553428383,
      5.635333712653546,
      5.686553099407931,
      5.624231145905932,
      5.5894216890731565,
      5.621951449128509,
      5.678921475321667,
      5.579504804132799,
      5.682001654942889,
      5.7013102123357795,
      5.670294657260105,
      5.700562332837056,
      5.569029694020343,
      5.655229193193182,
      5.6625530399073165,
      5.643177535453433,
      5.7281269617134285,
      5.657774670478625,
      5.6146864086047685
    ],