{
  "config": {
    "seed": 42,
    "bs_train": 16,
    "bs_test": 4,
    "batches": 100,
    "epochs": 100,
    "early_stopping": 10,
    "checkpoints": null,
    "lr": 0.01,
    "print_every": 100,
    "h_dim": 512,
    "z_dim": 5,
    "betas": [
      0.1,
      0.1
    ],
    "kw": {},
    "RTplot": false,
    "out_dir": "./results/Res3/",
    "run_name": "MEGA_RUNbs_16lr_0.01h_512z_5s_0.5",
    "x_sigma2": 0.5
  },
  "results": {
    "num_epochs": 0,
    "train_loss": [
      1.869357180595398,
      1.3732501109441122,
      1.3049185733000437,
      1.2654026905695597,
      1.2332266966501872,
      1.232518982887268,
      1.2040941337744395,
      1.1956788341204325,
      1.1864295462767283,
      1.1771696786085764,
      1.1700133383274078,
      1.1689702888329825,
      1.166950621207555,
      1.1628737250963848,
      1.1611803034941355,
      1.1584102054437002,
      1.1594996313254038,
      1.155098988612493,
      1.1564748307069144,
      1.1532047073046365,
      1.154985930522283,
      1.1518022378285726,
      1.1511776387691497,
      1.1521332879861197,
      1.1510164797306062,
      1.14863534172376,
      1.1484421908855438,
      1.1478270649909974,
      1.149665935834249,
      1.1469325522581737,
      1.145148362716039,
      1.1450890640417735,
      1.1479847053686778,
      1.1454085409641266,
      1.145444361368815,
      1.1444877882798512,
      1.1451776802539826,
      1.1443493405977885,
      1.1424191216627757,
      1.144442476828893,
      1.1426609357198079,
      1.1420858740806579,
      1.1420983850955964,
      1.142896540959676,
      1.1411723792552948,
      1.141166349252065,
      1.1405693729718527,
      1.140031925837199,
      1.1399179557959238,
      1.1400577565034231,
      1.1378718217213948,
      1.1395352900028228,
      1.1395387669404349,
      1.139769967397054,
      1.1394855399926505,
      1.1390967885653178,
      1.140294349193573,
      1.1392236729462941,
      1.1388324836889903,
      1.1365728457768758,
      1.1379486560821532,
      1.1386535187562308,
      1.1380047460397085,
      1.137413630882899,
      1.1377558449904124,
      1.1365696310997009,
      1.135886198282242,
      1.1354605654875438,
      1.1360794087251027,
      1.136293876171112,
      1.1344355463981628,
      1.1369307518005372,
      1.1372337281703948,
      1.13489058415095,
      1.136564819018046,
      1.135555390516917,
      1.1346828242142994,
      1.1343541542689006,
      1.1359839638074238,
      1.1364286323388417,
      1.1358849187692006,
      1.137191637357076,
      1.1366550664107005,
      1.1349482079346975,
      1.135391217470169,
      1.135588236649831,
      1.134410661458969,
      1.1350530485312145,
      1.133815481265386,
      1.135460724433263,
      1.1341913362344107,
      1.1346663614114125,
      1.1328237096468607,
      1.1350618143876394,
      1.1360992213090262,
      1.1345152099927267,
      1.1334272603193918,
      1.134634002049764,
      1.1345974187056223,
      1.134317042430242
    ],
    "train_acc": [
      5.90019881901841,
      5.604123202277932,
      5.66546204579576,
      5.674608156730039,
      5.615583317619764,
      5.590683609217524,
      5.63155756473315,
      5.6407019773637055,
      5.610751766833577,
      5.630211871972238,
      5.625894851789557,
      5.640112576161602,
      5.6194155425855845,
      5.624290416973553,
      5.6430845797106235,
      5.605412472326643,
      5.62350264680211,
      5.668284744259757,
      5.634815493531166,
      5.679103669977876,
      5.650322084473612,
      5.620939138364363,
      5.65408071543071,
      5.614303166241667,
      5.638083845662435,
      5.628003392825372,
      5.631158068356181,
      5.619351838103835,
      5.610167126388923,
      5.61442802997155,
      5.621241836020852,
      5.641699857446965,
      5.654508077377333,
      5.619055111416915,
      5.639551844078822,
      5.621215795640856,
      5.6308006099313,
      5.656337242382028,
      5.614927126985151,
      5.630480808884016,
      5.639930959550089,
      5.63226316772126,
      5.679441684997836,
      5.611400520766634,
      5.654135772708184,
      5.641196328318253,
      5.645825507981442,
      5.598195393625081,
      5.670514909132913,
      5.63867486545347,
      5.6205581001357645,
      5.614944520255105,
      5.624647325750627,
      5.627206442603869,
      5.637524251522634,
      5.640043790725378,
      5.674496442797653,
      5.633336358182254,
      5.605594514883276,
      5.662312596611612,
      5.593516846376718,
      5.632781991269324,
      5.6635948472920825,
      5.651002673733994,
      5.656222718352217,
      5.664868942893776,
      5.617224505752166,
      5.627495786233018,
      5.664321328036116,
      5.629820095304126,
      5.675102156069056,
      5.618855998552304,
      5.654104529793464,
      5.6281448146741155,
      5.664054233234173,
      5.636907040384921,
      5.668888127010835,
      5.660541966914713,
      5.6219042050550225,
      5.645701336115929,
      5.651372881776527,
      5.597405709803641,
      5.640309826748544,
      5.605098635629756,
      5.679776011945649,
      5.66805104945851,
      5.635852163583877,
      5.680050770475429,
      5.64616722528043,
      5.623651942947235,
      5.633441558948103,
      5.667346620625827,
      5.630302327706144,
      5.628789878942748,
      5.6600514583815835,
      5.638037853677372,
      5.643608891655213,
      5.604562218337639,
      5.633810799696619,
      5.634459087285438
    ],