{
  "config": {
    "seed": 42,
    "bs_train": 32,
    "bs_test": 8,
    "batches": 100,
    "epochs": 100,
    "early_stopping": 10,
    "checkpoints": null,
    "lr": 0.01,
    "print_every": 100,
    "h_dim": 256,
    "z_dim": 5,
    "betas": [
      0.1,
      0.1
    ],
    "kw": {},
    "RTplot": false,
    "out_dir": "./results/Res3/",
    "run_name": "MEGA_RUNbs_32lr_0.01h_256z_5s_0.5",
    "x_sigma2": 0.5
  },
  "results": {
    "num_epochs": 0,
    "train_loss": [
      1.9871442079544068,
      1.8651117960611978,
      1.4993128061294556,
      0.9551135102907816,
      0.7320966442426046,
      0.7117217818895976,
      0.6796629746754964,
      0.6669580578804016,
      0.6578981280326843,
      0.6562411069869996,
      0.6487266818682352,
      0.643239422639211,
      0.6341781377792358,
      0.637610673904419,
      0.6318493008613586,
      0.632405420144399,
      0.6228350639343262,
      0.6238534728686015,
      0.6168845057487488,
      0.6188623547554016,
      0.6137892285982768,
      0.6108880440394083,
      0.6121650894482931,
      0.6108007152875264,
      0.6075973987579346,
      0.606918203830719,
      0.6050073186556498,
      0.6102717518806458,
      0.6035157998402914,
      0.6054605762163798,
      0.600333042939504,
      0.5999445438385009,
      0.5982349594434102,
      0.5987656990687052,
      0.5994844158490499,
      0.5981115619341533,
      0.5993756373723348,
      0.5929705341657002,
      0.5932411591211955,
      0.5932244022687276,
      0.5933860858281453,
      0.592957321802775,
      0.5934221903483073,
      0.5963342428207398,
      0.5921206116676331,
      0.5909828901290893,
      0.5891131043434144,
      0.5923481623331706,
      0.5896306753158569,
      0.5907135128974914,
      0.5852737545967102,
      0.5881502469380696,
      0.5859710534413656,
      0.5864595810572306,
      0.5872997442881266,
      0.5874892791112264,
      0.5870723803838094,
      0.5869323213895162,
      0.588683529694875,
      0.5830781737963359,
      0.5864399313926697,
      0.586208188533783,
      0.5841144323348999,
      0.5841105103492736,
      0.5834702849388123,
      0.5847995003064473,
      0.58172527551651,
      0.5863121628761292,
      0.580721358458201,
      0.5820149819056193,
      0.5830852031707764,
      0.5814360976219177,
      0.5828214923540751,
      0.5813702901204427,
      0.5801894942919413,
      0.5810430804888408,
      0.5814025680224101,
      0.5790907740592957,
      0.5817345182100931,
      0.579209037621816,
      0.5777467409769694,
      0.5793781677881876,
      0.5812911947568258,
      0.5779143095016479,
      0.5789874752362569,
      0.5774514635403951,
      0.577422308921814,
      0.5773775418599446,
      0.5771693428357442,
      0.5787968079249064,
      0.5778551856676738,
      0.5770337343215942,
      0.5774582227071127,
      0.5745463371276855,
      0.5774011810620626,
      0.5768860975901285,
      0.5768744667371114,
      0.5750356535116832,
      0.5757527748743693,
      0.5755990346272787
    ],
    "train_acc": [
      2.877653059765409,
      2.7996414797682996,
      2.9139983836387624,
      4.722469604878436,
      5.40561890691097,
      5.331657100183332,
      5.401251733425132,
      5.473463037776296,
      5.466061280045288,
      5.47863937000355,
      5.508201234530014,
      5.491592075560618,
      5.517635314972072,
      5.490321974326697,
      5.514700914325945,
      5.500879603132647,
      5.522479493433243,
      5.5313944678043345,
      5.533137587394034,
      5.521961966906103,
      5.535065494379104,
      5.554737625685653,
      5.532005814554045,
      5.529137682279553,
      5.543677075684518,
      5.535455617700105,
      5.542744843461088,
      5.535295100119631,
      5.5435231908412215,
      5.5313026866946675,
      5.55656928333427,
      5.532431295284463,
      5.553393739980862,
      5.570689459048853,
      5.52970883842039,
      5.547602945438759,
      5.541941412625557,
      5.582284157634691,
      5.559029305388307,
      5.559274824039861,
      5.5385416997375465,
      5.5553315599754,
      5.55122743666084,
      5.532445836135922,
      5.548710032632262,
      5.560410469220084,
      5.559201496247972,
      5.529336590668551,
      5.548670209834155,
      5.549887213331711,
      5.5690709386976,
      5.559082508127909,
      5.5571020815229115,
      5.561528921711449,
      5.560032388843317,
      5.5326512265970464,
      5.563694999264646,
      5.539985633482577,
      5.539166342433092,
      5.560009620791531,
      5.537351884822489,
      5.554030885417891,
      5.5549694498944175,
      5.541934111177372,
      5.567027942031304,
      5.54709112741892,
      5.5889931406791264,
      5.531081195901448,
      5.572106970018185,
      5.558517126343348,
      5.568240438272886,
      5.5613342296195745,
      5.534225684269547,
      5.564260181990467,
      5.557100702819988,
      5.559502130847282,
      5.562927451100544,
      5.562338955443699,
      5.545414789448817,
      5.575387841341899,
      5.590737284817992,
      5.557738688282566,
      5.5475002266684665,
      5.5595383638833855,
      5.543562826275048,
      5.560534564580622,
      5.580462390427928,
      5.5667362210967495,
      5.558879325233002,
      5.5555249083786675,
      5.553325304006673,
      5.561650125620812,
      5.562098977679499,
      5.582175766695144,
      5.54765527585989,
      5.550574280030871,
      5.560212592129885,
      5.578516564234883,
      5.572019249881495,
      5.5582454346188745
    ],