{
  "config": {
    "seed": 42,
    "bs_train": 16,
    "bs_test": 4,
    "batches": 100,
    "epochs": 100,
    "early_stopping": 10,
    "checkpoints": null,
    "lr": 0.005,
    "print_every": 100,
    "h_dim": 512,
    "z_dim": 2,
    "betas": [
      0.1,
      0.1
    ],
    "kw": {},
    "RTplot": false,
    "out_dir": "./results/Res3/",
    "run_name": "MEGA_RUNbs_16lr_0.005h_512z_2s_0.5",
    "x_sigma2": 0.5
  },
  "results": {
    "num_epochs": 0,
    "train_loss": [
      2.0894796868165333,
      1.0277139921983083,
      0.7650768915812175,
      0.7572979728380839,
      0.6895541946093241,
      0.6580495218435923,
      0.6369691292444865,
      0.6385586827993393,
      0.6276725232601166,
      0.6193037301301956,
      0.6118399759133657,
      0.6078255524237951,
      0.5991394897301991,
      0.5972162991762161,
      0.5967273692289988,
      0.5945835630098979,
      0.5863268921772639,
      0.5862176855405171,
      0.5890706737836202,
      0.581428587436676,
      0.5845959901809692,
      0.5820146054029465,
      0.5819779594739278,
      0.582421679298083,
      0.5749294678370158,
      0.5738034923871358,
      0.572388352950414,
      0.5747397273778916,
      0.5740285952885945,
      0.5682128111521403,
      0.5722479323546091,
      0.5675019482771556,
      0.5655258307854335,
      0.572145105401675,
      0.5629603068033854,
      0.5686506003141403,
      0.5637537240982056,
      0.5658321062723796,
      0.5633845597505569,
      0.5643822222948074,
      0.5608370880285899,
      0.562862436970075,
      0.5607313781976699,
      0.5609473586082458,
      0.5600888927777609,
      0.5572919199864069,
      0.5589199721813202,
      0.5611854126056035,
      0.557290385166804,
      0.5570495307445527,
      0.5582496513923009,
      0.555811858177185,
      0.5561045090357463,
      0.5558891236782074,
      0.5547364374001821,
      0.5535240064064662,
      0.5546544929345448,
      0.5537999043862025,
      0.5535981257756551,
      0.5549728671709696,
      0.5542742669582367,
      0.5537611236174901,
      0.5520173678795497,
      0.55255386531353,
      0.5505717684825261,
      0.5522348642349243,
      0.552903092900912,
      0.551286964615186,
      0.5530433525641759,
      0.552572442094485,
      0.5510477075974146,
      0.5510451902945837,
      0.552272496620814,
      0.552503423889478,
      0.5502455989519756,
      0.5495797653992971,
      0.5512708912293116,
      0.5505964448054631,
      0.5503564486900966,
      0.5496462573607762,
      0.549560918410619,
      0.5486777285734813,
      0.5493195086717606,
      0.5485809316237767,
      0.5499185472726822,
      0.5492368708054225,
      0.5511174460252126,
      0.5483906884988149,
      0.5505189855893453,
      0.5502781351407369,
      0.5490944753090541,
      0.5497917085886002,
      0.5494677126407623,
      0.5491668830315272,
      0.5484949330488841,
      0.5498235583305359,
      0.5486124217510223,
      0.5485919962326685,
      0.5492824137210846,
      0.5487967441479366
    ],
    "train_acc": [
      7.722416806017257,
      10.524016502037508,
      10.957526242092737,
      10.903339301495615,
      11.182780270008326,
      11.29624989873343,
      11.377390162890185,
      11.29842702907633,
      11.453127372038875,
      11.43170060591636,
      11.478612810154187,
      11.490502358930701,
      11.550233601470365,
      11.578493992948209,
      11.524741719146391,
      11.489227108304707,
      11.554148252457868,
      11.511728410062673,
      11.424112166486056,
      11.572121409155992,
      11.443675397023512,
      11.526872420316625,
      11.473306252380084,
      11.488440176932588,
      11.50761478664978,
      11.507040068558311,
      11.576670821964317,
      11.569999145611376,
      11.457572564908089,
      11.5884327216345,
      11.525515447029,
      11.56506775637701,
      11.630514147905103,
      11.56461647535674,
      11.639234172547344,
      11.516897257319558,
      11.664993166704273,
      11.561418745702445,
      11.58523294462407,
      11.565458602267938,
      11.579932015701031,
      11.57127741407559,
      11.63202103740481,
      11.558955716971813,
      11.593089104208662,
      11.616681225605726,
      11.601234783138771,
      11.592132341589966,
      11.637477172933067,
      11.624857373853487,
      11.647905020646906,
      11.698391640234675,
      11.609436603571412,
      11.596284694641438,
      11.68107291525578,
      11.630921744416671,
      11.637488139359832,
      11.636325027779636,
      11.580024054096178,
      11.647078547319797,
      11.611014240836225,
      11.602977183921155,
      11.669073956668377,
      11.668642403789057,
      11.625336713947556,
      11.621657369428798,
      11.642529462991039,
      11.689263688541075,
      11.586520897010457,
      11.611899542360579,
      11.606793255343714,
      11.604412398180795,
      11.624925415756774,
      11.615289275980327,
      11.633948150376126,
      11.645978332041219,
      11.590940187682971,
      11.61573170547996,
      11.641102668416092,
      11.702757847784104,
      11.64005681105787,
      11.697295784611104,
      11.635584424769515,
      11.624472182121833,
      11.663319118657038,
      11.633730660399594,
      11.644560009814066,
      11.699520699450956,
      11.627782195168322,
      11.610528053192986,
      11.626514824265685,
      11.64320098617749,
      11.647634226911636,
      11.63109288627132,
      11.63974674776257,
      11.672195988322537,
      11.685511718238862,
      11.658456643554283,
      11.611675589932428,
      11.646548230733512
    ],