{
  "config": {
    "seed": 42,
    "bs_train": 32,
    "bs_test": 8,
    "batches": 100,
    "epochs": 100,
    "early_stopping": 10,
    "checkpoints": null,
    "lr": 0.005,
    "print_every": 100,
    "h_dim": 128,
    "z_dim": 50,
    "betas": [
      0.1,
      0.1
    ],
    "kw": {},
    "RTplot": false,
    "out_dir": "./results/Res3/",
    "run_name": "MEGA_RUNbs_32lr_0.005h_128z_50s_0.9",
    "x_sigma2": 0.9
  },
  "results": {
    "num_epochs": 0,
    "train_loss": [
      1.652158002058665,
      1.2080837448438009,
      0.8209267397721608,
      0.8576489965120951,
      0.6835176408290863,
      0.6113918999830882,
      0.5206146597862243,
      0.5463455220063528,
      0.47477723757425944,
      0.46950891613960266,
      0.450013142824173,
      0.45022141337394717,
      0.45360514918963113,
      0.43297205766042074,
      0.42861011028289797,
      0.4315205693244934,
      0.4126885314782461,
      0.41435832778612774,
      0.41278636852900186,
      0.4112645864486694,
      0.40436225533485415,
      0.40337916016578673,
      0.399629674355189,
      0.39069103201230365,
      0.3933607319990794,
      0.38490580320358275,
      0.3862662156422933,
      0.3820880174636841,
      0.3770648181438446,
      0.3734830697377523,
      0.3764653225739797,
      0.3753919025262197,
      0.37593918641408286,
      0.37104309995969137,
      0.36682968139648436,
      0.36051275531450905,
      0.3573925793170929,
      0.35638047456741334,
      0.3510880092779795,
      0.3489436407883962,
      0.34685063163439434,
      0.342963045835495,
      0.3492083807786306,
      0.3400498410065969,
      0.33839513659477233,
      0.3425602714220683,
      0.3384943644205729,
      0.3339194118976593,
      0.3324996570746104,
      0.3314241925875346,
      0.33669931093851724,
      0.32851367990175884,
      0.3327852567036947,
      0.32870748241742453,
      0.3267910897731781,
      0.32642873922983806,
      0.3266720553239187,
      0.32429948846499124,
      0.3289413789908091,
      0.3254833141962687,
      0.32391541202863056,
      0.32405582865079247,
      0.3299469888210297,
      0.32856165766716006,
      0.32500693400700886,
      0.32002972563107807,
      0.3232849895954132,
      0.33138043284416197,
      0.32036978006362915,
      0.3377364913622538,
      0.32151636481285095,
      0.32830821673075355,
      0.33124339977900186,
      0.33928420146306354,
      0.32312759160995486,
      0.32247570554415383,
      0.314309424161911,
      0.33905772467454276,
      0.31477524240811666,
      0.30911551117897035,
      0.3321271022160848,
      0.31873814860979716,
      0.3262850224971771,
      0.3101830760637919,
      0.32523342172304787,
      0.2989455223083496,
      0.28959969282150266,
      0.32237096031506857,
      0.3012057413657506,
      0.30757327675819396,
      0.29565545717875164,
      0.2946346253156662,
      0.2963156312704086,
      0.2903825173775355,
      0.2901031792163849,
      0.29256254732608794,
      0.29284478624661764,
      0.2917854388554891,
      0.2868296851714452,
      0.28775773048400877
    ],
    "train_acc": [
      5.126283202635287,
      5.616737293243321,
      7.928821574710635,
      7.3400354589496,
      8.077692480403732,
      8.928430072561538,
      9.563649675008836,
      9.51445771557513,
      9.916749370762815,
      9.700359531997252,
      10.026479770599462,
      9.9692271745648,
      9.941943653066915,
      10.208278418753947,
      10.193658819804286,
      10.117379682175304,
      10.28256378683555,
      10.045210809470518,
      10.232027181744987,
      10.268905245691116,
      10.065260646035444,
      10.169109993308624,
      10.155844784063355,
      10.248067379256844,
      10.25249592560515,
      10.36225955392988,
      10.29480964723288,
      10.363113824278061,
      10.336303067250624,
      10.281835651052887,
      10.31331569059506,
      10.368425493322277,
      10.536981664341733,
      10.48311670430659,
      10.542668060975078,
      10.656513789503418,
      10.755737540731165,
      10.774714571150833,
      10.794383667197522,
      10.84166691803624,
      10.793377721117466,
      10.89338318037435,
      10.754705018517118,
      10.973752359990208,
      10.88795067146555,
      10.923750433680569,
      11.04953886787804,
      11.089996098253005,
      11.10476007224431,
      11.083023636088843,
      11.03916215662525,
      11.145300244116722,
      11.060416397099356,
      11.095550642837829,
      11.265255706756653,
      11.133800260428607,
      11.222512767828047,
      11.178453786302784,
      11.11437037932504,
      11.165966492524593,
      11.167512155496029,
      11.070343070290349,
      10.909394654377499,
      10.977589837267196,
      11.05573029606546,
      11.186483473493592,
      11.102265804999865,
      10.828371715862993,
      11.191756985374171,
      10.742156368255081,
      11.092359418362564,
      10.961642422245902,
      11.017234844916725,
      10.831776740004345,
      11.588852886432635,
      11.482075085915406,
      11.829280284453253,
      11.409964248461423,
      11.750342866182457,
      11.985098410833926,
      11.627724902217048,
      11.990578344097264,
      11.714819699368398,
      12.152086451962612,
      11.54065857705474,
      12.322427100967301,
      12.654616527510075,
      11.70913921958977,
      12.363895614857695,
      11.823381163551154,
      12.321671539710897,
      12.453473803806391,
      12.265004725677043,
      12.62103298260686,
      12.833580367144757,
      12.44569486264755,
      12.493329496448077,
      12.888684821193314,
      12.698766327233317,
      12.558019835064696
    ],