{
  "config": {
    "seed": 42,
    "bs_train": 16,
    "bs_test": 4,
    "batches": 100,
    "epochs": 100,
    "early_stopping": 10,
    "checkpoints": null,
    "lr": 0.005,
    "print_every": 100,
    "h_dim": 512,
    "z_dim": 20,
    "betas": [
      0.1,
      0.1
    ],
    "kw": {},
    "RTplot": false,
    "out_dir": "./results/Res3/",
    "run_name": "MEGA_RUNbs_16lr_0.005h_512z_20s_0.5",
    "x_sigma2": 0.5
  },
  "results": {
    "num_epochs": 0,
    "train_loss": [
      2.2997639298439028,
      1.1891072332859038,
      0.926505849758784,
      0.7949055631955465,
      0.7894324858983358,
      0.7267235775788625,
      0.689317865173022,
      0.662731405099233,
      0.6673340330521266,
      0.6381338308254878,
      0.6392735610405604,
      0.6225142637888591,
      0.6117911398410797,
      0.5895440816879273,
      0.5804499198993047,
      0.5796782116095225,
      0.5797562201817831,
      0.5709008127450943,
      0.5632288565238317,
      0.5622346252202988,
      0.5571635713179907,
      0.5651350835959117,
      0.5713843137025834,
      0.5647169599930445,
      0.5616044441858927,
      0.5393090685208638,
      0.5777743379275004,
      0.553479078412056,
      0.5345728665590286,
      0.5743053873380025,
      0.5601127942403158,
      0.5919135828812917,
      0.532702832420667,
      0.563606791694959,
      0.5316030065218608,
      0.5271927942832311,
      0.5423650880654652,
      0.5296734968821207,
      0.5255465616782506,
      0.5120560506979625,
      0.5381413380304972,
      0.5143465409676234,
      0.5099484731753667,
      0.505280934770902,
      0.521756042043368,
      0.5009821563959121,
      0.5013897468646368,
      0.49083037277062735,
      0.5077036817868551,
      0.4945689628521601,
      0.5050950179497401,
      0.5206199218829473,
      0.49779432117938993,
      0.5228020439545313,
      0.49993520975112915,
      0.5154000769058863,
      0.5021390040715535,
      0.5181631197532018,
      0.49067528943220773,
      0.5004511127869288,
      0.49656672875086466,
      0.5186919083197912,
      0.4975381761789322,
      0.4920031855503718,
      0.49978014528751374,
      0.5038323332866033,
      0.5029927651087444,
      0.4929715931415558,
      0.48866097430388133,
      0.5023476372162501,
      0.4943166891733805,
      0.48686636090278623,
      0.512043085694313,
      0.48730059067408243,
      0.4816403796275457,
      0.48983349402745563,
      0.4825922538836797,
      0.48587391873200736,
      0.49554266532262164,
      0.47879658639431,
      0.477772589524587,
      0.4984278639157613,
      0.4730413228273392,
      0.4848604033390681,
      0.4898877372344335,
      0.4743969887495041,
      0.4992348253726959,
      0.48162830372651416,
      0.4889488806327184,
      0.48645749787489573,
      0.4760408153136571,
      0.502595450480779,
      0.48611076474189757,
      0.4771445393562317,
      0.4970733920733134,
      0.5124294131994247,
      0.48593874474366505,
      0.48674382468064625,
      0.4921740581591924,
      0.479831929008166
    ],
    "train_acc": [
      6.344426799644536,
      9.341584111026009,
      10.21811235959583,
      11.019266441155242,
      10.792315604577627,
      11.14548428464339,
      11.248833453959127,
      11.529037355062574,
      11.356811923343223,
      11.72241105403869,
      11.654803801753909,
      11.880992993046354,
      11.883494244544591,
      12.077783177628246,
      12.15195537752021,
      11.984433314019102,
      12.109893943277658,
      12.25489019013457,
      12.29811942741594,
      12.295379412408012,
      12.483659714769663,
      12.183526923069108,
      12.082946766113155,
      12.33019413326488,
      12.561795075149814,
      13.033610638531323,
      12.431457363416763,
      12.82682394298585,
      13.12205060606452,
      12.660110415654659,
      12.608615109765587,
      12.469068879955426,
      13.20078279891216,
      12.574497900749872,
      13.257281466438148,
      13.200260000023706,
      13.143116271930735,
      13.002155617744867,
      13.318349428450913,
      13.601626853930346,
      13.217880374316032,
      13.415768335317187,
      13.670811056863286,
      13.66726375903309,
      13.247269888887496,
      13.564083226211057,
      13.626571507345629,
      13.979246594605481,
      13.589264629446093,
      13.859442657583353,
      13.56991947880798,
      13.078203052797424,
      13.677950648261945,
      13.257243905660344,
      13.55733521151718,
      13.187533412271627,
      13.568661204747613,
      13.287407848225454,
      13.998410667959405,
      13.604147069312244,
      13.778489892455115,
      13.306371813379725,
      13.537880334593648,
      13.73560163482387,
      13.661084296646617,
      13.590559649875486,
      13.492543926731743,
      13.805730403299316,
      13.790315034749147,
      13.548248831589635,
      13.817562434632865,
      13.822130491944435,
      13.394690719051072,
      13.85090411476391,
      13.970071127099331,
      13.790959798067949,
      14.029984236931153,
      13.882376762756504,
      13.577048067204352,
      14.05652075376722,
      14.03223457610605,
      13.531076619093541,
      14.080189706355347,
      13.857063789471633,
      13.632553134169733,
      14.085333403268407,
      13.578769404000374,
      13.932236736762382,
      13.82217504425836,
      13.739144632585065,
      14.21494092809455,
      13.624863927183686,
      13.929490165974588,
      14.241757489962165,
      13.670613674755486,
      13.201745916671067,
      14.017916863812166,
      13.725008220972521,
      13.709158901910062,
      14.068313955581141
    ],