{
  "config": {
    "seed": 42,
    "bs_train": 64,
    "bs_test": 16,
    "batches": 100,
    "epochs": 100,
    "early_stopping": 10,
    "checkpoints": null,
    "lr": 0.005,
    "print_every": 100,
    "h_dim": 128,
    "z_dim": 2,
    "betas": [
      0.1,
      0.1
    ],
    "kw": {},
    "RTplot": false,
    "out_dir": "./results/Res3/",
    "run_name": "MEGA_RUNbs_64lr_0.005h_128z_2s_0.5",
    "x_sigma2": 0.5
  },
  "results": {
    "num_epochs": 0,
    "train_loss": [
      8.77390792220831,
      1.5219728127121925,
      1.0620622038841248,
      0.9069785475730896,
      0.8350569754838943,
      0.8247184380888939,
      0.7532577440142632,
      0.7903064489364624,
      0.7428757399320602,
      0.6878710612654686,
      0.6720931679010391,
      0.6659993603825569,
      0.6533712819218636,
      0.6462875455617905,
      0.6606201678514481,
      0.6559968441724777,
      0.6537539213895798,
      0.6680602356791496,
      0.6358811259269714,
      0.6400386989116669,
      0.6447683274745941,
      0.6166427060961723,
      0.6104059815406799,
      0.6194070503115654,
      0.6065617799758911,
      0.6102796122431755,
      0.6010132804512978,
      0.601105235517025,
      0.6006070449948311,
      0.6001250892877579,
      0.5972572937607765,
      0.5958465784788132,
      0.6002111509442329,
      0.5966322273015976,
      0.5932253748178482,
      0.5944199860095978,
      0.5907624214887619,
      0.5839310139417648,
      0.5896884053945541,
      0.5924305841326714,
      0.5888434574007988,
      0.5845988616347313,
      0.5849771723151207,
      0.5819481760263443,
      0.5867052152752876,
      0.5944561064243317,
      0.5787490084767342,
      0.5784631446003914,
      0.5807295814156532,
      0.5885452926158905,
      0.5795122757554054,
      0.5794842168688774,
      0.5803537666797638,
      0.5829105228185654,
      0.5763446986675262,
      0.5738584250211716,
      0.5788604170084,
      0.5745967403054237,
      0.5772099643945694,
      0.5725609138607979,
      0.570416048169136,
      0.577280730009079,
      0.5731744319200516,
      0.5744914412498474,
      0.5846161842346191,
      0.5706755295395851,
      0.5727174431085587,
      0.5762505680322647,
      0.5678836181759834,
      0.572417601943016,
      0.5698349922895432,
      0.5713734775781631,
      0.5680942982435226,
      0.5616446286439896,
      0.5711615979671478,
      0.564787246286869,
      0.5654190927743912,
      0.563395693898201,
      0.5723342895507812,
      0.5725630447268486,
      0.5655434280633926,
      0.5656861066818237,
      0.5672879964113235,
      0.5645215660333633,
      0.5626881271600723,
      0.5694620013237,
      0.5628618448972702,
      0.5684098154306412,
      0.5653887540102005,
      0.56161680072546,
      0.5685447379946709,
      0.5633033812046051,
      0.568107932806015,
      0.5614002719521523,
      0.5608344078063965,
      0.564616248011589,
      0.5625625923275948,
      0.5576024278998375,
      0.5697716772556305,
      0.5596834793686867
    ],
    "train_acc": [
      1.8713683403808217,
      2.378449730631097,
      2.5463677079682445,
      2.8442391961227154,
      2.8519887909804673,
      2.7836520260951563,
      2.883589670536915,
      2.866860656518588,
      2.8252942016981564,
      2.907173455544453,
      2.9383053351498547,
      2.936845247587532,
      2.9952121639475546,
      3.0062094633990237,
      2.995581961677971,
      3.017895045975169,
      2.989077007734393,
      2.9929295247594196,
      3.019065840248042,
      3.0127893009510585,
      3.0250723407825997,
      3.0348959351814515,
      3.0662444709475682,
      2.9840739646344727,
      3.0569479659161076,
      3.026729014344796,
      3.0509256286084585,
      3.0357354082142063,
      3.043397551772813,
      3.0350610804050073,
      3.038509975721092,
      3.038542213692946,
      3.0179473913532053,
      3.03174582145366,
      3.043867302491405,
      3.0233597050208765,
      3.045482062369816,
      3.0640270308633877,
      3.049270393894882,
      3.032721455248909,
      3.0431898716132006,
      3.0574457353041784,
      3.054107237241564,
      3.072615859910516,
      3.042236196737812,
      3.0097041670635534,
      3.0817556446817194,
      3.088799507328087,
      3.0586801011110936,
      3.022560424485159,
      3.0680738401118934,
      3.054258618911281,
      3.0598013009918636,
      3.030329155680469,
      3.072109213611218,
      3.097924565040129,
      3.057793749245933,
      3.075055986283932,
      3.055032723152377,
      3.0755102849603113,
      3.1011556768893356,
      3.0462948180040454,
      3.07187301204441,
      3.0583187276480146,
      3.0169870380055053,
      3.0759647454619543,
      3.0653509879535195,
      3.0406655854551636,
      3.09346914552466,
      3.0638902180879626,
      3.0673765310742813,
      3.0658121677989874,
      3.078266493124119,
      3.1207593262052695,
      3.0643425326944578,
      3.0984652259326713,
      3.088402863317587,
      3.103352384219718,
      3.0575518234045918,
      3.049293974790089,
      3.076880948377946,
      3.0943124421558257,
      3.0725629309112326,
      3.0883427065990334,
      3.0932826223975702,
      3.058047836217341,
      3.0940015212096488,
      3.059121388951245,
      3.067691120883129,
      3.0875656611606583,
      3.0641278240581618,
      3.0831604726183723,
      3.0641509502728392,
      3.0938620478336656,
      3.1008143813715368,
      3.0678074210498103,
      3.0729499505137583,
      3.109281357571997,
      3.058523749188991,
      3.0939148490588186
    ],