{
  "config": {
    "seed": 42,
    "bs_train": 16,
    "bs_test": 4,
    "batches": 100,
    "epochs": 100,
    "early_stopping": 10,
    "checkpoints": null,
    "lr": 0.0005,
    "print_every": 100,
    "h_dim": 512,
    "z_dim": 10,
    "betas": [
      0.1,
      0.1
    ],
    "kw": {},
    "RTplot": false,
    "out_dir": "./results/Res3/",
    "run_name": "MEGA_RUNbs_16lr_0.0005h_512z_10s_0.5",
    "x_sigma2": 0.5
  },
  "results": {
    "num_epochs": 0,
    "train_loss": [
      1.1289848665396371,
      0.6031107733647029,
      0.5847823689381282,
      0.5682645678520203,
      0.5774726996819178,
      0.5663528035084406,
      0.568981792529424,
      0.5560585012038549,
      0.5555696298678716,
      0.5632418652375539,
      0.5542818705240885,
      0.5535809993743896,
      0.5492010315259298,
      0.5433257619539896,
      0.5318596104780833,
      0.5390567312637965,
      0.5319086194038392,
      0.5439447452624638,
      0.550314012169838,
      0.5203833321730296,
      0.5204970002174377,
      0.513745101292928,
      0.5099098384380341,
      0.4892146656910578,
      0.47574405471483866,
      0.4869762082894643,
      0.4832270572582881,
      0.48419092496236166,
      0.46745962699254356,
      0.4644406030575434,
      0.46454258461793263,
      0.47793117463588713,
      0.4679631511370341,
      0.4570793400208155,
      0.45074702501297,
      0.4480389952659607,
      0.4560263822476069,
      0.4442084143559138,
      0.43759783506393435,
      0.46997525294621784,
      0.44016231298446656,
      0.44154533445835115,
      0.45253807604312896,
      0.4442316681146622,
      0.44578575491905215,
      0.44293696780999503,
      0.4439712772766749,
      0.43864742120107014,
      0.43170392513275146,
      0.42921123703320824,
      0.4367457052071889,
      0.43335671424865724,
      0.4348585287729899,
      0.42696789602438606,
      0.4275849392016729,
      0.42556213835875195,
      0.41447355449199674,
      0.42170397837956747,
      0.4239510764678319,
      0.4292847176392873,
      0.4144049515326818,
      0.42382820645968117,
      0.42259535590807595,
      0.4213172435760498,
      0.4093708554903666,
      0.4170146236817042,
      0.4121802419424057,
      0.41061775883038837,
      0.411698783437411,
      0.4115582793951035,
      0.4096968879302343,
      0.42296591500441233,
      0.410338369011879,
      0.41610764563083646,
      0.40992682774861655,
      0.41021103262901304,
      0.41390577256679534,
      0.42019430895646415,
      0.40375338892141976,
      0.4063792049884796,
      0.4088131328423818,
      0.40561092297236123,
      0.40096035599708557,
      0.4036739647388458,
      0.40708328584829967,
      0.4097923974196116,
      0.4100873589515686,
      0.3971622437238693,
      0.39726923406124115,
      0.400154780348142,
      0.4048490991195043,
      0.3967467327912649,
      0.390788268049558,
      0.40596478084723153,
      0.3968937208255132,
      0.39693587124347685,
      0.3942492296298345,
      0.4028381029764811,
      0.39722196261088055,
      0.39266073107719424
    ],
    "train_acc": [
      10.317644770287222,
      11.85067152976834,
      12.263906258521837,
      12.545913412422568,
      12.46652124216083,
      12.496074662603833,
      12.775740581961317,
      12.936442921742184,
      13.101119392983524,
      12.847555794070741,
      13.017261454253722,
      13.315650051521157,
      13.074083548570972,
      13.246170337450037,
      13.693844109298325,
      13.422242906211144,
      13.554206718591782,
      13.094046633402494,
      13.146048474208994,
      13.635306510644114,
      13.775184829816501,
      14.025693699274129,
      14.142861045533213,
      14.516973314982163,
      14.73137245535444,
      14.369183087783068,
      14.599977835843509,
      14.392665036816414,
      14.997311568874848,
      15.008151459774092,
      14.926693536625542,
      14.461870267460915,
      14.7287715507656,
      15.12934192617361,
      15.149899058283006,
      15.306653576660086,
      15.068971339236658,
      15.341392906703138,
      15.595337158294527,
      14.51499952705707,
      15.49520197605291,
      15.47085874194157,
      15.047161407372704,
      15.480662584360742,
      15.152596182999742,
      15.408271733885442,
      15.492114254113984,
      15.672831780238157,
      15.98610881676071,
      15.890146079180322,
      15.630815925073412,
      15.576476363500497,
      15.557505960325296,
      15.913624497634522,
      15.909765524474016,
      16.022115402265456,
      16.243119223223466,
      16.116127453468774,
      16.061981726538423,
      15.7301834898701,
      16.38333459633746,
      16.057549287791055,
      16.152664257840016,
      16.07165988298912,
      16.4207323873371,
      16.24883411509987,
      16.324434286207953,
      16.48954137625171,
      16.4970609331379,
      16.439714725129114,
      16.352615703439387,
      16.04505674582417,
      16.38477518725418,
      16.296391828912427,
      16.423376171363714,
      16.455092017892227,
      16.476828596200892,
      16.100757036010773,
      16.785700233321002,
      16.6564919345155,
      16.551276704195438,
      16.652645248299486,
      16.882087155075443,
      16.87747515762698,
      16.532919176369656,
      16.46279800749485,
      16.523813908853928,
      17.02813184496261,
      17.03847705171951,
      16.934646823390135,
      16.694364822301694,
      17.076257949674925,
      17.101950109496705,
      16.751459788367246,
      17.189164168302725,
      17.09268177355707,
      17.1495802205548,
      16.64479648468456,
      16.991298953611107,
      17.053379604361627
    ],