{
  "config": {
    "seed": 42,
    "bs_train": 16,
    "bs_test": 4,
    "batches": 100,
    "epochs": 100,
    "early_stopping": 10,
    "checkpoints": null,
    "lr": 0.0005,
    "print_every": 100,
    "h_dim": 512,
    "z_dim": 2,
    "betas": [
      0.1,
      0.1
    ],
    "kw": {},
    "RTplot": false,
    "out_dir": "./results/Res3/",
    "run_name": "MEGA_RUNbs_16lr_0.0005h_512z_2s_0.9",
    "x_sigma2": 0.9
  },
  "results": {
    "num_epochs": 0,
    "train_loss": [
      0.5735449393590292,
      0.3380760759115219,
      0.33441621164480845,
      0.3330526123444239,
      0.3257756461699804,
      0.32305896282196045,
      0.3223467538754145,
      0.32100337942441304,
      0.31814622978369395,
      0.31571148087580997,
      0.3185338834921519,
      0.3156326820453008,
      0.3116722290714582,
      0.3187120134631793,
      0.3102601225177447,
      0.31304645240306855,
      0.3123466297984123,
      0.2962742283940315,
      0.31220206518967947,
      0.2958575164278348,
      0.2877873912453651,
      0.2811950112382571,
      0.27620133956273396,
      0.27458711018164955,
      0.2734376003344854,
      0.2662045856316884,
      0.27108515202999117,
      0.26691989302635194,
      0.2713193113605181,
      0.2625214616457621,
      0.2757981032133102,
      0.2631604532400767,
      0.26111591259638467,
      0.2631465618809064,
      0.2591649611790975,
      0.26268609960873923,
      0.25510674764712654,
      0.25768820494413375,
      0.26101380834976834,
      0.262011826535066,
      0.2661259979009628,
      0.259110814332962,
      0.2619333232442538,
      0.2704874123136202,
      0.265253809094429,
      0.26349054276943207,
      0.2574151794115702,
      0.24832313607136408,
      0.26352828592061994,
      0.24784118781487147,
      0.2586495379606883,
      0.2553020268678665,
      0.2576447710394859,
      0.24917140752077102,
      0.25176271349191665,
      0.25506353278954824,
      0.24776302327712377,
      0.25625135749578476,
      0.25399263550837836,
      0.24838804552952448,
      0.25578878025213875,
      0.24992964714765548,
      0.24179097414016723,
      0.25139632721741995,
      0.24584868401288987,
      0.24984974215428035,
      0.24728481272856395,
      0.23968733648459117,
      0.23856039345264435,
      0.24216517359018325,
      0.2467454289396604,
      0.2437378724416097,
      0.24121229946613312,
      0.24448360602060953,
      0.24527389655510584,
      0.24214629183212916,
      0.24135554532210032,
      0.2439218357205391,
      0.24310111900170644,
      0.24244163036346436,
      0.24277702669302623,
      0.24078177859385808,
      0.24156306336323422,
      0.23415017674366634,
      0.2354925145705541,
      0.23714961260557174,
      0.24034715841213863,
      0.2354730024933815,
      0.24387632310390472,
      0.24155083298683167,
      0.23331610908110936,
      0.2437238762776057,
      0.23667147507270178,
      0.23228084941705068,
      0.24102259029944736,
      0.23638398349285125,
      0.23502898663282396,
      0.2336133360862732,
      0.2357598771651586,
      0.2378692741195361
    ],
    "train_acc": [
      19.96403644173578,
      21.286824553712908,
      21.590441821438745,
      21.714387517652046,
      22.21228770326799,
      22.138037512483706,
      22.239696521996894,
      22.417228017317218,
      22.535112923445837,
      22.884698529250443,
      22.60248936481743,
      22.89812605584734,
      23.320144667350565,
      23.115124261254255,
      23.216251033496118,
      23.434606841934656,
      23.40120934922388,
      24.506585409407972,
      23.848442506886858,
      24.68192714012342,
      25.219778776217986,
      25.64450874854375,
      25.913833461207556,
      25.858933771203866,
      26.18224073751937,
      26.453660052336563,
      25.912516265636388,
      26.10538351374824,
      25.85652278880828,
      27.06422709813195,
      25.654924367422918,
      26.541833480438235,
      26.793916898132952,
      26.725488031746398,
      26.63942468584295,
      26.33606634873104,
      27.201402508257225,
      26.890853522656695,
      26.659372675665075,
      26.896895471512735,
      26.430263662117863,
      26.743982816136217,
      26.91878713081486,
      25.672048723240138,
      26.58857014218715,
      26.426494107664794,
      26.88032157047084,
      27.569212259901136,
      26.82418664934585,
      27.486328437308877,
      27.150187841992278,
      27.190291453173945,
      26.559239623121858,
      27.543443048399094,
      27.363567330282187,
      27.124072667221647,
      27.273323663447332,
      26.435993156833614,
      26.990521119048967,
      27.59441300465988,
      26.66564477772903,
      27.313665753095478,
      27.97813659113825,
      27.76206033137289,
      27.45487325959474,
      27.52581528436304,
      27.557191693879044,
      28.145636082839285,
      28.369427689586512,
      28.071634444672544,
      27.537141308647346,
      27.659476047001124,
      27.948234890674037,
      27.82388420405656,
      28.0338204661215,
      28.049417127421247,
      27.809302460670576,
      27.882604465980936,
      28.025815015976974,
      27.793421000143017,
      27.73181064335245,
      27.892221806387035,
      28.049283178315136,
      28.53744002772227,
      28.697250424060535,
      28.527643609563224,
      28.347090342467173,
      28.62477310477836,
      27.616675977429292,
      27.88649157425716,
      28.736743184714562,
      27.786013459579916,
      28.488365543460404,
      28.951667856470614,
      28.176156366374865,
      28.478375340846554,
      28.493878201582408,
      28.735496634675624,
      28.78594919715332,
      28.557442439050842
    ],