{
  "config": {
    "seed": 42,
    "bs_train": 16,
    "bs_test": 4,
    "batches": 100,
    "epochs": 100,
    "early_stopping": 10,
    "checkpoints": null,
    "lr": 0.0005,
    "print_every": 100,
    "h_dim": 512,
    "z_dim": 10,
    "betas": [
      0.1,
      0.1
    ],
    "kw": {},
    "RTplot": false,
    "out_dir": "./results/Res3/",
    "run_name": "MEGA_RUNbs_16lr_0.0005h_512z_10s_0.9",
    "x_sigma2": 0.9
  },
  "results": {
    "num_epochs": 0,
    "train_loss": [
      0.85052543481191,
      0.35018455584843955,
      0.33687822918097177,
      0.33749808271725973,
      0.3300328850746155,
      0.32805310090382894,
      0.3317436665296555,
      0.3316497693459193,
      0.3269787132740021,
      0.3255794843037923,
      0.3188987294832865,
      0.31962640086809796,
      0.3182088777422905,
      0.3135993858178457,
      0.3152357096473376,
      0.3183324605226517,
      0.3146133785446485,
      0.30669136097033817,
      0.31354372203350067,
      0.3010450149575869,
      0.2973081727822622,
      0.29142606953779854,
      0.28938969522714614,
      0.2865562250216802,
      0.27883915305137635,
      0.2777108614643415,
      0.28496618469556173,
      0.2783313701550166,
      0.2786618928114573,
      0.2757927343249321,
      0.2690769518415133,
      0.2766748030980428,
      0.2741651251912117,
      0.2617560272415479,
      0.2772578408320745,
      0.2647786110639572,
      0.2723015233874321,
      0.26691187769174574,
      0.26400651037693024,
      0.2702911883592606,
      0.27205870201190313,
      0.26721346924702327,
      0.26275809307893117,
      0.26904773761828743,
      0.2678869167963664,
      0.26416920075813927,
      0.2583017533024152,
      0.2600994889934858,
      0.2571099097530047,
      0.26034592936436335,
      0.2575463424126307,
      0.25884199639161426,
      0.2616314426064491,
      0.2572740783294042,
      0.25969906349976857,
      0.26112065762281417,
      0.2532119631767273,
      0.260182690123717,
      0.25318598449230195,
      0.25393409182627996,
      0.25313000480333964,
      0.2557958866159121,
      0.2463050882021586,
      0.252745325366656,
      0.2440154140194257,
      0.25035349031289417,
      0.2481810634334882,
      0.25021169930696485,
      0.24646557370821634,
      0.24854218810796738,
      0.24131268560886382,
      0.24048701127370198,
      0.2428182105223338,
      0.23885138432184855,
      0.23980637888113657,
      0.24096134305000305,
      0.23487507005532582,
      0.24523081680138906,
      0.23967512746651967,
      0.24180103987455367,
      0.25231877664724983,
      0.2437821681300799,
      0.24245710919300714,
      0.24080472787221271,
      0.2349365050594012,
      0.24057672967513402,
      0.2336118832230568,
      0.23609813451766967,
      0.23360384901364645,
      0.23190799355506897,
      0.23320610622564952,
      0.2386340692639351,
      0.23541832566261292,
      0.23880355209112167,
      0.23381271411975224,
      0.2314243773619334,
      0.23866993188858032,
      0.23638842900594076,
      0.23247924248377483,
      0.22774179130792618
    ],
    "train_acc": [
      18.280089489791074,
      20.80468250655457,
      21.47554350573511,
      21.722922055401025,
      21.887839991683517,
      21.99303866444231,
      21.808333872757775,
      22.144710426635413,
      22.396020370325573,
      22.22351047963986,
      22.694910733597123,
      22.62848993993189,
      22.60529535995402,
      22.828935202164853,
      22.89192291501446,
      22.833329109124104,
      23.519229539803977,
      23.759045559538507,
      23.25913725846607,
      24.497004700413402,
      24.998286687426077,
      24.870893182186727,
      25.649175959923017,
      25.387581103271287,
      26.416761217983485,
      25.683223193390074,
      25.480151441472728,
      25.95098254321302,
      25.678045868597543,
      26.41085994679867,
      26.543357818581256,
      26.032974244084347,
      26.207814029808855,
      27.61628400812309,
      25.85223385869378,
      26.899047091485752,
      25.865556287257235,
      26.564903427518175,
      26.948633445789433,
      26.280097736451285,
      26.34359842052963,
      26.46270283294036,
      26.900667369690712,
      26.29527179407461,
      26.519862145051864,
      26.48961354484317,
      27.247420818963644,
      26.88905562505602,
      27.118436276889234,
      27.077910598666396,
      26.850037235356776,
      27.004661790067583,
      26.615406377126053,
      27.22315629299478,
      26.996900308167948,
      27.17627688839461,
      27.597120149476616,
      27.11995094782152,
      27.327563859828576,
      27.331666689095293,
      27.5581171687511,
      27.32065962181791,
      28.31703580726973,
      27.536800018031037,
      28.496180674306505,
      27.744530453104705,
      28.031777744225174,
      28.10082616381506,
      27.961885045561846,
      28.10557292753768,
      28.62072668943112,
      28.67834604253758,
      28.441732192465796,
      29.249833802101357,
      28.827340984596546,
      28.765689699481165,
      29.6058723780498,
      28.493254344561148,
      28.81162738225461,
      28.594250797912352,
      27.629459711877423,
      28.493777357508108,
      28.74401009004189,
      28.806286686083258,
      29.28578613181646,
      28.678579546068878,
      29.385163440191583,
      29.02728357132252,
      29.419837848590333,
      29.408116391381785,
      29.33958534225503,
      29.095514592589094,
      29.236265842503265,
      28.85583414820325,
      29.452732549880775,
      29.749690782008383,
      28.971027869362718,
      28.993011628592388,
      29.559603874535302,
      29.82437085090836
    ],