{
  "config": {
    "seed": 42,
    "bs_train": 32,
    "bs_test": 8,
    "batches": 100,
    "epochs": 100,
    "early_stopping": 10,
    "checkpoints": null,
    "lr": 0.01,
    "print_every": 100,
    "h_dim": 128,
    "z_dim": 2,
    "betas": [
      0.1,
      0.1
    ],
    "kw": {},
    "RTplot": false,
    "out_dir": "./results/Res3/",
    "run_name": "MEGA_RUNbs_32lr_0.01h_128z_2s_0.9",
    "x_sigma2": 0.9
  },
  "results": {
    "num_epochs": 0,
    "train_loss": [
      2.5811527729034425,
      0.7143398682276408,
      0.5530127247174581,
      0.5005988379319509,
      0.4310571253299713,
      0.4156574308872223,
      0.37848110795021056,
      0.3746383269627889,
      0.3716927429040273,
      0.3642410635948181,
      0.36565989057223003,
      0.3557779630025228,
      0.3543490091959635,
      0.3530453046162923,
      0.3545557796955109,
      0.3471849461396535,
      0.3461834927399953,
      0.3435739199320475,
      0.3430400292078654,
      0.3418661952018738,
      0.33786224126815795,
      0.3352606077988943,
      0.336569348971049,
      0.3334236482779185,
      0.334429407119751,
      0.3297921359539032,
      0.3303130646546682,
      0.3288228174050649,
      0.3299976706504822,
      0.3277614911397298,
      0.3251397450764974,
      0.32415491342544556,
      0.3224984645843506,
      0.32222018639246625,
      0.3227304438749949,
      0.31928380926450095,
      0.3188324828942617,
      0.31843396623929343,
      0.3181302090485891,
      0.31727967659632367,
      0.31792014042536415,
      0.3145525296529134,
      0.3167710284392039,
      0.31376095016797384,
      0.31434651215871173,
      0.31435794830322267,
      0.31459736824035645,
      0.3128903369108836,
      0.31366943518320717,
      0.31146940191586814,
      0.31176693439483644,
      0.31118722359339396,
      0.31069135665893555,
      0.31000245809555055,
      0.3112702965736389,
      0.3098739703496297,
      0.30969281792640685,
      0.3097271184126536,
      0.3099726319313049,
      0.3103030184904734,
      0.30919860998789467,
      0.3100564360618591,
      0.3086508651574453,
      0.30772438645362854,
      0.3086655080318451,
      0.3080387055873871,
      0.3073464035987854,
      0.3071853597958883,
      0.30798966288566587,
      0.3069020171960195,
      0.3074569642543793,
      0.30807043313980104,
      0.3085261682669322,
      0.3074463466803233,
      0.3073991596698761,
      0.3064299046993256,
      0.3069309115409851,
      0.30649056235949196,
      0.3056370496749878,
      0.3065694471200307,
      0.30542954405148826,
      0.3048953572909037,
      0.3062338769435883,
      0.30510827898979187,
      0.3062522371610006,
      0.30492016474405925,
      0.3054747541745504,
      0.30435861746470133,
      0.30432074864705405,
      0.30415958364804585,
      0.3054845829804738,
      0.30320775508880615,
      0.3044874370098114,
      0.30252857009569806,
      0.3038353741168976,
      0.3036635478337606,
      0.3028095066547394,
      0.3040264129638672,
      0.3033597767353058,
      0.3030693233013153
    ],
    "train_acc": [
      5.198791597849918,
      6.188209714283038,
      8.563481212276553,
      9.348545697468893,
      9.87815962456598,
      10.049517631228365,
      10.177784243656063,
      10.272079137954751,
      10.286201681921002,
      10.232993446518869,
      10.251242605237973,
      10.293220333540527,
      10.295128824088792,
      10.28219361109049,
      10.20777421026265,
      10.35549478826841,
      10.260992075698502,
      10.26334200582789,
      10.361087489759395,
      10.215968434861795,
      10.271830132654577,
      10.343267780787823,
      10.284684156111306,
      10.31123701568536,
      10.287121640426639,
      10.32731902222072,
      10.303502804983253,
      10.265529389836619,
      10.305857833521717,
      10.267779476365199,
      10.352364584950655,
      10.355330421766329,
      10.37874198169734,
      10.321396930626543,
      10.326164408007756,
      10.364526628087624,
      10.357110764175308,
      10.355997312694363,
      10.346857929700004,
      10.330788451948308,
      10.334502526107762,
      10.38865130072893,
      10.312637850983592,
      10.38530013615377,
      10.38468389521081,
      10.375685877907356,
      10.343820361528076,
      10.405037058417841,
      10.362570859943064,
      10.411769814176175,
      10.3668548422424,
      10.395424828926426,
      10.422219326390074,
      10.400795622918753,
      10.37692115653629,
      10.430593743275335,
      10.395150884401476,
      10.44050405139384,
      10.388530778765151,
      10.364295916676216,
      10.40533488200893,
      10.36750843932371,
      10.447700550979588,
      10.419122524522548,
      10.392336707670975,
      10.394778622110914,
      10.427411246463397,
      10.423811544576985,
      10.388838863890234,
      10.438808285932692,
      10.390058975761937,
      10.38639526316581,
      10.363804953771945,
      10.385128075920543,
      10.383509274794497,
      10.431972235936671,
      10.383423482805563,
      10.395044421077888,
      10.415533823876181,
      10.384389641520361,
      10.449135890433718,
      10.435485489626558,
      10.41000845033749,
      10.414320406591314,
      10.363095281270459,
      10.412397989176867,
      10.411014496794742,
      10.430413046552193,
      10.45595682648488,
      10.41422931418181,
      10.367563223561394,
      10.42434635034047,
      10.400192660590676,
      10.451780379498143,
      10.395007773841767,
      10.421195145933932,
      10.419048284355995,
      10.396801900865398,
      10.40431428197236,
      10.438744845743022
    ],