{
  "config": {
    "seed": 42,
    "bs_train": 64,
    "bs_test": 16,
    "batches": 100,
    "epochs": 100,
    "early_stopping": 10,
    "checkpoints": null,
    "lr": 0.01,
    "print_every": 100,
    "h_dim": 128,
    "z_dim": 2,
    "betas": [
      0.1,
      0.1
    ],
    "kw": {},
    "RTplot": false,
    "out_dir": "./results/Res3/",
    "run_name": "MEGA_RUNbs_64lr_0.01h_128z_2s_0.9",
    "x_sigma2": 0.9
  },
  "results": {
    "num_epochs": 0,
    "train_loss": [
      3.551916182041168,
      1.1027848273515701,
      0.7375309206545353,
      0.7175011932849884,
      0.5865823701024055,
      0.5022471435368061,
      0.44886288419365883,
      0.407472126185894,
      0.46274127066135406,
      0.4370725117623806,
      0.38395821675658226,
      0.39527182653546333,
      0.39393606409430504,
      0.38170718029141426,
      0.3821837157011032,
      0.3819318041205406,
      0.38719119131565094,
      0.37434299290180206,
      0.3811642527580261,
      0.37106456607580185,
      0.3787345550954342,
      0.3848859369754791,
      0.36172109842300415,
      0.3683610372245312,
      0.3620389513671398,
      0.3616918846964836,
      0.3588097579777241,
      0.35996755212545395,
      0.3586828336119652,
      0.3657226413488388,
      0.3565838262438774,
      0.3562019243836403,
      0.3500116467475891,
      0.3503011427819729,
      0.35259493812918663,
      0.35483599826693535,
      0.35137782990932465,
      0.34547576680779457,
      0.3466486595571041,
      0.34827492386102676,
      0.3462181054055691,
      0.3439937047660351,
      0.3432164266705513,
      0.3413098640739918,
      0.3406193144619465,
      0.34154243767261505,
      0.3391510844230652,
      0.33878715708851814,
      0.33812834694981575,
      0.3393676392734051,
      0.3365219868719578,
      0.33787982538342476,
      0.34006423130631447,
      0.3381401561200619,
      0.33462465554475784,
      0.33435651659965515,
      0.3357618972659111,
      0.3342645987868309,
      0.3354625478386879,
      0.3336796425282955,
      0.332180630415678,
      0.3351448215544224,
      0.3332617022097111,
      0.33325447142124176,
      0.3365599364042282,
      0.332891508936882,
      0.3329853191971779,
      0.33407966792583466,
      0.3300183266401291,
      0.3320308029651642,
      0.3299916833639145,
      0.33068501576781273,
      0.3295227251946926,
      0.32667312026023865,
      0.3294757194817066,
      0.32997460663318634,
      0.3269659951329231,
      0.3266065642237663,
      0.328838836401701,
      0.32977237924933434,
      0.32624170556664467,
      0.3264498673379421,
      0.3264828398823738,
      0.32649267464876175,
      0.3244094029068947,
      0.32854313403367996,
      0.32374584674835205,
      0.32646767422556877,
      0.3256628066301346,
      0.32330160215497017,
      0.3275303542613983,
      0.3251289315521717,
      0.32768017053604126,
      0.3245762996375561,
      0.3233899287879467,
      0.32572760432958603,
      0.32392194494605064,
      0.3229527696967125,
      0.3284314088523388,
      0.32459602504968643
    ],
    "train_acc": [
      2.837401609267427,
      2.6664323484729175,
      3.488044839391018,
      4.318597192563157,
      5.132273403856455,
      5.027378333341036,
      5.175096053750659,
      5.191249608442722,
      5.2396511215532,
      5.186608061886247,
      5.270194116667402,
      5.250110763565049,
      5.25726247857666,
      5.2492255921606725,
      5.263655572866811,
      5.242917381874747,
      5.266117585065375,
      5.238663871264484,
      5.241537126831514,
      5.279121154675371,
      5.268447086927893,
      5.266721557608685,
      5.334015632895893,
      5.277643730352272,
      5.308127102775008,
      5.295627029219522,
      5.323734419990843,
      5.28029912423034,
      5.305228862686289,
      5.272408297325551,
      5.279773491220942,
      5.270107250795739,
      5.330404979026146,
      5.32987475017152,
      5.282731059223832,
      5.212642808369446,
      5.279376737987563,
      5.328347799009126,
      5.3341137208066485,
      5.291830408444528,
      5.291061124965963,
      5.3124890197664465,
      5.309008495274018,
      5.311940762096799,
      5.300329567204789,
      5.306786787822628,
      5.3243521435004935,
      5.332950364758728,
      5.320070053558333,
      5.304953077018788,
      5.342021116788133,
      5.310919522280877,
      5.28865251916872,
      5.292496884335936,
      5.338436602395216,
      5.36023170821454,
      5.304967605474545,
      5.334798101158125,
      5.298229439071915,
      5.32037013608465,
      5.370423754375187,
      5.288522387695168,
      5.321722331768194,
      5.308183492921027,
      5.275889544866009,
      5.29727333879779,
      5.3044461568028485,
      5.293585003199954,
      5.353808685070718,
      5.315750878919141,
      5.321636754012852,
      5.309833310134837,
      5.332669336211284,
      5.3778444171416036,
      5.321766023141562,
      5.339211533808284,
      5.363903939743335,
      5.367620658376365,
      5.32271907287845,
      5.290810739122295,
      5.33971880870592,
      5.3543286388941365,
      5.334327551215306,
      5.3287136675210505,
      5.347259917021783,
      5.289506640759404,
      5.365860007408911,
      5.313418164573174,
      5.323988366919767,
      5.342663578695664,
      5.305326151457412,
      5.32176159282521,
      5.292286034564059,
      5.334648163466898,
      5.358276702704407,
      5.30146552913185,
      5.32041352340529,
      5.344768392173752,
      5.281972754151597,
      5.313578811214117
    ],