{
  "config": {
    "seed": 42,
    "bs_train": 32,
    "bs_test": 8,
    "batches": 100,
    "epochs": 100,
    "early_stopping": 10,
    "checkpoints": null,
    "lr": 0.0005,
    "print_every": 100,
    "h_dim": 256,
    "z_dim": 10,
    "betas": [
      0.1,
      0.1
    ],
    "kw": {},
    "RTplot": false,
    "out_dir": "./results/Res3/",
    "run_name": "MEGA_RUNbs_32lr_0.0005h_256z_10s_0.5",
    "x_sigma2": 0.5
  },
  "results": {
    "num_epochs": 0,
    "train_loss": [
      1.8668692310651143,
      0.6398460348447164,
      0.5757712344328563,
      0.5704083859920501,
      0.5680147846539815,
      0.5680064459641775,
      0.5510358075300853,
      0.5619220435619354,
      0.555706650018692,
      0.5413247108459472,
      0.5518209099769592,
      0.5519205649693807,
      0.545764555533727,
      0.5530821859836579,
      0.5563199957211812,
      0.5282726009686788,
      0.5540973921616872,
      0.5409706175327301,
      0.536434014638265,
      0.5358720223108927,
      0.540230679512024,
      0.5441240886847178,
      0.533255930741628,
      0.5323294043540955,
      0.5377552330493927,
      0.5104142268498738,
      0.5286397139231364,
      0.5330055137475331,
      0.5290162086486816,
      0.523884512980779,
      0.5138945162296296,
      0.5159736136595409,
      0.5147997299830119,
      0.5280136843522389,
      0.5158496578534444,
      0.5039220710595449,
      0.5126503924528758,
      0.4911227564016978,
      0.4981255610783895,
      0.4888622224330902,
      0.48492471178372704,
      0.4864212910334269,
      0.47559879422187806,
      0.4994374752044678,
      0.4671286106109619,
      0.5005717714627583,
      0.4822557826836904,
      0.47551596760749815,
      0.48581512570381163,
      0.4675143798192342,
      0.46164809068044027,
      0.4654138108094533,
      0.473636535803477,
      0.46078722874323524,
      0.46222933928171794,
      0.45092052618662515,
      0.45018605987230936,
      0.47714686195055644,
      0.4546517292658488,
      0.4723174015680949,
      0.45373287598292034,
      0.44734352628389995,
      0.4617238680521647,
      0.4410136063893636,
      0.4484596331914266,
      0.4725996514161428,
      0.43930660088857015,
      0.4547812283039093,
      0.4459544042746226,
      0.4391679803530375,
      0.43569080233573915,
      0.43117785851160684,
      0.4502092957496643,
      0.44628894329071045,
      0.4303549349308014,
      0.4612415691216787,
      0.4329824189345042,
      0.44577882885932923,
      0.43634894688924153,
      0.4304087559382121,
      0.4353354493776957,
      0.4353174944718679,
      0.4268954475720724,
      0.4387631018956502,
      0.4332678476969401,
      0.4350193480650584,
      0.43332988222440083,
      0.42483634551366173,
      0.42511619528134664,
      0.4344221254189809,
      0.42530655264854433,
      0.4332694093386332,
      0.42170843680699666,
      0.42697357535362246,
      0.4328500509262085,
      0.41909761826197306,
      0.41986628572146095,
      0.42668163776397705,
      0.4339501202106476,
      0.4249390959739685
    ],
    "train_acc": [
      4.954500171560135,
      5.406965754511538,
      5.921514100794359,
      5.971025628438761,
      6.070761234669616,
      6.107266592122229,
      6.404764034168591,
      6.250922165922496,
      6.300147490547589,
      6.477211588672213,
      6.345397662335962,
      6.401709350928676,
      6.509492505429451,
      6.401179241936983,
      6.244168009008527,
      6.771351086332767,
      6.359764120900244,
      6.508114215326367,
      6.557308838623315,
      6.587752465403144,
      6.668963196424755,
      6.52148525272,
      6.644578270784245,
      6.6259278851549706,
      6.646523324597351,
      7.0361415487991135,
      6.7725177940231065,
      6.71486814254751,
      6.72128786507409,
      6.751319289975356,
      6.946034191589599,
      6.802471773610069,
      6.878138597655772,
      6.633156091993556,
      6.825392118611051,
      7.064587290755845,
      6.868045483486207,
      7.216031708333182,
      7.108317991448761,
      7.186183300757605,
      7.1585240127608385,
      7.14080750384049,
      7.351143077966307,
      6.977696634144342,
      7.325695402730187,
      7.061186826109184,
      7.192708112354334,
      7.27102964562026,
      7.206753318471429,
      7.405173865556973,
      7.417175542759167,
      7.376170057794515,
      7.375782838857548,
      7.391850646620477,
      7.4408986053222295,
      7.542551314185291,
      7.575803787733326,
      7.214341679481271,
      7.497074467657854,
      7.313770206749042,
      7.57330312890639,
      7.546663096721516,
      7.371042191610267,
      7.724549388312498,
      7.572428190661933,
      7.350809745075614,
      7.764783921536492,
      7.517266926185714,
      7.637890973285697,
      7.763671820857427,
      7.76249921621454,
      7.883729779987555,
      7.542690398528516,
      7.619564305950525,
      7.856596660944318,
      7.504918606499339,
      7.812467237380073,
      7.612767532541711,
      7.760272952700147,
      7.837549816931595,
      7.785875685506027,
      7.8339065780256085,
      8.012166041027047,
      7.810156176343874,
      7.817405275689769,
      7.757442603678518,
      7.773009434512788,
      8.042741305220948,
      8.036016935493322,
      7.7943179261428535,
      7.98814989495514,
      7.889330423017199,
      8.027205645017963,
      7.911996650366064,
      7.8673116124483355,
      8.074980710130571,
      8.118774475251284,
      7.959518821610125,
      7.818781432344099,
      8.022699241475866
    ],