{
  "config": {
    "seed": 42,
    "bs_train": 16,
    "bs_test": 4,
    "batches": 100,
    "epochs": 100,
    "early_stopping": 10,
    "checkpoints": null,
    "lr": 0.005,
    "print_every": 100,
    "h_dim": 256,
    "z_dim": 50,
    "betas": [
      0.1,
      0.1
    ],
    "kw": {},
    "RTplot": false,
    "out_dir": "./results/Res3/",
    "run_name": "MEGA_RUNbs_16lr_0.005h_256z_50s_0.9",
    "x_sigma2": 0.9
  },
  "results": {
    "num_epochs": 0,
    "train_loss": [
      1.1516907999912898,
      0.7876611063877742,
      0.5817305246988932,
      0.5074556052684784,
      0.46990711788336437,
      0.4652459214131037,
      0.44275925556818646,
      0.4229545553525289,
      0.4170134355624517,
      0.4028229018052419,
      0.3879085739453634,
      0.37370414833227794,
      0.3726044128338496,
      0.3664268871148427,
      0.35691725711027783,
      0.3523412346839905,
      0.3474699407815933,
      0.34367863039175667,
      0.34091453353563944,
      0.339198525249958,
      0.33548342287540434,
      0.33338716228803,
      0.32961151003837585,
      0.3307999660571416,
      0.32579622864723207,
      0.3240883861978849,
      0.32223756512006124,
      0.32163715610901517,
      0.31915610531965893,
      0.31482817729314166,
      0.31293877164522804,
      0.3147479722897212,
      0.3135061870018641,
      0.3152313808600108,
      0.3213695168495178,
      0.31961219310760497,
      0.3204041759173075,
      0.31969938178857166,
      0.31700644493103025,
      0.323101814587911,
      0.2951583981513977,
      0.31100965589284896,
      0.31489332765340805,
      0.2992365409930547,
      0.29574274520079297,
      0.29789216121037804,
      0.2887463107705116,
      0.29064796715974806,
      0.28305875112613044,
      0.2969326630234718,
      0.28602787603934604,
      0.29562114576498666,
      0.28718002190192543,
      0.2795316482583682,
      0.2972677459319433,
      0.2848085716366768,
      0.27358954896529514,
      0.2834186474482218,
      0.2795594980319341,
      0.27532208810249964,
      0.2782222126921018,
      0.2729103609919548,
      0.28239908764759697,
      0.27742582410573957,
      0.2734164600570997,
      0.2741154710451762,
      0.2686638727784157,
      0.2839333986242612,
      0.2674935708443324,
      0.27183024485905966,
      0.27412351469198865,
      0.26752923677364987,
      0.27262322703997294,
      0.2771526252230008,
      0.2661125967899958,
      0.27113012969493866,
      0.2679713120063146,
      0.2781401778260867,
      0.26884966691335044,
      0.2652919222911199,
      0.2646329308549563,
      0.2681033899386724,
      0.26297730058431623,
      0.2626078655322393,
      0.26142472922801974,
      0.25790448039770125,
      0.2639896348118782,
      0.2647687390446663,
      0.2712437679370244,
      0.25997454623381294,
      0.26701329549153646,
      0.26508852541446687,
      0.2699483940998713,
      0.2597133035461108,
      0.2657851209243139,
      0.25984244445959725,
      0.2631428077816963,
      0.26189687599738437,
      0.27219250897566477,
      0.26357142279545465
    ],
    "train_acc": [
      13.121220942003655,
      17.096132616593255,
      19.3687361896108,
      19.49456654735764,
      19.959631988294568,
      19.92110316257385,
      19.374486991871933,
      20.1058009736121,
      19.869241035606333,
      20.263194354496317,
      20.274571294550725,
      20.464558659827606,
      20.797211634537646,
      20.987280385426196,
      21.174180260795968,
      21.26414071574826,
      21.381793067382944,
      21.656758950761454,
      21.545680880369886,
      21.70748908318587,
      21.71415168046498,
      21.683353155145063,
      22.318778787372004,
      21.889930137090154,
      22.29976557333127,
      22.163588791466395,
      22.15970720477541,
      22.055889080709004,
      22.175953534724062,
      22.18968420548965,
      22.183355204719522,
      22.150810023402872,
      22.07364872876558,
      21.968301311638374,
      21.77890648792049,
      22.888792881691966,
      22.749598030191194,
      22.86117587366114,
      23.1889180202607,
      21.983203689208523,
      24.012812485646347,
      22.941751226150494,
      23.139916160434982,
      23.878515507793036,
      24.32075338623356,
      24.28855684401064,
      24.57593136555877,
      24.366146752307554,
      24.94556068054984,
      24.087024742342752,
      24.825434847025186,
      24.298767947015655,
      24.81380016196119,
      25.303436693470935,
      23.63607212998758,
      24.736902939588663,
      25.42695790232593,
      24.855279780660577,
      24.991738330779462,
      25.321768310882515,
      25.156014021012673,
      25.743469309666693,
      24.835233069000537,
      25.22074520238157,
      25.37250080090765,
      25.407449886747106,
      25.54251378631289,
      25.08148131351628,
      25.72669782734627,
      25.40546273288577,
      25.06548836003583,
      26.02238869168122,
      25.692786072152167,
      25.46366617206882,
      25.95180556677804,
      25.56094917966554,
      25.86069374152475,
      25.019037048748586,
      25.627433077086657,
      25.658924634072072,
      26.03561291547643,
      25.88716247814747,
      25.742145689111183,
      26.07800763697179,
      26.181108430355483,
      26.145926248169715,
      25.736602906614696,
      25.69341276024575,
      25.393786801828377,
      26.13277638196307,
      25.60846097973365,
      25.67403335438946,
      25.43550772599219,
      26.21297797773219,
      25.37456948675281,
      26.358054326546867,
      25.67113872763131,
      26.09149969839815,
      25.29568230767975,
      25.476965120756706
    ],