{
  "config": {
    "seed": 42,
    "bs_train": 32,
    "bs_test": 8,
    "batches": 100,
    "epochs": 100,
    "early_stopping": 10,
    "checkpoints": null,
    "lr": 0.0005,
    "print_every": 100,
    "h_dim": 256,
    "z_dim": 5,
    "betas": [
      0.1,
      0.1
    ],
    "kw": {},
    "RTplot": false,
    "out_dir": "./results/Res3/",
    "run_name": "MEGA_RUNbs_32lr_0.0005h_256z_5s_0.5",
    "x_sigma2": 0.5
  },
  "results": {
    "num_epochs": 0,
    "train_loss": [
      1.051256795724233,
      0.5932232320308686,
      0.5994045118490855,
      0.5565056900183359,
      0.5804464240868886,
      0.5413561304410298,
      0.5731290678183237,
      0.542498654127121,
      0.5548861344655355,
      0.5519236465295155,
      0.5386143247286479,
      0.5493147194385528,
      0.5279215812683106,
      0.5504381080468496,
      0.527561487754186,
      0.5412312050660452,
      0.5327829420566559,
      0.5300427516301472,
      0.5149440705776215,
      0.525413187344869,
      0.5274325291315715,
      0.5153188665707906,
      0.5136045257250468,
      0.5075937747955322,
      0.5201198736826579,
      0.5114868422349294,
      0.506465329726537,
      0.505891368786494,
      0.5033053676287333,
      0.5078753491242727,
      0.5084289689858754,
      0.49780184825261437,
      0.4866367201010386,
      0.4942234973112742,
      0.5030750254789988,
      0.4923948625723521,
      0.47426807284355166,
      0.47756143609682716,
      0.4751583655675252,
      0.4875068962574005,
      0.47503523031870526,
      0.47201499541600545,
      0.5045371909936269,
      0.47019591530164084,
      0.45952778855959575,
      0.5063421984513601,
      0.46025628646214806,
      0.47285550038019813,
      0.4616760671138763,
      0.46181752483050026,
      0.4643988271554311,
      0.4611332496007284,
      0.4786531170209249,
      0.4634222487608592,
      0.4461080471674601,
      0.47954320708910625,
      0.44518765012423195,
      0.441817037264506,
      0.44582185745239256,
      0.45363635619481407,
      0.4657809476057688,
      0.45069857239723204,
      0.45142369667689003,
      0.4505365471045176,
      0.4443046788374583,
      0.44611378709475197,
      0.44432136217753093,
      0.4452256520589193,
      0.4652844727039337,
      0.4409004787604014,
      0.4369625906149546,
      0.4450225551923116,
      0.45014755725860595,
      0.4365292966365814,
      0.43282788594563804,
      0.4384608805179596,
      0.45368433992067975,
      0.4361104965209961,
      0.4431536654631297,
      0.44586859941482543,
      0.43983606100082395,
      0.4473939299583435,
      0.4367493331432343,
      0.43720436294873555,
      0.43847686251004536,
      0.45930837392807006,
      0.42387242714564005,
      0.44218301177024844,
      0.45059104363123575,
      0.41804574529329935,
      0.44073426524798076,
      0.4346800069014231,
      0.42773365378379824,
      0.4464727401733398,
      0.45455281535784403,
      0.43706181049346926,
      0.4194493571917216,
      0.45864219864209493,
      0.409127668539683,
      0.44887712597846985
    ],
    "train_acc": [
      5.199181531668906,
      5.710659727643944,
      5.862089309292266,
      6.190169255718678,
      6.141337144737562,
      6.407694498848464,
      6.108549278834629,
      6.459001924935092,
      6.324785909679766,
      6.357763671098461,
      6.585343445120818,
      6.421666271092932,
      6.6644562554238425,
      6.4296581648004025,
      6.6651961515023,
      6.496170371045116,
      6.709087177226452,
      6.598955573229247,
      6.833032977051932,
      6.74445104004668,
      6.670662079373908,
      6.772580145870976,
      6.854371455636669,
      6.9395230658373785,
      6.874876378780017,
      6.876272056296955,
      6.961237289078773,
      6.953780209968068,
      6.880923502960549,
      6.7570955369124155,
      6.899534275200491,
      6.981514597511435,
      7.168689849259706,
      7.08635763827137,
      6.88406950818716,
      7.056657186282471,
      7.296822407054551,
      7.179596714114499,
      7.227382271119913,
      7.153565922590794,
      7.244726856098602,
      7.315643253172858,
      6.899900917190488,
      7.319344495849532,
      7.467619933237859,
      6.908388680357533,
      7.400607268484571,
      7.256114088166859,
      7.432733597502586,
      7.351498663194429,
      7.303732609140619,
      7.414707645686699,
      7.082021335321041,
      7.3370366096655735,
      7.57586468296095,
      7.08492787285994,
      7.583669378118588,
      7.611319582400548,
      7.599232365215226,
      7.472107049302234,
      7.301017105267562,
      7.472443979610124,
      7.549526157399654,
      7.482334934415847,
      7.621581585098466,
      7.5408136637179615,
      7.541916120694582,
      7.548042022183647,
      7.276731883078675,
      7.689666609316765,
      7.744233483260069,
      7.59822424277679,
      7.5475704159689165,
      7.711698621155118,
      7.778787855790197,
      7.659295363926528,
      7.547901252123286,
      7.772561158426609,
      7.657245683652444,
      7.602745707946661,
      7.637780437247658,
      7.553655872446314,
      7.6834295603627805,
      7.699950291411237,
      7.758388307255013,
      7.452457908480713,
      7.905579539108611,
      7.739955544863829,
      7.49259165352346,
      8.028451198337985,
      7.670081438424438,
      7.80270952320715,
      7.972012477079855,
      7.609753373573987,
      7.5301048255548,
      7.778659993050351,
      8.014585088250413,
      7.3276324894067235,
      8.18098939759249,
      7.4707730073014655
    ],