{
  "config": {
    "seed": 42,
    "bs_train": 16,
    "bs_test": 4,
    "batches": 100,
    "epochs": 100,
    "early_stopping": 10,
    "checkpoints": null,
    "lr": 0.0005,
    "print_every": 100,
    "h_dim": 128,
    "z_dim": 10,
    "betas": [
      0.1,
      0.1
    ],
    "kw": {},
    "RTplot": false,
    "out_dir": "./results/Res3/",
    "run_name": "MEGA_RUNbs_16lr_0.0005h_128z_10s_0.5",
    "x_sigma2": 0.5
  },
  "results": {
    "num_epochs": 0,
    "train_loss": [
      0.9130987107753754,
      0.5786771943171819,
      0.5700565377871195,
      0.5534153610467911,
      0.5485856334368387,
      0.5431531469027201,
      0.5263992001612982,
      0.534750908613205,
      0.5309578587611516,
      0.5281641781330109,
      0.5332646141449611,
      0.5365202158689499,
      0.5226129482189814,
      0.5230808665355047,
      0.5168478935956955,
      0.504214080174764,
      0.5024869451920192,
      0.48307196497917176,
      0.4889847864707311,
      0.4821266710758209,
      0.4717252681652705,
      0.4755749543507894,
      0.4762117584546407,
      0.46733223895231885,
      0.4694575369358063,
      0.4656034121910731,
      0.46404802401860556,
      0.4665124883254369,
      0.45337672034899396,
      0.4599795033534368,
      0.46127147873242696,
      0.45210094650586446,
      0.4446693152189255,
      0.4497146546840668,
      0.4465730051199595,
      0.4383157988389333,
      0.44045091470082604,
      0.42826631863911946,
      0.43065582315127054,
      0.42911773224671684,
      0.42765473425388334,
      0.4277722120285034,
      0.4139939655860265,
      0.4246530075867971,
      0.42049728135267894,
      0.4181779146194458,
      0.4176654785871506,
      0.4187103639046351,
      0.4103402356306712,
      0.41344387233257296,
      0.4109313497940699,
      0.4051058640082677,
      0.41780057152112327,
      0.39766360620657604,
      0.39989343881607053,
      0.4099072317282359,
      0.4106820424397786,
      0.40019903679688773,
      0.40608273446559906,
      0.404944963256518,
      0.40787755846977236,
      0.396040748556455,
      0.3878093729416529,
      0.3881483107805252,
      0.3992318332195282,
      0.39860985179742175,
      0.39414938191572824,
      0.38226084609826405,
      0.39277039766311644,
      0.3922075023253759,
      0.3899465620517731,
      0.3839852511882782,
      0.3871242692073186,
      0.38900508085886637,
      0.3831717034180959,
      0.3880480537811915,
      0.3852655539909999,
      0.37424265742301943,
      0.38480101625124613,
      0.386971394220988,
      0.3766771614551544,
      0.37759152551492053,
      0.38110696971416474,
      0.38818555772304536,
      0.38328822155793507,
      0.377731383840243,
      0.3819702625274658,
      0.3840392331282298,
      0.3770635674397151,
      0.37773441076278685,
      0.3723711202541987,
      0.37831101218859353,
      0.3732008208831151,
      0.3699760337670644,
      0.3750803997119268,
      0.37717696925004324,
      0.3748127589623133,
      0.36750304798285166,
      0.3634747485319773,
      0.37460067768891653
    ],
    "train_acc": [
      10.381366308361821,
      11.621779728841705,
      11.993976908320658,
      12.42999357500371,
      12.895234782410165,
      13.015632626177828,
      13.426173397040419,
      13.115509504590294,
      13.272105592601621,
      13.524519813975534,
      13.521885168850966,
      13.289533562196407,
      13.33148377739267,
      13.555465185774745,
      13.667885999924948,
      13.911605239443084,
      13.80751249540799,
      14.334246237737549,
      14.175947638519402,
      14.332628754218101,
      14.546001538495483,
      14.433302747707952,
      14.415439556975262,
      14.686860974727049,
      14.722384521594952,
      14.807131950924715,
      14.805721221480685,
      14.531850961359783,
      15.076891519818005,
      14.813303381392402,
      14.713436003096092,
      15.035606365874736,
      15.294476809499024,
      15.05783465868462,
      15.265359489200256,
      15.416454497553147,
      15.49698079013179,
      15.810073422616986,
      15.696048468675048,
      15.810633600636235,
      15.810153476333431,
      15.876187839374147,
      16.35004201086936,
      16.026355382392012,
      16.18228847251106,
      16.25504292154314,
      16.200832747566203,
      16.11707110489093,
      16.501108696799115,
      16.421253575939254,
      16.609847063677726,
      16.840509220957117,
      16.304347059785798,
      17.004306611394195,
      17.033747761795386,
      16.717316543851606,
      16.503046556581495,
      16.96287504219648,
      16.695640260637774,
      16.880744243893457,
      16.650388292710847,
      17.07802391780072,
      17.398450663074733,
      17.406001669179318,
      16.96810521533296,
      17.127222192387134,
      17.25309069811227,
      17.660716114605943,
      17.327354421769783,
      17.30804959195724,
      17.35255669751972,
      17.62832326695561,
      17.366858923880145,
      17.454760549838507,
      17.805669806413718,
      17.503197074430332,
      17.479726257103998,
      18.19866788226,
      17.575450837938916,
      17.56524571935793,
      18.049620163051152,
      17.944989505571485,
      17.881436720641755,
      17.740526420560975,
      17.692936232996214,
      17.934688908303276,
      17.842141043651875,
      17.823438651970843,
      17.890505363147895,
      18.026636413043146,
      18.08091229895765,
      17.971041176171294,
      17.926698516452653,
      18.292687774622216,
      18.002255578059273,
      18.014101906490488,
      18.113320256692106,
      18.35335515403404,
      18.55167641329124,
      18.195258229257977
    ],