{
  "config": {
    "seed": 42,
    "bs_train": 16,
    "bs_test": 4,
    "batches": 100,
    "epochs": 100,
    "early_stopping": 10,
    "checkpoints": null,
    "lr": 0.001,
    "print_every": 100,
    "h_dim": 128,
    "z_dim": 20,
    "betas": [
      0.1,
      0.1
    ],
    "kw": {},
    "RTplot": false,
    "out_dir": "./results/Res3/",
    "run_name": "MEGA_RUNbs_16lr_0.001h_128z_20s_0.9",
    "x_sigma2": 0.9
  },
  "results": {
    "num_epochs": 0,
    "train_loss": [
      1.10464246571064,
      0.41423438092072806,
      0.384849884112676,
      0.3862985928853353,
      0.3771978229284286,
      0.37840839525063835,
      0.3650123536586761,
      0.3621896103024483,
      0.35751100182533263,
      0.35861089726289114,
      0.35121831595897673,
      0.35316370874643327,
      0.3469528476397196,
      0.3463911682367325,
      0.337142542997996,
      0.3388112813234329,
      0.33477039138476056,
      0.3406784643729528,
      0.3328776170810064,
      0.3380562285582224,
      0.3308935398856799,
      0.3314723610877991,
      0.33682329853375753,
      0.3338406046231588,
      0.3210636635621389,
      0.32119847734769186,
      0.32291457056999207,
      0.3075219472249349,
      0.31787858307361605,
      0.2999563117822011,
      0.2985645517706871,
      0.2991510664423307,
      0.2973149905602137,
      0.2908286675810814,
      0.29532109896341957,
      0.2995256910721461,
      0.29137660811344784,
      0.29077300479014717,
      0.2877259492874146,
      0.2854011729359627,
      0.2821051349242528,
      0.2825277492403984,
      0.2807909240325292,
      0.28096385349829994,
      0.2906084229548772,
      0.27997393657763797,
      0.27461471607287724,
      0.2792740692694982,
      0.27178978770971296,
      0.2726255401968956,
      0.27241629113753635,
      0.27506404668092727,
      0.2708344250917435,
      0.2721888244152069,
      0.277323908607165,
      0.25956362038850783,
      0.2670924723148346,
      0.26435611794392266,
      0.2647355164090792,
      0.2697362015644709,
      0.25962784389654797,
      0.2610577409466108,
      0.26697184244791666,
      0.2639356146256129,
      0.2611978381872177,
      0.25324393014113106,
      0.24703049610058467,
      0.2600435376167297,
      0.24666441480318704,
      0.2528691564997037,
      0.24272456268469492,
      0.2510692243774732,
      0.24401051054398218,
      0.25398753931125007,
      0.2509534607330958,
      0.25021447439988453,
      0.2463047886888186,
      0.249259415268898,
      0.24019392877817153,
      0.24781630833943685,
      0.24885090092817944,
      0.24901050726572674,
      0.24398358662923178,
      0.2393099248409271,
      0.24338218222061794,
      0.24101965973774592,
      0.23741923024257025,
      0.24652425895134608,
      0.2327977682153384,
      0.23396575649579365,
      0.24028041313091913,
      0.2408575435479482,
      0.23329761375983557,
      0.23826193312803903,
      0.23831075777610142,
      0.23420590708653133,
      0.23644914776086806,
      0.23474769294261932,
      0.23297176907459896,
      0.23886997054020565
    ],
    "train_acc": [
      17.966027266093647,
      19.897535560089903,
      20.89181307541284,
      21.21707520839606,
      21.45356369578041,
      21.319058823414753,
      21.69580271887331,
      21.92655868227336,
      21.823260285318504,
      21.84842253543339,
      22.155992616967445,
      21.95560265599655,
      22.27046243725169,
      22.165417173168812,
      22.3655134563727,
      22.35023329935605,
      22.27400579153494,
      22.118231123266874,
      22.452821306290783,
      22.127200914384574,
      22.49110242585223,
      22.54481512205379,
      22.579425573559732,
      22.586984739255712,
      23.166012477843395,
      23.210651479754482,
      23.354752914557377,
      24.736575966236977,
      23.615047898984407,
      25.59730656312875,
      25.19221601412272,
      25.37867199003366,
      25.42267641573437,
      26.185628344897477,
      25.468130882486708,
      25.306033602741724,
      26.01309245439989,
      26.024805604270462,
      26.336758719280052,
      26.815913276326043,
      26.582599277890402,
      26.532412049586842,
      26.732997026048473,
      26.790381121882202,
      26.105976843456343,
      26.32195312789066,
      26.606209709640773,
      27.195821269739834,
      27.03773337059952,
      26.628989897457025,
      26.740865752999092,
      26.794655861886586,
      26.77091440464394,
      26.930415404281792,
      26.41874682088954,
      27.648473767956823,
      27.279894850110313,
      27.73934866605932,
      27.33462050150909,
      26.84103762038447,
      27.49943259003015,
      27.800934837351267,
      27.46569100381821,
      28.007479234048,
      27.549939796990305,
      28.690067795312007,
      29.327085834354033,
      28.09383541829716,
      29.231758246079323,
      28.668035383685332,
      29.62587976140646,
      28.914617892333865,
      29.742579179186205,
      28.936387041483176,
      29.066717868234353,
      29.04983725714161,
      29.564317591298643,
      29.127163517832855,
      30.200838938585246,
      29.253749659904727,
      29.114701531305005,
      29.489229710566587,
      29.59326533943521,
      29.915356555661646,
      29.83729047008799,
      29.776116527745955,
      30.044090828218664,
      29.6300990594866,
      30.874099983261406,
      30.561995299056107,
      30.144315445764736,
      30.239340935506995,
      30.842949661222946,
      30.125386245962144,
      30.219618725553538,
      30.41776081571085,
      30.70030394626988,
      30.24705531446848,
      30.68156894843589,
      29.996842602027442
    ],