{
  "config": {
    "seed": 42,
    "bs_train": 16,
    "bs_test": 4,
    "batches": 100,
    "epochs": 40,
    "early_stopping": 10,
    "checkpoints": null,
    "lr": 0.0005,
    "print_every": 100,
    "h_dim": 256,
    "z_dim": 128,
    "betas": [
      0.9,
      0.999
    ],
    "kw": {},
    "RTplot": false,
    "out_dir": "./results/Res3/",
    "run_name": "MEGA_RUNlr_0.0005bs_16",
    "x_sigma2": 1
  },
  "results": {
    "num_epochs": 0,
    "train_loss": [
      1.0873533497254053,
      0.33101581980784733,
      0.2457241401076317,
      0.22889419496059418,
      0.2282343288262685,
      0.2203304037451744,
      0.21574143767356874,
      0.2142975613474846,
      0.21256069391965865,
      0.20586515814065934,
      0.207816048959891,
      0.20716440180937448,
      0.20695103208223978,
      0.20763050218423207,
      0.20109260032574336,
      0.20490351915359498,
      0.20265621244907378,
      0.20448695570230485,
      0.20012830247481664,
      0.19350307236115138,
      0.19252939869960148,
      0.19090873152017593,
      0.19382722079753875,
      0.18897985418637595,
      0.18562176475922268,
      0.18459797153870264,
      0.18310115138689678,
      0.18271480699380238,
      0.18315501064062117,
      0.18351234296957653,
      0.17841966251532237,
      0.18023714025815327,
      0.17752263943354288,
      0.17559701204299927,
      0.1755943978826205,
      0.17446013589700063,
      0.17383571217457452,
      0.17163090805212658,
      0.17267602384090425,
      0.16812584747870762
    ],
    "train_acc": [
      23.47486061034354,
      27.027972375562893,
      28.361445454770692,
      29.114165636625692,
      28.864598204638774,
      29.709974221594152,
      30.325291790769235,
      30.262045575810546,
      30.59031820720365,
      31.55499000786059,
      31.38786572488517,
      31.403207622945505,
      31.422582800504543,
      31.239619179120066,
      32.04476797776743,
      31.622907400391078,
      31.812373976404636,
      31.633328129360674,
      32.41069991776459,
      33.41961161997804,
      33.64702665789433,
      33.91658628556937,
      33.64499460864345,
      34.540585381866634,
      34.95430656117203,
      35.223585476528136,
      35.764470476498424,
      35.6435266031475,
      35.843275351756354,
      35.6289624339959,
      36.6951734753936,
      36.21097801739536,
      36.749681682753746,
      36.97361176663698,
      37.26811338965919,
      37.2501391270591,
      37.66518077546372,
      37.87886455456851,
      37.76901876168393,
      38.7203281674522
    ],
    "test_loss": [
      0.7744084447622299,
      0.38265321403741837,
      0.2735785245895386,
      0.28192920610308647,
      0.3325643762946129,
      0.302423432469368,
      0.3084007687866688,
      0.2895159609615803,
      0.306383341550827,
      0.30706456303596497,
      0.31453271955251694,
      0.27521276101469994,
      0.27516257017850876,
      0.24444755911827087,
      0.3551221862435341,
      0.29616163298487663,
      0.23947160318493843,
      0.42307742685079575,
      0.4026840329170227,
      0.2841855250298977,
      0.3168124593794346,
      0.36647654324769974,
      0.34798428788781166,
      0.2798810750246048,
      0.313141655176878,
      0.34386011213064194,
      0.47773537784814835,
      0.3116861507296562,
      0.3360230401158333,
      0.3674469664692879,
      0.2998173385858536,
      0.29801780730485916,
      0.3223020061850548,
      0.3974189981818199,
      0.39011506363749504,
      0.3916639983654022,
      0.3632787838578224,
      0.4271397814154625,
      0.39453834667801857,
      0.3717542588710785
    ],
    "test_acc": [
      28.834769494759943,
      25.001942478555492,
      29.779099352893596,
      29.338885266132618,
      23.427395287056648,
      26.427834529075874,
      25.7008684501746,
      27.369836855151192,
      27.900658473378304,
      25.37121020063347,
      25.346149875308793,
      29.414104252832722,
      29.20223963877726,
      31.811120452852105,
      24.706558637202168,
      26.741270524496905,
      32.547002685090305,
      20.95441341505148,
      19.692546020738458,
      27.64693210697336,
      26.613904430111432,
      21.206011385292157,
      23.622649806586068,
      30.328840146655345,
      25.539369051179275,
      22.561392875733297,
      20.158072154615056,
      25.39775038898394,
      25.72576980973693,
      22.43556249941156,
      27.760713023968265,
      26.18627533491125,
      23.97301052321088,
      20.470069182405076,
      22.198234745432167,
      20.668792550063444,
      21.121358096605217,
      18.57980982049469,
      23.24868558472773,
      21.13856716445482
    ]
  }
}