{
  "config": {
    "seed": 42,
    "bs_train": 32,
    "bs_test": 8,
    "batches": 100,
    "epochs": 100,
    "early_stopping": 10,
    "checkpoints": null,
    "lr": 0.001,
    "print_every": 100,
    "h_dim": 512,
    "z_dim": 20,
    "betas": [
      0.1,
      0.1
    ],
    "kw": {},
    "RTplot": false,
    "out_dir": "./results/Res3/",
    "run_name": "MEGA_RUNbs_32lr_0.001h_512z_20s_0.9",
    "x_sigma2": 0.9
  },
  "results": {
    "num_epochs": 0,
    "train_loss": [
      1.0792486945788065,
      0.4025508999824524,
      0.3820381740729014,
      0.38212282260258995,
      0.36959447264671325,
      0.36892618536949157,
      0.360514364639918,
      0.3666655917962392,
      0.36356778343518575,
      0.36122040351231893,
      0.3655322273572286,
      0.35267821153004963,
      0.35390393137931825,
      0.36024218996365864,
      0.3480407238006592,
      0.3587489028771718,
      0.3433684845765432,
      0.34102235635121664,
      0.3357035219669342,
      0.34332666198412576,
      0.3392272154490153,
      0.33761266072591145,
      0.3435596684614817,
      0.3414105653762817,
      0.33343414862950643,
      0.339031449953715,
      0.3357839564482371,
      0.3346016009648641,
      0.33149073322614037,
      0.32618747353553773,
      0.33784514864285786,
      0.32875869472821556,
      0.3291570762793223,
      0.32918156385421754,
      0.3270206153392792,
      0.32517869273821515,
      0.32583881815274557,
      0.32757872541745503,
      0.3125974893569946,
      0.33748196363449096,
      0.3250189820925395,
      0.31868046522140503,
      0.3200995147228241,
      0.3239321251710256,
      0.31831457018852233,
      0.32199111183484397,
      0.3362225691477458,
      0.3256222724914551,
      0.31831059058507283,
      0.32795528769493104,
      0.33297891219456993,
      0.34796895484129586,
      0.3365773955980937,
      0.3272229810555776,
      0.31410139203071596,
      0.3129088878631592,
      0.316564013560613,
      0.34316070278485616,
      0.31603585680325824,
      0.3151104976733526,
      0.31922022898991903,
      0.3002047181129456,
      0.2991356273492177,
      0.30733478665351865,
      0.2974720855553945,
      0.2843920151392619,
      0.28279078702131905,
      0.30640855828921,
      0.2904503176609675,
      0.28812238077322644,
      0.2808889657258987,
      0.301308399438858,
      0.2771759659051895,
      0.28323487838109335,
      0.2759205957253774,
      0.2769025127092997,
      0.28440213700135547,
      0.29294767677783967,
      0.27722336451212565,
      0.2816649705171585,
      0.2642702420552572,
      0.2685980548461278,
      0.267488885919253,
      0.27842121918996177,
      0.2763616253932317,
      0.2756929526726405,
      0.2748842497666677,
      0.2733144094546636,
      0.2734121859073639,
      0.27479957838853203,
      0.277355698744456,
      0.2730699092149734,
      0.2615278939406077,
      0.27181760569413504,
      0.26651023626327514,
      0.271940948565801,
      0.266891614596049,
      0.2610529085000356,
      0.26578208406766257,
      0.26061104238033295
    ],
    "train_acc": [
      8.793497771941798,
      9.772556927540514,
      10.290466293363401,
      10.274686230982946,
      10.50136642909554,
      10.5290413658402,
      10.733551984391964,
      10.627690702612345,
      10.616074629231273,
      10.618533014657464,
      10.62901082648768,
      10.900704621045376,
      10.777637544000063,
      10.608096169437571,
      11.072973151235676,
      10.609995070057447,
      11.02352673106409,
      10.900499201971936,
      11.042867014158068,
      10.997839103778425,
      10.943952309551685,
      10.996549076529071,
      10.865341824434482,
      10.860446278468444,
      11.0490451478858,
      10.923839855885403,
      10.944502117719363,
      11.045920863530911,
      11.052120867257655,
      11.112059593440634,
      10.808668610773127,
      11.05451872363916,
      11.115745632904533,
      11.135228066090601,
      11.15214736750555,
      11.15559213647074,
      11.117939396848197,
      11.124190768417623,
      11.274343920180455,
      11.054019871161016,
      11.190878985182081,
      11.416601667445814,
      11.404383310486052,
      11.297636165213007,
      11.230753247256853,
      11.179506734465182,
      11.327835706980864,
      11.44289859921746,
      11.597332710749347,
      11.303361637787551,
      11.197775287348835,
      11.202178087063663,
      11.298867874343175,
      11.254142309887454,
      11.568226629532395,
      11.581335413860106,
      11.980639375485422,
      10.882380879594601,
      11.884804211852256,
      12.003231045614552,
      11.522906199830253,
      12.1551076477116,
      12.400428622232832,
      11.94643925773604,
      12.652781316609389,
      13.079763077784643,
      13.252611559785548,
      12.41717904814831,
      12.728502034632966,
      12.742349908962387,
      12.96450689133768,
      12.250958578997063,
      13.10821719553289,
      12.739430577923153,
      13.085108093897748,
      13.242613477009195,
      13.031208327416781,
      12.44662104918045,
      13.095405008910285,
      13.043213731021057,
      13.57988019449698,
      13.453759310373176,
      13.480004549191348,
      13.08805255878328,
      13.200271325036715,
      13.144918032530173,
      13.20808478427698,
      13.03159056248881,
      13.434163671819581,
      13.20182566521437,
      13.0830680899935,
      13.360477073094874,
      13.737395537401245,
      13.42566954728671,
      13.508439348415509,
      13.303435051563525,
      13.338729167761983,
      13.733443303812281,
      13.46359056130529,
      13.63014428278928
    ],