{
  "config": {
    "seed": 42,
    "bs_train": 32,
    "bs_test": 8,
    "batches": 100,
    "epochs": 100,
    "early_stopping": 10,
    "checkpoints": null,
    "lr": 0.0005,
    "print_every": 100,
    "h_dim": 128,
    "z_dim": 5,
    "betas": [
      0.1,
      0.1
    ],
    "kw": {},
    "RTplot": false,
    "out_dir": "./results/Res3/",
    "run_name": "MEGA_RUNbs_32lr_0.0005h_128z_5s_0.5",
    "x_sigma2": 0.5
  },
  "results": {
    "num_epochs": 0,
    "train_loss": [
      1.3593411207199098,
      0.6198084155718485,
      0.5982961575190227,
      0.5848854700724284,
      0.5764262159665425,
      0.5721259196599324,
      0.5923174818356832,
      0.5671986003716787,
      0.5782716492811839,
      0.5576892534891764,
      0.5410977701346079,
      0.5790017445882162,
      0.5566513737042745,
      0.5551592151323954,
      0.5633733212947846,
      0.5617881158987681,
      0.5568795800209045,
      0.5546279569466909,
      0.5527845780054729,
      0.5343974848588308,
      0.5508511443932851,
      0.536725519100825,
      0.5424479762713115,
      0.5495447715123495,
      0.5446323454380035,
      0.5370418330033621,
      0.550366860628128,
      0.5163875043392181,
      0.5216386675834656,
      0.5229914546012878,
      0.5413317342599233,
      0.497734800974528,
      0.5546334067980448,
      0.5069088081518809,
      0.5005665242671966,
      0.4864541451136271,
      0.5121847212314605,
      0.4964403430620829,
      0.4853006144364675,
      0.508976533015569,
      0.4954847057660421,
      0.4802338937918345,
      0.5110486666361491,
      0.48173089226086935,
      0.491792490084966,
      0.5097106138865153,
      0.5129850308100382,
      0.4708295087019602,
      0.5056493004163106,
      0.4781611164410909,
      0.4960763732592265,
      0.4902201076348623,
      0.47072685360908506,
      0.47607678969701134,
      0.4805610756079356,
      0.48168146014213564,
      0.4632467110951742,
      0.4729931175708771,
      0.4920357863108317,
      0.4612079858779907,
      0.49202203551928203,
      0.48321186304092406,
      0.4652450144290924,
      0.5018344144026439,
      0.4530949513117472,
      0.49361656308174134,
      0.47724859515825907,
      0.44948739806811017,
      0.4565934439500173,
      0.4612701098124186,
      0.47253726919492084,
      0.4687892496585846,
      0.4612782518068949,
      0.45864617824554443,
      0.4596948266029358,
      0.4521417001883189,
      0.45119407574335735,
      0.4579303741455078,
      0.45070315996805826,
      0.49877251784006754,
      0.46159540812174477,
      0.46228549679120384,
      0.4826597094535828,
      0.464369269212087,
      0.4857026934623718,
      0.46094319025675456,
      0.4369048237800598,
      0.47004220883051556,
      0.4463811715443929,
      0.4642860492070516,
      0.46111622055371604,
      0.46076505780220034,
      0.45375360051790875,
      0.44476682345072427,
      0.4335436125596364,
      0.46615058978398644,
      0.4499465723832448,
      0.4812088330586751,
      0.44500184853871666,
      0.46546232302983603
    ],
    "train_acc": [
      4.9247997594785815,
      5.524362858603333,
      5.844557017446909,
      6.051613672029547,
      6.120335458553623,
      6.123371934341785,
      6.044167656899532,
      6.2267505346531395,
      6.238623494462227,
      6.27933192713595,
      6.534724273025895,
      6.237100329936187,
      6.304751180120534,
      6.365687207436232,
      6.306106476226445,
      6.435172989024216,
      6.337794937521291,
      6.479945390119068,
      6.469285388927562,
      6.705110728406631,
      6.570206708153196,
      6.562010267834395,
      6.548246716773959,
      6.5680170660111745,
      6.598115497935642,
      6.682783508211382,
      6.525678103207503,
      6.893233534904487,
      6.899370636142855,
      6.772376867966518,
      6.805882419078696,
      7.062079186539886,
      6.508191159282862,
      6.861797415591723,
      7.07676615787274,
      7.231606543458049,
      6.979415333023619,
      7.026078938893849,
      7.178498385248873,
      6.952176080761587,
      7.04424025902924,
      7.2583388672249045,
      6.898163063635331,
      7.236821337265414,
      7.165435532656832,
      6.987038473024299,
      6.92110475516672,
      7.314886363220349,
      6.924966668732814,
      7.311786673333143,
      7.084097547056547,
      7.176655636906192,
      7.449637415705961,
      7.327927146039777,
      7.205037336735638,
      7.285471167460724,
      7.37943482006255,
      7.312884753067502,
      7.1521530183146895,
      7.43029818171401,
      7.062913373398278,
      7.172034355024127,
      7.452203745117379,
      7.028832598252737,
      7.549795793532246,
      7.290399965146043,
      7.245504700670074,
      7.605664588308127,
      7.597387385323156,
      7.411901248787711,
      7.365252617564632,
      7.344503002945235,
      7.454051678532505,
      7.658955723526894,
      7.510236213801489,
      7.611861822626569,
      7.594413503846929,
      7.572889497480516,
      7.634479043349525,
      6.989655879573,
      7.412073733685568,
      7.384515027612915,
      7.2517241561539905,
      7.421273889063683,
      7.5364718480856325,
      7.413325316154332,
      7.750963433503803,
      7.554100703602611,
      7.680941775818411,
      7.3822734039467575,
      7.538762304816761,
      7.501312945497897,
      7.481766708942374,
      7.638667926512734,
      7.809624168404128,
      7.352835213931545,
      7.591377271105789,
      7.25717060537908,
      7.655792502082074,
      7.410177804404205
    ],