{
  "config": {
    "seed": 42,
    "bs_train": 16,
    "bs_test": 4,
    "batches": 100,
    "epochs": 100,
    "early_stopping": 10,
    "checkpoints": null,
    "lr": 0.001,
    "print_every": 100,
    "h_dim": 256,
    "z_dim": 5,
    "betas": [
      0.1,
      0.1
    ],
    "kw": {},
    "RTplot": false,
    "out_dir": "./results/Res3/",
    "run_name": "MEGA_RUNbs_16lr_0.001h_256z_5s_0.5",
    "x_sigma2": 0.5
  },
  "results": {
    "num_epochs": 0,
    "train_loss": [
      0.8206475039323171,
      0.6348680297533671,
      0.6041674772898357,
      0.5964210549990336,
      0.5781333863735199,
      0.57179101506869,
      0.5648743331432342,
      0.5679906398057938,
      0.5694018026192983,
      0.5640118380387624,
      0.5623690774043401,
      0.5643195271492004,
      0.5611112087965011,
      0.5603344976902008,
      0.5625515898068746,
      0.5397075057029724,
      0.539542892575264,
      0.5312494824330012,
      0.5279685477415721,
      0.5213922550280888,
      0.5112743198871612,
      0.538633186618487,
      0.5007257789373398,
      0.4990708569685618,
      0.49391081631183625,
      0.497562508781751,
      0.4935097177823385,
      0.4976792087157567,
      0.47137723366419476,
      0.4720101147890091,
      0.47751690646012623,
      0.47174934049447376,
      0.4752159774303436,
      0.475327804684639,
      0.474075186252594,
      0.4678954581419627,
      0.45615033706029257,
      0.46518998642762505,
      0.4589052826166153,
      0.4753656566143036,
      0.4726838727792104,
      0.45718258718649546,
      0.45255612234274545,
      0.47129253347714745,
      0.44747727711995444,
      0.4487832983334859,
      0.4511277347803116,
      0.4572181890408198,
      0.4553601175546646,
      0.4565888305505117,
      0.44270827372868854,
      0.4421319087346395,
      0.4570401628812154,
      0.44414979219436646,
      0.444488114118576,
      0.43790693779786427,
      0.4567831645409266,
      0.4393530031045278,
      0.4549056639273961,
      0.4369741270939509,
      0.4382095883289973,
      0.437592425942421,
      0.4383367170890172,
      0.4418196101983388,
      0.4389425386985143,
      0.4353691597779592,
      0.4272815704345703,
      0.4354276269674301,
      0.4318612297375997,
      0.4302265286445618,
      0.4481597731510798,
      0.43121076623598736,
      0.4418901701768239,
      0.4231774598360062,
      0.43170022070407865,
      0.4300545940796534,
      0.4355928818384806,
      0.4327086995045344,
      0.44109838008880614,
      0.429438716173172,
      0.43319494823614757,
      0.41684140761693317,
      0.4393476853768031,
      0.4173589587211609,
      0.4262756059567134,
      0.4309316466252009,
      0.4347339739402135,
      0.4414369980494181,
      0.4178792933622996,
      0.42617333829402926,
      0.4175621449947357,
      0.41740862429142,
      0.41673400104045866,
      0.41907995343208315,
      0.40892043312390647,
      0.4126056055227915,
      0.4200246423482895,
      0.41646541555722555,
      0.41471083958943683,
      0.4083020031452179
    ],
    "train_acc": [
      10.168196403470526,
      11.215540730921873,
      11.70630752532177,
      11.690925875487629,
      11.950392676170432,
      12.065523792205123,
      12.128312727381868,
      12.065910659315831,
      12.069312363222984,
      12.106696817344575,
      12.335505483222574,
      12.409807856185301,
      12.668489725040942,
      12.751474286137942,
      12.86614214187084,
      13.12753168385215,
      13.216012131510785,
      13.404664624566566,
      13.535528485589278,
      13.553567622543218,
      13.87660399494094,
      13.487786634878095,
      14.016889499905327,
      14.072118448057877,
      14.147665539007464,
      14.35943887075322,
      14.322133931832438,
      14.104207734109439,
      14.76130980245046,
      14.550935084006692,
      14.650616710189492,
      14.55505289405102,
      14.459990554775539,
      14.47804383226779,
      14.426295065310812,
      14.504502055785025,
      14.96072338656385,
      14.699535263030826,
      15.142299181240476,
      14.649526260353142,
      14.784427668055745,
      14.9923371132844,
      15.132640421483657,
      14.608995170208564,
      15.03388051387348,
      15.132978230059818,
      15.11573496878931,
      15.063402125776578,
      14.982178209776881,
      15.072814026114166,
      15.353625582398376,
      15.450014679785996,
      14.930237131701489,
      15.318570974490582,
      15.3714778613956,
      15.66390223329826,
      15.036119189974663,
      15.695892810996128,
      15.114694531118738,
      15.594484946358818,
      15.501049754820315,
      15.470423061504384,
      15.45617942367091,
      15.652718754622903,
      15.467351557915821,
      15.542718795248167,
      15.801534727955616,
      15.787553022397558,
      15.720583592965003,
      15.758331681228135,
      15.241950864317227,
      15.780343936300024,
      15.534017889220465,
      16.10792673675485,
      15.696014568114693,
      15.831632064618553,
      15.685489089793453,
      15.795325402926595,
      15.358613015087498,
      16.02337186008737,
      15.609725257161122,
      16.217194094609937,
      15.324084359098492,
      16.114861959973243,
      15.804410965614109,
      15.740355927011109,
      15.590191223516884,
      15.514686379859112,
      16.253029660499585,
      15.865954581105425,
      16.057123561800058,
      16.222770685697046,
      16.093455199698955,
      16.135816418223296,
      16.50916104151613,
      16.175606574815333,
      16.06830446781494,
      16.18885039881826,
      16.274729067771688,
      16.517211510052004
    ],