{
  "config": {
    "seed": 42,
    "bs_train": 32,
    "bs_test": 8,
    "batches": 100,
    "epochs": 100,
    "early_stopping": 10,
    "checkpoints": null,
    "lr": 0.01,
    "print_every": 100,
    "h_dim": 512,
    "z_dim": 5,
    "betas": [
      0.1,
      0.1
    ],
    "kw": {},
    "RTplot": false,
    "out_dir": "./results/Res3/",
    "run_name": "MEGA_RUNbs_32lr_0.01h_512z_5s_0.9",
    "x_sigma2": 0.9
  },
  "results": {
    "num_epochs": 0,
    "train_loss": [
      1.991816266377767,
      1.1920794010162354,
      1.0175547361373902,
      0.9218645135561625,
      0.8344134291013082,
      0.7654602448145549,
      0.7465146621068318,
      0.7221007426579793,
      0.7218985557556152,
      0.7133832176526388,
      0.7112116018931071,
      0.7064202189445495,
      0.702512788772583,
      0.6996223608652751,
      0.699250328540802,
      0.6948391993840536,
      0.69719025293986,
      0.6872582038243612,
      0.6865309317906697,
      0.6824933846791585,
      0.6841412822405497,
      0.677672282854716,
      0.6814667264620463,
      0.6787473837534587,
      0.6737405141194661,
      0.6733679890632629,
      0.6711586157480876,
      0.6680393775304159,
      0.6641995549201966,
      0.6649725914001465,
      0.6641349752744039,
      0.6660062551498414,
      0.6634966293970744,
      0.6620226740837097,
      0.6593903660774231,
      0.6578271190325419,
      0.6580533742904663,
      0.658323605855306,
      0.6570821166038513,
      0.6553860942522685,
      0.6553885777791341,
      0.6520084977149964,
      0.653182053565979,
      0.6535376946131388,
      0.6519975066184998,
      0.6507870316505432,
      0.6497537851333618,
      0.6470224857330322,
      0.6481961687405904,
      0.6493586738904317,
      0.6477871020634969,
      0.6459343512852986,
      0.6461286465326945,
      0.6465012709299723,
      0.6451960881551106,
      0.6457653005917867,
      0.6451587677001953,
      0.6469092806180318,
      0.6455220500628154,
      0.6446475585301717,
      0.643760891755422,
      0.6433935523033142,
      0.6454063495000203,
      0.6434713045756022,
      0.6435002287228903,
      0.6412034829457601,
      0.6428738713264466,
      0.6429920434951782,
      0.6430851777394613,
      0.6413947820663453,
      0.6412436286608378,
      0.6415424108505249,
      0.6416130542755127,
      0.6401620626449585,
      0.6409998178482056,
      0.6411399841308594,
      0.6397209445635478,
      0.640559454758962,
      0.6400421539942424,
      0.6399272958437602,
      0.6414170304934184,
      0.6403912385304769,
      0.6389991919199626,
      0.6396679600079854,
      0.6387920260429383,
      0.638613243897756,
      0.6398381074269612,
      0.6377187450726827,
      0.6376475254694621,
      0.6389495571454366,
      0.6381191809972128,
      0.6377536614735921,
      0.6392965277036031,
      0.6387561917304992,
      0.6384445707003276,
      0.6378893574078878,
      0.6383043646812439,
      0.6375602761904399,
      0.6382735331853231,
      0.6379782954851786
    ],
    "train_acc": [
      5.217876485183536,
      5.055449185014103,
      5.036729319382132,
      5.042931050019434,
      5.054339159832414,
      5.037617846189633,
      5.041963655603852,
      5.0208786146675655,
      5.023802813828302,
      5.028883262702941,
      5.030278953598726,
      5.039196533207326,
      5.026369643488769,
      5.062366175721591,
      5.072174597838546,
      5.027532199872627,
      5.03935620708233,
      5.028492715599296,
      5.019238407743796,
      5.030753806591868,
      5.02677539717332,
      5.027746215407968,
      5.049168311604146,
      5.048985535398486,
      5.0415871102642384,
      5.030039747414446,
      5.041334901490788,
      5.027071496283111,
      5.059105502815735,
      5.039568736245783,
      5.054453937052278,
      5.044620035267068,
      5.023713227616472,
      5.040611459330288,
      5.03525782844165,
      5.0568865981821185,
      5.038624233018589,
      5.031417367082504,
      5.042728634526259,
      5.029700731417762,
      5.034447556367017,
      5.045308332610367,
      5.046767251346619,
      5.027800460694622,
      5.06579596649726,
      5.027667002650789,
      5.03807562379655,
      5.044843883680916,
      5.014747724127277,
      5.019310647143903,
      5.051280755986968,
      5.028459242110228,
      5.037678409050423,
      5.023025096459056,
      5.059010817291364,
      5.034434393450057,
      5.045486497060176,
      5.039603684891197,
      5.0254705237897195,
      5.029014427110723,
      5.046985243503562,
      5.04056235459424,
      5.044995750055203,
      5.033536277257189,
      5.026010887181037,
      5.083315227299658,
      5.025553790798183,
      5.030248081275373,
      5.044868804834205,
      5.032326713869321,
      5.025892873475148,
      5.018301984074128,
      5.013634335738999,
      5.033942366901988,
      5.0513122665160175,
      5.042002295616121,
      5.03313101088657,
      5.030901288730321,
      5.027123809772817,
      5.035782553822784,
      5.026649539081053,
      5.040857299834038,
      5.055045419025971,
      5.0340261163990245,
      5.027064466635091,
      5.040429045290893,
      5.032132280667067,
      5.032026363637684,
      5.05066764426338,
      5.033448690998434,
      5.023891840434073,
      5.035456026506899,
      5.038500799681617,
      5.0447576233240214,
      5.038738132601488,
      5.070131086981847,
      5.059692491520271,
      5.030034384873278,
      5.039115915649536,
      5.0602411040492905
    ],