{
  "config": {
    "seed": 42,
    "bs_train": 16,
    "bs_test": 4,
    "batches": 100,
    "epochs": 100,
    "early_stopping": 10,
    "checkpoints": null,
    "lr": 0.001,
    "print_every": 100,
    "h_dim": 128,
    "z_dim": 5,
    "betas": [
      0.1,
      0.1
    ],
    "kw": {},
    "RTplot": false,
    "out_dir": "./results/Res3/",
    "run_name": "MEGA_RUNbs_16lr_0.001h_128z_5s_0.5",
    "x_sigma2": 0.5
  },
  "results": {
    "num_epochs": 0,
    "train_loss": [
      0.9099730273087819,
      0.6544849197069804,
      0.6316475669542948,
      0.6144290258487065,
      0.6101377109686533,
      0.588096339503924,
      0.590630899866422,
      0.5863731374343236,
      0.5803084204594294,
      0.5767517626285553,
      0.5682765314976375,
      0.5667955716451009,
      0.5742787381013235,
      0.5636396865049998,
      0.5775073399146398,
      0.5756261815627416,
      0.5727780729532241,
      0.5735144009192784,
      0.5608784109354019,
      0.5528401692708333,
      0.5380350947380066,
      0.5429840326309204,
      0.531895054380099,
      0.5095963567495346,
      0.5333469122648239,
      0.5126108795404434,
      0.5221676270167033,
      0.524851863582929,
      0.49269509414831797,
      0.5250828673442205,
      0.48969192802906036,
      0.49437869687875113,
      0.5113410999377569,
      0.5138747870922089,
      0.49706902404626213,
      0.5079032063484192,
      0.4970151136318843,
      0.5006799350182215,
      0.4912011613448461,
      0.48120023210843405,
      0.5065848122040431,
      0.49172816177209216,
      0.49144790569941205,
      0.489105565349261,
      0.492883829275767,
      0.484316544731458,
      0.4805421362320582,
      0.4852513611316681,
      0.4765956779321035,
      0.49153659443060554,
      0.4715447018543879,
      0.4730059345563253,
      0.4624949385722478,
      0.4751324603954951,
      0.47570111652215324,
      0.4722651998202006,
      0.4850858072439829,
      0.4785212506850561,
      0.46313333213329316,
      0.4794945706923803,
      0.47920118470986683,
      0.4704018215338389,
      0.46858283678690593,
      0.4649053027232488,
      0.47463520665963493,
      0.4577733685572942,
      0.4612364371617635,
      0.4521964818239212,
      0.4588174134492874,
      0.4644748588403066,
      0.4605049749215444,
      0.4456336498260498,
      0.4562646379073461,
      0.4462738186120987,
      0.46999276876449586,
      0.4558422992626826,
      0.44583379427591957,
      0.4735147992769877,
      0.4593309710423152,
      0.4507169544696808,
      0.4594480981429418,
      0.45616756776968637,
      0.4393212805191676,
      0.4470245728890101,
      0.4427278429269791,
      0.4446573515733083,
      0.4596794605255127,
      0.45304967363675436,
      0.44813157618045807,
      0.45223332742849986,
      0.4405442923307419,
      0.44175388316313424,
      0.45447749892870587,
      0.4459838112195333,
      0.44009399811426797,
      0.4363263557354609,
      0.44637273450692494,
      0.449011089404424,
      0.43658630053202313,
      0.43462840219338733
    ],
    "train_acc": [
      10.051323990620089,
      11.140143157824657,
      11.656642884403055,
      11.827674863690087,
      11.908268432978884,
      12.19631111034173,
      12.077323277439193,
      11.98370008901839,
      12.172987740999307,
      12.106065027843998,
      12.227514777886114,
      12.292417080056714,
      12.5119714592237,
      12.644599036664234,
      12.389287466031652,
      12.65961070634267,
      12.877492085732461,
      12.980079744865694,
      13.098862533122642,
      13.412663997978237,
      13.52678919572114,
      13.458226175348683,
      13.673115207224258,
      14.199944256785196,
      13.66780817494951,
      14.281943447302147,
      13.758970334138814,
      13.941466855917987,
      14.53566326599931,
      13.470326571692553,
      14.618774873559268,
      14.360003064148414,
      13.926519904035365,
      13.857802888217561,
      14.270796257205744,
      13.791299668513862,
      14.150325740540442,
      14.202050272598758,
      14.301916074159411,
      14.581264021688284,
      14.009350444618292,
      14.197983632758872,
      14.264753620358022,
      14.304162556218877,
      14.339125075636868,
      14.48233205176041,
      14.40915744071173,
      14.615752969882715,
      14.754938596844841,
      14.301872859203492,
      14.92938347546005,
      14.634641823953986,
      14.845179349487736,
      14.540663383043439,
      14.491554953764483,
      14.678477628108304,
      14.457525836914982,
      14.579719608643234,
      15.050874375108519,
      14.684879784170926,
      14.402381624337337,
      14.7045430327918,
      14.919631555093726,
      14.838460294750305,
      14.783190144740198,
      15.001631162454313,
      14.906188222396102,
      15.399198821639215,
      14.993361385997456,
      14.79443228626775,
      14.929234481223574,
      15.306259548802315,
      15.094753374217179,
      15.301113491497523,
      14.912562306662137,
      15.089335071607387,
      15.489870642066291,
      14.583711442382779,
      15.044276197472422,
      15.293107792812364,
      14.984471911216405,
      15.148676327776046,
      15.525733980024814,
      15.382115803764696,
      15.465345065165614,
      15.46210531166818,
      15.131038388246079,
      15.241697040870456,
      15.47462823832958,
      15.395140315560424,
      15.729948219063548,
      15.668904155240861,
      15.357972424289693,
      15.47973559888183,
      15.725112617276908,
      15.697788213435159,
      15.61297944820419,
      15.456090713425606,
      16.025047090009068,
      15.870066378376624
    ],