{
  "config": {
    "seed": 42,
    "bs_train": 16,
    "bs_test": 4,
    "batches": 100,
    "epochs": 100,
    "early_stopping": 10,
    "checkpoints": null,
    "lr": 0.01,
    "print_every": 100,
    "h_dim": 512,
    "z_dim": 20,
    "betas": [
      0.1,
      0.1
    ],
    "kw": {},
    "RTplot": false,
    "out_dir": "./results/Res3/",
    "run_name": "MEGA_RUNbs_16lr_0.01h_512z_20s_0.9",
    "x_sigma2": 0.9
  },
  "results": {
    "num_epochs": 0,
    "train_loss": [
      27.871483486890792,
      1.3584392567475636,
      0.9819583117961883,
      0.894239628314972,
      0.8362034440040589,
      0.8000243663787842,
      0.7984011332194011,
      0.7618191679318745,
      0.7484270413716634,
      0.739192259311676,
      0.7316634734471639,
      0.7265035072962444,
      0.7132746597131093,
      0.70877805352211,
      0.701785784959793,
      0.6977318207422892,
      0.7015020211537679,
      0.6908202350139618,
      0.6942867696285248,
      0.6860486467679342,
      0.685838395357132,
      0.6834623356660207,
      0.6818835099538167,
      0.6799141565958658,
      0.6781088471412658,
      0.6781468649705251,
      0.6753759145736694,
      0.6709667762120565,
      0.6698680738608043,
      0.6693755030632019,
      0.6647180159886678,
      0.6692984124024709,
      0.6668232560157776,
      0.6630043943723043,
      0.6601195404926936,
      0.6650921593109766,
      0.6600397189458211,
      0.6614158689975739,
      0.6599579016367595,
      0.6612816234429677,
      0.6595390170812607,
      0.6599880119164785,
      0.6578167100747426,
      0.6577653268973033,
      0.6541282554467519,
      0.6565808137257894,
      0.6541308522224426,
      0.6555436631043752,
      0.6542342623074849,
      0.6552810708681742,
      0.6534695645173391,
      0.6540401995182037,
      0.6534633298714956,
      0.6540308743715286,
      0.6502341409524282,
      0.6520065287748973,
      0.6528618852297465,
      0.6534411291281382,
      0.6513890405495961,
      0.651186450322469,
      0.6512438436349233,
      0.6496280153592427,
      0.6495361705621083,
      0.64833691517512,
      0.6496647228797277,
      0.6468287954727808,
      0.6457227110862732,
      0.6467335184415182,
      0.6451102475325267,
      0.6459536383549372,
      0.6460090597470601,
      0.6462144951025645,
      0.645265128215154,
      0.6461499869823456,
      0.6445973813533783,
      0.6441597292820612,
      0.6441724677880605,
      0.6444417039553324,
      0.6432415604591369,
      0.6450384398301442,
      0.6415662199258805,
      0.6422003934780757,
      0.6432740201552709,
      0.6426233510176341,
      0.6414162119229635,
      0.6425386687119802,
      0.6421141962210337,
      0.6409471978743871,
      0.6422401934862136,
      0.6423813899358114,
      0.6409454425175984,
      0.6413634518782297,
      0.6411799768606822,
      0.6413351734479268,
      0.6414761126041413,
      0.6412133733431499,
      0.6416621387004853,
      0.6412734746932983,
      0.6408817350864411,
      0.640878144900004
    ],
    "train_acc": [
      9.125396214563867,
      9.572902954270393,
      10.09954614858071,
      10.170348202288011,
      10.157786152462517,
      10.147007061799396,
      10.121420521313022,
      10.144251985788616,
      10.130909365120713,
      10.151959944736342,
      10.100384806144028,
      10.136389551908794,
      10.12563875095333,
      10.14496554905187,
      10.175628363871132,
      10.085750565675161,
      10.183459120637204,
      10.188806555621303,
      10.12045415252307,
      10.161889497147907,
      10.225479768143861,
      10.120534309365011,
      10.182406336918461,
      10.184261900000019,
      10.048873002841926,
      10.157881630604527,
      10.133756535289216,
      10.084085414164948,
      10.14895020998858,
      10.225253544489254,
      10.146755382598338,
      10.146437892234234,
      10.15007088813762,
      10.079608185420904,
      10.227505319406648,
      10.13665085002731,
      10.1245440987698,
      10.125963358567576,
      10.149078758739398,
      10.102146008446427,
      10.104281623772817,
      10.124748654984144,
      10.146023425282314,
      10.16732901895021,
      10.160046881208595,
      10.127382010767242,
      10.143853915374779,
      10.14161171005432,
      10.153150849685463,
      10.18286950172984,
      10.11535781089773,
      10.200931119388576,
      10.07813693888695,
      10.228523288678577,
      10.171255037072994,
      10.12947082523139,
      10.117441589030499,
      10.135110303590679,
      10.11060566271659,
      10.160557169569211,
      10.205969924597028,
      10.126405991231746,
      10.10910916795742,
      10.129948160541545,
      10.129110456971995,
      10.211932352849391,
      10.15207211441704,
      10.177922252732074,
      10.210153346179228,
      10.23201935609485,
      10.13384845066368,
      10.091956219344649,
      10.137543067896061,
      10.153724375869084,
      10.1917872355906,
      10.143123973218835,
      10.170808443174797,
      10.086878126646942,
      10.15959618914273,
      10.151427753368592,
      10.155284013252569,
      10.165899256262387,
      10.119138570917222,
      10.12868151821353,
      10.184161572347048,
      10.098592921853166,
      10.183121861238059,
      10.19342195173505,
      10.171152424673974,
      10.07473134844209,
      10.209243423607917,
      10.153079713120285,
      10.098088257198235,
      10.16697504216835,
      10.132292483677405,
      10.128780296033499,
      10.238577345874969,
      10.160162792304499,
      10.17612644342536,
      10.08911197509245
    ],