{
  "config": {
    "seed": 42,
    "bs_train": 32,
    "bs_test": 8,
    "batches": 100,
    "epochs": 100,
    "early_stopping": 10,
    "checkpoints": null,
    "lr": 0.001,
    "print_every": 100,
    "h_dim": 512,
    "z_dim": 2,
    "betas": [
      0.1,
      0.1
    ],
    "kw": {},
    "RTplot": false,
    "out_dir": "./results/Res3/",
    "run_name": "MEGA_RUNbs_32lr_0.001h_512z_2s_0.5",
    "x_sigma2": 0.5
  },
  "results": {
    "num_epochs": 0,
    "train_loss": [
      0.9643986622492472,
      0.6834899743398031,
      0.6403133591016134,
      0.6226379632949829,
      0.6160550912221273,
      0.606945413351059,
      0.5963839610417684,
      0.6225191315015157,
      0.5978115955988567,
      0.5846273382504781,
      0.5887422720591228,
      0.5857953906059266,
      0.5814089914162953,
      0.5798996090888977,
      0.5848998844623565,
      0.5665099024772644,
      0.559229564666748,
      0.5659991224606832,
      0.5588029285271963,
      0.5874197204907735,
      0.5624977648258209,
      0.5565219501654307,
      0.5674353142579397,
      0.5675062735875448,
      0.5763708750406901,
      0.5587020874023437,
      0.5589840670426687,
      0.5586675723393758,
      0.5540010472138722,
      0.5595977663993835,
      0.5595784405867259,
      0.5445264418919881,
      0.5612837036450704,
      0.5727359970410665,
      0.5792028466860454,
      0.5462656478087108,
      0.5650695224603017,
      0.5554735938707988,
      0.5757924278577169,
      0.5497499028841655,
      0.5495289981365203,
      0.5266433914502462,
      0.508805900812149,
      0.5483280022939047,
      0.5264978150526682,
      0.5401124676068624,
      0.5248213330904643,
      0.5262123584747315,
      0.5338571349779765,
      0.4942164897918701,
      0.5073248982429505,
      0.5082012931505839,
      0.5072639763355256,
      0.4986572742462158,
      0.5284931162993113,
      0.5227108577887217,
      0.49344065189361574,
      0.4766377846399943,
      0.5067047158877055,
      0.49962171316146853,
      0.47778643170992535,
      0.52489253282547,
      0.48093467553456626,
      0.48336655696233116,
      0.4960954984029134,
      0.5369205077489217,
      0.46532615820566814,
      0.4863364080588023,
      0.48085129459698994,
      0.46603562831878664,
      0.4637823442618052,
      0.4606300334135691,
      0.4748317758242289,
      0.5083542744318644,
      0.4701876183350881,
      0.46400142908096315,
      0.45579774578412374,
      0.4603094975153605,
      0.45895131627718605,
      0.4736388325691223,
      0.46926270723342894,
      0.453376317024231,
      0.4696213742097219,
      0.453612619638443,
      0.4527371108531952,
      0.45468996167182923,
      0.45554925402005514,
      0.4564212878545125,
      0.44874780972798667,
      0.44976685047149656,
      0.438027024269104,
      0.4404628316561381,
      0.45347416400909424,
      0.4525464256604513,
      0.4344645420710246,
      0.4504862785339355,
      0.4423207402229309,
      0.438280314207077,
      0.4564094642798106,
      0.44034673770268756
    ],
    "train_acc": [
      5.024332606746382,
      5.3941769133974224,
      5.782249759653991,
      5.797624995358724,
      6.043945124609914,
      5.968749951641987,
      6.0541965182256305,
      5.881879479176395,
      5.9697804833628405,
      6.038907173406746,
      6.031665168470572,
      6.069140648375675,
      6.107103571304165,
      6.043525730772122,
      6.055719106441326,
      6.14206925112694,
      6.177397681122435,
      6.122055499668249,
      6.241620314134213,
      6.091579566291549,
      6.156944653649731,
      6.203992679339889,
      6.022921284273303,
      6.127684498076258,
      6.0879020085128595,
      6.173483200164409,
      6.2335488916741015,
      6.242192581864715,
      6.274260962035502,
      6.185049453697373,
      6.166100181783149,
      6.346549792965134,
      6.3385155328388185,
      6.367797829081001,
      6.3629953725292685,
      6.622238252134347,
      6.449858351618046,
      6.523316405763042,
      6.319253874251101,
      6.529317192938391,
      6.484368232846895,
      6.606933679189502,
      6.820733565288503,
      6.415084671963252,
      6.748811408613687,
      6.6028846229497935,
      6.7305824910693275,
      6.705688880916792,
      6.641896139125414,
      7.113795307931363,
      6.901157461297826,
      6.920736326418021,
      6.925503271722482,
      7.0688114490602025,
      6.760748680783776,
      6.934393525593859,
      6.89447362734097,
      7.20310920640792,
      6.842749278761843,
      6.929282532831928,
      7.173639789433942,
      6.748425021610559,
      7.222715772983616,
      7.086310089158077,
      6.988741791174811,
      6.770963284099704,
      7.3036918911982465,
      7.109592787825817,
      7.078277235771764,
      7.270564388854776,
      7.3269770162587315,
      7.321549380941791,
      7.170799990203372,
      6.842373080297723,
      7.238758337077058,
      7.341176522560005,
      7.353670115957165,
      7.387605153642996,
      7.393159423478727,
      7.2513134318596855,
      7.286610880232555,
      7.55655320869879,
      7.128169762456625,
      7.4770273978102235,
      7.486404209192047,
      7.383604840872985,
      7.387591486857818,
      7.368521739566272,
      7.480205119904062,
      7.425445988860797,
      7.6155025915904915,
      7.5657198699668955,
      7.434344787456639,
      7.445859074227437,
      7.7365755518240125,
      7.567566582030079,
      7.540696665445715,
      7.595646373917976,
      7.407661168055471,
      7.615280810478981
    ],