{
  "config": {
    "seed": 42,
    "bs_train": 32,
    "bs_test": 8,
    "batches": 100,
    "epochs": 100,
    "early_stopping": 10,
    "checkpoints": null,
    "lr": 0.01,
    "print_every": 100,
    "h_dim": 512,
    "z_dim": 50,
    "betas": [
      0.1,
      0.1
    ],
    "kw": {},
    "RTplot": false,
    "out_dir": "./results/Res3/",
    "run_name": "MEGA_RUNbs_32lr_0.01h_512z_50s_0.9",
    "x_sigma2": 0.9
  },
  "results": {
    "num_epochs": 0,
    "train_loss": [
      1.7822163263956705,
      1.3188929239908853,
      1.2751477003097533,
      0.9762883067131043,
      0.8680288235346476,
      0.8829500238100688,
      0.8118432561556498,
      0.7759451746940613,
      0.7569286704063416,
      0.7375506083170573,
      0.7376055439313253,
      0.7272878845532735,
      0.7265234192212423,
      0.7201494614283244,
      0.7267567435900371,
      0.7158271272977194,
      0.7217437028884888,
      0.7150504549344381,
      0.7143276890118917,
      0.7058177431424458,
      0.7119316101074219,
      0.7074582775433859,
      0.7097886482874552,
      0.7042000571886698,
      0.7104466915130615,
      0.6998485883076986,
      0.6998357693354289,
      0.699691108862559,
      0.6994454542795817,
      0.6968581279118856,
      0.6945197383562723,
      0.6949818293253581,
      0.6962336341540019,
      0.6890021721522014,
      0.694173534711202,
      0.6905115048090616,
      0.6910550435384114,
      0.689260733127594,
      0.6896877288818359,
      0.6851497928301493,
      0.6860852519671122,
      0.6837205847104391,
      0.6873869260152181,
      0.6795926610628764,
      0.6820417165756225,
      0.679578165213267,
      0.6786246538162232,
      0.6818591753641764,
      0.6778217911720276,
      0.672407062848409,
      0.672459085782369,
      0.6739352027575175,
      0.6722383896509806,
      0.6701019485791524,
      0.6696383118629455,
      0.6664664347966512,
      0.6678238391876221,
      0.6661953409512837,
      0.6678446332613627,
      0.6666391213734945,
      0.6654847701390584,
      0.6644082585970561,
      0.6633976459503174,
      0.6612236897150675,
      0.6623415033022563,
      0.6606882015864054,
      0.6627554933230082,
      0.6626067399978638,
      0.6619974295298259,
      0.660660966237386,
      0.6622985561688741,
      0.662875235080719,
      0.6603418032328288,
      0.6616003235181173,
      0.6619073708852132,
      0.6614594221115112,
      0.6602601130803426,
      0.6603246847788493,
      0.6575827558835348,
      0.6568424820899963,
      0.6609074354171753,
      0.6568853894869486,
      0.6584696729977926,
      0.6575058261553447,
      0.6582283814748128,
      0.6563499808311463,
      0.6565954764684041,
      0.6541065732638042,
      0.6558212161064148,
      0.6564755400021871,
      0.6578144033749899,
      0.6565945307413737,
      0.6562347133954366,
      0.6535316387812297,
      0.6545364300409953,
      0.6551685611406962,
      0.6535374999046326,
      0.6551251252492268,
      0.6550831198692322,
      0.6521485845247904
    ],
    "train_acc": [
      5.234863467500947,
      5.022817420145343,
      5.0480300208023605,
      5.04532216413122,
      5.025526484339196,
      5.036902156807208,
      5.037945311766731,
      5.025105935043057,
      5.031441396956694,
      5.025324677435843,
      5.031678279265581,
      5.0468038310613785,
      5.035581857299335,
      5.03864746279089,
      5.0307477830085965,
      5.0287589298082835,
      5.0542026302363405,
      5.035493859944819,
      5.0216608296470495,
      5.0306350594216624,
      5.0350963775838435,
      5.036560954176481,
      5.048408859452796,
      5.040231510730354,
      5.035608293301421,
      5.03499340588805,
      5.031075535156594,
      5.0263451328006195,
      5.05284827006267,
      5.019169823045256,
      5.029035317349405,
      5.018294678181196,
      5.03945816761941,
      5.056443066879391,
      5.031266578998794,
      5.039236765446283,
      5.07827340917298,
      5.028895399150019,
      5.028980438644273,
      5.044454502047585,
      5.049316349704773,
      5.028776686513803,
      5.021354183461075,
      5.044996251756911,
      5.0268740532210785,
      5.043046205802099,
      5.042941671447132,
      5.032727357531839,
      5.0333475026936325,
      5.059403627822905,
      5.02264923883882,
      5.0232328705667095,
      5.044448386227806,
      5.030536152930632,
      5.029301670017121,
      5.0383911611360475,
      5.029946848237006,
      5.033831089021583,
      5.033284990589685,
      5.030998101035694,
      5.027433932389851,
      5.021569200986911,
      5.026332587660703,
      5.059854894080358,
      5.03931441275308,
      5.055441917421437,
      5.023175651003112,
      5.029168828716526,
      5.026041830847756,
      5.026523689247715,
      5.027052928683348,
      5.038541084078181,
      5.021744755527355,
      5.034467683521334,
      5.018151917213659,
      5.046174843424039,
      5.045960183250735,
      5.031484296515545,
      5.046249929661317,
      5.028862355448896,
      5.021813271393817,
      5.031738213492021,
      5.022518814280871,
      5.025813872277608,
      5.023305699570326,
      5.030774967110589,
      5.022123033518604,
      5.033482403595873,
      5.047183641653746,
      5.046531998414313,
      5.050952412687948,
      5.023791092500323,
      5.024084605564114,
      5.039520952422457,
      5.030300573975092,
      5.0435536323734205,
      5.043593461227033,
      5.041402170034519,
      5.032197342086734,
      5.051124237536719
    ],