{
  "config": {
    "seed": 42,
    "bs_train": 16,
    "bs_test": 4,
    "batches": 100,
    "epochs": 100,
    "early_stopping": 10,
    "checkpoints": null,
    "lr": 0.01,
    "print_every": 100,
    "h_dim": 128,
    "z_dim": 5,
    "betas": [
      0.1,
      0.1
    ],
    "kw": {},
    "RTplot": false,
    "out_dir": "./results/Res3/",
    "run_name": "MEGA_RUNbs_16lr_0.01h_128z_5s_0.9",
    "x_sigma2": 0.9
  },
  "results": {
    "num_epochs": 0,
    "train_loss": [
      2.489022890726725,
      1.23780144850413,
      0.8643186310927073,
      0.8217711627483368,
      0.7931805431842804,
      0.7444587866465251,
      0.5592732767264048,
      0.4138295700152715,
      0.40674468378225964,
      0.38658000429471334,
      0.37317986488342286,
      0.37121507426102957,
      0.36222743690013887,
      0.3386177162329356,
      0.3267840554316839,
      0.3205454448858897,
      0.3109676311413447,
      0.31129313508669537,
      0.3103318969408671,
      0.30926980823278427,
      0.30789319177468616,
      0.30784545640150707,
      0.30598872204621635,
      0.3072321136792501,
      0.3094688127438227,
      0.309860897064209,
      0.3077000881234805,
      0.3083465655644735,
      0.30852126081784564,
      0.3074112325906754,
      0.30782695511976876,
      0.30627887745698296,
      0.309301554163297,
      0.3070100024342537,
      0.30755651791890465,
      0.307060577472051,
      0.3083517442146937,
      0.3075744271278381,
      0.307413579026858,
      0.30863312582174934,
      0.30639399190743766,
      0.30799439946810403,
      0.30637312879165013,
      0.30594355762004855,
      0.3079484095176061,
      0.3071979453166326,
      0.3068967968225479,
      0.3073412577311198,
      0.30670616030693054,
      0.30597210228443145,
      0.30628828207651776,
      0.30832633674144744,
      0.3067007134358088,
      0.30589496791362764,
      0.30659256180127464,
      0.30551734417676923,
      0.3066457082827886,
      0.3044662872950236,
      0.30680173287789025,
      0.3052002112070719,
      0.3056373342871666,
      0.3067357877890269,
      0.3077287534872691,
      0.30516399840513864,
      0.30715230604012805,
      0.304672501484553,
      0.3064062903324763,
      0.30645742615063987,
      0.30701380372047427,
      0.3057467624545097,
      0.30572610994180044,
      0.30675002485513686,
      0.3062112962206205,
      0.30523994863033294,
      0.30641525934139885,
      0.306572887301445,
      0.3068881630897522,
      0.30511832535266875,
      0.30556133985519407,
      0.30628960529963173,
      0.30511313676834106,
      0.30558398018280664,
      0.30516995588938395,
      0.30585648616154987,
      0.30794181923071545,
      0.30820978482564293,
      0.30517236987749735,
      0.3081833740075429,
      0.3065006742874781,
      0.30577629307905835,
      0.30563432971636456,
      0.3046980361143748,
      0.30671246945858,
      0.30358770688374836,
      0.3079023838043213,
      0.30728987952073417,
      0.30472325881322226,
      0.30666567583878834,
      0.3052904317776362,
      0.3048229863246282
    ],
    "train_acc": [
      10.001609572696223,
      9.98954052447705,
      10.171618644279095,
      10.129296671957391,
      10.092246878456747,
      10.153388358659104,
      16.41951312714459,
      19.510171644186045,
      20.21299183758685,
      20.088776527603212,
      20.093839504064103,
      20.521010424639183,
      20.329614354813476,
      20.705340165965772,
      20.659070297548848,
      20.548184249025894,
      20.59908948467533,
      20.53117648108248,
      20.544685207072643,
      20.632740387981244,
      20.675934056161513,
      20.70854903063939,
      20.843732668193965,
      20.81206144158425,
      20.684177763326883,
      20.607194568553624,
      20.730414252770473,
      20.710491252182244,
      20.598777696980434,
      20.674038217497863,
      20.667644617166495,
      20.776416104142985,
      20.668930321722552,
      20.792609373146146,
      20.78535797854888,
      20.71341974526597,
      20.62951568783712,
      20.75926459697453,
      20.71958896683102,
      20.67053769737949,
      20.831609351566577,
      20.675996501284942,
      20.825417945856717,
      20.79121049670987,
      20.749288547075253,
      20.779736007663065,
      20.732202683630746,
      20.683411313877894,
      20.75431871325815,
      20.810400563405484,
      20.800428678430006,
      20.624715115209927,
      20.727804617200423,
      20.804690180774998,
      20.71866229740383,
      20.807407006523807,
      20.719313302165038,
      20.945348509408372,
      20.809387469771288,
      20.901541025849777,
      20.838386250946854,
      20.771640330697377,
      20.658399030098757,
      20.84672634397137,
      20.73369878595627,
      20.847309919518278,
      20.77103518846039,
      20.820766246159607,
      20.730889986501644,
      20.87522526955005,
      20.783854814935587,
      20.78136510898268,
      20.783023194863915,
      20.765224840347265,
      20.854934943737977,
      20.876867762073868,
      20.72302514370813,
      20.805566395565503,
      20.797288012612075,
      20.857737090652968,
      20.86842997576923,
      20.89757653566881,
      20.80383788006876,
      20.797660323845466,
      20.625227268042952,
      20.655924798759916,
      20.8726300382322,
      20.59462820316004,
      20.740867172480524,
      20.7422530566689,
      20.76522360553835,
      20.833774403425682,
      20.7013197537436,
      20.856273722339097,
      20.67395498253173,
      20.690250427599395,
      20.838697655610737,
      20.69834774443853,
      20.846487144215907,
      20.863416018172057
    ],