{
  "config": {
    "seed": 42,
    "bs_train": 16,
    "bs_test": 4,
    "batches": 100,
    "epochs": 100,
    "early_stopping": 10,
    "checkpoints": null,
    "lr": 0.005,
    "print_every": 100,
    "h_dim": 128,
    "z_dim": 10,
    "betas": [
      0.1,
      0.1
    ],
    "kw": {},
    "RTplot": false,
    "out_dir": "./results/Res3/",
    "run_name": "MEGA_RUNbs_16lr_0.005h_128z_10s_0.9",
    "x_sigma2": 0.9
  },
  "results": {
    "num_epochs": 0,
    "train_loss": [
      1.0838636130094528,
      0.7032845248778661,
      0.5253194530804952,
      0.4755431224902471,
      0.43114797870318095,
      0.4124116728703181,
      0.4125085969765981,
      0.3835012058417002,
      0.3753559023141861,
      0.37197701930999755,
      0.367549854516983,
      0.3666741738716761,
      0.3662666002909342,
      0.3577826003233592,
      0.3557091842095057,
      0.35676770508289335,
      0.3562508960564931,
      0.35182097057501477,
      0.3523170063893,
      0.34832789599895475,
      0.3491969754298528,
      0.3426196495691935,
      0.3443781902392705,
      0.34227384328842164,
      0.3410842259724935,
      0.3432633022467295,
      0.34125814934571586,
      0.3439022014538447,
      0.3384980281194051,
      0.3379246274630229,
      0.33971964021523793,
      0.3377634982268016,
      0.33721333543459575,
      0.3363443265358607,
      0.3383156845966975,
      0.33622459272543587,
      0.336514945824941,
      0.3362290908892949,
      0.3359670440355937,
      0.3354033221801122,
      0.3331318845351537,
      0.33348283370335896,
      0.3342313637336095,
      0.33283143639564516,
      0.3339213381210963,
      0.33252145250638326,
      0.33337212800979615,
      0.3321656361222267,
      0.3324113001426061,
      0.33264352977275846,
      0.3322749038537343,
      0.33108961284160615,
      0.33148066898187,
      0.3308936913808187,
      0.3325397700071335,
      0.331823967397213,
      0.3290751000245412,
      0.3292140950759252,
      0.3299896781643232,
      0.3303539047638575,
      0.32756819427013395,
      0.3272657752037048,
      0.3290621191263199,
      0.3293604324261347,
      0.32800836861133575,
      0.3282480011383692,
      0.3275861144065857,
      0.3287189463774363,
      0.32918166319529213,
      0.32754980425039926,
      0.3262243668238322,
      0.3295182168483734,
      0.3270676344633102,
      0.32734589874744413,
      0.3268043408791224,
      0.3251636683940887,
      0.32648909091949463,
      0.3250111232201258,
      0.3256581594546636,
      0.32622791330019635,
      0.32558065553506216,
      0.32481283446153003,
      0.3257518758376439,
      0.3258478363355001,
      0.3242481937011083,
      0.3245503127574921,
      0.32456960082054137,
      0.32553495665391285,
      0.3245364675919215,
      0.3237667868534724,
      0.32315662304560344,
      0.32309802770614626,
      0.32402376433213553,
      0.32305354475975034,
      0.32369574507077536,
      0.3224951694409052,
      0.32375305344661076,
      0.3227355182170868,
      0.32217711011568706,
      0.32115865846474967
    ],
    "train_acc": [
      14.58744594515823,
      17.40076424726482,
      19.204396823771326,
      19.46237172239728,
      19.610348604652195,
      19.66200352597587,
      19.59823345570895,
      19.74708331442873,
      19.87760723378613,
      19.877207779365374,
      19.926322143241183,
      19.80591580381952,
      19.91088595235348,
      19.977186887884365,
      20.001833720220656,
      19.932353537687625,
      19.899650279933113,
      20.000505295967223,
      19.929582941696122,
      19.96427384326096,
      19.890845982856693,
      20.07322902475507,
      19.9543556734799,
      20.007338209723972,
      20.035132629391644,
      20.044100026781393,
      20.01433641109625,
      19.93057773524159,
      20.097194560009704,
      20.035000444627567,
      20.036388024267378,
      20.05789568540565,
      20.18696865410982,
      20.076745878643752,
      20.050386040889602,
      20.044649625170596,
      20.04033179926866,
      20.14265544326258,
      20.116908059578233,
      20.018871277149962,
      20.049470477426233,
      20.127379244181164,
      20.12675103140732,
      20.10375103638064,
      20.063966608808105,
      20.06230994396784,
      20.127388366768066,
      20.190210854193406,
      20.057132163882706,
      20.052863930260777,
      20.1132817147818,
      20.052696886097493,
      20.138193517825023,
      20.07573245928037,
      20.03612189216178,
      20.20791395314099,
      20.217861809599988,
      20.12338835510255,
      20.094063012387952,
      20.068329895201895,
      20.24670884149378,
      20.22014699618964,
      20.09131053224368,
      20.07736920584518,
      20.242334457332277,
      20.170164507341703,
      20.087979015760357,
      20.042651559965467,
      20.079121397389404,
      20.141762826409316,
      20.15544299237452,
      20.018891489658998,
      20.10613686996478,
      20.122148993615923,
      20.121474985523857,
      20.230811004189867,
      20.22128837752818,
      20.17514342198556,
      20.180830127803457,
      20.22591803360118,
      20.11914470439935,
      20.132723609625483,
      20.145820052607366,
      20.078519072893634,
      20.23245402345961,
      20.087730109371716,
      20.144566976872262,
      20.05091710810138,
      20.12291180225023,
      20.214603817878345,
      20.137153820844425,
      20.232532025034256,
      20.16013321830174,
      20.119664061802705,
      20.10956854746357,
      20.212815879223882,
      20.173360769484958,
      20.103881559180454,
      20.111574202323514,
      20.131822479710504
    ],