{
  "config": {
    "seed": 42,
    "bs_train": 16,
    "bs_test": 4,
    "batches": 100,
    "epochs": 100,
    "early_stopping": 10,
    "checkpoints": null,
    "lr": 0.0005,
    "print_every": 100,
    "h_dim": 256,
    "z_dim": 10,
    "betas": [
      0.1,
      0.1
    ],
    "kw": {},
    "RTplot": false,
    "out_dir": "./results/Res3/",
    "run_name": "MEGA_RUNbs_16lr_0.0005h_256z_10s_0.5",
    "x_sigma2": 0.5
  },
  "results": {
    "num_epochs": 0,
    "train_loss": [
      1.237046976884206,
      0.6014781375726064,
      0.5760057469209036,
      0.5724344561497371,
      0.5637787759304047,
      0.55011488199234,
      0.5462864349285762,
      0.5395344287157059,
      0.536387374997139,
      0.538038890560468,
      0.5261823743581772,
      0.5401461164156596,
      0.5330351978540421,
      0.5219947387774785,
      0.539574071764946,
      0.5152183363835017,
      0.5117456585168838,
      0.5169386108716328,
      0.4911705831686656,
      0.48323547740777334,
      0.4917575687170029,
      0.46937262316544853,
      0.4769092341264089,
      0.488520281513532,
      0.4666636963685354,
      0.4781511078278224,
      0.4651158571243286,
      0.4659315605958303,
      0.46099108854929605,
      0.4489102870225906,
      0.44445421596368156,
      0.44302864571412404,
      0.441521022717158,
      0.44772237141927085,
      0.4447818507750829,
      0.44440785646438596,
      0.4386554886897405,
      0.42958079775174457,
      0.43849068383375805,
      0.4295534253120422,
      0.42201777299245197,
      0.42112906873226164,
      0.42430900434652963,
      0.4218325306971868,
      0.4201173593600591,
      0.4166443318128586,
      0.41588055789470674,
      0.41321956117947894,
      0.41219646831353507,
      0.4097726076841354,
      0.41171899139881135,
      0.40116312901178997,
      0.41357811192671456,
      0.41195430159568786,
      0.3933144748210907,
      0.41122101445992787,
      0.3957991848389308,
      0.4012267341216405,
      0.3972080727418264,
      0.39202492833137514,
      0.38606008092562355,
      0.38927906850973765,
      0.3895412117242813,
      0.38829955955346424,
      0.39127242962519326,
      0.39576607048511503,
      0.3809720575809479,
      0.3887805859247843,
      0.3819548587004344,
      0.3882283608118693,
      0.3830922722816467,
      0.3829449156920115,
      0.3771186103423437,
      0.38114538391431174,
      0.3723750482002894,
      0.37818729678789775,
      0.38814967274665835,
      0.37167220215002694,
      0.37126364608605705,
      0.3708180735508601,
      0.37193328340848286,
      0.37410439749558766,
      0.3713735948006312,
      0.37571485837300617,
      0.36767396330833435,
      0.36978297332922616,
      0.372792782386144,
      0.36952289442221325,
      0.36704369286696115,
      0.37087375223636626,
      0.36613812545935315,
      0.3672329674164454,
      0.3704971164464951,
      0.36011609931786853,
      0.37356716295083364,
      0.36153699457645416,
      0.35816323657830557,
      0.36082016030947367,
      0.35396094222863517,
      0.3528320590655009
    ],
    "train_acc": [
      10.696536590044655,
      11.779043181446555,
      12.438850536992097,
      12.62848122640713,
      12.769989287734925,
      12.927032925892517,
      12.793399351673903,
      13.145375679435428,
      13.293081291039561,
      13.326019358400098,
      13.548845259099686,
      13.45020425124449,
      13.341585922246546,
      13.56163766552622,
      13.39816064677073,
      13.78502399647125,
      13.980043741949046,
      13.635121065205809,
      14.222039530143924,
      14.431849120204946,
      14.05115517265954,
      14.953758101594085,
      14.522632179003574,
      14.387044274606728,
      14.695203181626837,
      14.527969526063215,
      14.701085779223392,
      14.963844077917553,
      15.061945238553365,
      15.343185104406817,
      15.307663295935168,
      15.377495903209649,
      15.431624452505257,
      15.336421098722429,
      15.395489437436247,
      15.374605468103992,
      15.663135532440636,
      15.849448072628936,
      15.564232067988051,
      15.769946077305727,
      15.982695046382023,
      16.08735383377239,
      15.89757697626092,
      16.008122951252446,
      16.20552942279705,
      16.139825977003326,
      16.262534729038716,
      16.546243694722776,
      16.438348305137296,
      16.58763556503903,
      16.443139390513707,
      16.94140803308759,
      16.516553135757565,
      16.56635486083587,
      17.180272436597203,
      16.46918296369676,
      17.133257709767058,
      16.923215701028766,
      17.150311486893603,
      17.19096897425412,
      17.53122050189235,
      17.372944357693896,
      17.35266182299138,
      17.406699692397197,
      17.160479091750744,
      17.169470605881514,
      17.71954401561999,
      17.366443358373516,
      17.577140220865772,
      17.57846909385865,
      17.6365061564623,
      17.87643309415675,
      17.91339849680521,
      17.659957944883,
      17.91474883531408,
      17.924137132243604,
      17.511326532232868,
      17.973122682702922,
      18.19545130088093,
      18.06548970798222,
      18.03403992065204,
      18.069476573088238,
      18.121820285311035,
      17.95563290244813,
      18.219877113062616,
      18.18177501960682,
      18.101862082228315,
      18.157063401309706,
      18.393142685323674,
      18.1821624021703,
      18.246305541753475,
      18.34749090289573,
      18.15580556295435,
      18.651769342376994,
      18.11925646699532,
      18.62161844746249,
      18.717158899096436,
      18.556751736689492,
      18.908245035013216,
      18.922601076133642
    ],