{
  "config": {
    "seed": 42,
    "bs_train": 16,
    "bs_test": 4,
    "batches": 100,
    "epochs": 100,
    "early_stopping": 10,
    "checkpoints": null,
    "lr": 0.001,
    "print_every": 100,
    "h_dim": 128,
    "z_dim": 20,
    "betas": [
      0.1,
      0.1
    ],
    "kw": {},
    "RTplot": false,
    "out_dir": "./results/Res3/",
    "run_name": "MEGA_RUNbs_16lr_0.001h_128z_20s_0.5",
    "x_sigma2": 0.5
  },
  "results": {
    "num_epochs": 0,
    "train_loss": [
      1.390825911362966,
      0.664370075861613,
      0.6243458976348241,
      0.6196630517641704,
      0.6181287616491318,
      0.6075744489828746,
      0.6205314368009567,
      0.6086683909098307,
      0.6135462989409765,
      0.6037274022897084,
      0.6000394016504288,
      0.6107499331235886,
      0.5890721221764882,
      0.6121974647045135,
      0.5878928532203038,
      0.5811171392599742,
      0.5625266353289287,
      0.5376919686794281,
      0.5169879029194514,
      0.5123348404963811,
      0.5069314191738764,
      0.5037715882062912,
      0.48745027581850686,
      0.4986318627993266,
      0.49086139102776843,
      0.49261402785778047,
      0.4992413858572642,
      0.4815914750099182,
      0.4763593782981237,
      0.4826128194729487,
      0.4765306800603867,
      0.47659073571364086,
      0.460597088932991,
      0.46599875489870707,
      0.47564470072587334,
      0.46601469814777374,
      0.4541140288114548,
      0.4719960540533066,
      0.4604043791691462,
      0.4656028221050898,
      0.4858407368262609,
      0.4474055031935374,
      0.44871922334035236,
      0.44840031464894614,
      0.4513573090235392,
      0.4482702056566874,
      0.4423819720745087,
      0.4417952398459117,
      0.432714773217837,
      0.4462642808755239,
      0.43801337083180747,
      0.44601158797740936,
      0.42986505627632143,
      0.4370245943466822,
      0.4343012104431788,
      0.4308767398198446,
      0.4359952062368393,
      0.4290314922730128,
      0.43783332606156666,
      0.4281361401081085,
      0.43002011875311535,
      0.43489816586176555,
      0.42849964201450347,
      0.42740544974803923,
      0.4244682381550471,
      0.4204445530970891,
      0.4115508755048116,
      0.4185082376003265,
      0.4083014100790024,
      0.41825701196988424,
      0.41351088384787243,
      0.4070075293382009,
      0.4080012947320938,
      0.39983877936999,
      0.39232003887494404,
      0.3998320092757543,
      0.4115558783213297,
      0.4005576620499293,
      0.40175876120726267,
      0.39988188445568085,
      0.39562481045722964,
      0.40600582361221316,
      0.39611143469810484,
      0.406554639339447,
      0.3869593193133672,
      0.38970211148262024,
      0.38417409459749857,
      0.3872111330429713,
      0.38552855551242826,
      0.39025247991085055,
      0.381382542848587,
      0.38930956919987997,
      0.39661609530448916,
      0.3935792684555054,
      0.3803444822629293,
      0.39409220914045967,
      0.3946092575788498,
      0.37928304374217986,
      0.3822750399510066,
      0.3800393541653951
    ],
    "train_acc": [
      10.073731949723895,
      11.148842582549388,
      11.660677068603635,
      11.77324256123021,
      11.822611121719842,
      11.945109791231111,
      12.051682690091324,
      12.126086806582617,
      11.997337997168799,
      12.048109593453512,
      12.225639303634326,
      12.297771982304159,
      12.686631310090359,
      12.417091360580198,
      12.726654726499522,
      12.952807361060607,
      13.215487573455281,
      13.496818843619165,
      14.108636358297078,
      14.219602620283485,
      14.105458669846648,
      14.481633346319565,
      14.862792286794233,
      14.503224190728469,
      14.59793310019886,
      14.61653143007123,
      14.368836662813315,
      14.935911256938745,
      15.02085627459421,
      14.864140915250935,
      15.065307095751796,
      14.84830648667332,
      15.3610236394107,
      15.20812406664395,
      15.135586608896102,
      15.198101951310573,
      15.645551806048864,
      15.163957056551844,
      15.366702591793407,
      15.559338815671959,
      14.996547248622326,
      15.89460216039836,
      15.801280781725568,
      15.719021843807244,
      15.989485129847296,
      15.742294816910439,
      16.021919394329913,
      16.093413173948267,
      16.270672631552475,
      15.758043504554433,
      15.941467630708981,
      15.847884611645354,
      16.409840946638486,
      16.138643182559704,
      16.040320650776458,
      16.090487957215885,
      16.008462069220315,
      16.352211145948676,
      15.991727669551553,
      16.45955323147234,
      16.17680444399081,
      16.15318387473786,
      16.36028932298687,
      16.3269636412016,
      16.43681943051758,
      16.73536724118033,
      16.85322971984459,
      16.650361577021524,
      17.07931764002211,
      16.79717446403226,
      16.942144794197755,
      17.090052251285833,
      17.14963028099752,
      17.497823764561833,
      17.76120032184465,
      17.34113371679928,
      17.044727542934023,
      17.346171321163986,
      17.373895481970653,
      17.565576560035034,
      17.720030059324113,
      17.420593433650943,
      17.656728450351917,
      17.383007246523267,
      18.03734715548597,
      17.825092912469227,
      18.238935253962204,
      18.073772583552177,
      18.120371086341038,
      17.844057597687915,
      18.346587081092164,
      17.964882891442596,
      17.835330099442594,
      17.80337523417178,
      18.493976478869513,
      18.068251070921416,
      17.681527375092433,
      18.278934032808493,
      18.16094417104958,
      18.17927853304569
    ],