{
  "config": {
    "seed": 42,
    "bs_train": 16,
    "bs_test": 4,
    "batches": 100,
    "epochs": 100,
    "early_stopping": 10,
    "checkpoints": null,
    "lr": 0.001,
    "print_every": 100,
    "h_dim": 256,
    "z_dim": 10,
    "betas": [
      0.1,
      0.1
    ],
    "kw": {},
    "RTplot": false,
    "out_dir": "./results/Res3/",
    "run_name": "MEGA_RUNbs_16lr_0.001h_256z_10s_0.5",
    "x_sigma2": 0.5
  },
  "results": {
    "num_epochs": 0,
    "train_loss": [
      1.0589851806561152,
      0.6396917472283046,
      0.61279323498408,
      0.6141101906696955,
      0.6152435491482416,
      0.6036188244819641,
      0.6019761701424916,
      0.5839515755573909,
      0.5799044013023377,
      0.6003934452931087,
      0.5970146884520848,
      0.5697158674399058,
      0.5644831577936809,
      0.5586507161458333,
      0.53011268277963,
      0.5296443899472555,
      0.525201893846194,
      0.5225057363510132,
      0.4935640811920166,
      0.49350432952245077,
      0.49572607974211375,
      0.48245898087819417,
      0.48120210468769076,
      0.4833514471848806,
      0.46459414859612785,
      0.47142025927702585,
      0.46454854508241017,
      0.46822405556837715,
      0.45960950255393984,
      0.45684413810571034,
      0.4463535229365031,
      0.45603218575318655,
      0.4287142256895701,
      0.4387736290693283,
      0.43145412305990855,
      0.4341094930966695,
      0.42565900782744087,
      0.44023442765076953,
      0.4270432432492574,
      0.42795812686284385,
      0.4200200359026591,
      0.4270196239153544,
      0.4235018839438756,
      0.42482895851135255,
      0.41398278772830965,
      0.4201102823019028,
      0.42049585779507953,
      0.414316921432813,
      0.4149338871240616,
      0.4164746185143789,
      0.41344672739505767,
      0.4124819219112396,
      0.4141795068979263,
      0.41344497402509056,
      0.41914613246917726,
      0.40768905182679493,
      0.4106977373361588,
      0.408896071712176,
      0.403052028020223,
      0.41042324900627136,
      0.4088608612616857,
      0.39953275918960574,
      0.4064355899890264,
      0.4063335607449214,
      0.40113332370917004,
      0.408909081419309,
      0.40259760320186616,
      0.3958905965089798,
      0.4003740966320038,
      0.39820548593997956,
      0.39377233386039734,
      0.39327996373176577,
      0.39748103817303976,
      0.38534791171550753,
      0.3939217726389567,
      0.3993643313646317,
      0.4033079375823339,
      0.39235910872618357,
      0.39200229148070015,
      0.3946762402852376,
      0.39004548092683156,
      0.3857683589061101,
      0.3868033528327942,
      0.38599018851915995,
      0.3778825362523397,
      0.3804184079170227,
      0.38477909564971924,
      0.3833278834819794,
      0.37763581772645316,
      0.37900575598080954,
      0.37887010474999744,
      0.3719759116570155,
      0.3801730126142502,
      0.37330280939737953,
      0.38004698157310485,
      0.3724354445934296,
      0.3699461261431376,
      0.37120306889216104,
      0.36662771900494895,
      0.3676295349995295
    ],
    "train_acc": [
      10.075553934037062,
      11.426967459509603,
      11.809295488789918,
      11.698659859369732,
      11.921326688757159,
      11.90670325390007,
      11.974514876564243,
      12.17925490898677,
      12.21244541176199,
      11.911240412384247,
      12.295724511868379,
      12.653395393687198,
      12.741791092592731,
      12.859995748363596,
      13.777072458982815,
      13.844147080403852,
      13.919728328761037,
      13.889837187369613,
      14.390181282151906,
      14.386105754309785,
      14.344508172761174,
      14.605980231313211,
      14.724828567306492,
      14.533794744004998,
      14.888810827136929,
      14.83210911160561,
      14.9196665567124,
      14.778053365036104,
      14.941297964785077,
      15.061377174393055,
      15.263300095091191,
      14.96339672894446,
      16.060556156637848,
      15.640457032600192,
      15.853574647714227,
      15.855476463657874,
      15.959827011619854,
      15.817785670863378,
      15.980214038796525,
      15.961478182495792,
      16.18825489252574,
      16.240076517655805,
      16.235844450702494,
      16.2119845303743,
      16.515924823427994,
      16.18653991293695,
      16.286541736046786,
      16.46654346638979,
      16.477138482336244,
      16.312535437900046,
      16.466655699765404,
      16.49997525416009,
      16.469216370912548,
      16.472498617645616,
      16.28272312127138,
      16.572188360994932,
      16.705450762539964,
      16.54268339272865,
      16.800339548558394,
      16.67827991485348,
      16.561008938863193,
      16.899531354522093,
      16.66095279857518,
      16.594390812273822,
      16.76789675804284,
      16.616916667518158,
      16.77608717084604,
      17.147088982312443,
      16.78027003936138,
      16.93965502524179,
      17.133843265376374,
      17.334303635058802,
      17.06058152433397,
      17.50674649831555,
      17.183629833069787,
      17.068300125736965,
      16.82967738371031,
      17.162148567987515,
      17.275849312681846,
      17.06420223749065,
      17.304052590317784,
      17.547770367357536,
      17.37126134082146,
      17.303271639797426,
      17.751812229714616,
      17.539018083950673,
      17.526140728160723,
      17.46715328381266,
      17.77750724529857,
      17.64307172495166,
      17.585117045371902,
      17.948522629450068,
      17.57840149892793,
      18.01147209067167,
      17.697034443013532,
      18.060896393206388,
      18.175857885099013,
      18.134754995820433,
      18.23031151621071,
      18.29764063503752
    ],