{
  "config": {
    "seed": 42,
    "bs_train": 32,
    "bs_test": 8,
    "batches": 100,
    "epochs": 100,
    "early_stopping": 10,
    "checkpoints": null,
    "lr": 0.0005,
    "print_every": 100,
    "h_dim": 512,
    "z_dim": 2,
    "betas": [
      0.1,
      0.1
    ],
    "kw": {},
    "RTplot": false,
    "out_dir": "./results/Res3/",
    "run_name": "MEGA_RUNbs_32lr_0.0005h_512z_2s_0.5",
    "x_sigma2": 0.5
  },
  "results": {
    "num_epochs": 0,
    "train_loss": [
      1.079327392578125,
      0.6032991091410319,
      0.5749983708063762,
      0.5671644071737926,
      0.563209863503774,
      0.5588503221670786,
      0.5600147207578023,
      0.5648223618666331,
      0.5686011870702108,
      0.5578179081281026,
      0.562455666065216,
      0.5655808071295421,
      0.5545646766821544,
      0.5585792700449626,
      0.5468766550223033,
      0.5578249673048655,
      0.5377900977929433,
      0.5536916335423787,
      0.5423170745372772,
      0.5432570934295654,
      0.5748643835385641,
      0.53968825340271,
      0.5519898176193238,
      0.54313924908638,
      0.540105531613032,
      0.515335738658905,
      0.5279401520888011,
      0.5199054956436158,
      0.5310073256492615,
      0.5122785965601603,
      0.49450700481732685,
      0.5029679556687673,
      0.5155319988727569,
      0.5172125776608785,
      0.5084795574347178,
      0.4940711836020152,
      0.49205986261367796,
      0.5081032077471416,
      0.4849035441875458,
      0.47867872516314186,
      0.4934896310170492,
      0.4730974475542704,
      0.47358156045277916,
      0.4798341671625773,
      0.47435595393180846,
      0.4722750723361969,
      0.4697009682655334,
      0.4669088403383891,
      0.45207711060841876,
      0.474168598651886,
      0.4586904883384705,
      0.44977490504582723,
      0.4682154476642609,
      0.45497163335482277,
      0.4538597484429677,
      0.46220510005950927,
      0.4417794565359751,
      0.4577629367510478,
      0.44856255054473876,
      0.44276527961095175,
      0.4419460038344065,
      0.4605583190917969,
      0.43670488794644674,
      0.4488578240076701,
      0.45207054416338605,
      0.45459084113438925,
      0.44482163588205975,
      0.4382196644941966,
      0.455336465438207,
      0.42800943851470946,
      0.45717097719510397,
      0.43967368205388385,
      0.4463144560654958,
      0.4600220600763957,
      0.4328273952007294,
      0.4353951116402944,
      0.4522112945715586,
      0.4280104657014211,
      0.4316990534464518,
      0.4409765859444936,
      0.444696299235026,
      0.435919189453125,
      0.4283683478832245,
      0.42003708879152934,
      0.43455630938212075,
      0.42858155568440753,
      0.4215575158596039,
      0.4255882024765015,
      0.4332684556643168,
      0.4382637023925781,
      0.4199191371599833,
      0.4286893685658773,
      0.4305485169092814,
      0.43165383537610374,
      0.4203124701976776,
      0.42467628717422484,
      0.4298304518063863,
      0.41049086054166156,
      0.44362131754557294,
      0.42607356905937194
    ],
    "train_acc": [
      5.212947636204305,
      5.6169715349254545,
      5.874572149840803,
      5.937197101002893,
      5.992129098143066,
      6.050454595573346,
      6.044204438299417,
      6.021689836264123,
      5.9989793668950195,
      6.163523011454405,
      6.143158636619179,
      6.357750094718135,
      6.389607934458214,
      6.22872270430275,
      6.457836521696374,
      6.321364520704216,
      6.5866530854646825,
      6.359752266426814,
      6.52121167441578,
      6.4990963338599945,
      6.158649931835209,
      6.470922472605975,
      6.4040368373299605,
      6.2443524294660175,
      6.406336093847977,
      6.805353347619363,
      6.715361159194622,
      6.793761446391705,
      6.700262283121355,
      6.896120122759119,
      7.115068943601333,
      7.0524424441752585,
      6.770861057589498,
      6.883733951966733,
      7.012620624066064,
      6.995482195757523,
      7.103964584317138,
      6.8785089854793755,
      7.086843645313947,
      7.161110304479004,
      7.070122912910611,
      7.221974965745379,
      7.269048249800942,
      7.325088288277561,
      7.298946893599853,
      7.23980559583404,
      7.2844733627771525,
      7.3073309148162116,
      7.59996287282477,
      7.315647050412467,
      7.38969010667775,
      7.610958061963949,
      7.370249871854154,
      7.4495617502669855,
      7.459449996628756,
      7.398053567695704,
      7.619896522449307,
      7.397745857101588,
      7.510096883765126,
      7.5672469443198,
      7.658931285123782,
      7.357308999164337,
      7.601054528523657,
      7.489555641429171,
      7.488171607416834,
      7.468342874759669,
      7.550803772112257,
      7.686987114243441,
      7.57428735882095,
      7.808675219603977,
      7.39442228294737,
      7.6738043754687375,
      7.543931633277313,
      7.39003539352143,
      7.718298631257737,
      7.725736142234771,
      7.472393797970161,
      7.84185510832482,
      7.764837309516177,
      7.6221318164125975,
      7.590930431923733,
      7.712851749797338,
      7.844254812747637,
      7.9070857374003625,
      7.7312327651064745,
      7.820353824612459,
      7.986463539276246,
      7.901138276180477,
      7.7677221316705545,
      7.643456593137651,
      7.910011775615659,
      7.7423304775315795,
      7.724758391908311,
      7.737685565489724,
      7.8974885088862425,
      7.881755608939423,
      7.789762248129264,
      8.12029674114468,
      7.573094657218909,
      7.902653831638121
    ],