{
  "config": {
    "seed": 42,
    "bs_train": 64,
    "bs_test": 16,
    "batches": 100,
    "epochs": 100,
    "early_stopping": 10,
    "checkpoints": null,
    "lr": 0.001,
    "print_every": 100,
    "h_dim": 128,
    "z_dim": 2,
    "betas": [
      0.1,
      0.1
    ],
    "kw": {},
    "RTplot": false,
    "out_dir": "./results/Res3/",
    "run_name": "MEGA_RUNbs_64lr_0.001h_128z_2s_0.5",
    "x_sigma2": 0.5
  },
  "results": {
    "num_epochs": 0,
    "train_loss": [
      0.9847879484295845,
      0.6887898594141006,
      0.6694254353642464,
      0.6247283481061459,
      0.6292442232370377,
      0.6398546323180199,
      0.6239756271243095,
      0.6027501299977303,
      0.5886712446808815,
      0.5801245719194412,
      0.5953542627394199,
      0.5826246216893196,
      0.5896792486310005,
      0.6092373579740524,
      0.5770471394062042,
      0.5939344987273216,
      0.661503903567791,
      0.5971933901309967,
      0.5983420237898827,
      0.5972758680582047,
      0.6019566208124161,
      0.5901416726410389,
      0.5566117875277996,
      0.5678676962852478,
      0.6043331697583199,
      0.561598502099514,
      0.5830840207636356,
      0.5941205061972141,
      0.5716315135359764,
      0.6052675768733025,
      0.5331354737281799,
      0.5687775835394859,
      0.5344883427023888,
      0.6305577084422112,
      0.5540376231074333,
      0.5375215709209442,
      0.5799689739942551,
      0.59477698802948,
      0.6062905639410019,
      0.5083044432103634,
      0.5774824619293213,
      0.5466573871672153,
      0.5240432024002075,
      0.5283030979335308,
      0.5048194341361523,
      0.5533823780715466,
      0.5574520826339722,
      0.5133403241634369,
      0.5667670667171478,
      0.5526397153735161,
      0.5310635231435299,
      0.5230321735143661,
      0.5233139246702194,
      0.5531316325068474,
      0.5862829983234406,
      0.5264160446822643,
      0.5449779815971851,
      0.511480338871479,
      0.6248801201581955,
      0.4863341450691223,
      0.5357850603759289,
      0.4829667806625366,
      0.5287931077182293,
      0.48607785254716873,
      0.51662927120924,
      0.4828127734363079,
      0.5337710231542587,
      0.45902519300580025,
      0.5473227836191654,
      0.49784479662775993,
      0.4903397299349308,
      0.5017471238970757,
      0.49629485607147217,
      0.513627115637064,
      0.49082791432738304,
      0.502136517316103,
      0.5575776696205139,
      0.5030821859836578,
      0.5367646142840385,
      0.5582453198730946,
      0.4833131954073906,
      0.47076988965272903,
      0.5156899653375149,
      0.5120804384350777,
      0.5014888979494572,
      0.5168374814093113,
      0.4811946824193001,
      0.4872005358338356,
      0.5250773802399635,
      0.5245480053126812,
      0.4826391190290451,
      0.4597581960260868,
      0.49364055693149567,
      0.4791593886911869,
      0.46744176000356674,
      0.5270986929535866,
      0.4921916387975216,
      0.5060028471052647,
      0.48453302681446075,
      0.48644594848155975
    ],
    "train_acc": [
      2.552333706051737,
      2.733614647762991,
      2.8038090082132823,
      2.9817169164655946,
      3.016560253596144,
      2.996864349192062,
      3.045957671494526,
      3.1054406605186804,
      3.1869325242873794,
      3.197922044567206,
      3.125562145469437,
      3.2047158983822355,
      3.1268804133811763,
      3.098731251090007,
      3.2743153232041813,
      3.1659549924782033,
      3.021389664958562,
      3.1283778545685768,
      3.1146542241189064,
      3.2413258192024856,
      3.180463984927946,
      3.2040869077587226,
      3.339512413657964,
      3.3080981091735944,
      3.145145022814364,
      3.3380539342898032,
      3.3839289439644014,
      3.256989884684281,
      3.286455824066311,
      3.2991883393143464,
      3.525802006409752,
      3.3382925333324325,
      3.5182554892497278,
      3.163407378517292,
      3.414393197021629,
      3.48091825094045,
      3.4346581489956427,
      3.3721879237262726,
      3.3592193061923936,
      3.77386292954486,
      3.2733200719016997,
      3.4122722371098053,
      3.548276207557596,
      3.5818757819552567,
      3.7503802990541657,
      3.4159440839268163,
      3.422380157534262,
      3.671205653972254,
      3.473032727399166,
      3.4655000032501313,
      3.6408309164383654,
      3.692414421806067,
      3.868948461550199,
      3.5032194567810677,
      3.3924245287445483,
      3.593773393797286,
      3.4638990238180813,
      3.7236693271626917,
      3.365909159815882,
      3.909785638406441,
      3.5614319212373347,
      3.782427074221566,
      3.5435387355645553,
      3.809116720117588,
      3.630792410438549,
      3.7960876039832874,
      3.5283790105668844,
      3.984395600466792,
      3.4657227752720954,
      3.7241500928580393,
      3.8047216253805805,
      3.6751292433747276,
      3.745615824326011,
      3.670928616943487,
      3.7322071216809563,
      3.7800746993695706,
      3.362787171984823,
      3.7451080964144685,
      3.5275323255731057,
      3.4871683677171266,
      3.8554102875640037,
      3.8737830647363176,
      3.5846248844426634,
      3.682170019549663,
      3.668485631281905,
      3.6312877079773678,
      3.8214136253306883,
      3.7949092638571438,
      3.6589072283710804,
      3.6254831940093615,
      3.7970399417934795,
      3.949701072758415,
      3.733612490344104,
      3.8577084244748105,
      3.9461941659283877,
      3.5300795509793153,
      3.7601546484133523,
      3.6764498792986045,
      4.001550545936715,
      3.8344873656159417
    ],