{
  "config": {
    "seed": 42,
    "bs_train": 16,
    "bs_test": 4,
    "batches": 100,
    "epochs": 100,
    "early_stopping": 10,
    "checkpoints": null,
    "lr": 0.005,
    "print_every": 100,
    "h_dim": 512,
    "z_dim": 5,
    "betas": [
      0.1,
      0.1
    ],
    "kw": {},
    "RTplot": false,
    "out_dir": "./results/Res3/",
    "run_name": "MEGA_RUNbs_16lr_0.005h_512z_5s_0.9",
    "x_sigma2": 0.9
  },
  "results": {
    "num_epochs": 0,
    "train_loss": [
      1.5213257730007173,
      0.8694220105806987,
      0.5330917129913966,
      0.44763757586479186,
      0.42689135670661926,
      0.410057466228803,
      0.3901626725991567,
      0.39128547807534536,
      0.3766332556804021,
      0.372549436489741,
      0.36428953111171725,
      0.3599079807599386,
      0.35777765413125356,
      0.3514184008042018,
      0.3474571804205577,
      0.33141252795855203,
      0.3447591831286748,
      0.3455005943775177,
      0.34123943249384564,
      0.35080602765083313,
      0.3394260038932165,
      0.33410883545875547,
      0.33312825858592987,
      0.33412028352419537,
      0.3312518397967021,
      0.33014348248640696,
      0.3278089036544164,
      0.32734898626804354,
      0.3279897590478261,
      0.3266880750656128,
      0.32610501945018766,
      0.32442250549793245,
      0.3250904977321625,
      0.324542968471845,
      0.3244007130463918,
      0.32215365767478943,
      0.32299578984578453,
      0.32405843238035836,
      0.32045180201530454,
      0.3228029121955236,
      0.3199247221151988,
      0.32060760458310444,
      0.32015470365683235,
      0.3196608265240987,
      0.3165577212969462,
      0.3180260419845581,
      0.31678740481535594,
      0.31683719058831533,
      0.31735435128211975,
      0.31700339615345,
      0.3154718021551768,
      0.31395766834417976,
      0.3159941573937734,
      0.31486021131277087,
      0.31660873889923097,
      0.31498380402723947,
      0.31520693798859917,
      0.3157779504855474,
      0.3153935740391413,
      0.31552113393942516,
      0.3147624383370082,
      0.31605083545049034,
      0.31325968603293103,
      0.31500806311766305,
      0.31513788402080534,
      0.3144126226504644,
      0.31465874016284945,
      0.31374797026316326,
      0.31462936898072563,
      0.3116440455118815,
      0.31449611286322277,
      0.3118998795747757,
      0.3144766718149185,
      0.3116438647111257,
      0.3119356041153272,
      0.3117374420166016,
      0.31160664061705273,
      0.3123949577411016,
      0.3109749789039294,
      0.31258026212453843,
      0.31216488480567933,
      0.312063729763031,
      0.31060113410154977,
      0.3106239487727483,
      0.3108218863606453,
      0.31020862062772114,
      0.3097559521595637,
      0.31012768199046453,
      0.30899726251761117,
      0.309887100259463,
      0.30980292359987893,
      0.30859998961289725,
      0.3095083812872569,
      0.31044943928718566,
      0.3105447868506114,
      0.31168011426925657,
      0.31091867486635844,
      0.3089359571536382,
      0.3094265192747116,
      0.30834276775519054
    ],
    "train_acc": [
      10.142659153416702,
      14.104201536022737,
      18.653741169725894,
      19.889314190814954,
      20.00635178619165,
      20.437206639755637,
      20.46734320166657,
      20.292020231901688,
      20.638422201124367,
      20.58354219997974,
      20.645985434003983,
      20.76610367753212,
      20.864092002857223,
      21.14224515353901,
      20.995911710382465,
      21.61822225783543,
      20.533121276214835,
      20.323240410059295,
      20.419583451281945,
      20.315801015463524,
      20.54534605696331,
      20.687022559409716,
      20.8604565702193,
      20.60187871112293,
      20.836022134980656,
      20.685829089209065,
      20.86375942033222,
      20.753935451392582,
      20.83476319904353,
      20.80657335580135,
      20.68551534552091,
      20.92147753777898,
      20.72729078105873,
      20.83587578206315,
      20.89979750060543,
      20.733324678829394,
      20.871260221885155,
      20.782449866954046,
      20.812133760716446,
      20.765189596540527,
      20.828286260385905,
      20.794127768313786,
      20.916959026055387,
      20.763706250734394,
      20.971636398442726,
      20.766358565089185,
      21.021163152594923,
      20.84737807755498,
      20.902054405184128,
      20.866982321058657,
      20.870244280274214,
      21.05461161577996,
      20.88032193158818,
      20.963418899827797,
      20.826020823429374,
      20.95793109080505,
      20.885744050271004,
      20.86213868247099,
      20.866863071102962,
      20.845291314847998,
      20.870342035710728,
      20.741158519898512,
      20.97719832763224,
      20.852077012210177,
      20.820922456388594,
      20.89726682683028,
      20.93289399727978,
      21.01178050497689,
      20.86502640798898,
      21.038938974925717,
      20.907208345477706,
      20.90205343695464,
      20.812443015561858,
      20.88607873510389,
      20.89484885057178,
      20.849930550209336,
      20.933937978568682,
      20.859240722719154,
      21.01947749508018,
      20.864933323510485,
      20.863169228614094,
      20.857044451322768,
      20.94643943406293,
      20.891252761928417,
      20.999828611074044,
      20.85208415858508,
      20.95100443805413,
      20.994766182542225,
      21.029456035393167,
      20.923327460487346,
      20.982252081490422,
      21.018648374345762,
      21.04596507610254,
      20.867138895468337,
      20.855415547700282,
      20.748707929213733,
      20.887847485063,
      20.943041946374326,
      20.840336663339954,
      21.019932345558054
    ],