{
  "config": {
    "seed": 42,
    "bs_train": 32,
    "bs_test": 8,
    "batches": 100,
    "epochs": 100,
    "early_stopping": 10,
    "checkpoints": null,
    "lr": 0.001,
    "print_every": 100,
    "h_dim": 128,
    "z_dim": 20,
    "betas": [
      0.1,
      0.1
    ],
    "kw": {},
    "RTplot": false,
    "out_dir": "./results/Res3/",
    "run_name": "MEGA_RUNbs_32lr_0.001h_128z_20s_0.9",
    "x_sigma2": 0.9
  },
  "results": {
    "num_epochs": 0,
    "train_loss": [
      1.715585958957672,
      0.4838128983974457,
      0.4173557062943776,
      0.4188164214293162,
      0.3969092945257823,
      0.3826627850532532,
      0.38563340306282046,
      0.3829565207163493,
      0.36839503844579063,
      0.3715452353159587,
      0.3713616152604421,
      0.38478684226671855,
      0.36284037828445437,
      0.3663476169109344,
      0.37184144258499147,
      0.36439340114593505,
      0.37347745696703594,
      0.35786686539649964,
      0.3599529067675273,
      0.3549141029516856,
      0.35975502530733744,
      0.35489542881647745,
      0.3477175494035085,
      0.347592431306839,
      0.34635801712671915,
      0.3515028178691864,
      0.34632245302200315,
      0.3471049169699351,
      0.34393627643585206,
      0.33837356766064963,
      0.3377792755762736,
      0.3364629566669464,
      0.3352513035138448,
      0.3354306677977244,
      0.3409608562787374,
      0.3287465810775757,
      0.3325958530108134,
      0.33146560192108154,
      0.3353453814983368,
      0.3381288766860962,
      0.32884294986724855,
      0.32927513917287193,
      0.3346698840459188,
      0.3399094343185425,
      0.33086227377255756,
      0.3153665095567703,
      0.3183390776316325,
      0.3252118935187658,
      0.3132861117521922,
      0.3186156650384267,
      0.30351258714993795,
      0.2992505133152008,
      0.3193397581577301,
      0.28901100854078926,
      0.30629526178042094,
      0.28999963800112405,
      0.29245869914690653,
      0.30650475323200227,
      0.29269807835419975,
      0.3092065374056498,
      0.2934155861536662,
      0.2891205072402954,
      0.2965687473615011,
      0.2972078680992126,
      0.2985381931066513,
      0.2858749985694885,
      0.29704907834529876,
      0.2765891820192337,
      0.2958231220642726,
      0.28136736949284874,
      0.28987301588058473,
      0.2760199238856634,
      0.2895638018846512,
      0.28249976336956023,
      0.29050882657368976,
      0.29290709098180134,
      0.2775802453358968,
      0.2844696968793869,
      0.28160359064737955,
      0.283229065934817,
      0.2853198101123174,
      0.27672094305356343,
      0.27753880321979524,
      0.2698456327120463,
      0.2719891905784607,
      0.28081762194633486,
      0.27814153929551444,
      0.2677432239055634,
      0.27355613311131793,
      0.28308527668317157,
      0.2771895358959834,
      0.2749044964710871,
      0.26978998482227323,
      0.27396720051765444,
      0.25746653179327644,
      0.27247775594393414,
      0.27967516183853147,
      0.2737488488356272,
      0.2713547001282374,
      0.2631199429432551
    ],
    "train_acc": [
      8.57842123557393,
      9.11268567234484,
      9.949219183989168,
      9.902384986868658,
      10.352776609914537,
      10.475753070625727,
      10.581045684899962,
      10.475276250236412,
      10.837261857199715,
      10.710989215009135,
      10.628639448877063,
      10.418951993263972,
      10.880143685390019,
      10.579726720877835,
      10.797495073966873,
      10.786718948247508,
      10.758192276092776,
      10.826658177006372,
      10.889065607291274,
      10.767850936005564,
      11.004722333792095,
      11.011080587962015,
      11.028576473174892,
      11.012357943669956,
      11.095119253522856,
      10.810632646160773,
      10.91558669275637,
      10.900560839331664,
      11.098346443292142,
      10.96116744712037,
      11.12796438861756,
      11.033904962204959,
      11.081036827774552,
      11.148235193161698,
      11.057427345793378,
      11.231663557440202,
      11.135245181102414,
      11.084076458634009,
      11.075724276482669,
      11.079864852664883,
      11.368413658455419,
      11.290284539249308,
      11.149430289075445,
      11.165326069372473,
      11.687119543023115,
      11.91858195686154,
      11.833918598661642,
      11.803974118420706,
      12.111456787556405,
      12.32649102903908,
      12.580485362262946,
      12.841420614187477,
      12.11123053070903,
      13.11791809959509,
      12.69037913641749,
      12.912019610813877,
      13.256434670970112,
      12.566640627515056,
      13.09938826937219,
      12.483823366805906,
      12.980577421583291,
      13.13990123426599,
      12.956949297481247,
      12.921570976325556,
      12.653867877532377,
      13.16670460498608,
      12.999222290198077,
      13.733082628086656,
      12.669010550241252,
      13.483979073576048,
      12.885539283413157,
      13.628674009534178,
      12.87937794414634,
      13.148341884445436,
      13.014624874624573,
      13.05227636551927,
      13.442450513405289,
      13.543798058254499,
      13.096979676769632,
      12.744025309789686,
      13.074335173224966,
      13.42297819652356,
      13.27077284706128,
      13.743486931534367,
      13.258015776476011,
      13.071161044096796,
      13.379223425324314,
      13.718294095456981,
      13.418497278730303,
      12.97649447154967,
      13.470779762644636,
      13.157347856066147,
      13.642498177302063,
      13.479500455982869,
      14.007415888514867,
      13.188515530753618,
      13.352036028822464,
      13.412580688641407,
      13.489489052410491,
      13.87310706460086
    ],