{
  "config": {
    "seed": 42,
    "bs_train": 16,
    "bs_test": 4,
    "batches": 100,
    "epochs": 100,
    "early_stopping": 10,
    "checkpoints": null,
    "lr": 0.01,
    "print_every": 100,
    "h_dim": 256,
    "z_dim": 20,
    "betas": [
      0.1,
      0.1
    ],
    "kw": {},
    "RTplot": false,
    "out_dir": "./results/Res3/",
    "run_name": "MEGA_RUNbs_16lr_0.01h_256z_20s_0.9",
    "x_sigma2": 0.9
  },
  "results": {
    "num_epochs": 0,
    "train_loss": [
      1.9960964103539784,
      1.1587408562501271,
      0.9794788877169291,
      0.8366077999273936,
      0.8011104782422384,
      0.7954102635383606,
      0.7767407715320587,
      0.7648531715075175,
      0.744117812315623,
      0.7388451953728994,
      0.7292537868022919,
      0.7151141544183095,
      0.714090617497762,
      0.7088884770870209,
      0.7021581610043843,
      0.6977834661801656,
      0.6930384556452434,
      0.688353971640269,
      0.6879200081030528,
      0.6825652579466502,
      0.650477264324824,
      0.43586122095584867,
      0.3800866186618805,
      0.3670605272054672,
      0.36715053021907806,
      0.3615555137395859,
      0.358267804980278,
      0.35499944984912873,
      0.36463676889737445,
      0.3512682318687439,
      0.35519449015458426,
      0.3582984318335851,
      0.35033520460128786,
      0.3526296059290568,
      0.323993260661761,
      0.32268416583538057,
      0.3220098485549291,
      0.3212731659412384,
      0.3162691136201223,
      0.31378153165181477,
      0.31092013816038766,
      0.3100867028037707,
      0.31154190997282666,
      0.3111002544562022,
      0.3111230899890264,
      0.3076833923657735,
      0.30916114697853725,
      0.3101950690150261,
      0.30826239883899687,
      0.30931205401817957,
      0.30942353755235674,
      0.30614011238018674,
      0.3074455976486206,
      0.3093958705663681,
      0.3071433817346891,
      0.3085779269536336,
      0.3085024202863375,
      0.30800415327151615,
      0.30895204544067384,
      0.3059674804409345,
      0.30868909259637195,
      0.30928811331590017,
      0.3059239779909452,
      0.3105749249458313,
      0.30699246327082313,
      0.30779076317946114,
      0.3064998110135396,
      0.30624607801437376,
      0.3072742263476054,
      0.306004857023557,
      0.3055253614981969,
      0.3058779468139013,
      0.307249042391777,
      0.3055308292309443,
      0.30497058828671775,
      0.3051509310801824,
      0.3097334822018941,
      0.3058479239543279,
      0.3055476024746895,
      0.3080384115378062,
      0.3071668287118276,
      0.3063676506280899,
      0.30589229563872017,
      0.3049576461315155,
      0.30540463626384734,
      0.30760517716407776,
      0.30708151757717134,
      0.3059133450190226,
      0.30646207729975383,
      0.3056841234366099,
      0.30442580084005993,
      0.30638910830020905,
      0.30705818633238474,
      0.30564097066720325,
      0.30643267234166466,
      0.3052830040454865,
      0.30508811473846437,
      0.31009265581766765,
      0.30453991641600925,
      0.30635608931382496
    ],
    "train_acc": [
      10.230952576673472,
      10.105372796683396,
      10.239655797649894,
      10.131401146354563,
      10.18669564232105,
      10.160852542860113,
      10.206029895937888,
      10.149727885182964,
      10.201483779333488,
      10.157874383033217,
      10.199645487036882,
      10.207129201899342,
      10.15564442115328,
      10.2207526685291,
      10.092458525521563,
      10.1478490208784,
      10.13121998563927,
      10.187487697470004,
      10.157909477885637,
      10.149026307070175,
      11.006621082367884,
      17.46627004428342,
      19.408079718466634,
      19.703117469551568,
      19.613911487265348,
      19.805912942520994,
      19.73229487793129,
      19.84770462914705,
      19.511232995349253,
      19.916378191005226,
      19.570665100088654,
      19.78918944850147,
      19.6937054297337,
      19.802338858916492,
      20.30285276916426,
      20.157548185568775,
      20.049667368982366,
      20.078847223641286,
      20.26775555099374,
      20.302858522925817,
      20.492869257131208,
      20.531548687266582,
      20.385076862945645,
      20.486926644192053,
      20.504051013660412,
      20.670968848635244,
      20.57463983749482,
      20.62036726052476,
      20.647725536028478,
      20.582205011164056,
      20.72891150580105,
      20.84802191266001,
      20.67851416832267,
      20.60680543413256,
      20.746661379989774,
      20.70921182641117,
      20.61877583039256,
      20.730068987817408,
      20.695849168043278,
      20.813818487037526,
      20.62087253579245,
      20.61316239413398,
      20.809912750047616,
      20.50369765646432,
      20.825393821933798,
      20.654653763096075,
      20.712798960484182,
      20.93580379440963,
      20.748094613926117,
      20.7929215260234,
      20.823401418089603,
      20.75409630866734,
      20.723873580864616,
      20.77196623567776,
      20.79473985822227,
      20.864730575969293,
      20.56090393516231,
      20.818756780168037,
      20.81102624364445,
      20.629632732882,
      20.680684063189,
      20.729553446088563,
      20.86513960804477,
      20.819003433870968,
      20.765100507251905,
      20.626176086908874,
      20.689266685900375,
      20.834652173031298,
      20.74068270929718,
      20.793718348367946,
      20.8860602891852,
      20.775249905693858,
      20.67263193301983,
      20.80588703589498,
      20.72444761819867,
      20.871696366820338,
      20.815663250781675,
      20.558947659356406,
      20.883802455383734,
      20.718423560251793
    ],