{
  "config": {
    "seed": 42,
    "bs_train": 32,
    "bs_test": 8,
    "batches": 100,
    "epochs": 100,
    "early_stopping": 10,
    "checkpoints": null,
    "lr": 0.005,
    "print_every": 100,
    "h_dim": 512,
    "z_dim": 10,
    "betas": [
      0.1,
      0.1
    ],
    "kw": {},
    "RTplot": false,
    "out_dir": "./results/Res3/",
    "run_name": "MEGA_RUNbs_32lr_0.005h_512z_10s_0.5",
    "x_sigma2": 0.5
  },
  "results": {
    "num_epochs": 0,
    "train_loss": [
      2.3464072704315186,
      3.340130098660787,
      1.1695779363314311,
      1.0144088864326477,
      0.8685422420501709,
      0.9072864492734273,
      0.8651625593503316,
      0.8135646025339762,
      0.8120326360066732,
      0.731838063398997,
      0.7357430577278137,
      0.7486938635508219,
      0.7414512991905212,
      0.6865994493166606,
      0.684532368183136,
      0.6837907195091247,
      0.676741882165273,
      0.6639613072077434,
      0.673635204633077,
      0.6663440068562826,
      0.6510326623916626,
      0.6580608566602071,
      0.645421584447225,
      0.6459618806838989,
      0.6411417563756306,
      0.6418615142504375,
      0.6503171682357788,
      0.6900430202484131,
      0.6330557266871134,
      0.615366953611374,
      0.6104363958040874,
      0.5978289206822713,
      0.5965141475200653,
      0.5876184185345967,
      0.5985349516073862,
      0.5760508020718892,
      0.5696158766746521,
      0.5758816838264466,
      0.5757828911145528,
      0.5777229309082031,
      0.5685593207677205,
      0.6018124421437582,
      0.5923075556755066,
      0.5756718675295512,
      0.5896217544873555,
      0.5848781764507294,
      0.587870701154073,
      0.5936692396799723,
      0.5903029998143514,
      0.5862015684445699,
      0.5895089387893677,
      0.617993708451589,
      0.589323631922404,
      0.5838032285372416,
      0.5854209224383037,
      0.5816634019215902,
      0.5796249469121297,
      0.5844314058621725,
      0.5788330554962158,
      0.5855893572171529,
      0.5818771680196126,
      0.580045755704244,
      0.5796235958735149,
      0.5825425346692403,
      0.5779803593953451,
      0.579163666566213,
      0.578885022799174,
      0.5791306416193645,
      0.5777642806371053,
      0.5828323562939962,
      0.5770501295725504,
      0.5776230374972026,
      0.5756529370943705,
      0.5849374135335287,
      0.576820417245229,
      0.5759352286656697,
      0.5757128755251567,
      0.5785982886950175,
      0.5747825105985006,
      0.5743775010108948,
      0.5722412367661794,
      0.5766918102900187,
      0.5740720868110657,
      0.5777945280075073,
      0.5803433259328207,
      0.5761109073956807,
      0.5710842649141947,
      0.5718406359354655,
      0.571809196472168,
      0.574612029393514,
      0.5719237168629964,
      0.5705329696337382,
      0.5705553491910299,
      0.5691269834836324,
      0.5715600570042928,
      0.5691562970479329,
      0.5702068050702412,
      0.5718127250671386,
      0.5694176316261291,
      0.572145962715149
    ],
    "train_acc": [
      2.801293961690019,
      2.731576812954758,
      4.647183310020084,
      5.178515501923975,
      5.392247094629148,
      5.44427186187173,
      5.370765682785751,
      5.3881575340149395,
      5.5286245303298545,
      5.485419336256067,
      5.525167581485425,
      5.5323649848191385,
      5.578598072707717,
      5.572877913214573,
      5.538014266941391,
      5.483772223235468,
      5.539781984816713,
      5.578600521808337,
      5.576198727488065,
      5.553890184062808,
      5.5920534444222305,
      5.564697195559212,
      5.574389607994711,
      5.600783880778703,
      5.617688141321037,
      5.621460660433894,
      5.528673344963104,
      5.549053401538982,
      5.6474290941160135,
      5.815974692853964,
      5.836565531546725,
      5.84646044190127,
      5.924873455674365,
      5.964430788070878,
      5.842486894656888,
      6.008296719724605,
      5.992925201284247,
      6.034519845304631,
      5.982391849741835,
      5.8936479783453555,
      5.958427926746381,
      5.667275369943437,
      5.825995321749337,
      5.904091990747059,
      5.708853096525274,
      5.818497150384079,
      5.729101683627633,
      5.755193865370519,
      5.713478713548673,
      5.710538324125235,
      5.7247025947447066,
      5.523905711128712,
      5.7023105248440356,
      5.743476694324785,
      5.721755354305065,
      5.736325959249594,
      5.795572970584819,
      5.734711006699074,
      5.74001095733836,
      5.728791895022857,
      5.719911743054934,
      5.751009981154901,
      5.75412244625743,
      5.722147224432008,
      5.7701169875638865,
      5.737694422448261,
      5.742408697458762,
      5.7686528416147835,
      5.768707863982076,
      5.705668946376849,
      5.7555558127540545,
      5.757540827035297,
      5.779270034895114,
      5.767826958920199,
      5.752580316471063,
      5.750602676543647,
      5.731609393005174,
      5.749829751403283,
      5.772843893068119,
      5.773965245190813,
      5.805669590883522,
      5.754325488558332,
      5.763552806936797,
      5.706438974409253,
      5.704820872050848,
      5.734345727028011,
      5.782689493353248,
      5.767117134979807,
      5.755697352107983,
      5.765986155194134,
      5.783004337261996,
      5.777905904248178,
      5.781466642907204,
      5.791898554791261,
      5.77391607788762,
      5.790300085035377,
      5.778518981320104,
      5.75371183411026,
      5.786354979387862,
      5.759594533276969
    ],