{
  "config": {
    "seed": 42,
    "bs_train": 32,
    "bs_test": 8,
    "batches": 100,
    "epochs": 100,
    "early_stopping": 10,
    "checkpoints": null,
    "lr": 0.001,
    "print_every": 100,
    "h_dim": 128,
    "z_dim": 5,
    "betas": [
      0.1,
      0.1
    ],
    "kw": {},
    "RTplot": false,
    "out_dir": "./results/Res3/",
    "run_name": "MEGA_RUNbs_32lr_0.001h_128z_5s_0.9",
    "x_sigma2": 0.9
  },
  "results": {
    "num_epochs": 0,
    "train_loss": [
      0.8375064591566722,
      0.4160799543062846,
      0.40460485021273296,
      0.39376370708147684,
      0.37468910614649453,
      0.3844749172528585,
      0.37306416829427086,
      0.3706167101860046,
      0.36918901403745014,
      0.36540616154670713,
      0.3623588999112447,
      0.3613197445869446,
      0.35249492128690085,
      0.35847258766492207,
      0.3506091078122457,
      0.35177727341651915,
      0.34803938269615176,
      0.3545355419317881,
      0.34528057972590126,
      0.345106828212738,
      0.3447842458883921,
      0.33694888949394225,
      0.3361083805561066,
      0.3387710233529409,
      0.3326863666375478,
      0.33144073486328124,
      0.32678868373235065,
      0.32975807587305705,
      0.32982440789540607,
      0.32925901214281716,
      0.33028031984965006,
      0.3277704040209452,
      0.32034563620885215,
      0.32290016412734984,
      0.3280286749204,
      0.32161909143129985,
      0.3254806617895762,
      0.32030805150667824,
      0.3148211697737376,
      0.3273635228474935,
      0.3264347592989604,
      0.3245122154553731,
      0.3255126178264618,
      0.31541781028111776,
      0.30270291765530905,
      0.324767541885376,
      0.32400978604952496,
      0.29934642314910886,
      0.3110953410466512,
      0.30545456608136495,
      0.29990330239137014,
      0.3014557123184204,
      0.2990056405464808,
      0.31784904897212984,
      0.2992271214723587,
      0.28973549604415894,
      0.2970750649770101,
      0.30715085566043854,
      0.29499540229638416,
      0.29430931707223257,
      0.2804134796063105,
      0.3053936898708344,
      0.3050257056951523,
      0.2980260709921519,
      0.29052202502886454,
      0.28240809639294945,
      0.3062272121508916,
      0.28995569149653116,
      0.28342071970303856,
      0.2773553510506948,
      0.31609296798706055,
      0.2782520721356074,
      0.2929612119992574,
      0.2798473656177521,
      0.2895352641741435,
      0.2807016442219416,
      0.2931528717279434,
      0.27577106753985087,
      0.2946713944276174,
      0.29508586327234904,
      0.2827348877986272,
      0.27527091999848685,
      0.29722884198029836,
      0.26744300524393716,
      0.281061918536822,
      0.2921600510676702,
      0.27509473264217377,
      0.29127853314081825,
      0.28183546165625256,
      0.28648905952771503,
      0.27850979069868725,
      0.2781547943751017,
      0.2777005523443222,
      0.2849101980527242,
      0.27908532520135243,
      0.26840950349966686,
      0.2857592523097992,
      0.2751299927632014,
      0.2863162795702616,
      0.2723098317782084
    ],
    "train_acc": [
      8.687832860161116,
      9.892154601395896,
      9.989272354849632,
      10.075422222507962,
      10.654479167696785,
      10.400074362599716,
      10.556559612987632,
      10.692684247560598,
      10.685710004052348,
      10.799454695898065,
      10.821608755262082,
      10.799313809658251,
      10.912417484417094,
      10.833362200010358,
      11.011635956466495,
      10.762681831505834,
      10.857149638870872,
      10.879440047404302,
      10.911879151329432,
      10.944077631247294,
      10.83508130411484,
      11.087799740149864,
      11.072900170249797,
      10.946425713428802,
      11.095388985671452,
      11.066144052753648,
      11.102767783224309,
      11.061478478496474,
      11.04063460930802,
      11.082348090442377,
      10.981438025534242,
      11.096630426299871,
      11.30988130807024,
      11.117404663976405,
      11.0593299507916,
      11.354438948700132,
      10.918594866435761,
      11.137631587068535,
      11.318945877292,
      11.113929873655271,
      11.108097780938634,
      11.412909540299992,
      11.519612816161489,
      11.612149984866514,
      12.457622018967681,
      11.76844901651318,
      11.719677651545743,
      12.430863642219885,
      12.319489515195816,
      12.172155776004677,
      12.464516477786253,
      12.188334141787148,
      12.616923809378708,
      12.211597352158458,
      12.20220355839096,
      12.800202760337458,
      12.365784271974052,
      12.298293618770195,
      12.78012306121078,
      12.5384980270245,
      13.090438538254094,
      12.16567561316349,
      12.468436364897332,
      12.435607704121963,
      12.78323179141714,
      13.07096156401687,
      12.553206270643578,
      12.512095449240462,
      12.822551946343204,
      13.313288542980624,
      11.628396875203164,
      13.082666342467096,
      12.43337005928375,
      12.941669850058481,
      12.69217229265466,
      13.072692170234292,
      12.628749481635005,
      13.197870159779743,
      12.393898837640656,
      12.443692098217184,
      12.93361216432402,
      12.958364044804636,
      12.450101044245214,
      13.259672196076188,
      13.103042728917998,
      12.771534322681765,
      13.335403566347686,
      12.476546177524241,
      13.046378907057681,
      12.568924619867067,
      13.185392770435358,
      13.243563353951615,
      12.968360606794453,
      12.81408990285478,
      12.948839083163268,
      13.354685109346718,
      12.576097761918984,
      13.1826170603553,
      13.000736471085437,
      13.176109900756185
    ],