{
  "config": {
    "seed": 42,
    "bs_train": 32,
    "bs_test": 8,
    "batches": 100,
    "epochs": 100,
    "early_stopping": 10,
    "checkpoints": null,
    "lr": 0.001,
    "print_every": 100,
    "h_dim": 256,
    "z_dim": 2,
    "betas": [
      0.1,
      0.1
    ],
    "kw": {},
    "RTplot": false,
    "out_dir": "./results/Res3/",
    "run_name": "MEGA_RUNbs_32lr_0.001h_256z_2s_0.5",
    "x_sigma2": 0.5
  },
  "results": {
    "num_epochs": 0,
    "train_loss": [
      0.7518554091453552,
      0.6086303253968557,
      0.5778364181518555,
      0.573569941520691,
      0.5700786074002584,
      0.5596130172411601,
      0.5579669594764709,
      0.5649919946988423,
      0.5479974647363027,
      0.5670488317807515,
      0.5735785067081451,
      0.5759813070297242,
      0.5399847288926443,
      0.5584333181381226,
      0.5410177826881408,
      0.5746563156445821,
      0.5450693945089976,
      0.5329262614250183,
      0.5452972173690795,
      0.5342185735702515,
      0.561343781153361,
      0.5273102998733521,
      0.521605763832728,
      0.573543252547582,
      0.5026274800300599,
      0.4938974877198537,
      0.5015482544898987,
      0.5055964489777883,
      0.4959315498669942,
      0.4926122188568115,
      0.4822927057743073,
      0.4959721088409424,
      0.4885016004244486,
      0.49300973415374755,
      0.4647619962692261,
      0.48113888104756675,
      0.47446569403012595,
      0.4828613857428233,
      0.4719895660877228,
      0.48509138425191245,
      0.46105956435203554,
      0.4753014862537384,
      0.45572575330734255,
      0.46446428696314496,
      0.4648182690143585,
      0.47057150999704994,
      0.4729584872722626,
      0.4612671355406443,
      0.4517409046490987,
      0.48605973124504087,
      0.44289344549179077,
      0.4575105130672455,
      0.47220130562782286,
      0.4509603023529053,
      0.4506795763969421,
      0.4520050267378489,
      0.4440778831640879,
      0.4377226789792379,
      0.44016412893931073,
      0.4517707586288452,
      0.43556972543398537,
      0.4569609840710958,
      0.4438156584898631,
      0.43488907217979433,
      0.44140387177467344,
      0.458896658817927,
      0.46703281402587893,
      0.44086651007334393,
      0.4531552016735077,
      0.4409985880057017,
      0.4384756366411845,
      0.43709260821342466,
      0.42489859461784363,
      0.43612015843391416,
      0.4385966221491496,
      0.4411305626233419,
      0.44008721311887106,
      0.4433244188626607,
      0.429711107412974,
      0.4372512300809224,
      0.45044633944829304,
      0.4488430420557658,
      0.42907498478889466,
      0.41351575454076134,
      0.4591764708360036,
      0.4426020085811615,
      0.4206162611643473,
      0.4298332452774048,
      0.42961953282356263,
      0.45018566846847535,
      0.42962388396263124,
      0.43114582101504006,
      0.42860816915829975,
      0.44834800163904825,
      0.4287190039952596,
      0.4346930782000224,
      0.42375346422195437,
      0.42410221695899963,
      0.41177876591682433,
      0.41441745360692345
    ],
    "train_acc": [
      4.8973574576306325,
      5.578130192274292,
      5.811400773640143,
      5.859907409167299,
      5.906703314897677,
      5.989201470106018,
      5.963540548587411,
      5.919468806160199,
      6.070398517619164,
      5.98663173553793,
      5.938204153792214,
      5.970106507574525,
      6.305725943232207,
      6.1477223765597255,
      6.3231940991179885,
      6.180059891901012,
      6.476218446668099,
      6.622792856671432,
      6.379019273100757,
      6.609634857324138,
      6.519259265412064,
      6.69673226787111,
      6.629818558168321,
      6.3176726145001965,
      6.800525814169541,
      6.912032675265424,
      6.887008236363315,
      6.8958569310945,
      6.95643342366821,
      7.001158134957687,
      7.146907273977661,
      6.945752930336947,
      7.074213949958053,
      6.968129444622131,
      7.28569288495447,
      7.124201334611393,
      7.184177114349609,
      7.027372295322277,
      7.145452437051736,
      7.1052317059636385,
      7.288038408312151,
      7.1692853230914375,
      7.397073503825519,
      7.171226580454185,
      7.327019037693111,
      7.198577100596958,
      7.1540586314659,
      7.178147811843927,
      7.359893233615324,
      6.979901652708206,
      7.5141902611658695,
      7.386790246927659,
      7.218534108822663,
      7.413477678798144,
      7.388013301225021,
      7.423502764672163,
      7.4915113063283005,
      7.643596942196137,
      7.483847566377381,
      7.361677943595187,
      7.630476475532444,
      7.372833892177838,
      7.499826722716597,
      7.658916290724301,
      7.5434046562156025,
      7.4419378196849815,
      7.325045949798839,
      7.51209775571346,
      7.3923942086910985,
      7.572322169952568,
      7.616207080444542,
      7.670822292324897,
      7.804929579763496,
      7.62044794748411,
      7.611826177260467,
      7.577850004158736,
      7.6236986919234235,
      7.563944274250038,
      7.773682706894787,
      7.645711869193548,
      7.543667184410678,
      7.522767040529111,
      7.751682705609785,
      8.029507025231315,
      7.479305527490865,
      7.5087449164598095,
      7.942712790358587,
      7.886821480949545,
      7.795298057931717,
      7.474520494874892,
      7.817506548106151,
      7.736486698363633,
      7.79554867659289,
      7.504989921472099,
      7.76097947903883,
      7.717321327918684,
      7.877939042593526,
      7.876799767492376,
      8.082034460249176,
      8.032829614613098
    ],