{
  "config": {
    "seed": 42,
    "bs_train": 32,
    "bs_test": 8,
    "batches": 100,
    "epochs": 100,
    "early_stopping": 10,
    "checkpoints": null,
    "lr": 0.0005,
    "print_every": 100,
    "h_dim": 256,
    "z_dim": 10,
    "betas": [
      0.1,
      0.1
    ],
    "kw": {},
    "RTplot": false,
    "out_dir": "./results/Res3/",
    "run_name": "MEGA_RUNbs_32lr_0.0005h_256z_10s_0.9",
    "x_sigma2": 0.9
  },
  "results": {
    "num_epochs": 0,
    "train_loss": [
      1.580350128809611,
      0.35895849068959557,
      0.3422290861606598,
      0.3439822991689046,
      0.33338742852211,
      0.3295896927515666,
      0.3286363422870636,
      0.3313694437344869,
      0.3306725323200226,
      0.3262848436832428,
      0.3227659980456034,
      0.3231377601623535,
      0.3202585558096568,
      0.3226138869921366,
      0.3169408361117045,
      0.32093138098716734,
      0.3202466567357381,
      0.31338242093722024,
      0.31924091776212055,
      0.3154979964097341,
      0.3151969740788142,
      0.3217345952987671,
      0.3125329832235972,
      0.3108136971791585,
      0.320166955391566,
      0.31483490665753683,
      0.3259695698817571,
      0.31620904405911765,
      0.3127511998017629,
      0.3051002949476242,
      0.3240183631579081,
      0.30772489110628765,
      0.30587560137112935,
      0.3145524511734645,
      0.30874459942181903,
      0.30433732469876607,
      0.30536341468493144,
      0.29186620910962424,
      0.29307704667250317,
      0.2899609237909317,
      0.2893471529086431,
      0.27419800957043966,
      0.2978413393100103,
      0.28227486113707223,
      0.28176023264726,
      0.2759796728690465,
      0.27642365197340646,
      0.30014409522215524,
      0.27064478198687236,
      0.2666136453549067,
      0.266484201947848,
      0.2817435363928477,
      0.2735819458961487,
      0.26380615333716073,
      0.26977297763029734,
      0.2618120968341827,
      0.26262104511260986,
      0.2620529234409332,
      0.2779539128144582,
      0.27974489430586497,
      0.26333921651045483,
      0.26823052366574607,
      0.25990255872408546,
      0.26350103318691254,
      0.2530335982640584,
      0.26671230296293896,
      0.2595871766408285,
      0.2612680971622467,
      0.2670844862858454,
      0.2504923015832901,
      0.24827391107877095,
      0.2573670119047165,
      0.25099257826805116,
      0.2603856146335602,
      0.24988761444886526,
      0.2578160027662913,
      0.2580084373553594,
      0.25041428705056507,
      0.25055219531059264,
      0.25119029184182484,
      0.25843185583750405,
      0.24571424027283986,
      0.25475486516952517,
      0.24563577473163606,
      0.26111972133318584,
      0.2496844271818797,
      0.2530926535526911,
      0.24134118358294168,
      0.24926192263762156,
      0.2505675385395686,
      0.24431769649187723,
      0.2472882757584254,
      0.24026652177174887,
      0.25513475040594735,
      0.24822287857532502,
      0.25348005394140877,
      0.24970192313194275,
      0.2486498753229777,
      0.24801229337851208,
      0.2374350021282832
    ],
    "train_acc": [
      8.93739712493841,
      9.866137546409288,
      10.566864889195038,
      10.571120968558445,
      10.646575678600158,
      10.857756787297571,
      10.884872178040478,
      11.054279591417593,
      11.040716106841744,
      11.138921089442197,
      11.22889248587506,
      11.15839602911976,
      11.232151379056381,
      11.15237859986146,
      11.49368405124992,
      11.14968545690761,
      11.398696877465769,
      11.40895100730071,
      11.290513414642374,
      11.55561756102936,
      11.476472052033959,
      11.230048897083467,
      11.486604915289911,
      11.439601247981475,
      11.350555530404183,
      11.563402447361467,
      11.301023407363628,
      11.563574326634322,
      11.674370453669141,
      12.082438594855327,
      11.40100242415254,
      11.941842308654671,
      11.95604640429016,
      11.68440058079935,
      11.808148566579934,
      12.13868518846681,
      11.872884506519345,
      12.339528777015985,
      12.42237170185888,
      12.67689059829165,
      12.484057915417486,
      13.262546154268462,
      12.521484585395738,
      12.679703736912042,
      12.609008376327363,
      12.950725662350512,
      13.215700343909052,
      12.109542686108108,
      13.110504154504705,
      13.39680960700767,
      13.382652351197564,
      12.57527711496522,
      13.128042701394152,
      13.386804408633413,
      13.239186304357798,
      13.398860704405998,
      13.298076209916609,
      13.395300608596086,
      12.639142954874142,
      13.070159091442504,
      13.279412355680641,
      12.898845716976032,
      13.645998920117872,
      13.311965955054108,
      13.893946887245365,
      13.276071506366346,
      13.337464919495558,
      13.22362841946013,
      13.090931541483625,
      13.886802481114117,
      14.044690844142007,
      13.410636178507394,
      13.663007011340815,
      13.61379234249337,
      13.764309618484816,
      13.533543123712997,
      13.435533589166859,
      13.783401892647188,
      13.861959824172851,
      13.811010339008684,
      13.393380132313343,
      14.199325296442138,
      13.620521213335053,
      14.045299541816844,
      13.442913128160285,
      13.81642262505202,
      13.62103847552922,
      14.218965314362118,
      13.813395400917084,
      13.833644982172135,
      14.2001969082942,
      13.908637338740615,
      14.28922263659353,
      13.686599117039329,
      13.91179141529877,
      13.738521070292045,
      13.863398625578366,
      13.902782118037722,
      13.96938059874052,
      14.33572728256533
    ],