{
  "config": {
    "seed": 42,
    "bs_train": 32,
    "bs_test": 8,
    "batches": 100,
    "epochs": 100,
    "early_stopping": 10,
    "checkpoints": null,
    "lr": 0.005,
    "print_every": 100,
    "h_dim": 512,
    "z_dim": 20,
    "betas": [
      0.1,
      0.1
    ],
    "kw": {},
    "RTplot": false,
    "out_dir": "./results/Res3/",
    "run_name": "MEGA_RUNbs_32lr_0.005h_512z_20s_0.9",
    "x_sigma2": 0.9
  },
  "results": {
    "num_epochs": 0,
    "train_loss": [
      1.4324670473734538,
      1.2657520512739817,
      0.9491659263769786,
      0.8085163732369741,
      0.6120836993058523,
      0.5852771361668905,
      0.521462333202362,
      0.5137657860914866,
      0.5158143659432729,
      0.4880433678627014,
      0.4960908830165863,
      0.4705281138420105,
      0.46794936458269754,
      0.44946183760960895,
      0.4518819590409597,
      0.4481450537840525,
      0.43758562207221985,
      0.4265043377876282,
      0.4224177857240041,
      0.4202305614948273,
      0.4182196338971456,
      0.41285364429155985,
      0.4077817102273305,
      0.40254141290982565,
      0.40406981905301415,
      0.4012733519077301,
      0.40252922972043353,
      0.40010550220807395,
      0.39887020985285443,
      0.3965476711591085,
      0.3907638649145762,
      0.3886498689651489,
      0.3858222007751465,
      0.38406476378440857,
      0.384623388449351,
      0.37851300040880836,
      0.38007830182711283,
      0.37769294778505963,
      0.3717427690823873,
      0.3711131195227305,
      0.3716213544209798,
      0.37039366364479065,
      0.3695257325967153,
      0.36741991837819415,
      0.3658958077430725,
      0.36536052624384563,
      0.36263688604036964,
      0.3630659480889638,
      0.36665672262509663,
      0.3641896665096283,
      0.36079888343811034,
      0.3627067605654399,
      0.35852251450220746,
      0.35760072271029153,
      0.3588134487469991,
      0.36029548446337384,
      0.3618196407953898,
      0.3539262096087138,
      0.35786579648653666,
      0.3570155163606008,
      0.3579860806465149,
      0.3536949714024862,
      0.3590478479862213,
      0.3563273866971334,
      0.359236087401708,
      0.35512191653251646,
      0.35601266622543337,
      0.357652348279953,
      0.35341166853904726,
      0.35569225351015726,
      0.35175495147705077,
      0.3524787187576294,
      0.35389606753985087,
      0.35110819737116494,
      0.35315337777137756,
      0.3505018770694733,
      0.3517518679300944,
      0.3505342364311218,
      0.34922816157341,
      0.3491893629233042,
      0.34857784112294515,
      0.349101463953654,
      0.35139051675796507,
      0.3441657781600952,
      0.3461701810359955,
      0.3459253927071889,
      0.34655108451843264,
      0.34560178915659584,
      0.34330218434333803,
      0.34413889845212303,
      0.3429304997126261,
      0.34232187271118164,
      0.3437514881292979,
      0.3428146759668986,
      0.34228553573290504,
      0.34386395414670307,
      0.3435666839281718,
      0.3436087429523468,
      0.34080972472826637,
      0.34036916891733804
    ],
    "train_acc": [
      5.061710432162534,
      7.167434210429534,
      8.298666326518472,
      8.632033013883008,
      9.452378557331528,
      9.726655029658005,
      9.835885343452578,
      9.80213381664136,
      9.828176427090957,
      9.826770128441982,
      9.897405072880764,
      9.911995422205395,
      9.87019070620649,
      9.885684935041903,
      9.928971288960252,
      9.744533251899956,
      9.942314723471933,
      9.959915625584694,
      9.978714499165656,
      9.991519933033496,
      9.969964213394174,
      9.97678768892715,
      9.919518641242487,
      9.9334015655285,
      9.959599330716914,
      9.954897644917448,
      9.973700939897311,
      9.946010852678127,
      9.950215682301787,
      10.01216897408607,
      9.982884114885467,
      9.97224989567794,
      10.010952935340256,
      9.992633374966985,
      9.965977565177054,
      10.015119872803716,
      9.996236113933213,
      10.01372820053324,
      9.976898938674609,
      10.003742335149425,
      10.011769345553644,
      10.025611776047128,
      10.031877796702316,
      9.985290750320782,
      10.032601741715887,
      10.028244023561971,
      10.05258946082712,
      10.003176567949668,
      9.982975032038619,
      9.960284502125546,
      10.028541225597738,
      9.973517829513945,
      10.011540599396989,
      9.985977328433858,
      10.01384903850218,
      10.019564548770092,
      9.961233372575608,
      10.028923662802773,
      9.984248722603452,
      10.007868660422504,
      10.015226212309148,
      10.039521170703656,
      10.013050420021033,
      10.005842361483557,
      10.001084930635283,
      10.040913376141718,
      10.031097404626479,
      10.009939992539726,
      10.006945289914194,
      10.007353838056817,
      10.032229111639278,
      9.99756025126074,
      10.018232783127141,
      10.010709436861509,
      10.010728058704332,
      10.014681629245386,
      10.027907436842549,
      9.981447086110473,
      10.00625336551368,
      10.009961500037132,
      10.032459664391228,
      10.027195817195775,
      9.994891304552162,
      10.048611463538776,
      10.008635749736381,
      10.038807632233631,
      10.011878130438765,
      9.997611618326125,
      10.008778583393928,
      10.010338185792628,
      10.017078016738393,
      10.046293499936125,
      10.023887220904504,
      10.01773971218496,
      10.039720173426796,
      10.04579862389331,
      10.029292700010828,
      10.031183372005414,
      10.04084423834272,
      10.050503150677294
    ],