{
  "config": {
    "seed": 42,
    "bs_train": 16,
    "bs_test": 4,
    "batches": 100,
    "epochs": 100,
    "early_stopping": 10,
    "checkpoints": null,
    "lr": 0.005,
    "print_every": 100,
    "h_dim": 128,
    "z_dim": 2,
    "betas": [
      0.1,
      0.1
    ],
    "kw": {},
    "RTplot": false,
    "out_dir": "./results/Res3/",
    "run_name": "MEGA_RUNbs_16lr_0.005h_128z_2s_0.9",
    "x_sigma2": 0.9
  },
  "results": {
    "num_epochs": 0,
    "train_loss": [
      2.987739611665408,
      0.6084408501784007,
      0.47719793220361073,
      0.40339891413847606,
      0.377841180562973,
      0.37383176684379577,
      0.35855518877506254,
      0.3498292336861292,
      0.34211067159970604,
      0.32976260483264924,
      0.32941201627254485,
      0.32350490788618724,
      0.3232705980539322,
      0.3214844360947609,
      0.32093779345353446,
      0.3188390672206879,
      0.3179776445031166,
      0.3130449453989665,
      0.31184406926234565,
      0.3109791338443756,
      0.3083970119555791,
      0.3082743227481842,
      0.307789146900177,
      0.30748044351736703,
      0.3063412303725878,
      0.3062395403782527,
      0.30324834287166597,
      0.3037951052188873,
      0.30416737496852875,
      0.30320325344800947,
      0.3014186312754949,
      0.3030365695556005,
      0.30226288239161175,
      0.3003929674625397,
      0.30074184636274975,
      0.2992706517378489,
      0.2992118403315544,
      0.30012443015972773,
      0.3013708308339119,
      0.29754329671462376,
      0.3004569555322329,
      0.29721036553382874,
      0.2983311742544174,
      0.2957669253150622,
      0.29687408755222955,
      0.2978210891286532,
      0.29553674509127936,
      0.2975284983714422,
      0.2958342179656029,
      0.2954458157221476,
      0.29549743483463925,
      0.2954792966445287,
      0.2942722941438357,
      0.29580821841955185,
      0.29540383716424307,
      0.29406172384818396,
      0.2952097738782565,
      0.2954641128579775,
      0.2955173894762993,
      0.2944857537746429,
      0.2925901358326276,
      0.29133207301298775,
      0.2920617699623108,
      0.2900631472468376,
      0.29026092489560446,
      0.28958569914102555,
      0.31527968992789585,
      0.32004537284374235,
      0.320603388051192,
      0.31594174007574716,
      0.3159982721010844,
      0.3156509856383006,
      0.3160022000471751,
      0.3146514594554901,
      0.31438222030798596,
      0.31274866859118144,
      0.31216680208841957,
      0.31053126355012256,
      0.3123442788918813,
      0.3119077334801356,
      0.31018303632736205,
      0.30996327102184296,
      0.3101174553235372,
      0.30957602163155873,
      0.30676805675029756,
      0.31060077299674355,
      0.30757025480270384,
      0.30814002752304076,
      0.3071012169122696,
      0.30856576611598335,
      0.30905347714821496,
      0.3087709943453471,
      0.3098222116629283,
      0.3072500079870224,
      0.3077486748496691,
      0.30736657281716667,
      0.30664477348327634,
      0.30803093214829763,
      0.30709939301013944,
      0.30532608131567635
    ],
    "train_acc": [
      15.54337661312115,
      18.82857227507553,
      19.253829526149783,
      20.481251612700643,
      20.89726018700807,
      20.976414354311835,
      21.060181289536075,
      21.189953387725176,
      21.1393829907951,
      21.524288597272196,
      21.568063808806997,
      21.543196943931708,
      21.82609895173072,
      21.67035551865426,
      21.68172735305994,
      21.752153126432475,
      21.978015148234306,
      21.93328150326616,
      21.91602473568193,
      21.917987907235595,
      22.013723611938666,
      22.124551649547133,
      21.87791174063281,
      22.02121207437136,
      22.113701304603495,
      22.042052095983347,
      22.05754581184915,
      21.90582336088584,
      21.913948959178132,
      22.05760373083479,
      22.086410498790375,
      21.98178750952444,
      21.969865977674203,
      22.038437253445906,
      22.03637883779393,
      22.06925479844025,
      22.160675018318592,
      22.091870928574625,
      21.929016268255566,
      22.086906887731942,
      21.926939887846142,
      22.18319610020923,
      22.033869639480425,
      22.19218485338625,
      22.08973615411017,
      22.017571917071834,
      22.149706538672252,
      21.950741387576894,
      22.078631374028557,
      22.159747142384617,
      21.947460596839704,
      22.011155445965436,
      22.112991315940324,
      22.03003581038683,
      21.982053148525342,
      22.138326581624323,
      22.159636050477026,
      21.990045558770774,
      21.91435652832731,
      22.123929344059153,
      22.13611185746517,
      22.22763953416998,
      22.202061589801104,
      22.34769290280944,
      22.21686475112166,
      22.335193047169263,
      20.378311190628207,
      20.05907317689834,
      20.051491811594776,
      20.364062324404898,
      20.208952350572062,
      20.344091425099386,
      20.331694832096943,
      20.396371560380484,
      20.4254459325887,
      20.544809328791715,
      20.551507007863552,
      20.604212397958182,
      20.489442256720228,
      20.596004778237702,
      20.630239490875926,
      20.561055667233088,
      20.59782246988197,
      20.626747669622674,
      20.81954189593114,
      20.597812937770538,
      20.716022017573422,
      20.721386774025905,
      20.84588374415603,
      20.828043194640653,
      20.80502692109737,
      20.643511858819366,
      20.653949265620042,
      20.78344829943509,
      20.830563759818578,
      20.799733757347337,
      20.777508382274185,
      20.69181859206702,
      20.719348191124528,
      20.925676063730336
    ],