{
  "config": {
    "seed": 42,
    "bs_train": 16,
    "bs_test": 4,
    "batches": 100,
    "epochs": 100,
    "early_stopping": 10,
    "checkpoints": null,
    "lr": 0.001,
    "print_every": 100,
    "h_dim": 256,
    "z_dim": 20,
    "betas": [
      0.1,
      0.1
    ],
    "kw": {},
    "RTplot": false,
    "out_dir": "./results/Res3/",
    "run_name": "MEGA_RUNbs_16lr_0.001h_256z_20s_0.5",
    "x_sigma2": 0.5
  },
  "results": {
    "num_epochs": 0,
    "train_loss": [
      1.2769905865192412,
      0.6547804812590281,
      0.6323703110218049,
      0.6061253716548284,
      0.5990112076203028,
      0.599940816561381,
      0.5983138789733251,
      0.5952609360218049,
      0.5974486003319422,
      0.5886697302261988,
      0.5796869744857153,
      0.5966291417678197,
      0.5864793807268143,
      0.6017531325419744,
      0.5821979314088821,
      0.5653052220741908,
      0.5535509626070658,
      0.5529885828495026,
      0.5273442993561427,
      0.5234201083580653,
      0.4942885508139928,
      0.5178130477666855,
      0.5021605322758357,
      0.4885680029789607,
      0.4892135421435038,
      0.49162724117438,
      0.48936041792233786,
      0.4835938761631648,
      0.46555728912353517,
      0.4780047277609507,
      0.4832396864891052,
      0.4561402589082718,
      0.46983454128106433,
      0.44822285970052084,
      0.4638841728369395,
      0.45827432374159494,
      0.45552521546681723,
      0.4453961362441381,
      0.45377197265625,
      0.4339500993490219,
      0.4401962995529175,
      0.4410446484883626,
      0.44360209504763287,
      0.43526214758555093,
      0.4417811026175817,
      0.4431622495253881,
      0.43680787483851113,
      0.44107829928398135,
      0.4379198302825292,
      0.4304060250520706,
      0.44167420963446297,
      0.43914247254530586,
      0.4297024041414261,
      0.4213234563668569,
      0.4308227380116781,
      0.4331741472085317,
      0.4325924336910248,
      0.42717845539251964,
      0.43198043406009673,
      0.4284432550271352,
      0.42674288352330525,
      0.4359039296706518,
      0.4245251615842183,
      0.41253009835879006,
      0.42247513433297473,
      0.42465854485829674,
      0.423650794227918,
      0.421520134806633,
      0.41829712986946105,
      0.424092357357343,
      0.40302320818106335,
      0.4122716059287389,
      0.41419123808542885,
      0.41538588603337606,
      0.4256750881671906,
      0.4036925176779429,
      0.41312354703744253,
      0.3947020709514618,
      0.4068680653969447,
      0.4114869644244512,
      0.3911155700683594,
      0.39797651867071787,
      0.4004053821166356,
      0.4035826106866201,
      0.39973383247852323,
      0.39808590213457745,
      0.38328016698360445,
      0.3888215959072113,
      0.40139048993587495,
      0.3912778228521347,
      0.3969545920689901,
      0.39137666126092274,
      0.3826292723417282,
      0.37994469702243805,
      0.38243915935357414,
      0.3807534913221995,
      0.3849477489789327,
      0.38550881544748944,
      0.3730906009674072,
      0.3819717029730479
    ],
    "train_acc": [
      9.856392334093918,
      11.128632469720744,
      11.335062019106662,
      11.815696522703071,
      11.895214216915791,
      11.86312634939802,
      12.00107066530295,
      12.029925445887065,
      12.017025611701145,
      12.058007661173896,
      12.33168565159514,
      12.223130661905087,
      12.201031157661216,
      12.295023425895257,
      12.568630569242817,
      12.983845827347976,
      13.052068516922027,
      13.470101035034705,
      13.567320463323949,
      13.955526116998822,
      14.588771198871076,
      14.080837733051577,
      14.288619076011953,
      14.480173867330494,
      14.518598739338929,
      14.37246124172078,
      14.593433013403729,
      14.693692739293779,
      15.170927004248812,
      14.935965176984434,
      14.69793571499328,
      15.40161826359415,
      15.10299766727096,
      15.729878454178598,
      15.341857054977297,
      15.384799092954845,
      15.501205523508542,
      15.83315034123934,
      15.715225760532737,
      16.04390438713699,
      15.953347293904308,
      15.79099045931156,
      15.867737636667732,
      16.15006745035538,
      15.725369380503997,
      15.74852290185331,
      15.921212038139048,
      15.722250485245155,
      15.98332811416541,
      16.32686258058778,
      15.791297974542605,
      15.8977057498886,
      16.173871896711777,
      16.338430419140174,
      16.13123597267497,
      16.025821581945433,
      15.86700256821594,
      16.18666450227977,
      15.89741063128958,
      15.96512511484831,
      16.21458848005498,
      15.893079211856087,
      16.19874344138158,
      16.50088172751436,
      16.34064404550324,
      16.14823443974856,
      16.086253212788982,
      16.388412838072583,
      16.323692980476448,
      16.05113184636265,
      17.002933109170943,
      16.50892228538121,
      16.487681125895822,
      16.60495161188143,
      16.18512933884525,
      16.911914823429413,
      16.848713304336393,
      17.32808696532712,
      16.924407569409873,
      16.815859242229095,
      17.403019606435212,
      17.04861798242098,
      17.039490275864836,
      17.037552193664165,
      17.019629055115335,
      17.033081197939357,
      17.59694468743088,
      17.519340859592553,
      16.999557622503247,
      17.43956380289243,
      17.249888792603084,
      17.43809625325984,
      17.710451088869743,
      17.75874104597126,
      17.712907810951315,
      17.6837176464191,
      17.502735124055537,
      17.63603545774748,
      18.04131932077875,
      17.713525881383
    ],