{
  "config": {
    "seed": 42,
    "bs_train": 32,
    "bs_test": 8,
    "batches": 100,
    "epochs": 100,
    "early_stopping": 10,
    "checkpoints": null,
    "lr": 0.005,
    "print_every": 100,
    "h_dim": 256,
    "z_dim": 2,
    "betas": [
      0.1,
      0.1
    ],
    "kw": {},
    "RTplot": false,
    "out_dir": "./results/Res3/",
    "run_name": "MEGA_RUNbs_32lr_0.005h_256z_2s_0.5",
    "x_sigma2": 0.5
  },
  "results": {
    "num_epochs": 0,
    "train_loss": [
      1.0372106909751893,
      1.0377224961916605,
      0.7492000222206116,
      0.7626113494237264,
      0.6433557430903117,
      0.621746011575063,
      0.6129349112510681,
      0.6481350620587667,
      0.6529289126396179,
      0.5991255323092143,
      0.5933749556541443,
      0.5901203195254008,
      0.5910197138786316,
      0.5778592467308045,
      0.5716413497924805,
      0.5768872857093811,
      0.5713962117830912,
      0.5731515169143677,
      0.5752090950806935,
      0.5699117481708527,
      0.5705953439076742,
      0.5680551489194234,
      0.5669275184472402,
      0.5638542135556539,
      0.5695923248926799,
      0.560512101650238,
      0.5672284444173177,
      0.5588803728421529,
      0.5593051711718241,
      0.5636586546897888,
      0.5601573805014293,
      0.5573466797669728,
      0.5575410048166911,
      0.554465134938558,
      0.558342190583547,
      0.5567328790823619,
      0.5544859449068705,
      0.5604521612326304,
      0.5549955447514852,
      0.5553665558497111,
      0.5547921975453695,
      0.5560714880625407,
      0.5538275241851807,
      0.550211101770401,
      0.5522287070751191,
      0.5520004530747732,
      0.5528816878795624,
      0.5511694649855295,
      0.5520645538965862,
      0.5540487329165141,
      0.5529608825842539,
      0.5515289783477784,
      0.551127310593923,
      0.5502615650494893,
      0.5524385551611583,
      0.5500032862027486,
      0.5513247191905976,
      0.5547351598739624,
      0.5490928570429484,
      0.5499979257583618,
      0.5487207889556884,
      0.5499583542346954,
      0.5486974636713664,
      0.5487301806608836,
      0.5488046884536744,
      0.5507041394710541,
      0.5490609506766001,
      0.5467537800470988,
      0.5483643194039662,
      0.5495144228140513,
      0.5472651640574138,
      0.548837439219157,
      0.5474772095680237,
      0.5471527318159739,
      0.5457379261652628,
      0.5488524675369263,
      0.5467450737953186,
      0.5483993430932362,
      0.5466429173946381,
      0.5472177485624949,
      0.547968965768814,
      0.5456404944260915,
      0.5467554291089376,
      0.5469041923681895,
      0.5464342355728149,
      0.5465701897939046,
      0.5458693921566009,
      0.5451036632061005,
      0.5465600331624348,
      0.5451290408770243,
      0.5450350046157837,
      0.5458522876103719,
      0.5437143166859945,
      0.5435945630073548,
      0.5454832911491394,
      0.5445039292176564,
      0.5441762328147888,
      0.5434312204519908,
      0.5435624241828918,
      0.5444358229637146
    ],
    "train_acc": [
      4.189495022773847,
      4.474884902479539,
      5.033986218980432,
      5.001112866683309,
      5.407986450207499,
      5.517188526913025,
      5.5822626270155435,
      5.360948149366248,
      5.35718445605495,
      5.604482298655511,
      5.586849226992096,
      5.647693490939802,
      5.566788394449291,
      5.691248814478086,
      5.7232118217534165,
      5.663937836474047,
      5.724788016115053,
      5.693994426014473,
      5.688005041064817,
      5.708787548142108,
      5.711806071802842,
      5.701625205056337,
      5.725099123399884,
      5.744492148156064,
      5.683650663180298,
      5.772388021291356,
      5.695678342651807,
      5.768453542286857,
      5.771437267593514,
      5.707539474749787,
      5.772894794507487,
      5.77275319301069,
      5.754975457827514,
      5.7783463827338375,
      5.761833138294434,
      5.766320668733426,
      5.786277669726491,
      5.739836264084729,
      5.7669024999421605,
      5.790846943856987,
      5.767620673892737,
      5.756493051762942,
      5.78484895915703,
      5.819398918181793,
      5.781810889305517,
      5.777009643171726,
      5.773206223587097,
      5.7858550530151085,
      5.771037947573394,
      5.752563486242559,
      5.790603755088222,
      5.787122054811869,
      5.771476482825374,
      5.783567934285993,
      5.764493891036534,
      5.781454334979237,
      5.772897206659302,
      5.735594722866726,
      5.782807421259751,
      5.7920395052522125,
      5.784648115695719,
      5.777199654328492,
      5.7814762243287445,
      5.796885454560924,
      5.794979780104159,
      5.7625848856654125,
      5.7915890306545155,
      5.806816261528734,
      5.786414174594846,
      5.778732904295219,
      5.798017325738038,
      5.788987969398015,
      5.814383701586106,
      5.789300468683077,
      5.801504471516247,
      5.782923330349211,
      5.8029752412961475,
      5.7742043850339035,
      5.795639479619513,
      5.791962347058875,
      5.786767407576603,
      5.813204343426146,
      5.796405146461715,
      5.784404319041972,
      5.8054157043940995,
      5.800745424228956,
      5.80410544189629,
      5.815151962027991,
      5.792331067746848,
      5.793304182479069,
      5.800850642336983,
      5.778671688337,
      5.807163855827565,
      5.809438625623274,
      5.7887235986587955,
      5.805338133926611,
      5.797307553132901,
      5.8099101991681295,
      5.8144102749006334,
      5.796327300927926
    ],