{
  "config": {
    "seed": 42,
    "bs_train": 32,
    "bs_test": 8,
    "batches": 100,
    "epochs": 100,
    "early_stopping": 10,
    "checkpoints": null,
    "lr": 0.005,
    "print_every": 100,
    "h_dim": 128,
    "z_dim": 5,
    "betas": [
      0.1,
      0.1
    ],
    "kw": {},
    "RTplot": false,
    "out_dir": "./results/Res3/",
    "run_name": "MEGA_RUNbs_32lr_0.005h_128z_5s_0.5",
    "x_sigma2": 0.5
  },
  "results": {
    "num_epochs": 0,
    "train_loss": [
      2.0132809559504192,
      1.2343939661979675,
      1.125332232316335,
      0.8715993563334147,
      0.8550304094950358,
      0.7780077536900838,
      0.7817898313204448,
      0.7637895544370016,
      0.7010554273923238,
      0.6779062350591024,
      0.6734169006347657,
      0.6485282679398855,
      0.6373506347338359,
      0.638182504971822,
      0.6345709204673767,
      0.6072840452194214,
      0.6055808544158936,
      0.6038382053375244,
      0.602461063861847,
      0.600504752000173,
      0.5875574827194214,
      0.5788032948970795,
      0.5889772017796834,
      0.577405321598053,
      0.573092512289683,
      0.5753258883953094,
      0.572431335846583,
      0.5688082695007324,
      0.5701234896977743,
      0.5692753533522288,
      0.564568034807841,
      0.5637428760528564,
      0.565571661790212,
      0.5671708861986796,
      0.569929979244868,
      0.5581065893173218,
      0.5571826696395874,
      0.5549587945143382,
      0.5532378355662028,
      0.5525632997353872,
      0.5699320316314698,
      0.5989794333775839,
      0.5949106295903523,
      0.5957680503527324,
      0.5932421088218689,
      0.5855700055758158,
      0.5847352385520935,
      0.5832686940828959,
      0.5846083283424377,
      0.5818431297938029,
      0.5799984057744344,
      0.5810307025909424,
      0.5771730144818624,
      0.5819865743319194,
      0.5772879441579183,
      0.5771846055984498,
      0.5770794153213501,
      0.5762277245521545,
      0.5758678992589314,
      0.5751594622929891,
      0.5742638349533081,
      0.5725376884142558,
      0.5792193015416464,
      0.5712236404418946,
      0.5737448533376058,
      0.5738634467124939,
      0.5702311813831329,
      0.5714334527651469,
      0.5722241878509522,
      0.5700804869333903,
      0.5731982270876567,
      0.5703150848547618,
      0.5713532725969951,
      0.5682773073514302,
      0.57120787302653,
      0.5669671456019084,
      0.5670115232467652,
      0.5673218687375386,
      0.5660701274871827,
      0.5665991902351379,
      0.5668394843737284,
      0.5656571706136068,
      0.5664513786633809,
      0.5652570188045501,
      0.5663772920767466,
      0.5626795907815297,
      0.5623117029666901,
      0.5642231980959574,
      0.5617977599302928,
      0.5608457525571188,
      0.5635684688886007,
      0.5601181189219157,
      0.5630351702372233,
      0.560961886246999,
      0.5602905551592509,
      0.5593116958936055,
      0.5607921997706096,
      0.5585412542025249,
      0.5615707079569499,
      0.5578669369220733
    ],
    "train_acc": [
      3.7123549819591526,
      4.478027332403921,
      4.982440310283928,
      5.382677558471277,
      5.584445067796757,
      5.569929291751374,
      5.778201777828599,
      5.688032161135564,
      5.747302403035497,
      5.887841471608594,
      5.969773616395413,
      6.002202206523363,
      5.991924198090696,
      6.0417388329418475,
      5.986429574739629,
      6.069484813086991,
      6.118561119442391,
      6.043531029355555,
      6.049162961788229,
      6.055136330822082,
      6.1371404531022975,
      6.192645346735733,
      6.059579852556881,
      6.162237626213537,
      6.174641244254355,
      6.145176856940394,
      6.133767055003123,
      6.196519598115865,
      6.146608424058014,
      6.196693534127864,
      6.205675770364307,
      6.229888599658313,
      6.207073916467071,
      6.167066625179043,
      6.140155613058253,
      6.26647435968505,
      6.213556421122144,
      6.2270736964817655,
      6.260494496522353,
      6.217204450067776,
      6.029654186173663,
      5.655254621024337,
      5.727249290675387,
      5.704328987832405,
      5.73215045296836,
      5.7274588393884365,
      5.761002154169237,
      5.740124268954503,
      5.729121867603545,
      5.746773696812782,
      5.758325452508625,
      5.764092351154797,
      5.794770379399178,
      5.744136025749401,
      5.7555219745578095,
      5.7631859196374,
      5.7503081911328735,
      5.764739818928732,
      5.767642770990277,
      5.752116979790089,
      5.759048003475146,
      5.774443397194582,
      5.700255255831716,
      5.783925977553909,
      5.753267051659566,
      5.768473955386821,
      5.777914551360291,
      5.769013904904067,
      5.76206064286091,
      5.766771463145517,
      5.758141431274242,
      5.785943144663654,
      5.7734276123376596,
      5.772619344166646,
      5.772493457007651,
      5.792175831284433,
      5.7990358268869855,
      5.787767175668459,
      5.7973043653577525,
      5.802389562260708,
      5.770576018310142,
      5.768947980851866,
      5.778944196895297,
      5.787804839073376,
      5.785777319434502,
      5.805802228179321,
      5.793427847513228,
      5.766081178764974,
      5.790715299547441,
      5.806458664748035,
      5.775889473166562,
      5.790020381022139,
      5.776470279197893,
      5.7800879162622145,
      5.793969747448647,
      5.793852983937197,
      5.791360700964282,
      5.80261623080017,
      5.769636200553816,
      5.815400010184512
    ],