{
  "config": {
    "seed": 42,
    "bs_train": 16,
    "bs_test": 4,
    "batches": 100,
    "epochs": 100,
    "early_stopping": 10,
    "checkpoints": null,
    "lr": 0.001,
    "print_every": 100,
    "h_dim": 512,
    "z_dim": 2,
    "betas": [
      0.1,
      0.1
    ],
    "kw": {},
    "RTplot": false,
    "out_dir": "./results/Res3/",
    "run_name": "MEGA_RUNbs_16lr_0.001h_512z_2s_0.9",
    "x_sigma2": 0.9
  },
  "results": {
    "num_epochs": 0,
    "train_loss": [
      0.5436897873878479,
      0.3954505085945129,
      0.38486343026161196,
      0.36896333396434783,
      0.3657718410094579,
      0.35195976197719575,
      0.3495153288046519,
      0.3460209290186564,
      0.3414006938536962,
      0.34081716934839884,
      0.3345144848028819,
      0.3321513056755066,
      0.32710528473059336,
      0.33181508680184685,
      0.3318514257669449,
      0.32576976865530016,
      0.32519245048364004,
      0.3233910818894704,
      0.3190248171488444,
      0.31599312325318657,
      0.31815043489138284,
      0.31463752190272015,
      0.3147240698337555,
      0.3242079898715019,
      0.3165791650613149,
      0.3142527004082998,
      0.31948422143856686,
      0.3179498309890429,
      0.32256002773841225,
      0.3138941824436188,
      0.3138827631870906,
      0.318555511534214,
      0.3054014891386032,
      0.30677791287501655,
      0.3082756489515305,
      0.30950714747111,
      0.3053897554675738,
      0.30259944399197897,
      0.2998371884226799,
      0.30468540340662004,
      0.2949130654335022,
      0.2962869529922803,
      0.3391276434063911,
      0.33281192431847256,
      0.3302962650855382,
      0.32675244510173795,
      0.3263475855191549,
      0.3254472772280375,
      0.3223396211862564,
      0.3231442709763845,
      0.32207168539365133,
      0.32148495614528655,
      0.32255050738652546,
      0.3199974904457728,
      0.32103339533011116,
      0.32035350501537324,
      0.3191367357969284,
      0.3185983310143153,
      0.3171947618325551,
      0.31929111083348594,
      0.31926202575365703,
      0.3182366112867991,
      0.3168217251698176,
      0.31733157535394035,
      0.31555816531181335,
      0.3166372189919154,
      0.31647994021574655,
      0.31420517365137735,
      0.3153736968835195,
      0.31513317227363585,
      0.3144919157028198,
      0.31474588612715404,
      0.3146241356929143,
      0.3156630307435989,
      0.3137956917285919,
      0.31366856197516124,
      0.313553852836291,
      0.3147282421588898,
      0.3141432652870814,
      0.31340737144152325,
      0.31254165470600126,
      0.3128175338109334,
      0.3120801359415054,
      0.3127366284529368,
      0.31213846753040947,
      0.31169784168402354,
      0.3128075043360392,
      0.3111815442641576,
      0.312344961365064,
      0.31319275697072346,
      0.31239515443642935,
      0.31292652736107507,
      0.3128370891014735,
      0.3110108196735382,
      0.3118411680062612,
      0.31144717931747434,
      0.3105321655670802,
      0.31096044878164925,
      0.31066273947556816,
      0.31087554891904196
    ],
    "train_acc": [
      19.31100697075099,
      20.66366766532256,
      21.139107112971654,
      21.53331558305553,
      21.488914994729015,
      21.71982789290951,
      21.698039157961205,
      21.67397679952446,
      21.925935675276687,
      21.945463466937714,
      22.015199975862714,
      22.17426822662862,
      22.215836514926764,
      22.068774202784443,
      21.991349714493364,
      22.143594245026314,
      22.047856892713323,
      22.252249927540355,
      22.0792443672219,
      22.461135263433764,
      22.046384500025653,
      22.26523591461656,
      22.420263619099824,
      22.14776452393184,
      22.278156091294175,
      22.273815106625356,
      22.164074424885705,
      22.74469962231208,
      22.518417976262192,
      22.872573925724137,
      23.306262366723498,
      22.61844776334358,
      23.309526275672667,
      23.29714009303382,
      22.874847867589807,
      23.28493995926186,
      23.506816353650017,
      23.55160553496672,
      23.7884703684818,
      23.46541253497052,
      24.109778000581834,
      24.287798239179043,
      21.48397215085197,
      20.295637343878756,
      20.35384330056191,
      20.53756333140735,
      20.62925531703779,
      20.573227055101004,
      20.724710149955605,
      20.677745438585838,
      20.71635255475377,
      20.80718422453015,
      20.651310478293514,
      20.732739639456533,
      20.851294550641637,
      20.747890838973728,
      20.764340531869966,
      20.731042760999706,
      20.739170658204724,
      20.805753738012005,
      20.73767062569767,
      20.743335742342598,
      20.88970946802574,
      20.853836304690425,
      20.86296104452393,
      20.77136768477703,
      20.839298742176187,
      20.956579705718376,
      20.77155536286311,
      20.798406662091704,
      20.83099872832846,
      20.842580468767732,
      20.908327802470666,
      20.88143376572083,
      20.924049871106625,
      20.923920994613777,
      20.867380398631155,
      20.844225959481044,
      20.92122529144328,
      21.021138829550868,
      20.95120322437886,
      20.99958320500568,
      20.908582310113182,
      20.92714786453716,
      20.982654019760123,
      20.954451957220282,
      20.943720782228247,
      21.012406372675507,
      20.93047061593366,
      20.879881157855472,
      20.90376399125752,
      20.899700637748523,
      20.92742913783748,
      20.926763330286462,
      20.895674577722357,
      20.99376356464375,
      21.044582981131363,
      20.95657608658897,
      20.917099738228615,
      20.956281666618448
    ],