{
  "config": {
    "seed": 42,
    "bs_train": 32,
    "bs_test": 8,
    "batches": 100,
    "epochs": 100,
    "early_stopping": 10,
    "checkpoints": null,
    "lr": 0.005,
    "print_every": 100,
    "h_dim": 256,
    "z_dim": 10,
    "betas": [
      0.1,
      0.1
    ],
    "kw": {},
    "RTplot": false,
    "out_dir": "./results/Res3/",
    "run_name": "MEGA_RUNbs_32lr_0.005h_256z_10s_0.5",
    "x_sigma2": 0.5
  },
  "results": {
    "num_epochs": 0,
    "train_loss": [
      1.9403223991394043,
      1.2465374668439229,
      0.9706643303235372,
      0.85149614016215,
      0.826335072517395,
      0.7887439092000326,
      0.7858668645222981,
      0.7598000009854634,
      0.7496993780136109,
      0.7274105350176493,
      0.7189658323923747,
      0.6990307450294495,
      0.6931784510612488,
      0.6835152308146158,
      0.6819939772288005,
      0.6755972027778625,
      0.6670552015304565,
      0.6653066555658976,
      0.666539998849233,
      0.6628697156906128,
      0.6707518259684245,
      0.6595639983812968,
      0.6535074194272359,
      0.6549516677856445,
      0.6441815217336019,
      0.6385843952496847,
      0.6384051601092021,
      0.63161674340566,
      0.6295045693715413,
      0.6322851498921712,
      0.6304823080698649,
      0.6299814621607462,
      0.6310266335805257,
      0.626466675599416,
      0.6274588942527771,
      0.6281620144844056,
      0.627516770362854,
      0.6221813042958577,
      0.6202813386917114,
      0.6221306840578715,
      0.6216609398523967,
      0.6189926425615947,
      0.6191739757855733,
      0.6164410869280498,
      0.6164881785710653,
      0.6159377892812093,
      0.615680746237437,
      0.6153825799624125,
      0.6152584274609884,
      0.6152060031890869,
      0.6140870730082194,
      0.6120015581448873,
      0.6140871485074361,
      0.606320329507192,
      0.6163790623346964,
      0.611464548110962,
      0.6098493655522664,
      0.6080300688743592,
      0.6079152743021647,
      0.6083912531534831,
      0.6024201075236003,
      0.6072272260983785,
      0.6012943347295125,
      0.6010230620702107,
      0.60103307167689,
      0.6008596460024516,
      0.5982764999071757,
      0.5968210260073344,
      0.5978478709856669,
      0.597816256682078,
      0.5977502783139547,
      0.5981300950050354,
      0.5950887163480123,
      0.5931741992632548,
      0.5951944708824157,
      0.5952681461970012,
      0.5957027037938436,
      0.5953792730967203,
      0.5941553235054016,
      0.5936181306838989,
      0.5943163394927978,
      0.5936551372210185,
      0.5958711942036946,
      0.5939716378847758,
      0.5954726934432983,
      0.5908387839794159,
      0.5946294824282329,
      0.5954504529635112,
      0.5914631168047587,
      0.5901450236638387,
      0.591153879960378,
      0.5908508976300557,
      0.5902197559674581,
      0.591660718123118,
      0.5909980177879334,
      0.5940902431805929,
      0.592441995938619,
      0.5891125202178955,
      0.5879792809486389,
      0.5887361764907837
    ],
    "train_acc": [
      3.1970186020873,
      4.15945965970903,
      5.134399458849493,
      5.398469745279375,
      5.443421745986544,
      5.464116385492105,
      5.447391964657981,
      5.468726704071855,
      5.511735333867636,
      5.488058587183207,
      5.471772669392913,
      5.476656250911572,
      5.506787246587494,
      5.5010877934362465,
      5.493469305818788,
      5.5083385779863905,
      5.5187389995080895,
      5.520588045091726,
      5.513906890655332,
      5.5381853907356415,
      5.471936226638321,
      5.5258183607752605,
      5.520915520843282,
      5.5201431567642,
      5.52734109744928,
      5.508756271979104,
      5.537632216237791,
      5.551874824351271,
      5.5399938003763864,
      5.526803155133445,
      5.532427467560841,
      5.52115844321169,
      5.513396241856517,
      5.519894907587881,
      5.558953025299734,
      5.547355581613586,
      5.518150764132756,
      5.55022989068471,
      5.560209453283448,
      5.554938213348837,
      5.5332680202399,
      5.564682683713207,
      5.548623235565942,
      5.544821582877667,
      5.554732785392025,
      5.575589542599394,
      5.537824133651045,
      5.553411744079785,
      5.519487524799184,
      5.548520517810305,
      5.532546386732176,
      5.545895209833112,
      5.549567847269089,
      5.578490422514431,
      5.539791183630169,
      5.54327431520662,
      5.566042305082863,
      5.556724369261356,
      5.561386858542063,
      5.562523179900656,
      5.56851562707425,
      5.545786647713884,
      5.604793515044283,
      5.56058300685501,
      5.553802452071795,
      5.558903393694267,
      5.552309309715759,
      5.555851575601592,
      5.571051342534624,
      5.574046920154099,
      5.571371517053487,
      5.541255679101818,
      5.557658720437689,
      5.555051079768912,
      5.56044275729691,
      5.569064511489563,
      5.572068051535421,
      5.581808823936998,
      5.578293787543448,
      5.562238350535557,
      5.5842511726622615,
      5.567167253787528,
      5.54873584178552,
      5.57054013028334,
      5.554575002358591,
      5.575116171154824,
      5.566896757640589,
      5.554418311488557,
      5.563839280020942,
      5.570754450557269,
      5.573820798542901,
      5.561054882018145,
      5.5660639600906485,
      5.552318092107923,
      5.571246594127997,
      5.540540353071053,
      5.566717167009463,
      5.590013892912587,
      5.5794694206779445,
      5.590507010584982
    ],