{
  "config": {
    "seed": 42,
    "bs_train": 16,
    "bs_test": 4,
    "batches": 100,
    "epochs": 100,
    "early_stopping": 10,
    "checkpoints": null,
    "lr": 0.01,
    "print_every": 100,
    "h_dim": 256,
    "z_dim": 50,
    "betas": [
      0.1,
      0.1
    ],
    "kw": {},
    "RTplot": false,
    "out_dir": "./results/Res3/",
    "run_name": "MEGA_RUNbs_16lr_0.01h_256z_50s_0.5",
    "x_sigma2": 0.5
  },
  "results": {
    "num_epochs": 0,
    "train_loss": [
      3.0138298908869428,
      1.6174439668655396,
      1.4903262913227082,
      1.3133060932159424,
      1.2985180179278055,
      1.2566763540108998,
      1.2487323919932047,
      1.2353888650735219,
      1.226975780725479,
      1.2214059293270112,
      1.2100975851217906,
      1.19889031847318,
      1.196663224697113,
      1.1909718930721283,
      1.189010645945867,
      1.1826925933361054,
      1.180593063433965,
      1.1810876528422039,
      1.1787340760231018,
      1.176428872346878,
      1.1757774293422698,
      1.1784565587838491,
      1.1708883841832478,
      1.1690172751744587,
      1.1707594474156697,
      1.1719226260979971,
      1.1688322305679322,
      1.1678979674975076,
      1.1709199666976928,
      1.1672685305277506,
      1.166670842965444,
      1.1642707963784535,
      1.1658546050389609,
      1.1634323716163635,
      1.1629993259906768,
      1.1634452283382415,
      1.1663937866687775,
      1.1629178782304128,
      1.1635713974634807,
      1.160975593328476,
      1.1611565272013347,
      1.1613062500953675,
      1.1573445876439412,
      1.160154499610265,
      1.1617031554381052,
      1.1607637107372284,
      1.1569346149762472,
      1.1586669206619262,
      1.1596631447474162,
      1.1592331488927206,
      1.15798433025678,
      1.1560263335704803,
      1.153810473283132,
      1.1550469517707824,
      1.1560264686743418,
      1.1560765941937765,
      1.155316036939621,
      1.1554510454336802,
      1.1541877170403798,
      1.1533248205979665,
      1.1548493643601736,
      1.152072787284851,
      1.1533868968486787,
      1.1539202233155568,
      1.1571328918139139,
      1.1520426909128825,
      1.1505199909210204,
      1.1547068178653717,
      1.154251233736674,
      1.1527875502904257,
      1.1517753819624583,
      1.1521961629390716,
      1.1517929395039876,
      1.1519668698310852,
      1.1499828934669494,
      1.150236318508784,
      1.151563940445582,
      1.1491515258948009,
      1.1496589342753092,
      1.1502673089504243,
      1.1511658509572347,
      1.1497162103652954,
      1.149314401547114,
      1.1491731305917103,
      1.1490867416063943,
      1.1493484814961752,
      1.1489656150341034,
      1.148338367541631,
      1.1460443675518035,
      1.1450551748275757,
      1.148349497715632,
      1.1463505546251933,
      1.144837752978007,
      1.1441887140274047,
      1.145688565572103,
      1.145367940266927,
      1.145736825466156,
      1.1461169242858886,
      1.143782224257787,
      1.1443258941173553
    ],
    "train_acc": [
      5.748316480507241,
      5.665874964743666,
      5.263695242254488,
      5.603533573394514,
      5.628017286729174,
      5.639296631282827,
      5.651340442640515,
      5.607609697724282,
      5.605744558657402,
      5.656261144674485,
      5.690727187177485,
      5.614090400921016,
      5.623650865159595,
      5.643673600919976,
      5.646369269651064,
      5.617643192336009,
      5.658387662094578,
      5.590445640222418,
      5.619585642654418,
      5.637200760736139,
      5.625742922081931,
      5.631759898626675,
      5.625444561224742,
      5.6407139511116995,
      5.6031209106379904,
      5.627626150385324,
      5.608142544013551,
      5.631010546522015,
      5.636651651052002,
      5.621868471597868,
      5.6386072358183625,
      5.649014535008647,
      5.628141009120515,
      5.616694722676493,
      5.643431795687277,
      5.621143901898423,
      5.632766067388211,
      5.63356483600752,
      5.660519243559174,
      5.614051949969356,
      5.645183373156171,
      5.6369638986347885,
      5.680563708832916,
      5.621758525279176,
      5.625572990266992,
      5.667727040246557,
      5.657233931377913,
      5.662655502759104,
      5.6038128880112215,
      5.623164366118206,
      5.621330159062162,
      5.638971760921819,
      5.631964939275367,
      5.657039265988947,
      5.611173807235724,
      5.649524585430537,
      5.647234659707628,
      5.6570549741550025,
      5.65010489523941,
      5.665058756924182,
      5.612617285788336,
      5.6466057857424135,
      5.6238480349984625,
      5.62315362507484,
      5.641177986498863,
      5.647199887661852,
      5.637205394614111,
      5.637598202843834,
      5.637947665787914,
      5.662153262387987,
      5.608218139888633,
      5.657774287241489,
      5.652608623036047,
      5.636892845803768,
      5.623383663818108,
      5.644930054313419,
      5.657349630516884,
      5.625567674978055,
      5.632963898708736,
      5.620377450837596,
      5.6226138148571305,
      5.642197586857168,
      5.623114026225186,
      5.607811850738652,
      5.618104500669395,
      5.602718231868373,
      5.626226972765542,
      5.6425867478957805,
      5.621124768069637,
      5.653071128369909,
      5.664766905720291,
      5.625770375807806,
      5.667673866402021,
      5.650273490427334,
      5.618143612753743,
      5.628920544361674,
      5.609585558049219,
      5.6560906250294645,
      5.654370745308521,
      5.63684070612145
    ],