{
  "config": {
    "seed": 42,
    "bs_train": 16,
    "bs_test": 4,
    "batches": 100,
    "epochs": 100,
    "early_stopping": 10,
    "checkpoints": null,
    "lr": 0.0005,
    "print_every": 100,
    "h_dim": 512,
    "z_dim": 5,
    "betas": [
      0.1,
      0.1
    ],
    "kw": {},
    "RTplot": false,
    "out_dir": "./results/Res3/",
    "run_name": "MEGA_RUNbs_16lr_0.0005h_512z_5s_0.5",
    "x_sigma2": 0.5
  },
  "results": {
    "num_epochs": 0,
    "train_loss": [
      0.9568813045819601,
      0.5835302333037059,
      0.5700299382209778,
      0.5742168108622233,
      0.5800452679395676,
      0.5664823095003764,
      0.5577492584784826,
      0.5593068371216456,
      0.5382940769195557,
      0.5327390958865483,
      0.5366372307141621,
      0.5165751914183299,
      0.5242676834265391,
      0.4983775128920873,
      0.5093467593193054,
      0.48860552310943606,
      0.4957117110490799,
      0.5025263826052347,
      0.47468792696793877,
      0.4794796486695608,
      0.4896122425794601,
      0.46686302721500395,
      0.4758132457733154,
      0.4799197951952616,
      0.4729860633611679,
      0.47209051847457884,
      0.47358735104401906,
      0.46181329488754275,
      0.4628528654575348,
      0.47266908586025236,
      0.44610430697600045,
      0.4504959970712662,
      0.4577078362305959,
      0.44922821323076884,
      0.45506862898667655,
      0.4528565506140391,
      0.4532397389411926,
      0.45494107405344647,
      0.44590953886508944,
      0.4459039191404978,
      0.45736561914285023,
      0.43192122081915535,
      0.4405862301588058,
      0.432149746020635,
      0.43970589141050975,
      0.4313708275556564,
      0.4243465075890223,
      0.4318033228317896,
      0.4377360890309016,
      0.43443756898244223,
      0.4374589135249456,
      0.42265792985757195,
      0.4232270201047262,
      0.42890342871348064,
      0.41130225857098895,
      0.4310978094736735,
      0.43926948706309,
      0.42894325057665506,
      0.414998522400856,
      0.430496205886205,
      0.42423990964889524,
      0.41941196421782173,
      0.4256589988867442,
      0.4239712357521057,
      0.4273995002110799,
      0.4128256231546402,
      0.4117704619963964,
      0.42948554853598275,
      0.4140103399753571,
      0.4145850529273351,
      0.41584832668304444,
      0.4156839917103449,
      0.4110198984543482,
      0.4111267517010371,
      0.41999736428260803,
      0.412455552816391,
      0.4033695767323176,
      0.4141246120134989,
      0.4036310096581777,
      0.42922510504722594,
      0.4131505986054738,
      0.4121029665072759,
      0.4160262713829676,
      0.42068914671738944,
      0.4030450115601222,
      0.4030775119860967,
      0.4131899336973826,
      0.39987597763538363,
      0.4023902247349421,
      0.41072918673356373,
      0.40865489741166433,
      0.40199995537598926,
      0.39026009241739906,
      0.4065548777580261,
      0.4121988852818807,
      0.4099630802869797,
      0.40737483898798627,
      0.4023510863383611,
      0.40026503801345825,
      0.40060749650001526
    ],
    "train_acc": [
      10.491682183191012,
      11.660946463641753,
      12.201295620208635,
      12.580973648071907,
      12.424535221653318,
      12.733247068901838,
      12.649930794292596,
      12.917456274648819,
      13.119022128840715,
      13.191324732998353,
      13.28551261756737,
      13.583464221386881,
      13.535248589525958,
      14.18561880986673,
      13.7682612579937,
      14.329897568897621,
      13.977745491039537,
      13.953285110653104,
      14.586985585179233,
      14.506465136769258,
      14.47530518456545,
      14.798687332032051,
      14.59527350589153,
      14.33446051347091,
      14.499051959798166,
      14.56414932779364,
      14.515815361366878,
      14.800196409108432,
      14.79140491505594,
      14.525952697803291,
      15.230703681163456,
      15.125143675846186,
      15.091800040140589,
      15.100890635591393,
      15.068868483140294,
      14.905425236852999,
      15.107576706648487,
      14.933505992624427,
      15.238161725688892,
      15.321569444464883,
      14.91103921622095,
      15.652437577731042,
      15.455221884861253,
      15.571020641601201,
      15.499543856466765,
      15.60752559945686,
      15.818861753930689,
      15.63766105805643,
      15.665722014900954,
      15.528171991779304,
      15.678046273335832,
      16.04508882519858,
      16.037026530821944,
      15.802809763288675,
      16.40833179299102,
      15.757008987948298,
      15.613861999379493,
      15.819027937480461,
      16.266102496859812,
      15.644573470001117,
      15.982793228921672,
      16.12978737342023,
      15.832018632834783,
      15.932056411666995,
      15.844343919812909,
      16.38678607488065,
      16.47830385573901,
      15.735344462700319,
      16.291735481922885,
      16.384578997794968,
      16.297349435760708,
      16.261688607578506,
      16.300713959546282,
      16.528063807501173,
      16.111916907201962,
      16.36320799872485,
      16.619590034384697,
      16.309380304486215,
      16.55342997399706,
      16.00577744151566,
      16.372214227024326,
      16.213310484540372,
      16.20774922471703,
      15.999125384503476,
      16.687599563543966,
      16.68246741275652,
      16.178446090443227,
      16.842592721360194,
      16.63804822864674,
      16.546731401847353,
      16.440520550436048,
      16.705325713918256,
      17.07180623990436,
      16.62817254197807,
      16.519397398274027,
      16.49299939682587,
      16.680866597555767,
      16.97041985256938,
      16.83180863911073,
      16.864987351684196
    ],