{
  "config": {
    "seed": 42,
    "bs_train": 16,
    "bs_test": 4,
    "batches": 100,
    "epochs": 100,
    "early_stopping": 10,
    "checkpoints": null,
    "lr": 0.005,
    "print_every": 100,
    "h_dim": 128,
    "z_dim": 50,
    "betas": [
      0.1,
      0.1
    ],
    "kw": {},
    "RTplot": false,
    "out_dir": "./results/Res3/",
    "run_name": "MEGA_RUNbs_16lr_0.005h_128z_50s_0.9",
    "x_sigma2": 0.9
  },
  "results": {
    "num_epochs": 0,
    "train_loss": [
      1.6268747667471568,
      0.8512883573770523,
      0.6569534917672475,
      0.577045413851738,
      0.5282045871019363,
      0.4626360813776652,
      0.4447155326604843,
      0.42720131278038026,
      0.4135082354148229,
      0.4168420811494192,
      0.4107265442609787,
      0.4016071836153666,
      0.3892914056777954,
      0.38939909636974335,
      0.38557912011941275,
      0.37114817202091216,
      0.36739893158276876,
      0.3616071234146754,
      0.35568362871805825,
      0.36993483603000643,
      0.35895814895629885,
      0.3521809180577596,
      0.3461845174431801,
      0.3475673149029414,
      0.336112841963768,
      0.3359189748764038,
      0.33100463847319284,
      0.330385368069013,
      0.342399936914444,
      0.33929210603237153,
      0.33350150485833485,
      0.3490526994069417,
      0.34979535043239596,
      0.341195481022199,
      0.3387589752674103,
      0.31523617953062055,
      0.3389197518428167,
      0.31854350566864015,
      0.31185559928417206,
      0.31638240863879524,
      0.298657156030337,
      0.29432279864947003,
      0.3033964395523071,
      0.3038466657201449,
      0.29377399732669196,
      0.3029971793293953,
      0.29581766525904335,
      0.29380887746810913,
      0.29661784917116163,
      0.29730880161126455,
      0.29503514369328815,
      0.2830610439181328,
      0.2905955359339714,
      0.283012089629968,
      0.27570143938064573,
      0.2895342469215393,
      0.28965881864229837,
      0.2817208151022593,
      0.27693220575650535,
      0.28658415178457897,
      0.2804014727473259,
      0.27506090303262076,
      0.2785192588965098,
      0.2778540899356206,
      0.2643267557024956,
      0.28984120339155195,
      0.28068361481030785,
      0.26995716045300167,
      0.2702043448885282,
      0.27717532763878505,
      0.26888486643632253,
      0.27643464555342995,
      0.26964351286490756,
      0.2697320232788722,
      0.27216373533010485,
      0.2672352477908134,
      0.2719360262155533,
      0.26063869098822273,
      0.2724749058485031,
      0.27178433587153755,
      0.26673082063595455,
      0.26918369630972544,
      0.27081728527943294,
      0.270904640853405,
      0.2667228142420451,
      0.2626798744002978,
      0.27485355685154594,
      0.2618282184004784,
      0.2692824453115463,
      0.26880801369746526,
      0.2625314489006996,
      0.2720665787657102,
      0.2744513501723607,
      0.26772843102614086,
      0.269142513970534,
      0.26199402411778766,
      0.26155209392309187,
      0.26582838694254557,
      0.2731786295771599,
      0.2714423750837644
    ],
    "train_acc": [
      9.942199844037354,
      14.734781817588928,
      17.334664040862705,
      18.04801473964889,
      19.222405633162985,
      19.909681850560794,
      20.360121792603465,
      20.352232960677096,
      20.533973857716365,
      20.42530340666943,
      20.464913099750255,
      20.479596289403894,
      20.611615524683778,
      20.616314934852333,
      20.7477512716263,
      21.375086704626543,
      21.274280380226898,
      21.59685628182792,
      21.675754740619887,
      21.121477820007744,
      21.28487990587562,
      21.608358861070865,
      21.98660317517845,
      21.801367931751614,
      22.09830852698861,
      21.862519082405896,
      22.070480979629657,
      22.033548718446962,
      21.528586554135515,
      21.722169685057025,
      21.841005444178645,
      21.76065519479073,
      21.327404996968998,
      22.134159147764557,
      21.72711814162083,
      23.70221810059125,
      22.954429512326858,
      23.325874299567822,
      23.559850580770117,
      23.545322610005787,
      24.856110807937565,
      25.101388715181894,
      24.63829682914334,
      24.9188590440288,
      24.994176135572967,
      24.975936588051148,
      24.70625473996124,
      25.250746223929553,
      25.335384223160695,
      24.729496341569902,
      24.72664176626121,
      25.58314475820464,
      25.04387700994687,
      25.74650080448353,
      26.14208302200081,
      25.284014383101546,
      25.278476500718078,
      25.84963552459642,
      25.833620294093024,
      25.464912713934304,
      25.774782751410537,
      25.819644864443866,
      25.591112195750355,
      25.515182983976807,
      26.717782848657,
      24.928493539191837,
      25.06659212148793,
      25.877049726351167,
      25.923950153144784,
      25.608077812513628,
      26.155816230731165,
      25.52399215038457,
      26.437911983532896,
      25.974877774072944,
      26.017901091684497,
      26.284754025489246,
      26.02877283887635,
      26.676288268084743,
      25.900153661130005,
      25.646991071323132,
      26.26488647098388,
      26.062723480964305,
      25.73891132773909,
      25.658705967698598,
      26.27051666608463,
      26.55525226663848,
      25.3975431582524,
      26.586049234061417,
      25.913718409090112,
      25.758980376485905,
      26.619056022186108,
      25.394587687756164,
      25.57352618008147,
      26.22831633411256,
      25.825133667861834,
      26.42665287564429,
      26.451087861433177,
      26.19517503589188,
      25.41376503761078,
      25.839748147411317
    ],