{
  "config": {
    "seed": 42,
    "bs_train": 16,
    "bs_test": 4,
    "batches": 100,
    "epochs": 100,
    "early_stopping": 10,
    "checkpoints": null,
    "lr": 0.001,
    "print_every": 100,
    "h_dim": 256,
    "z_dim": 50,
    "betas": [
      0.1,
      0.1
    ],
    "kw": {},
    "RTplot": false,
    "out_dir": "./results/Res3/",
    "run_name": "MEGA_RUNbs_16lr_0.001h_256z_50s_0.5",
    "x_sigma2": 0.5
  },
  "results": {
    "num_epochs": 0,
    "train_loss": [
      1.0483242173989613,
      0.6656418979167938,
      0.6235485553741456,
      0.6471330513556798,
      0.6003155499696732,
      0.6179121047258377,
      0.6003403743108113,
      0.5989773899316788,
      0.5874145984649658,
      0.5742779672145844,
      0.5924422532320023,
      0.5672930707534154,
      0.5717622508605321,
      0.562144735455513,
      0.571823525428772,
      0.5496699690818787,
      0.5485952814420064,
      0.5032061636447906,
      0.5098537584145864,
      0.4999579876661301,
      0.48723034262657167,
      0.47808002630869545,
      0.47550468842188515,
      0.48615601162115735,
      0.4711135317881902,
      0.47284502784411114,
      0.4663365105787913,
      0.47631057699521384,
      0.4603153775135676,
      0.4496796151002248,
      0.44537627398967744,
      0.4549204627672831,
      0.4425039440393448,
      0.43935107191403705,
      0.442127059896787,
      0.43007453978061677,
      0.4247615734736125,
      0.4532613217830658,
      0.43166972200075787,
      0.43214284976323447,
      0.4335166523853938,
      0.42682607769966124,
      0.428408095240593,
      0.41810013155142467,
      0.4165358563264211,
      0.41455767353375755,
      0.4076980789502462,
      0.42881441315015156,
      0.40946008960405983,
      0.40366921027501423,
      0.42006249328454337,
      0.4018033504486084,
      0.41516434848308564,
      0.4029481530189514,
      0.3974783390760422,
      0.39884689152240754,
      0.40609059830506644,
      0.4039764106273651,
      0.40306534568468727,
      0.3897236317396164,
      0.4006588856379191,
      0.3887555261452993,
      0.3949140648047129,
      0.399359197417895,
      0.3933067003885905,
      0.39678514500459033,
      0.38347555498282115,
      0.3856249044338862,
      0.3817871203025182,
      0.38907540440559385,
      0.38570199807484945,
      0.3771786351998647,
      0.3868612736463547,
      0.36909208794434867,
      0.37882081866264344,
      0.37564756274223327,
      0.37600249648094175,
      0.36654823223749794,
      0.37405887643496194,
      0.3734812120596568,
      0.374551448225975,
      0.37461869219938915,
      0.36314544677734373,
      0.3755317290623983,
      0.37383504807949064,
      0.3674066642920176,
      0.36885924835999806,
      0.3812217563390732,
      0.3746684024731318,
      0.36031663914521533,
      0.36965368886788685,
      0.36694966157277426,
      0.3692431658506393,
      0.36725057860215504,
      0.366565395394961,
      0.36478158036867775,
      0.3583039969205856,
      0.36872150997320813,
      0.36417191525300346,
      0.37204041878382366
    ],
    "train_acc": [
      10.022874494040307,
      10.949182625529447,
      11.4672818002407,
      11.551371535625488,
      12.458651198253895,
      12.135010684030876,
      12.332675163084298,
      12.12628287186638,
      12.43333062874791,
      12.645138681444932,
      12.597397862786046,
      12.72242004769112,
      12.867850268065759,
      13.200583001376277,
      13.021912902936261,
      13.334840407423274,
      13.381190967114758,
      14.247235502118071,
      14.208202058693649,
      14.376330290719311,
      14.55441824681332,
      14.940949859653243,
      14.945836498334463,
      14.540497417165717,
      15.055793301861133,
      14.814167325627905,
      15.044091705237996,
      14.80680573136126,
      15.211913275529595,
      15.465337809755717,
      15.79833105614284,
      15.298150441941974,
      15.873117651517866,
      15.753778499948599,
      15.920117860641483,
      16.173936958856604,
      16.539814221297387,
      15.474300036012623,
      16.01510633770272,
      16.062050360624404,
      15.908944754163494,
      16.357261439174888,
      16.075992298107472,
      16.549127817368696,
      16.583015432374527,
      16.63991212898029,
      16.817047385762343,
      16.209841064664804,
      16.809808390326264,
      17.002171421214904,
      16.84546780031215,
      17.065810329075095,
      16.729478943906425,
      17.09293070551473,
      17.251069709727293,
      17.3324269574203,
      16.96047487751855,
      17.057382485645146,
      17.13620670662603,
      17.608765533978048,
      17.14645824840916,
      17.418909747138542,
      17.28037402252472,
      17.216128032899917,
      17.340156178363824,
      17.498496400842345,
      17.74250463034609,
      17.780944540065523,
      17.927955081993783,
      17.513955263730985,
      17.850193172312327,
      18.17638027460311,
      17.651479570287787,
      18.439962852867534,
      18.17355304116304,
      18.206741541508077,
      18.23817901307708,
      18.56009334797625,
      18.379220879756748,
      18.410344497637652,
      18.290324578074724,
      18.16664881204924,
      18.774017676896133,
      18.29162395677596,
      18.301629590440157,
      18.607586328450996,
      18.3827135060206,
      18.121692596713803,
      18.273139385303477,
      18.9755167671984,
      18.415450063541407,
      18.563781137275672,
      18.477980855250955,
      18.63761581834017,
      18.635747113890407,
      18.684086477000875,
      18.995543628156156,
      18.368333396086076,
      18.653883114763563,
      18.433284407641708
    ],