{
  "config": {
    "seed": 42,
    "bs_train": 16,
    "bs_test": 4,
    "batches": 100,
    "epochs": 100,
    "early_stopping": 10,
    "checkpoints": null,
    "lr": 0.0005,
    "print_every": 100,
    "h_dim": 128,
    "z_dim": 2,
    "betas": [
      0.1,
      0.1
    ],
    "kw": {},
    "RTplot": false,
    "out_dir": "./results/Res3/",
    "run_name": "MEGA_RUNbs_16lr_0.0005h_128z_2s_0.9",
    "x_sigma2": 0.9
  },
  "results": {
    "num_epochs": 0,
    "train_loss": [
      0.4878592004378637,
      0.3304763654867808,
      0.32248144447803495,
      0.32544736613829933,
      0.3142043600479762,
      0.32279265771309534,
      0.31156361252069475,
      0.3182164907455444,
      0.3100988854964574,
      0.3100629766782125,
      0.3057077586650848,
      0.30435001651446025,
      0.30459389785925545,
      0.3013492708404859,
      0.29842112263043724,
      0.3079368392626444,
      0.2909467612703641,
      0.2962085162599882,
      0.29364896068970364,
      0.2899423937002818,
      0.2892238174875577,
      0.29591601292292274,
      0.29035663257042565,
      0.2879836400349935,
      0.28129259347915647,
      0.2843552554647128,
      0.2815175086259842,
      0.28122259080410006,
      0.2924670875072479,
      0.27551779250303904,
      0.2725753257671992,
      0.2771211663881938,
      0.27289076844851173,
      0.2928460935751597,
      0.27179737836122514,
      0.28212418407201767,
      0.2732177327076594,
      0.2713044385115306,
      0.27462804317474365,
      0.26965944319963453,
      0.2736434375246366,
      0.26777688016494117,
      0.27135427643855414,
      0.2735680793722471,
      0.26660830825567244,
      0.26445444772640864,
      0.2685014188289642,
      0.26903920571009315,
      0.27342830995718637,
      0.27886487245559693,
      0.2645937303702037,
      0.2562779918313026,
      0.2764627769589424,
      0.26558379729588827,
      0.2617955649892489,
      0.25828622629245124,
      0.26678948948780695,
      0.2630333756407102,
      0.2557109852631887,
      0.26272596915562946,
      0.25988332529862723,
      0.2569261754552523,
      0.26389999488989513,
      0.2568792665998141,
      0.25084359347820284,
      0.2577799618244171,
      0.2638479799032211,
      0.25403722127278644,
      0.2526237964630127,
      0.25883897989988325,
      0.27087195416291554,
      0.2513642450173696,
      0.2563738053043683,
      0.2601805279652278,
      0.254173651834329,
      0.2590081214904785,
      0.2628783802191416,
      0.25390133013327915,
      0.25994952668746313,
      0.25067694634199145,
      0.25390348633130394,
      0.26326191624005635,
      0.2551039238770803,
      0.24811039020617803,
      0.2528768554329872,
      0.24951209972302119,
      0.24461526175340018,
      0.2564697389801343,
      0.25271060864130657,
      0.25648169964551926,
      0.2572163785497347,
      0.2538822968800863,
      0.25501898874839146,
      0.251900360484918,
      0.25134191860755284,
      0.24765945921341578,
      0.25450533827145894,
      0.24862892528374989,
      0.25416910896698636,
      0.25657497396071755
    ],
    "train_acc": [
      19.089270988925392,
      21.02576330397739,
      21.496706742244132,
      21.692707822981806,
      22.382369335420634,
      21.95669466826039,
      23.182668360846733,
      22.445282880187328,
      23.605007519850357,
      23.013416431939273,
      23.530133375236844,
      23.600947164669083,
      23.553891779109478,
      24.609236833473794,
      23.992974599958025,
      23.46763623560282,
      24.55341139831641,
      24.267803484570653,
      24.90941324374929,
      24.757449484066555,
      24.73230466696465,
      24.45081443897373,
      24.64783010515334,
      24.95092376006749,
      25.771102405650154,
      25.038828762589784,
      25.150006781032367,
      24.992748598923658,
      24.312139381885068,
      25.637631009129795,
      25.891224778511194,
      25.443643948856934,
      25.756381957898977,
      24.463856258508603,
      25.7892539580478,
      25.334624359264208,
      25.68227802507909,
      26.02558032509995,
      25.341356534507206,
      25.942385539880867,
      25.771202000437185,
      26.24094657912906,
      25.591258820510003,
      25.447155784865057,
      26.00716222604858,
      26.058204014556456,
      25.991569157290545,
      25.704361639559085,
      26.0430541808835,
      25.342507182428523,
      26.28888345117598,
      26.951651159477414,
      25.786276790805456,
      26.19453559106441,
      26.391825933130935,
      26.642814452804906,
      26.137585251759344,
      26.028113281886064,
      26.904868040193527,
      26.44906197285541,
      26.557746484397754,
      26.846903895631563,
      26.1313406759356,
      26.865250851489385,
      27.04222604187829,
      27.06069583803241,
      26.00784368019916,
      27.143752114331814,
      27.224986132859513,
      26.89429312166434,
      25.690715197874844,
      27.315865509612863,
      26.905376241677406,
      26.810496108519878,
      27.201113127501955,
      26.71994940173761,
      26.454641432061926,
      26.962582239723073,
      26.633537939496815,
      27.3690929741957,
      27.533274855555973,
      26.537499781118143,
      27.374837177341778,
      27.610728725836754,
      27.366669174573175,
      27.711879913222056,
      28.046435786566146,
      27.41361768454348,
      27.367168750299133,
      26.725278428828094,
      27.202291480851574,
      27.585011756090417,
      27.293488939014352,
      27.710407002591772,
      27.526671483950235,
      27.620825424781895,
      27.012085397826354,
      27.582891403019822,
      26.91168799844749,
      26.870622361629266
    ],