{
  "config": {
    "seed": 42,
    "bs_train": 32,
    "bs_test": 8,
    "batches": 100,
    "epochs": 100,
    "early_stopping": 10,
    "checkpoints": null,
    "lr": 0.005,
    "print_every": 100,
    "h_dim": 128,
    "z_dim": 20,
    "betas": [
      0.1,
      0.1
    ],
    "kw": {},
    "RTplot": false,
    "out_dir": "./results/Res3/",
    "run_name": "MEGA_RUNbs_32lr_0.005h_128z_20s_0.9",
    "x_sigma2": 0.9
  },
  "results": {
    "num_epochs": 0,
    "train_loss": [
      1.9415277202924093,
      1.3940563917160034,
      1.1103308856487275,
      0.8219705541928609,
      0.735424917936325,
      0.654027807712555,
      0.6363248189290365,
      0.6019490679105123,
      0.5620414396127065,
      0.528960661093394,
      0.527126693725586,
      0.4815491557121277,
      0.491178297996521,
      0.48095882336298623,
      0.4740634560585022,
      0.46163376371065773,
      0.4526182730992635,
      0.45293968518575034,
      0.44519962668418883,
      0.43631680409113566,
      0.4505313575267792,
      0.4347609361012777,
      0.42701435685157774,
      0.42295313278834024,
      0.4277223885059357,
      0.4275897959868113,
      0.4153856078783671,
      0.41615997155507406,
      0.4212868730227152,
      0.4027604520320892,
      0.4091139674186707,
      0.40162667830785115,
      0.42729644775390624,
      0.40067765712738035,
      0.40892715454101564,
      0.38805968364079796,
      0.3826016624768575,
      0.3834921399752299,
      0.3760824422041575,
      0.3768334865570068,
      0.3768819252649943,
      0.3706354300181071,
      0.366420312722524,
      0.36574355959892274,
      0.35537808140118915,
      0.36352308789889015,
      0.3557441731293996,
      0.3567591985066732,
      0.35292500058809917,
      0.3541154603163401,
      0.35134472449620563,
      0.3533418158690135,
      0.34614574710528057,
      0.345641420284907,
      0.3467851976553599,
      0.3468619525432587,
      0.34467968146006267,
      0.3440388600031535,
      0.3400866488615672,
      0.34452253381411235,
      0.3378476142883301,
      0.33837624788284304,
      0.3319127678871155,
      0.3396416346232096,
      0.3373637239138285,
      0.3317556262016296,
      0.3332862218221029,
      0.32868702212969464,
      0.3298492431640625,
      0.3244770526885986,
      0.320507953564326,
      0.3238630493481954,
      0.32426258524258933,
      0.32136972149213155,
      0.32165873448053994,
      0.3743303994337718,
      0.3474891682465871,
      0.32576332092285154,
      0.3311371862888336,
      0.31374710698922476,
      0.31611793239911395,
      0.31669498085975645,
      0.3252931574980418,
      0.31219926675160725,
      0.32063995599746703,
      0.32005754311879475,
      0.32378456691900886,
      0.3232422133286794,
      0.30952311555544537,
      0.31383914152781167,
      0.3212231735388438,
      0.3069798489411672,
      0.3193863610426585,
      0.311510835091273,
      0.3106557667255402,
      0.3065641313791275,
      0.3224990129470825,
      0.3152708520491918,
      0.299601799249649,
      0.32240013778209686
    ],
    "train_acc": [
      6.230313086131109,
      7.8969952446932385,
      8.286160813719643,
      8.309882039753644,
      9.593728826280433,
      9.550400498417455,
      8.973169616818026,
      9.727000594398689,
      9.532022962461149,
      9.862045552043925,
      9.816199484998668,
      9.882010168289627,
      9.92504709307506,
      9.72747886378856,
      9.810312980710338,
      9.881546846958667,
      9.900711633573154,
      9.914511867599893,
      10.033157805330779,
      9.960807706967303,
      9.992406803923007,
      10.001574908706553,
      10.094185019461856,
      10.08923769783532,
      10.094038830474043,
      9.9324340520572,
      10.051642152172887,
      10.101575361061544,
      10.069377398401071,
      10.126289980120184,
      10.119768531389207,
      10.072272033651695,
      9.732996331188614,
      10.121460679310815,
      10.114444375060245,
      10.382658169896956,
      10.553213207922816,
      10.524386315722648,
      10.622841705481632,
      10.707120417468452,
      10.65792423923824,
      10.699957368587999,
      10.780364288213356,
      10.712400946275348,
      10.821459109676796,
      10.683169364177514,
      10.882662199618224,
      10.942949437125392,
      10.99392046588389,
      10.921557080862996,
      11.001871065058202,
      10.94887712867346,
      11.041747865400513,
      11.056962281977986,
      11.071392483344928,
      10.930192302450267,
      11.130705742266892,
      11.035336267174932,
      11.11059975306346,
      10.962910592179876,
      11.009750665395739,
      11.034461391561138,
      11.130421965888527,
      10.828946098751729,
      11.038437188406315,
      11.152595078631796,
      10.947718032275871,
      11.113118859328164,
      10.992578296183414,
      10.995263144019749,
      11.1513150652245,
      11.100340693166608,
      11.092920011954932,
      11.175428270422277,
      11.145457168954502,
      10.231052700274446,
      10.449671499241862,
      11.347603570980914,
      11.441473123683926,
      11.817265418061812,
      11.775470451210769,
      11.787344160155659,
      11.677143473782928,
      11.937439283135957,
      11.670680105467374,
      11.742256298893647,
      11.654383087274796,
      11.858505531078517,
      12.319818872335285,
      12.077707674989917,
      11.868172147888817,
      12.348190703608415,
      11.81331721163889,
      12.258977378297827,
      12.213403654491232,
      12.296024468793906,
      11.917772553167119,
      11.95082291296193,
      12.630626349934946,
      11.787641692658134
    ],