{
  "config": {
    "seed": 42,
    "bs_train": 64,
    "bs_test": 16,
    "batches": 100,
    "epochs": 100,
    "early_stopping": 10,
    "checkpoints": null,
    "lr": 0.001,
    "print_every": 100,
    "h_dim": 128,
    "z_dim": 5,
    "betas": [
      0.1,
      0.1
    ],
    "kw": {},
    "RTplot": false,
    "out_dir": "./results/Res3/",
    "run_name": "MEGA_RUNbs_64lr_0.001h_128z_5s_0.5",
    "x_sigma2": 0.5
  },
  "results": {
    "num_epochs": 0,
    "train_loss": [
      1.4450557231903076,
      0.7696210667490959,
      0.6777054816484451,
      0.7159787192940712,
      0.6539371907711029,
      0.6420824602246284,
      0.6677664965391159,
      0.6730907559394836,
      0.626010850071907,
      0.6251488924026489,
      0.6474088132381439,
      0.6014139577746391,
      0.6083351671695709,
      0.6120781898498535,
      0.6069487482309341,
      0.596239298582077,
      0.6214128732681274,
      0.5870253592729568,
      0.5995393395423889,
      0.5860032700002193,
      0.5904959514737129,
      0.5971936732530594,
      0.5820701569318771,
      0.5925878807902336,
      0.583903543651104,
      0.593131311237812,
      0.588276531547308,
      0.5747047960758209,
      0.5773186460137367,
      0.5651998817920685,
      0.573452465236187,
      0.5798858627676964,
      0.5817225091159344,
      0.565897062420845,
      0.5635910406708717,
      0.5752658993005753,
      0.5713236257433891,
      0.5742626190185547,
      0.5909998454153538,
      0.5836674347519875,
      0.5827772468328476,
      0.6004922166466713,
      0.5524372309446335,
      0.5699808523058891,
      0.5800332315266132,
      0.5761393122375011,
      0.5901864469051361,
      0.5680567547678947,
      0.5616913326084614,
      0.5771627649664879,
      0.625969972461462,
      0.5465822070837021,
      0.5774346366524696,
      0.5725388079881668,
      0.5691683292388916,
      0.6133568547666073,
      0.5638363733887672,
      0.5521386526525021,
      0.5932482779026031,
      0.6263546049594879,
      0.5459451489150524,
      0.5952874273061752,
      0.5931762345135212,
      0.5065895952284336,
      0.583743117749691,
      0.6007229946553707,
      0.5596424601972103,
      0.5329742282629013,
      0.5664170309901237,
      0.5607261061668396,
      0.5306652225553989,
      0.5886904336512089,
      0.5480741336941719,
      0.5070350915193558,
      0.5740367025136948,
      0.5538454167544842,
      0.5115737281739712,
      0.5847443304955959,
      0.5144103765487671,
      0.4854956716299057,
      0.5208929441869259,
      0.5071968324482441,
      0.4874268248677254,
      0.5645734742283821,
      0.4900007024407387,
      0.5007129870355129,
      0.5455737002193928,
      0.5112714357674122,
      0.47985267266631126,
      0.5043907016515732,
      0.5538188107311726,
      0.5546768680214882,
      0.4819089472293854,
      0.5438368171453476,
      0.5330730006098747,
      0.506482720375061,
      0.49749936908483505,
      0.505190696567297,
      0.5411056540906429,
      0.5521096847951412
    ],
    "train_acc": [
      2.59146392515266,
      2.5480605390170776,
      2.8582506504435194,
      2.876175641063746,
      3.01664868823311,
      3.0068216242217733,
      2.961891591267601,
      3.015465504368371,
      3.0357986148518967,
      3.1153287752492624,
      3.086875062064505,
      3.1878130478979814,
      3.1675454241609144,
      3.1840821842453493,
      3.169173122301863,
      3.218140222138166,
      3.1275432507611898,
      3.20435125711537,
      3.1938519692201823,
      3.263329565901139,
      3.250959553865374,
      3.18311717598373,
      3.2416793944199997,
      3.2443587367385693,
      3.2343209034479625,
      3.2147816541756455,
      3.2075710236213286,
      3.293568792289457,
      3.278436151522276,
      3.2992142427584232,
      3.249528733873003,
      3.245907179386411,
      3.2694391191859937,
      3.281814624064757,
      3.312574926633136,
      3.2248386949022088,
      3.2657716727056427,
      3.2738832627745964,
      3.2426946453298844,
      3.3089816364121516,
      3.1941617899409565,
      3.1887696400333807,
      3.369241901376607,
      3.2849029291041503,
      3.288409665067961,
      3.2706718912263004,
      3.2032873438754446,
      3.3369122387657195,
      3.3818534975711394,
      3.241533698899195,
      3.1294373515396674,
      3.414586970401562,
      3.2730845368943786,
      3.3080447178573147,
      3.445875636441233,
      3.3041185584933204,
      3.3983962960601364,
      3.5899966416234026,
      3.2928003175418907,
      3.4290817048526607,
      3.6054562566736084,
      3.3611197066824596,
      3.335884746728432,
      3.85413235981226,
      3.3872386033924102,
      3.2528150959051336,
      3.492788136739372,
      3.6339350178326257,
      3.4498356854441727,
      3.449857611279451,
      3.5789999886096666,
      3.320672878179464,
      3.479896425688583,
      3.733955623265781,
      3.5011736086425773,
      3.5560648080404245,
      3.7465967697557705,
      3.5874103133814437,
      3.695913056387111,
      3.9181416020681397,
      3.7788165650369447,
      3.737841943435237,
      3.9593935321600875,
      3.5323950580868195,
      3.8429327199281698,
      3.838301032456443,
      3.507514056415271,
      3.735804163810121,
      3.968885504779503,
      3.886379648528507,
      3.5422554424555144,
      3.5503745671973452,
      3.9662223694657603,
      3.4463245115385286,
      3.5942718093255133,
      3.675791445897385,
      3.8456687814537633,
      3.789584610417596,
      3.665449423262003,
      3.627291982350504
    ],