{
  "config": {
    "seed": 42,
    "bs_train": 32,
    "bs_test": 8,
    "batches": 100,
    "epochs": 100,
    "early_stopping": 10,
    "checkpoints": null,
    "lr": 0.0005,
    "print_every": 100,
    "h_dim": 128,
    "z_dim": 10,
    "betas": [
      0.1,
      0.1
    ],
    "kw": {},
    "RTplot": false,
    "out_dir": "./results/Res3/",
    "run_name": "MEGA_RUNbs_32lr_0.0005h_128z_10s_0.9",
    "x_sigma2": 0.9
  },
  "results": {
    "num_epochs": 0,
    "train_loss": [
      0.9139551361401875,
      0.35275617241859436,
      0.3310398836930593,
      0.3297109623750051,
      0.32981765071551006,
      0.32526028951009117,
      0.31826552947362263,
      0.3147142787774404,
      0.31963928540547687,
      0.31701271533966063,
      0.32008142669995626,
      0.3148758669694265,
      0.31279877026875813,
      0.31564191579818723,
      0.3123069206873576,
      0.30829600791136424,
      0.3170132517814636,
      0.3053863704204559,
      0.3114124854405721,
      0.30839799841245014,
      0.29867757161458336,
      0.31519519885381064,
      0.3048514942328135,
      0.3011488656202952,
      0.30786509116490685,
      0.29844743410746255,
      0.3098412772019704,
      0.3049116790294647,
      0.3141047100226084,
      0.30652692516644797,
      0.29963174760341643,
      0.2953574965397517,
      0.2999332189559937,
      0.29899052480856575,
      0.2918306827545166,
      0.2957520127296448,
      0.2824094523986181,
      0.27785388628641766,
      0.2861981153488159,
      0.27830857733885445,
      0.27885769108931224,
      0.2787822643915812,
      0.2776569306850433,
      0.2687336732943853,
      0.2860097865263621,
      0.27462062537670134,
      0.26643231014410657,
      0.277298292517662,
      0.27158733606338503,
      0.28376097877820333,
      0.27531449298063915,
      0.265127361814181,
      0.26727765500545503,
      0.270357816418012,
      0.2671884834766388,
      0.2837998390197754,
      0.2547831773757935,
      0.26873914102713264,
      0.26193493207295737,
      0.26062317887941994,
      0.26561487913131715,
      0.26614297529061637,
      0.273065984249115,
      0.25707824031511944,
      0.25558194716771443,
      0.257711194952329,
      0.2684388836224874,
      0.26004493633906045,
      0.2508020639419556,
      0.2544293483098348,
      0.24992730617523193,
      0.2579713612794876,
      0.2553025553623835,
      0.25950056612491607,
      0.2525283873081207,
      0.25255693395932516,
      0.2571243166923523,
      0.2465829203526179,
      0.25637681980927784,
      0.2525155504544576,
      0.2613373259703318,
      0.2543708393971125,
      0.24575260480244954,
      0.2465841124455134,
      0.2456518977880478,
      0.2551876058181127,
      0.25480552613735197,
      0.24196647107601166,
      0.25282158454259235,
      0.2507040768861771,
      0.2518714090188344,
      0.2445208768049876,
      0.23870971500873567,
      0.25018867254257204,
      0.2525560617446899,
      0.26260376075903574,
      0.24467059473196665,
      0.23831019103527068,
      0.23871627549330393,
      0.24193938374519347
    ],
    "train_acc": [
      8.964628293458787,
      9.851416945117505,
      10.48269361717786,
      10.61359492935191,
      10.722514931026065,
      10.640439076853646,
      10.959923622792944,
      11.060085001982191,
      11.032185742667828,
      11.120890810642475,
      10.94801323146658,
      11.183568372367457,
      11.281344669605476,
      11.287993315922947,
      11.41159585068337,
      11.77737140261008,
      11.199356798156353,
      11.719403751410225,
      11.578828419402639,
      11.630144642301058,
      12.065333235033712,
      11.370261098007479,
      11.762029471136472,
      11.76609698247827,
      11.564228654176055,
      12.081339243435439,
      11.909293896373647,
      11.885871782009492,
      11.604574845396687,
      11.707504298986397,
      12.094090811985794,
      12.126972471546562,
      11.963015810186915,
      12.204609068861371,
      12.239588158536858,
      11.889662967326696,
      12.552514019799977,
      12.796560077578746,
      12.435025318341,
      12.818348540195602,
      12.844305938397026,
      12.713780505866788,
      12.625481343787651,
      13.322952219531786,
      12.543282577970468,
      12.682635199467926,
      13.231573495777212,
      12.718668235554292,
      12.870721851731478,
      12.463878497991713,
      12.674038200100664,
      13.203023695500509,
      12.985592992709842,
      12.817927294593144,
      13.136754937289922,
      12.403096390213518,
      13.578694095229631,
      13.16548345123727,
      13.18780960394962,
      13.3548711834527,
      13.261275116527022,
      13.158327537174587,
      12.685558920619274,
      13.313856926358486,
      13.475323871017672,
      13.497246218995448,
      12.88746956031375,
      13.404444794294765,
      13.742257797495585,
      13.679150498300029,
      13.769422812321203,
      13.421834458195663,
      13.527133839933699,
      13.321236345311595,
      13.656482537584878,
      13.642001450154423,
      13.441436921040824,
      13.89142570359223,
      13.578499975652143,
      13.60014162935338,
      13.342926328727513,
      13.49101493136768,
      13.939572379674852,
      13.758818906733287,
      13.948412596625728,
      13.556885603671372,
      13.44689045307846,
      14.10906696457677,
      13.671792777164557,
      13.78702551940593,
      13.65185489611467,
      14.129484385867464,
      14.312964581385904,
      13.699702322123,
      13.594837047689746,
      13.487612244242442,
      13.952087569598355,
      14.427163839964555,
      14.297732767418092,
      14.12614160895369
    ],