{
  "config": {
    "seed": 42,
    "bs_train": 32,
    "bs_test": 8,
    "batches": 100,
    "epochs": 100,
    "early_stopping": 10,
    "checkpoints": null,
    "lr": 0.01,
    "print_every": 100,
    "h_dim": 128,
    "z_dim": 5,
    "betas": [
      0.1,
      0.1
    ],
    "kw": {},
    "RTplot": false,
    "out_dir": "./results/Res3/",
    "run_name": "MEGA_RUNbs_32lr_0.01h_128z_5s_0.5",
    "x_sigma2": 0.5
  },
  "results": {
    "num_epochs": 0,
    "train_loss": [
      3.1971386194229128,
      1.6896179755528768,
      1.5484156529108684,
      1.3830928643544516,
      0.9898866335550944,
      0.811805232365926,
      0.815016523996989,
      0.7771787365277608,
      0.7538691322008769,
      0.7058617949485779,
      0.6866675813992819,
      0.6835415641466777,
      0.6932637333869934,
      0.6782260576883952,
      0.6770637313524882,
      0.6495466033617655,
      0.6493333379427592,
      0.6389236013094585,
      0.6341440796852111,
      0.6157538612683614,
      0.6097229202588399,
      0.6038923382759094,
      0.61643359263738,
      0.6129789888858795,
      0.6120535175005595,
      0.5960916876792908,
      0.6047011613845825,
      0.6202936967213949,
      0.6155555566151937,
      0.6160805225372314,
      0.6079927404721578,
      0.604893163839976,
      0.6064362088839214,
      0.6033947825431824,
      0.5987940092881521,
      0.5959592700004578,
      0.5964942455291748,
      0.6036186019579569,
      0.5966585834821065,
      0.5912774582703908,
      0.5915071090062459,
      0.5942029555638632,
      0.5885268767674764,
      0.5913397550582886,
      0.5853267947832743,
      0.5971253673235576,
      0.5818742632865905,
      0.5859868446985881,
      0.5831821123758952,
      0.5853207111358643,
      0.5805615822474162,
      0.5818916459878286,
      0.5828707337379455,
      0.580285640557607,
      0.576322074731191,
      0.5760232190291087,
      0.5764996608098348,
      0.5763132651646932,
      0.571943978468577,
      0.579009739557902,
      0.5748006860415141,
      0.569428006807963,
      0.580631689230601,
      0.5740921298662821,
      0.5722003618876139,
      0.5734032769997914,
      0.5681688944498698,
      0.5735590954621633,
      0.5721129814783732,
      0.5693841894467672,
      0.5708030780156453,
      0.5655903240044912,
      0.5674162268638611,
      0.5681885778903961,
      0.5658476909001668,
      0.5618035475413005,
      0.56362411181132,
      0.5680440107981364,
      0.562748384475708,
      0.5628132700920105,
      0.5643440246582031,
      0.5627280672391256,
      0.5601349393526713,
      0.5643421888351441,
      0.5587553640206655,
      0.5595110734303792,
      0.5632513602574666,
      0.5579003810882568,
      0.5576222201188406,
      0.5560359001159668,
      0.5601491928100586,
      0.5556053757667542,
      0.5578510085741679,
      0.5559965511163075,
      0.5550984044869741,
      0.5539756894111634,
      0.5534999827543895,
      0.5508193035920461,
      0.5550022423267365,
      0.5561165074507396
    ],
    "train_acc": [
      2.7326673863375777,
      4.099335996845761,
      4.748159176829641,
      5.421753885834598,
      5.475190491753843,
      5.493781987547978,
      5.461318083380512,
      5.503749744281411,
      5.366104241191478,
      5.508261659933087,
      5.513688882578886,
      5.542807445619564,
      5.421878717729939,
      5.541687582191608,
      5.583043610402987,
      5.6345766766306955,
      5.54835608351961,
      5.672563746500648,
      5.657491927010665,
      5.737165720841582,
      5.789649370835945,
      5.814271608052058,
      5.668659300186135,
      5.728607710082509,
      5.781800460285016,
      5.847034130234084,
      5.745080017546646,
      5.612014347122867,
      5.597858846467431,
      5.654548228925745,
      5.66112284535058,
      5.697817281179178,
      5.671342857566822,
      5.700398610111312,
      5.73104629536827,
      5.745094285868809,
      5.717988432345164,
      5.661334179926289,
      5.70847679384244,
      5.714892948525741,
      5.725134358560376,
      5.684788209207565,
      5.736532201102035,
      5.729774804915174,
      5.730589558285474,
      5.6585127714816315,
      5.7538885273562554,
      5.723568321680149,
      5.734484639181348,
      5.727197305597659,
      5.737347375932852,
      5.734843407731647,
      5.722471816413989,
      5.729827370277197,
      5.742568682311333,
      5.758420396349236,
      5.740994616927865,
      5.767510672464405,
      5.76796159672493,
      5.7084040930760915,
      5.724244687569533,
      5.777531482293577,
      5.673289684378039,
      5.750253863805487,
      5.748148648506188,
      5.739079080931882,
      5.760210009775828,
      5.698867365405973,
      5.687965480532961,
      5.728743377243135,
      5.716570809603024,
      5.756015380757713,
      5.724815317226596,
      5.717949823146839,
      5.720009714840575,
      5.745936040555599,
      5.734742923401027,
      5.707697349580943,
      5.7494280548565015,
      5.754686526743943,
      5.7205791650646995,
      5.731647768247196,
      5.760128663244356,
      5.715562220189539,
      5.756440577179732,
      5.748599241827447,
      5.711871022257467,
      5.73402604606347,
      5.730392543380108,
      5.747833098017936,
      5.724760658413276,
      5.736185267697518,
      5.714296236073967,
      5.732714142518648,
      5.7312929148212115,
      5.742465857955613,
      5.7466942781796435,
      5.766224039879634,
      5.713262552325693,
      5.72042493643085
    ],