{
  "config": {
    "seed": 42,
    "bs_train": 64,
    "bs_test": 16,
    "batches": 100,
    "epochs": 100,
    "early_stopping": 10,
    "checkpoints": null,
    "lr": 0.005,
    "print_every": 100,
    "h_dim": 128,
    "z_dim": 5,
    "betas": [
      0.1,
      0.1
    ],
    "kw": {},
    "RTplot": false,
    "out_dir": "./results/Res3/",
    "run_name": "MEGA_RUNbs_64lr_0.005h_128z_5s_0.5",
    "x_sigma2": 0.5
  },
  "results": {
    "num_epochs": 0,
    "train_loss": [
      2.0682843029499054,
      1.6429996564984322,
      2.01332675665617,
      2.663219228386879,
      1.3199091479182243,
      1.0794728323817253,
      0.984367623925209,
      0.9623262360692024,
      0.7965472936630249,
      0.7574049308896065,
      0.8159297928214073,
      0.7555244266986847,
      0.7477680593729019,
      0.7497220635414124,
      0.7670925185084343,
      0.7625680565834045,
      0.716368094086647,
      0.7129988744854927,
      0.7113965675234795,
      0.7139722779393196,
      0.7011952102184296,
      0.6970341727137566,
      0.6945752501487732,
      0.6859734430909157,
      0.6810381636023521,
      0.6809628829360008,
      0.6806260272860527,
      0.6791871413588524,
      0.6695818305015564,
      0.6638685911893845,
      0.6625887751579285,
      0.6593105494976044,
      0.6507541313767433,
      0.6557641476392746,
      0.6487927064299583,
      0.6502071544528008,
      0.6467705965042114,
      0.6424865275621414,
      0.6351905912160873,
      0.6313399448990822,
      0.6409434601664543,
      0.639481671154499,
      0.6329570710659027,
      0.6383590921759605,
      0.6324990689754486,
      0.632879726588726,
      0.6280979514122009,
      0.6346816420555115,
      0.6328833922743797,
      0.6323576271533966,
      0.6347113475203514,
      0.6257903948426247,
      0.6295478641986847,
      0.6288765221834183,
      0.626556508243084,
      0.6271599978208542,
      0.6262331008911133,
      0.62392258644104,
      0.6233892515301704,
      0.6217901408672333,
      0.6203244552016258,
      0.6211644783616066,
      0.6185555458068848,
      0.6277979612350464,
      0.6223043501377106,
      0.6147079169750214,
      0.6188689097762108,
      0.61524548381567,
      0.6185242459177971,
      0.6132657527923584,
      0.618266686797142,
      0.6234439164400101,
      0.6130460575222969,
      0.6159711554646492,
      0.6152956709265709,
      0.6119821071624756,
      0.6173816323280334,
      0.6127150133252144,
      0.6157492399215698,
      0.6175066530704498,
      0.6114299520850182,
      0.6101258173584938,
      0.6070073544979095,
      0.614993654191494,
      0.6082236245274544,
      0.6060162782669067,
      0.608834408223629,
      0.6111222952604294,
      0.613044261932373,
      0.6097732335329056,
      0.6080415174365044,
      0.6049534007906914,
      0.610160581767559,
      0.6090020909905434,
      0.6054091155529022,
      0.6094119697809219,
      0.6048049479722977,
      0.6031431779265404,
      0.6013822183012962,
      0.6082936897873878
    ],
    "train_acc": [
      1.8333826782852225,
      2.2513936109355726,
      2.548278727581153,
      2.71629583344395,
      2.745495725977844,
      2.8366770028135355,
      2.8907488634928007,
      2.905735891249016,
      2.898000664346942,
      2.9023753184323904,
      2.877059252360321,
      2.919910313648693,
      2.9331639382458126,
      2.909091935511234,
      2.924224481528167,
      2.9389060411897394,
      2.9253072028716183,
      2.9269187174444258,
      2.9155553757480965,
      2.9546349264191365,
      2.9244477581990718,
      2.9153347200572886,
      2.9214445397045434,
      2.954741408244306,
      2.940324438601554,
      2.9361101400762757,
      2.9379619071732477,
      2.9210167720223583,
      2.9571279462713864,
      2.9500553713631756,
      2.9363118991177997,
      2.9407663298962516,
      2.9555931824632795,
      2.9394791233502495,
      2.9507719650369615,
      2.944308360170281,
      2.9251863292596294,
      2.9500737693115253,
      2.961590938230184,
      2.9612157755374153,
      2.923691323097096,
      2.9354537719664036,
      2.9550338310159914,
      2.9526387257156053,
      2.949237369991271,
      2.9548234987414976,
      2.9658284618769644,
      2.9311905747546576,
      2.937394044021966,
      2.9463213767715426,
      2.9448898402944517,
      2.9701663016825353,
      2.9399913929536092,
      2.9380302850871107,
      2.9549318449488093,
      2.945137762768918,
      2.953960788433284,
      2.9506341210812144,
      2.946171696273569,
      2.9644322781474353,
      2.9656999039736758,
      2.9612203303853266,
      2.95956885142304,
      2.9322451401359433,
      2.9645043909774103,
      2.9657110645687035,
      2.9739373390018993,
      2.9764250152987572,
      2.94322672552651,
      2.967797944429346,
      2.9569679040444314,
      2.938139894660252,
      2.987976125108596,
      2.9646860065932596,
      2.950144108042768,
      2.9637146584361314,
      2.9433637475023327,
      2.957969361875018,
      2.951582162242871,
      2.9494702747433896,
      2.9714366348613472,
      2.96673792293474,
      2.9942154455313523,
      2.9410041720188986,
      2.9714604808909413,
      2.9958361027184606,
      2.9651994800767945,
      2.9518838945223176,
      2.937368164723502,
      2.964778757131981,
      2.9593125282348853,
      2.9757089524015585,
      2.956279301461295,
      2.960757927556085,
      2.9630980513614196,
      2.9566655112207783,
      2.957779316379224,
      2.9826486668075516,
      2.965638223605421,
      2.94355565947433
    ],