{
  "config": {
    "seed": 42,
    "bs_train": 16,
    "bs_test": 4,
    "batches": 100,
    "epochs": 100,
    "early_stopping": 10,
    "checkpoints": null,
    "lr": 0.005,
    "print_every": 100,
    "h_dim": 256,
    "z_dim": 10,
    "betas": [
      0.1,
      0.1
    ],
    "kw": {},
    "RTplot": false,
    "out_dir": "./results/Res3/",
    "run_name": "MEGA_RUNbs_16lr_0.005h_256z_10s_0.5",
    "x_sigma2": 0.5
  },
  "results": {
    "num_epochs": 0,
    "train_loss": [
      1.7953255693117778,
      1.2235899607340495,
      0.9626177529493968,
      0.7894656419754028,
      0.7617867012818654,
      0.7169911285241445,
      0.6751949707667033,
      0.6597205132246018,
      0.6522923688093821,
      0.6671795656283697,
      0.6339292873938879,
      0.6145654459794362,
      0.6084572474161783,
      0.6056033472220103,
      0.6138152102629344,
      0.5962206731239955,
      0.5933572957913081,
      0.5918942421674729,
      0.5994355161984761,
      0.582313280304273,
      0.5985755721728007,
      0.5955267280340195,
      0.590072097380956,
      0.5988140046596527,
      0.5903162499268849,
      0.5867590278387069,
      0.5830256919066111,
      0.5811291952927907,
      0.5811751842498779,
      0.5841932644446691,
      0.5769699692726136,
      0.5773146053155264,
      0.5799558858076731,
      0.5741830656925837,
      0.5733903328577677,
      0.5730972637732824,
      0.5732217709223429,
      0.572570397456487,
      0.5676068981488546,
      0.5706250458955765,
      0.5679310649633408,
      0.5677082826693852,
      0.5666539996862412,
      0.568181911110878,
      0.5635173718134562,
      0.5661644707123439,
      0.5651422758897146,
      0.5644931028286616,
      0.5636449724435806,
      0.5630199472109477,
      0.564819797873497,
      0.5619366774956386,
      0.5624892701705296,
      0.5592139234145482,
      0.561104279756546,
      0.5611575355132421,
      0.5601435581843058,
      0.5591223508119583,
      0.5611673096815745,
      0.5581590195496877,
      0.5603671371936798,
      0.5574452211459477,
      0.5581665923198064,
      0.5568275849024454,
      0.557592957218488,
      0.5569106191396713,
      0.5558476875225703,
      0.5557573884725571,
      0.5542974392573039,
      0.5566478878259659,
      0.5555550207694372,
      0.5533453067143758,
      0.5539396395285924,
      0.553215715289116,
      0.5546535283327103,
      0.5524380803108215,
      0.5525839358568192,
      0.5532900770505269,
      0.5521169503529867,
      0.5547184944152832,
      0.5514909505844117,
      0.5496781826019287,
      0.550213963786761,
      0.5498731056849162,
      0.5504796306292216,
      0.5485688547293345,
      0.5502819091081619,
      0.5484010467926661,
      0.5476125985383987,
      0.5462519605954488,
      0.5461165299018224,
      0.5445236206054688,
      0.5484181215365728,
      0.5461110840241115,
      0.5463555465141933,
      0.5457710842291514,
      0.5466056565443674,
      0.545476421713829,
      0.5440219034751256,
      0.5453506072362264
    ],
    "train_acc": [
      5.699749104297167,
      7.862906768197119,
      9.470274369767761,
      10.654482685407684,
      10.784160531131851,
      11.08628524664077,
      11.391821874791217,
      11.43116715937658,
      11.381142524456713,
      11.216474040196205,
      11.544080823950193,
      11.576941948143935,
      11.545163627617608,
      11.463318853727877,
      11.276261695124063,
      11.626350154180894,
      11.72048430944269,
      11.698882229912304,
      11.452924954128948,
      11.699088091991232,
      11.358945703245174,
      11.36018840716748,
      11.475562250948713,
      11.393742338464193,
      11.39809829116207,
      11.481050633672432,
      11.481001190973291,
      11.548406709885358,
      11.552615113533562,
      11.448185623825049,
      11.533413880584149,
      11.507363770430876,
      11.470207254879053,
      11.547015767537207,
      11.588996802004068,
      11.597421514367877,
      11.556764500204357,
      11.519733797377565,
      11.629381267417791,
      11.586707854957048,
      11.615656710066364,
      11.65534928720939,
      11.600903707740274,
      11.569849380638042,
      11.667620412609716,
      11.566093459068963,
      11.555368551426985,
      11.586998787307266,
      11.618702664679978,
      11.590580945766922,
      11.614033966211544,
      11.583913673575347,
      11.616115184765693,
      11.67612679734492,
      11.62350323040807,
      11.59118634814771,
      11.58863604376428,
      11.584621305122065,
      11.59416266899542,
      11.615623008871031,
      11.64479589388164,
      11.635126433168654,
      11.642397523893464,
      11.604954872586696,
      11.61213800392586,
      11.669303561305831,
      11.609967064449883,
      11.59001628669202,
      11.632156297839181,
      11.563944075487795,
      11.648799769650868,
      11.662394140042997,
      11.633600130373058,
      11.633079499436748,
      11.5664918331497,
      11.670717668857652,
      11.616774071157918,
      11.614578331748161,
      11.59967501907985,
      11.596620378087987,
      11.68898591039596,
      11.732673182623907,
      11.625527114461669,
      11.656264193673369,
      11.634985813003441,
      11.580909043165525,
      11.620985036771367,
      11.616515263613781,
      11.630052261956621,
      11.686889470134256,
      11.64689805411035,
      11.688049463464155,
      11.666925329003904,
      11.599773692251418,
      11.65193194866561,
      11.644595075841602,
      11.645709815343798,
      11.63462714975313,
      11.665619028614133,
      11.62994579209505
    ],