{
  "config": {
    "seed": 42,
    "bs_train": 16,
    "bs_test": 4,
    "batches": 100,
    "epochs": 100,
    "early_stopping": 10,
    "checkpoints": null,
    "lr": 0.0005,
    "print_every": 100,
    "h_dim": 256,
    "z_dim": 20,
    "betas": [
      0.1,
      0.1
    ],
    "kw": {},
    "RTplot": false,
    "out_dir": "./results/Res3/",
    "run_name": "MEGA_RUNbs_16lr_0.0005h_256z_20s_0.5",
    "x_sigma2": 0.5
  },
  "results": {
    "num_epochs": 0,
    "train_loss": [
      1.6108774920304616,
      0.5891683161258697,
      0.5823310683170955,
      0.5818953176339468,
      0.5695168256759644,
      0.5708886623382569,
      0.5735660721858342,
      0.553914671142896,
      0.548239454627037,
      0.5603562215964,
      0.5420463969310124,
      0.5509752819935481,
      0.5449836115042369,
      0.5314509938160579,
      0.5448757688204448,
      0.5157855898141861,
      0.5185782720645269,
      0.49884386360645294,
      0.4978493720293045,
      0.4736110220352809,
      0.501165333390236,
      0.4751613785823186,
      0.4687682569026947,
      0.4739600698153178,
      0.46318725844224296,
      0.4657202442487081,
      0.4587198038895925,
      0.4678019652764002,
      0.46424660583337146,
      0.4661997447411219,
      0.4606541196505229,
      0.45377415120601655,
      0.4458920439084371,
      0.44308896859486896,
      0.4518158237139384,
      0.4516280700763067,
      0.4447471092144648,
      0.4442151645819346,
      0.44042195975780485,
      0.43688230713208515,
      0.43405437270800273,
      0.4337474445501963,
      0.43948775629202524,
      0.4335136850674947,
      0.43417529165744784,
      0.4204505056142807,
      0.41986833810806273,
      0.4277899245421092,
      0.4232172767321269,
      0.4209294021129608,
      0.41940319736798604,
      0.40914265513420106,
      0.4311111221710841,
      0.4188956161340078,
      0.41117875079313915,
      0.4144999494155248,
      0.4073858499526978,
      0.40447339216868083,
      0.4092446138461431,
      0.4074049780766169,
      0.4112784375747045,
      0.4131190945704778,
      0.4128607491652171,
      0.4122568219900131,
      0.40577050149440763,
      0.4126958032449087,
      0.4024700919787089,
      0.40099812746047975,
      0.4002292017141978,
      0.3918580005566279,
      0.4063985953728358,
      0.3957606057325999,
      0.3930847515662511,
      0.3898618519306183,
      0.39129427770773567,
      0.3842931499083837,
      0.38232604463895165,
      0.3768423835436503,
      0.38597019215424855,
      0.380948461095492,
      0.38203740417957305,
      0.37160673836867014,
      0.3666880379120509,
      0.3736969878276189,
      0.37217564284801485,
      0.36940935750802356,
      0.37473114728927615,
      0.37846381664276124,
      0.3605999787648519,
      0.3728366216023763,
      0.3652637908856074,
      0.3623611410458883,
      0.3808345258235931,
      0.37073664168516796,
      0.3614682286977768,
      0.3748951256275177,
      0.360874738295873,
      0.3735065350929896,
      0.3708440194527308,
      0.3630674988031387
    ],
    "train_acc": [
      10.397745805451741,
      11.759777756010436,
      11.940319204434514,
      11.986391814829458,
      12.64857167984055,
      12.607356805413081,
      12.416668610151913,
      12.919868224159108,
      12.985809403950062,
      12.713768681794473,
      13.174937799266251,
      12.935663634862463,
      13.340597943405333,
      13.573865789342697,
      13.069300534588379,
      13.800575210041625,
      13.76522687385812,
      14.166353039895535,
      14.37822247329751,
      14.789983142279453,
      14.077825967214062,
      14.570160918939296,
      14.961461803983633,
      14.661071457296961,
      14.986511802380823,
      14.838435018285779,
      15.029284671986629,
      14.912315053258048,
      14.920012643877973,
      15.03389481412034,
      14.931120986350471,
      15.197234377671471,
      15.372280764042031,
      15.362067029371666,
      15.141058894426964,
      15.255108847910623,
      15.37295999188002,
      15.379527803341938,
      15.606281528286106,
      15.636324891253329,
      15.877172869880729,
      15.663650918377149,
      15.765655577590067,
      15.88162332947072,
      15.734161884856748,
      16.169154723436872,
      16.158112986789973,
      16.050047818577923,
      16.00097404668609,
      16.220340042723056,
      16.230628571189882,
      16.564126331122804,
      15.958652260203362,
      16.243454852051343,
      16.497822523346642,
      16.324594858643504,
      16.44746569378563,
      16.711626419856493,
      16.469892680015512,
      16.602755195420865,
      16.587649284649206,
      16.380154526183627,
      16.523361220467276,
      16.61304375993057,
      16.661818144907897,
      16.39921197591852,
      16.73332753546976,
      16.90656959558453,
      16.976268383463385,
      17.270208669696604,
      16.656948805430893,
      17.113479051500203,
      17.28054009590014,
      17.471340027052744,
      17.385313451242517,
      17.848441688521085,
      17.828935720730822,
      18.00504968286313,
      17.670697244024016,
      17.82942272785025,
      17.864438408072864,
      18.3676205796059,
      18.55124975632404,
      18.291327689985998,
      18.413258813149206,
      18.34136788485311,
      18.19529949956958,
      18.170517894921378,
      18.89944943108494,
      18.3435950835901,
      18.715247991942302,
      18.8174313550177,
      18.083145980645394,
      18.314603257617307,
      18.65141858391779,
      18.28593016951725,
      18.90627697901118,
      18.217343373665823,
      18.273974784998693,
      18.67455491961121
    ],