{
  "config": {
    "seed": 42,
    "bs_train": 32,
    "bs_test": 8,
    "batches": 100,
    "epochs": 100,
    "early_stopping": 10,
    "checkpoints": null,
    "lr": 0.001,
    "print_every": 100,
    "h_dim": 128,
    "z_dim": 5,
    "betas": [
      0.1,
      0.1
    ],
    "kw": {},
    "RTplot": false,
    "out_dir": "./results/Res3/",
    "run_name": "MEGA_RUNbs_32lr_0.001h_128z_5s_0.5",
    "x_sigma2": 0.5
  },
  "results": {
    "num_epochs": 0,
    "train_loss": [
      1.1318567236264547,
      0.7142034530639648,
      0.6747318983078003,
      0.657127050558726,
      0.6338390390078227,
      0.6087527910868327,
      0.6231810808181762,
      0.6114223639170329,
      0.5962743242581685,
      0.6187754531701406,
      0.5986866772174835,
      0.5948723912239074,
      0.6124170084794363,
      0.5842905322710673,
      0.5807954410711924,
      0.5830123583475749,
      0.5784040331840515,
      0.5967402478059133,
      0.598357516527176,
      0.5930723210175832,
      0.6125696917374929,
      0.5766191601753234,
      0.5782917002836864,
      0.5689164578914643,
      0.5717167297999064,
      0.5829231142997742,
      0.5657201548417409,
      0.5617003659407298,
      0.591396854321162,
      0.575485626856486,
      0.5599908888339996,
      0.5788036346435547,
      0.5641594449679057,
      0.5512198448181153,
      0.5389967660109202,
      0.5271945834159851,
      0.5365033229192098,
      0.5226203680038453,
      0.5333106656869252,
      0.5148363431294759,
      0.5446362853050232,
      0.5285921315352122,
      0.5619583090146383,
      0.5169277509053548,
      0.5302428682645162,
      0.5253396511077881,
      0.49828295707702636,
      0.5101325829823812,
      0.5088333586851755,
      0.4840315063794454,
      0.5311996002991994,
      0.5459127883116405,
      0.5076589087645212,
      0.5074070036411286,
      0.4958190937836965,
      0.521084209283193,
      0.5154157916704813,
      0.5078073302904765,
      0.539458954334259,
      0.46935860912005106,
      0.48639363249142964,
      0.5007927477359772,
      0.4900077720483144,
      0.4761329174041748,
      0.4902777930100759,
      0.48883533279101055,
      0.4942817986011505,
      0.46980319221814476,
      0.46415536204973856,
      0.4730937620004018,
      0.4906059662501017,
      0.5088330547014872,
      0.46831745902697247,
      0.5231168945630391,
      0.45767295360565186,
      0.4999452551205953,
      0.47743446826934816,
      0.45428087512652077,
      0.4867836674054464,
      0.4975648601849874,
      0.47222426732381184,
      0.5034191211064657,
      0.4944579184055328,
      0.47064080834388733,
      0.48133347630500795,
      0.47388988931973774,
      0.45095938245455425,
      0.4862594664096832,
      0.45944225788116455,
      0.4533716877301534,
      0.47988487283388775,
      0.4721514304478963,
      0.48500022689501443,
      0.4658879220485687,
      0.4671864151954651,
      0.4692797064781189,
      0.47091777324676515,
      0.46864965160687766,
      0.4807037591934204,
      0.4800202488899231
    ],
    "train_acc": [
      4.85902760431147,
      5.298796102206174,
      5.509120160132575,
      5.792678144447252,
      5.813668920832933,
      5.9685927753988866,
      5.770508197201681,
      5.891811763155672,
      6.024718471630476,
      5.888081350458586,
      6.008113168293429,
      6.030908945606889,
      5.81667837913751,
      6.11105105258045,
      6.110150603293168,
      6.077358499210217,
      6.127911913525169,
      6.077905177156847,
      6.047329350759575,
      6.069268460671779,
      5.944866509880671,
      6.186358158665797,
      6.084581918016296,
      6.106882953391302,
      6.143812865113279,
      6.159774255199468,
      6.226661852372182,
      6.265335413053287,
      6.295347565438845,
      6.352385699564464,
      6.5354999938868525,
      6.3659957790747885,
      6.519947362437769,
      6.591733436660628,
      6.804499762750327,
      7.019634086849076,
      6.708162608748405,
      6.936283291824053,
      6.742015460137404,
      6.934745305558832,
      6.673282692485476,
      6.6636486449729455,
      6.762438045551115,
      6.947199177611684,
      6.964582695330113,
      6.8024592907581996,
      7.187970452158206,
      6.949558707679036,
      7.040365990365289,
      7.258669309191336,
      6.947177658173823,
      6.5784288381947436,
      7.072796172219021,
      7.082165338730536,
      7.223555447942923,
      6.9513138764225895,
      7.077549088733918,
      7.173553421453978,
      6.737169796277469,
      7.411838799728541,
      7.2071304572951345,
      7.210305292219524,
      7.2209914278275225,
      7.439193238560536,
      7.255321465861718,
      7.140291073804653,
      7.119840308875441,
      7.459549291075425,
      7.4558856826621005,
      7.297370373910941,
      7.1267763888962214,
      7.068376498172922,
      7.377164422738369,
      6.884390451305683,
      7.585935109570334,
      7.074962420572037,
      7.295163753823376,
      7.774295022175058,
      7.341596194789981,
      7.096630547445338,
      7.384769506935121,
      6.925701849534161,
      7.177724452481231,
      7.358295934637841,
      7.2778735732237045,
      7.2928600187227595,
      7.67787640965982,
      7.098401576361982,
      7.563053846404559,
      7.6456317527878666,
      7.346199814647293,
      7.341067864493901,
      7.295178347178157,
      7.464691811875635,
      7.424424910897901,
      7.397690470070004,
      7.388285440093534,
      7.398750629059659,
      7.329609045790921,
      7.323459737590658
    ],