{
  "config": {
    "seed": 42,
    "bs_train": 16,
    "bs_test": 4,
    "batches": 100,
    "epochs": 100,
    "early_stopping": 10,
    "checkpoints": null,
    "lr": 0.01,
    "print_every": 100,
    "h_dim": 512,
    "z_dim": 10,
    "betas": [
      0.1,
      0.1
    ],
    "kw": {},
    "RTplot": false,
    "out_dir": "./results/Res3/",
    "run_name": "MEGA_RUNbs_16lr_0.01h_512z_10s_0.5",
    "x_sigma2": 0.5
  },
  "results": {
    "num_epochs": 0,
    "train_loss": [
      2.8418343822161356,
      1.6417019685109457,
      1.438420867919922,
      1.3599391063054402,
      1.3227724452813467,
      1.3044409692287444,
      1.2816294014453888,
      1.2435944418112437,
      1.2379548092683157,
      1.2312760611375173,
      1.2189699232578277,
      1.2148084362347922,
      1.2073207716147105,
      1.2036876122156779,
      1.198762156565984,
      1.194926655292511,
      1.1901022017002105,
      1.1900465150674184,
      1.186720202366511,
      1.1828892668088278,
      1.1865250547726949,
      1.1813646495342254,
      1.178860757748286,
      1.1786477903525034,
      1.1736644367376963,
      1.1693640053272247,
      1.172272942463557,
      1.1632210552692412,
      1.1657157739003499,
      1.1660458425680795,
      1.162257597843806,
      1.162022163470586,
      1.162914615869522,
      1.159528559446335,
      1.1607287128766377,
      1.1582649926344553,
      1.1602171619733175,
      1.15721515417099,
      1.155161295334498,
      1.155158027013143,
      1.1529972851276398,
      1.154533819357554,
      1.1549580872058869,
      1.1547331392765046,
      1.1542255540688833,
      1.1510774155457815,
      1.1520502706368765,
      1.1513790925343832,
      1.148815147082011,
      1.1513842403888703,
      1.15248401761055,
      1.1489516655604044,
      1.1497886598110199,
      1.1518150389194488,
      1.150132554769516,
      1.1487204253673553,
      1.150540429353714,
      1.150116684039434,
      1.147542122999827,
      1.1470031440258026,
      1.1475269357363382,
      1.1462325473626456,
      1.1450361371040345,
      1.145348576704661,
      1.145991845925649,
      1.1441900789737702,
      1.1454879641532898,
      1.1434649964173635,
      1.143015883366267,
      1.1418209751447042,
      1.1437002102533975,
      1.1445234457651774,
      1.142429256439209,
      1.1444397548834482,
      1.1431730449199677,
      1.1403248012065887,
      1.1388627926508585,
      1.1398815790812173,
      1.1389481127262115,
      1.137095683813095,
      1.1376723070939383,
      1.1363144993782044,
      1.1358070492744445,
      1.1338178157806396,
      1.1355505426724752,
      1.1345152576764426,
      1.1325565735499064,
      1.1341218610604604,
      1.1329305013020834,
      1.1335004965464275,
      1.1325278997421264,
      1.1356783966223398,
      1.133923751115799,
      1.1331251680850982,
      1.1336574832598367,
      1.1335078080495198,
      1.1347293376922607,
      1.1315627773602803,
      1.1355388025442759,
      1.1344758609930674
    ],
    "train_acc": [
      5.756314754686739,
      5.649083147875748,
      5.620952193330602,
      5.629166368845643,
      5.621696874853541,
      5.610376555011883,
      5.627058032457627,
      5.630767317936152,
      5.660899106958514,
      5.576170889149402,
      5.629646201498621,
      5.6341401510369185,
      5.614577608989457,
      5.655025971986974,
      5.672729156250384,
      5.646047424539007,
      5.67262548237968,
      5.596517320418328,
      5.641498981319729,
      5.624178824023278,
      5.628942812020947,
      5.644754069592057,
      5.63672744303701,
      5.631151528516657,
      5.64740216434976,
      5.633148826025209,
      5.649769386193026,
      5.6341578228580795,
      5.655518434461689,
      5.637204477481714,
      5.622447033316097,
      5.632631470377614,
      5.609634534592553,
      5.6422683248492085,
      5.596987699288932,
      5.626993062911959,
      5.650521706618913,
      5.604464778387189,
      5.636118912932395,
      5.623002773745087,
      5.651250172730744,
      5.670101748050289,
      5.642564606371706,
      5.637408351524132,
      5.618842672993658,
      5.615537875311802,
      5.6527061218200085,
      5.637917229315122,
      5.6717387924265,
      5.631271557431306,
      5.6334828730734365,
      5.62886666943761,
      5.638360110780976,
      5.649782221044306,
      5.649939389489423,
      5.666000783859068,
      5.6210865289541605,
      5.651489330398909,
      5.636051024874557,
      5.628366225636841,
      5.678741283662894,
      5.626803980347902,
      5.646291212520871,
      5.634116416410218,
      5.620287816881725,
      5.637055753765018,
      5.6671395559570055,
      5.671649443294892,
      5.641597731057296,
      5.6521495558601025,
      5.626692288563318,
      5.616584506700471,
      5.670161732913659,
      5.614847391425095,
      5.624341759023575,
      5.6515478886799295,
      5.65881808340083,
      5.635711274671229,
      5.625201808577487,
      5.619506833911754,
      5.61137283062115,
      5.649760828886504,
      5.664261549978747,
      5.639698118158167,
      5.620335371051971,
      5.617390299044015,
      5.616321007639024,
      5.652414707581955,
      5.636958612111443,
      5.627566911818444,
      5.631135185506445,
      5.638376128466098,
      5.633334740904628,
      5.634532409268211,
      5.646333000000642,
      5.6385583491578775,
      5.6381103368031535,
      5.634196385733464,
      5.597932177800578,
      5.6331466377729855
    ],