{
  "config": {
    "seed": 42,
    "bs_train": 32,
    "bs_test": 8,
    "batches": 100,
    "epochs": 100,
    "early_stopping": 10,
    "checkpoints": null,
    "lr": 0.01,
    "print_every": 100,
    "h_dim": 256,
    "z_dim": 2,
    "betas": [
      0.1,
      0.1
    ],
    "kw": {},
    "RTplot": false,
    "out_dir": "./results/Res3/",
    "run_name": "MEGA_RUNbs_32lr_0.01h_256z_2s_0.5",
    "x_sigma2": 0.5
  },
  "results": {
    "num_epochs": 0,
    "train_loss": [
      5.479598697026571,
      1.1542782107988994,
      0.7223426699638367,
      0.6571276664733887,
      0.6409189383188884,
      0.63331165711085,
      0.6173324783643087,
      0.7110574126243592,
      0.5891231854756673,
      0.5813875953356425,
      0.5808764775594075,
      0.575083072980245,
      0.5730157494544983,
      0.576968232790629,
      0.567113455136617,
      0.5691649874051412,
      0.5646830519040426,
      0.5623290359973907,
      0.5643498917420705,
      0.5626166661580404,
      0.5613184213638306,
      0.5625849843025208,
      0.561741050084432,
      0.5592662612597148,
      0.5642713983853658,
      0.5567733923594157,
      0.5652301748593648,
      0.5568871815999349,
      0.5533821145693462,
      0.5540984670321146,
      0.5603411952654521,
      0.5547221044699351,
      0.5537000715732574,
      0.5514915068944295,
      0.5551912029584248,
      0.5521565397580465,
      0.5503158768018087,
      0.5515281836191813,
      0.549049707253774,
      0.5512035389741262,
      0.5495416005452474,
      0.5490607639153798,
      0.5482191304365794,
      0.5461141169071198,
      0.5475107212861379,
      0.5471479713916778,
      0.5496861716111501,
      0.5470684091250102,
      0.5494456211725871,
      0.5502028743426005,
      0.5505436460177103,
      0.549304477373759,
      0.5483250061670939,
      0.5478889147440592,
      0.5479345758756001,
      0.547815986474355,
      0.5488735437393188,
      0.5511988202730814,
      0.547082265218099,
      0.5490646084149678,
      0.5474139849344889,
      0.5474099417527517,
      0.550729238986969,
      0.547560973962148,
      0.5479217449824015,
      0.54901229540507,
      0.5485802491505941,
      0.5468725562095642,
      0.548444390296936,
      0.5481473286946614,
      0.5467095871766409,
      0.5500215232372284,
      0.5457728604475657,
      0.5465178052584331,
      0.5451258500417073,
      0.5474935015042622,
      0.5464393297831217,
      0.5499681611855824,
      0.5476352572441101,
      0.5500668327013651,
      0.5482550005118052,
      0.544949988524119,
      0.5451521595319112,
      0.5485638538996379,
      0.5468917071819306,
      0.5484105328718821,
      0.5470639546712239,
      0.546782261133194,
      0.5493124663829804,
      0.5467317144076029,
      0.5466997563838959,
      0.5474159081776937,
      0.5456574479738872,
      0.5459306756655375,
      0.5497018814086914,
      0.5478483537832896,
      0.5461160182952881,
      0.5472448348999024,
      0.5461181561152141,
      0.5469373106956482
    ],
    "train_acc": [
      2.995849380059488,
      3.978020002981811,
      5.087348667498635,
      5.2796059730912335,
      5.427805815547216,
      5.496378355484991,
      5.491628220830354,
      5.226647816602039,
      5.639011047735432,
      5.698993683330349,
      5.653087857087211,
      5.717968918135397,
      5.691863086597236,
      5.688713434941435,
      5.737984757121651,
      5.7106276718756375,
      5.740403099565559,
      5.766640504535199,
      5.730046860776739,
      5.734713868145064,
      5.726316340494591,
      5.711764980621204,
      5.716731452133596,
      5.743844780482886,
      5.6860261038092705,
      5.770673828149164,
      5.655203696317898,
      5.734222366477941,
      5.770565641341469,
      5.757652543769977,
      5.71193321204653,
      5.74071450669596,
      5.742168015438675,
      5.754340549375111,
      5.73857695635257,
      5.755204679296793,
      5.756696845575465,
      5.750284355166193,
      5.754544331804454,
      5.761694562537286,
      5.7475349256208315,
      5.753884501525069,
      5.766122494120522,
      5.792868814843181,
      5.765748185941621,
      5.765994940998565,
      5.745233576245322,
      5.774049494715139,
      5.7458931294648545,
      5.740182139389147,
      5.762964277842032,
      5.759167038269545,
      5.746958241905571,
      5.761936861879528,
      5.765695177923136,
      5.761502253972135,
      5.7498493420762244,
      5.728531774973547,
      5.758372860472828,
      5.757455266052457,
      5.7591811490544895,
      5.767225942430718,
      5.729347625928366,
      5.772673808569363,
      5.770541917402587,
      5.748084629835301,
      5.760607862219121,
      5.77177747197795,
      5.75265323663258,
      5.761792679513175,
      5.773018528127846,
      5.751342250083572,
      5.801047213001547,
      5.768425158726077,
      5.7789275220286465,
      5.768992408226758,
      5.7808833755844935,
      5.735346563168322,
      5.759584346136553,
      5.739908738053549,
      5.761773918065191,
      5.797662920456941,
      5.793853873858671,
      5.749967143232139,
      5.787118488306837,
      5.764391768267414,
      5.776651256117051,
      5.786733403629301,
      5.754352218771061,
      5.76685936651362,
      5.773358626110667,
      5.756426464012672,
      5.780307984382311,
      5.783011539718891,
      5.740589479121831,
      5.771537147314921,
      5.778115037207269,
      5.771661276578123,
      5.787388769522605,
      5.770226004888946
    ],