{
  "config": {
    "seed": 42,
    "bs_train": 16,
    "bs_test": 4,
    "batches": 100,
    "epochs": 100,
    "early_stopping": 10,
    "checkpoints": null,
    "lr": 0.001,
    "print_every": 100,
    "h_dim": 128,
    "z_dim": 10,
    "betas": [
      0.1,
      0.1
    ],
    "kw": {},
    "RTplot": false,
    "out_dir": "./results/Res3/",
    "run_name": "MEGA_RUNbs_16lr_0.001h_128z_10s_0.5",
    "x_sigma2": 0.5
  },
  "results": {
    "num_epochs": 0,
    "train_loss": [
      0.8602057715257009,
      0.6359459380308787,
      0.6087433397769928,
      0.5855267663796743,
      0.6167199462652206,
      0.6182848294576009,
      0.6012215346097947,
      0.5715070128440857,
      0.5655553549528122,
      0.5697139223416646,
      0.5264078636964162,
      0.5264255434274674,
      0.5039063463608424,
      0.5008978108565013,
      0.4903479019800822,
      0.4948050161202749,
      0.4940161536137263,
      0.4886593262354533,
      0.491089454293251,
      0.47868609925111133,
      0.4880313585201899,
      0.4910986910263697,
      0.4830991894006729,
      0.4603096773227056,
      0.46973783572514854,
      0.4526349812746048,
      0.4880104531844457,
      0.46993112365404766,
      0.45889206031958263,
      0.4541516969601313,
      0.457819930712382,
      0.4767553170522054,
      0.45584638317426046,
      0.4529904415210088,
      0.43795216679573057,
      0.43046085933844247,
      0.4330808291832606,
      0.42888503273328143,
      0.4304923643668493,
      0.42254515091578165,
      0.4355851590633392,
      0.44038780629634855,
      0.4224258800347646,
      0.41991115907828014,
      0.4300790896018346,
      0.4297787417968114,
      0.4394913266102473,
      0.4271445671717326,
      0.4190075894196828,
      0.41141518354415896,
      0.42486440936724346,
      0.4147202839454015,
      0.4298720429340998,
      0.4092461049556732,
      0.4289871613184611,
      0.41774691740671793,
      0.4228937347730001,
      0.4192958056926727,
      0.40911656320095063,
      0.4184484372536341,
      0.42380638619263966,
      0.41491118967533114,
      0.41860391994317375,
      0.4116394370794296,
      0.41475488543510436,
      0.41692976355552674,
      0.41752129594484966,
      0.4055027405420939,
      0.4090098112821579,
      0.4068751593430837,
      0.40069933235645294,
      0.41763231257597605,
      0.40409646928310394,
      0.429583211739858,
      0.40623271465301514,
      0.3941022555033366,
      0.3963800231615702,
      0.3900946577390035,
      0.39318962693214415,
      0.3958477795124054,
      0.3975212275981903,
      0.40510525504748024,
      0.39152148763338723,
      0.41196952064832054,
      0.39456165830294293,
      0.3974047432343165,
      0.3993740866581599,
      0.3819959978262583,
      0.3842541664838791,
      0.3934470534324646,
      0.3827747235695521,
      0.38701189259688057,
      0.38972061971823374,
      0.3965598911046982,
      0.3871775229771932,
      0.3885243733723958,
      0.39020148913065594,
      0.37561981081962587,
      0.37835574746131895,
      0.3740019430716833
    ],
    "train_acc": [
      10.065672575261633,
      11.144079582857085,
      11.801727469014018,
      12.094717291016154,
      11.83545171273481,
      12.11993465324493,
      12.288429341519084,
      12.742593495154393,
      12.565505825835215,
      12.965008283686638,
      13.805889075377078,
      13.71838564688118,
      14.104658607433985,
      14.091213613441635,
      14.398960231188642,
      14.040268467521622,
      14.198311654470915,
      14.347514665660798,
      14.069593228602397,
      14.566614652634101,
      14.313479981171644,
      14.124758323552093,
      14.597856301325683,
      14.935960696151913,
      14.753430981222406,
      15.216520796187526,
      14.394236156088112,
      14.788230902243646,
      15.071402629294726,
      15.033407454284106,
      15.016494078917258,
      14.582988743397948,
      15.209118414135466,
      15.18709330348321,
      15.576221840294858,
      15.883458434928794,
      15.774500379628472,
      15.69975880294393,
      15.895799741182644,
      16.024768273452974,
      15.792117547865196,
      15.668155966199325,
      16.11981805980065,
      16.124609286301702,
      15.78094444510621,
      15.856193462513824,
      15.652210330752482,
      15.890059792128923,
      16.371627652153492,
      16.551839490509774,
      16.092480136446166,
      16.38139374327063,
      16.060537545621333,
      16.59007909747742,
      15.955347983740424,
      16.319295031775024,
      16.187340728599057,
      16.222719891154398,
      16.665102024880152,
      16.348885460266615,
      16.277047290823006,
      16.473248880696822,
      16.276174938116373,
      16.572173399893533,
      16.44702776780911,
      16.48640075073695,
      16.477629254687674,
      16.77139831387028,
      16.66385367289047,
      16.704653337323847,
      17.024005753683586,
      16.610552910729535,
      16.779525009112465,
      16.124830575002353,
      16.83268048320363,
      17.21343421784238,
      17.090445966273588,
      17.340007080076756,
      17.269881426762005,
      17.26912878121029,
      17.04146058857767,
      16.92774272991825,
      17.44046020947903,
      16.73824569365044,
      17.24083822751768,
      17.183148779129844,
      17.04583342851589,
      17.804593160580357,
      17.83102625613711,
      17.36246722362906,
      17.761818933226355,
      17.596191718611585,
      17.454954040958423,
      17.32373777315018,
      17.58944349272872,
      17.69933769002685,
      17.58589801188792,
      18.113993898799308,
      18.03931794346837,
      18.083262078229957
    ],