{
  "config": {
    "seed": 42,
    "bs_train": 32,
    "bs_test": 8,
    "batches": 100,
    "epochs": 100,
    "early_stopping": 10,
    "checkpoints": null,
    "lr": 0.005,
    "print_every": 100,
    "h_dim": 256,
    "z_dim": 2,
    "betas": [
      0.1,
      0.1
    ],
    "kw": {},
    "RTplot": false,
    "out_dir": "./results/Res3/",
    "run_name": "MEGA_RUNbs_32lr_0.005h_256z_2s_0.9",
    "x_sigma2": 0.9
  },
  "results": {
    "num_epochs": 0,
    "train_loss": [
      0.9503510733445485,
      0.6044770777225494,
      0.4419741769631704,
      0.4123471478621165,
      0.3981928785641988,
      0.3648094097773234,
      0.363584440946579,
      0.3537432114283244,
      0.35029146671295164,
      0.35567376017570496,
      0.3457114020983378,
      0.34635811249415077,
      0.337042506535848,
      0.3392093578974406,
      0.33228361209233603,
      0.33304959336916606,
      0.3297952930132548,
      0.33216028809547427,
      0.32773812413215636,
      0.327281387646993,
      0.3236156026522318,
      0.3236340343952179,
      0.3219726622104645,
      0.31909740169843037,
      0.3214387615521749,
      0.31710066795349123,
      0.31874239842096963,
      0.31566285292307533,
      0.31392439603805544,
      0.3165229578812917,
      0.3138110339641571,
      0.3124583105246226,
      0.31326919595400493,
      0.3128331959247589,
      0.3133065323034922,
      0.31253479719161986,
      0.31073045333226523,
      0.3138604382673899,
      0.3106856445471446,
      0.3124687075614929,
      0.3109633763631185,
      0.31324894229571026,
      0.30988306999206544,
      0.3095064361890157,
      0.31017386515935264,
      0.3097093681494395,
      0.3104866127173106,
      0.3095909078915914,
      0.3094320376714071,
      0.3105756481488546,
      0.30876374840736387,
      0.3103784163792928,
      0.30842325687408445,
      0.3093617598215739,
      0.30924455920855204,
      0.3086301287015279,
      0.3095337748527527,
      0.3097048242886861,
      0.30742759108543394,
      0.30865313013394674,
      0.3079373300075531,
      0.3078585227330526,
      0.30703121423721313,
      0.30714516242345175,
      0.30762297511100767,
      0.30817618568738303,
      0.30729752977689107,
      0.30685394406318667,
      0.30677007834116615,
      0.3077070613702138,
      0.30629863142967223,
      0.30691341559092206,
      0.3060403029123942,
      0.30720592141151426,
      0.3053841153780619,
      0.306649128595988,
      0.30613267024358115,
      0.30650376677513125,
      0.30616432428359985,
      0.3066421071688334,
      0.30658122499783835,
      0.30474493900934857,
      0.3053776482741038,
      0.3062068144480387,
      0.3059966723124186,
      0.30573285222053526,
      0.3059692283471425,
      0.3055230895678202,
      0.3059897522131602,
      0.30534568428993225,
      0.3048499743143717,
      0.30547444423039755,
      0.3047148327032725,
      0.3044471303621928,
      0.3059472938378652,
      0.30475953618685403,
      0.3045689781506856,
      0.30416460037231446,
      0.30491645336151124,
      0.30517101486523945
    ],
    "train_acc": [
      7.1854376750950655,
      8.723351353568738,
      9.506297892724103,
      9.659507638676944,
      9.765346829302143,
      9.927537064301363,
      9.97468401710238,
      10.031227106791892,
      10.112989672256296,
      9.88811094251133,
      10.127050934654635,
      10.125062147300934,
      10.143962789491312,
      10.214541273792456,
      10.270571045688632,
      10.223927400291977,
      10.258189382219797,
      10.194722761502796,
      10.256459226516847,
      10.238540284561555,
      10.225111111085665,
      10.255707206284821,
      10.260170760241444,
      10.353219113418298,
      10.224962716707063,
      10.345026434962898,
      10.236666434018588,
      10.334945766028452,
      10.383468704212161,
      10.278246185943976,
      10.358200034521573,
      10.355275044632029,
      10.328411892504747,
      10.358809879654931,
      10.350970002383365,
      10.371731934177468,
      10.392425228071156,
      10.337376880095174,
      10.383261345908956,
      10.39033013383758,
      10.392056455060455,
      10.326224769160559,
      10.39602158944323,
      10.43900457579409,
      10.386747142296604,
      10.384672002899611,
      10.370301610436831,
      10.39649556749283,
      10.390294961625743,
      10.353891321928483,
      10.463136636287343,
      10.371467187099086,
      10.392100725674903,
      10.379020697528409,
      10.380150043598727,
      10.399680774134263,
      10.357397422632332,
      10.349514661496347,
      10.397465636112269,
      10.403449912939294,
      10.402734962924047,
      10.394796022305716,
      10.415195607828105,
      10.43913576727466,
      10.426723403932716,
      10.385270021833069,
      10.415062212649614,
      10.432844809501274,
      10.404410538925333,
      10.398442538994303,
      10.427327969151511,
      10.426570570318859,
      10.467718089071385,
      10.38639689511224,
      10.440628444050384,
      10.425577385820258,
      10.433553119258095,
      10.396988785966686,
      10.407384977181259,
      10.398719601806341,
      10.403488925602309,
      10.469934722808002,
      10.44565397134663,
      10.396408498254702,
      10.439625722052234,
      10.433565718993258,
      10.422855089521342,
      10.443584385270363,
      10.407601641071812,
      10.419018186615697,
      10.439066314322817,
      10.396414716396029,
      10.426787247587582,
      10.445609973265016,
      10.389564617865434,
      10.443478158324133,
      10.427329516312298,
      10.445997651479972,
      10.425844462335203,
      10.407544889325678
    ],