{
  "config": {
    "seed": 42,
    "bs_train": 32,
    "bs_test": 8,
    "batches": 100,
    "epochs": 100,
    "early_stopping": 10,
    "checkpoints": null,
    "lr": 0.0005,
    "print_every": 100,
    "h_dim": 128,
    "z_dim": 2,
    "betas": [
      0.1,
      0.1
    ],
    "kw": {},
    "RTplot": false,
    "out_dir": "./results/Res3/",
    "run_name": "MEGA_RUNbs_32lr_0.0005h_128z_2s_0.9",
    "x_sigma2": 0.9
  },
  "results": {
    "num_epochs": 0,
    "train_loss": [
      0.6275903383890787,
      0.35659566322962444,
      0.3324693004290263,
      0.3318051437536875,
      0.328622422615687,
      0.3313223699728648,
      0.31978085736433665,
      0.3301292439301809,
      0.32542505860328674,
      0.31525712410608925,
      0.3271697501341502,
      0.31378845969835917,
      0.3102424403031667,
      0.3227991779645284,
      0.3204322298367818,
      0.308127228418986,
      0.3093473215897878,
      0.3054624656836192,
      0.3105424284934998,
      0.30287941694259646,
      0.30566064914067587,
      0.31076332132021584,
      0.29556023081143695,
      0.30174210071563723,
      0.29440448780854545,
      0.3043826848268509,
      0.29271638989448545,
      0.30433256924152374,
      0.31081526974836987,
      0.2921188821395238,
      0.2941381712754568,
      0.3027458071708679,
      0.3009921630223592,
      0.30003011723359424,
      0.28845157027244567,
      0.2912570575873057,
      0.2921113650004069,
      0.28646068771680194,
      0.2902354250351588,
      0.2978333314259847,
      0.28645267387231194,
      0.2893357326587041,
      0.28295710881551106,
      0.28155487577120464,
      0.2857300142447154,
      0.2915388067563375,
      0.278300142288208,
      0.2857411722342173,
      0.2796362638473511,
      0.30397235254446664,
      0.2838731199502945,
      0.2740675767262777,
      0.29046109120051067,
      0.28048884073893227,
      0.2700287073850632,
      0.2803755144278208,
      0.2808708220720291,
      0.2702846119801203,
      0.2903872976700465,
      0.27836803197860716,
      0.2795310586690903,
      0.29437233606974283,
      0.2732019513845444,
      0.274686461687088,
      0.2785086214542389,
      0.27183471620082855,
      0.27517575522263843,
      0.28136964042981466,
      0.26052319010098773,
      0.28102083802223204,
      0.2805842439333598,
      0.28120061655839285,
      0.271323624253273,
      0.28214058677355447,
      0.2700583428144455,
      0.25385391314824424,
      0.2677017281452815,
      0.2722050935029984,
      0.28753937284151715,
      0.2668676863114039,
      0.26985546151796974,
      0.2627256025870641,
      0.2665563762187958,
      0.26811333298683165,
      0.27783671021461487,
      0.26532589495182035,
      0.2641108642021815,
      0.28267681201299033,
      0.27277131577332814,
      0.26289666096369424,
      0.27145502269268035,
      0.2610230614741643,
      0.2705468753973643,
      0.2717643072207769,
      0.25374898612499236,
      0.27017523944377897,
      0.2653393814961115,
      0.2777888347705205,
      0.2693336755037308,
      0.250897749265035
    ],
    "train_acc": [
      9.154572408372951,
      9.815819537703966,
      10.379102374727585,
      10.520096087722436,
      10.881865202740368,
      10.912682161004417,
      11.108510296101896,
      10.838940470978137,
      10.897514661379576,
      11.369435764532597,
      10.952538245414686,
      11.584870714774237,
      11.677685105739451,
      11.236561971646509,
      11.161234003284275,
      11.771587026083262,
      11.707600150667144,
      11.582340536742361,
      11.723512714154458,
      11.738423965224975,
      11.891143451070407,
      11.905866379792517,
      12.124307289724264,
      11.87499776501767,
      12.156094876885692,
      11.819796804427137,
      12.447476903077364,
      12.249958292336862,
      11.749952245580323,
      12.273831289819183,
      12.466849908673735,
      12.233604107350088,
      11.896491961178862,
      12.017263724373095,
      12.276558663590437,
      12.16426373156354,
      12.541499025661064,
      12.356619744425476,
      12.255553967235842,
      12.345753381275014,
      12.50330977276985,
      12.592631607534246,
      12.552641791473516,
      12.489929150419853,
      12.553351820244256,
      12.274744291681085,
      12.722447680589598,
      12.62938107473224,
      12.663342259124297,
      12.00010775328201,
      12.337477694239068,
      12.874797596432424,
      12.592086273498671,
      12.7249841767097,
      13.140114139393603,
      13.005317258166222,
      12.523513735214587,
      13.14099119907323,
      12.43538969637902,
      12.66386085717509,
      12.430823022997682,
      12.212391379611761,
      12.919009837904367,
      12.730855598802629,
      12.770781324976866,
      12.795549694272339,
      12.940941807215617,
      12.717980026237372,
      13.444989961732368,
      12.544996495604291,
      12.737076570510782,
      12.582627540679512,
      13.017433731164077,
      12.597701967636146,
      12.854965702118456,
      13.64884372442517,
      13.036763130340692,
      12.86523947957567,
      12.190910844053121,
      12.868319040656598,
      12.927179077472607,
      13.167797512603613,
      13.065002430842734,
      12.838109244495621,
      12.59009472044709,
      13.13330159764337,
      13.072225074087639,
      12.365243886527747,
      12.71075131996144,
      13.27844433852973,
      12.963819052999272,
      13.306701102970761,
      12.800550065419166,
      12.807853486947465,
      13.632221701117613,
      12.81023827883706,
      13.055098580368416,
      12.429055842737078,
      12.82831539047711,
      13.65746435732453
    ],