{
  "config": {
    "seed": 42,
    "bs_train": 64,
    "bs_test": 16,
    "batches": 100,
    "epochs": 100,
    "early_stopping": 10,
    "checkpoints": null,
    "lr": 0.01,
    "print_every": 100,
    "h_dim": 128,
    "z_dim": 2,
    "betas": [
      0.1,
      0.1
    ],
    "kw": {},
    "RTplot": false,
    "out_dir": "./results/Res3/",
    "run_name": "MEGA_RUNbs_64lr_0.01h_128z_2s_0.5",
    "x_sigma2": 0.5
  },
  "results": {
    "num_epochs": 0,
    "train_loss": [
      4.0371579229831696,
      1.6628674566745758,
      1.0746435448527336,
      0.9802229478955269,
      0.8329243957996368,
      0.7813766971230507,
      0.7373341470956802,
      0.6973002776503563,
      0.6892564222216606,
      0.6555276140570641,
      0.6478368043899536,
      0.665419727563858,
      0.6453180909156799,
      0.6462604701519012,
      0.6407830864191055,
      0.6417094767093658,
      0.6341808885335922,
      0.631919763982296,
      0.6312046274542809,
      0.6284056305885315,
      0.6262856051325798,
      0.6257465332746506,
      0.6159311681985855,
      0.6139164045453072,
      0.6164702847599983,
      0.6195099279284477,
      0.6094802394509315,
      0.6133549585938454,
      0.6151633709669113,
      0.6144183501601219,
      0.6113413125276566,
      0.6105965375900269,
      0.6067190021276474,
      0.6061375439167023,
      0.6119451448321342,
      0.6131363436579704,
      0.6077771037817001,
      0.59884874522686,
      0.6016808301210403,
      0.6055072247982025,
      0.603896975517273,
      0.6005132272839546,
      0.5989109501242638,
      0.6007032096385956,
      0.599854402244091,
      0.6017363518476486,
      0.595023013651371,
      0.5943586602807045,
      0.5937301516532898,
      0.5965769365429878,
      0.5899735987186432,
      0.5934131890535355,
      0.5962101370096207,
      0.5941950082778931,
      0.5884308144450188,
      0.5862065777182579,
      0.5906864330172539,
      0.5872674435377121,
      0.5895556211471558,
      0.585826501250267,
      0.5835612565279007,
      0.5893262401223183,
      0.5864308476448059,
      0.5865308791399002,
      0.5905971750617027,
      0.5853909850120544,
      0.5854570642113686,
      0.5857876539230347,
      0.5797061249613762,
      0.5845408067107201,
      0.5814156010746956,
      0.5834953263401985,
      0.580726869404316,
      0.5758379697799683,
      0.5812296569347382,
      0.5791510790586472,
      0.5776265189051628,
      0.5763014405965805,
      0.5831800997257233,
      0.5850904807448387,
      0.5777758285403252,
      0.5777032300829887,
      0.5781728848814964,
      0.580139122903347,
      0.5771292671561241,
      0.5830392017960548,
      0.5753757804632187,
      0.5797027349472046,
      0.5789157524704933,
      0.5758371874690056,
      0.5821034982800484,
      0.578286737203598,
      0.583509661257267,
      0.5773553848266602,
      0.5749406591057777,
      0.5801005139946938,
      0.5779041349887848,
      0.5746064409613609,
      0.585371196269989,
      0.5776649489998817
    ],
    "train_acc": [
      1.5763341706259293,
      1.4162464731973672,
      2.555769707579804,
      2.5737063128021407,
      2.836813009697713,
      2.83053667746512,
      2.8500520575948753,
      2.877631410541282,
      2.8905651369986693,
      2.8749088274348846,
      2.9205204857471996,
      2.9052304296682796,
      2.912313940861666,
      2.891823339959665,
      2.9131256663144915,
      2.9008574907890914,
      2.9145324094985874,
      2.897161229102608,
      2.9106506968071186,
      2.9136965248686013,
      2.9219116756068457,
      2.9155855806674102,
      2.9544513726865396,
      2.9376904771444505,
      2.948021226719742,
      2.929317681256543,
      2.957271836541852,
      2.9330461568263333,
      2.932417546037894,
      2.929916543947932,
      2.932825769977544,
      2.9365388971949917,
      2.94675331608327,
      2.9554447921731604,
      2.9292401565177584,
      2.9074527187996537,
      2.934285033635432,
      2.9600089956348863,
      2.9583295432872716,
      2.9376482670612507,
      2.9337525402839617,
      2.9498276953473086,
      2.951288130571968,
      2.9429125753307765,
      2.941940198553353,
      2.9352627874908515,
      2.9610167626769313,
      2.968516615535329,
      2.959564219760326,
      2.943449958788559,
      2.972615000713194,
      2.9476075023782,
      2.938398250553259,
      2.9370622096732943,
      2.967273953674986,
      2.9816860300106507,
      2.9447587224093614,
      2.9648112855222233,
      2.9457378181860423,
      2.9586744601254096,
      2.9831392156213297,
      2.9382086487886054,
      2.9549853915973228,
      2.9478040523217337,
      2.9303898194356086,
      2.948132468526193,
      2.9475243074744752,
      2.9445738589616908,
      2.9761597661016914,
      2.9526017053918188,
      2.958189419016365,
      2.952643225283172,
      2.96213660451428,
      2.9917162030445614,
      2.9600657562554153,
      2.9723121895088016,
      2.975110104869703,
      2.9864767360542874,
      2.9530639261366765,
      2.9411934806724185,
      2.968727420453964,
      2.9810028377825324,
      2.9701370466740915,
      2.9602442691632094,
      2.971358071677783,
      2.9429176389771925,
      2.9830474938776055,
      2.9553158227812544,
      2.9562941950137693,
      2.969646674876028,
      2.9491531572577143,
      2.9591617972860176,
      2.9403898661158703,
      2.9658869901621343,
      2.9820781726334578,
      2.947237690452077,
      2.9528628789738582,
      2.9788166303579384,
      2.937994039884774,
      2.9603282790792007
    ],