{
  "config": {
    "seed": 42,
    "bs_train": 16,
    "bs_test": 4,
    "batches": 100,
    "epochs": 100,
    "early_stopping": 10,
    "checkpoints": null,
    "lr": 0.001,
    "print_every": 100,
    "h_dim": 256,
    "z_dim": 2,
    "betas": [
      0.1,
      0.1
    ],
    "kw": {},
    "RTplot": false,
    "out_dir": "./results/Res3/",
    "run_name": "MEGA_RUNbs_16lr_0.001h_256z_2s_0.9",
    "x_sigma2": 0.9
  },
  "results": {
    "num_epochs": 0,
    "train_loss": [
      0.4117488523324331,
      0.34764262040456134,
      0.33167864382267,
      0.3309531589349111,
      0.3221823195616404,
      0.32258618871370953,
      0.3143654917677244,
      0.3109743118286133,
      0.31453697631756466,
      0.31453701059023537,
      0.3058279166618983,
      0.3030213966965675,
      0.29887276192506157,
      0.29592470775047935,
      0.2825960432489713,
      0.28540074030558266,
      0.28182420631249744,
      0.2790479093790054,
      0.2822678779562314,
      0.27036183327436447,
      0.2732355197270711,
      0.27328726947307586,
      0.26975681334733964,
      0.26524308770895005,
      0.28217249711354575,
      0.272450777888298,
      0.2644344026843707,
      0.26057917525370916,
      0.2590059200922648,
      0.26617957800626757,
      0.26224066416422526,
      0.2660441741347313,
      0.2638102576136589,
      0.2625096266468366,
      0.25240696718295413,
      0.2555539463957151,
      0.2544872278968493,
      0.2505378241340319,
      0.2532029911875725,
      0.2576503465572993,
      0.2549819678068161,
      0.24841961314280828,
      0.25184009671211244,
      0.24479751686255138,
      0.2645241265495618,
      0.2430578092734019,
      0.24456517944733303,
      0.24612386574347814,
      0.2460242196917534,
      0.26235676010449727,
      0.2442808489004771,
      0.24559361189603807,
      0.25222022235393526,
      0.24539923369884492,
      0.24665259470542272,
      0.23987037390470506,
      0.2486370638012886,
      0.24181568374236426,
      0.24291962782541912,
      0.2410848225156466,
      0.2410755768418312,
      0.23938850462436675,
      0.23889191051324207,
      0.2486311028401057,
      0.25098681847254434,
      0.238384077946345,
      0.24575334091981252,
      0.2363469496369362,
      0.2412461762626966,
      0.23960154950618745,
      0.2379630928238233,
      0.24042366494735082,
      0.23768958151340486,
      0.23945884654919306,
      0.24434363295634587,
      0.2424103707075119,
      0.23750354796648027,
      0.23652944217125574,
      0.23627143800258638,
      0.24239948739608128,
      0.2423426275451978,
      0.2358107755581538,
      0.24193156659603118,
      0.239835683008035,
      0.23588749766349792,
      0.23279594928026198,
      0.23614334066708884,
      0.23277851790189744,
      0.23391239941120148,
      0.23880168000857036,
      0.2381481702129046,
      0.23656344066063564,
      0.23388269046942392,
      0.24169520586729049,
      0.23663266648848852,
      0.2361241176724434,
      0.23088022271792094,
      0.24121996064980825,
      0.24173544049263002,
      0.23196260631084442
    ],
    "train_acc": [
      18.906730243303546,
      20.515491364137777,
      21.174325674668616,
      21.089921586673896,
      21.500865811703434,
      21.51370085326881,
      21.954907344550243,
      22.15649898536707,
      22.131216598272555,
      22.547531430165996,
      23.10275358301118,
      23.396332851207077,
      23.804778902556357,
      23.88829720280564,
      24.88275844543375,
      24.90688701588933,
      25.19332544805334,
      25.2727039169859,
      25.082735852942218,
      25.70138918774195,
      25.398755438140316,
      25.32960879539559,
      25.3124731039844,
      25.663465612925147,
      24.655391720392256,
      25.588132480969982,
      26.215260054806848,
      26.317623392045537,
      26.282301795873295,
      26.073247737292444,
      26.060045582319542,
      25.772072054311266,
      25.670773060878368,
      25.981404128833436,
      26.69612625725269,
      26.595668059094198,
      26.758557252054903,
      26.868574405988742,
      26.56576400560283,
      26.3319039325174,
      26.386740007317865,
      27.174881027062074,
      27.044547604572713,
      27.471580703472405,
      25.906309095591286,
      27.524872551690404,
      27.1621311249869,
      27.428426179440272,
      27.229166541998087,
      26.54681644755977,
      27.52722428843579,
      27.554983299609514,
      27.004955040942995,
      27.6117378569954,
      27.540951169668762,
      28.17949717409296,
      27.29766825138572,
      27.807953904901346,
      27.57929485750636,
      27.7195938639941,
      27.870618160878884,
      28.27797849143605,
      28.14735843499921,
      27.10977662401274,
      27.120559164786847,
      28.193595643618956,
      27.295816744808175,
      28.258412102518406,
      27.71557708997016,
      27.902906891765404,
      28.316670374397845,
      27.823081021836263,
      27.990032746327852,
      27.845792489368268,
      27.557893967544203,
      28.133935724646044,
      28.258219085413227,
      28.441686032454935,
      28.343637965906034,
      28.08597069067627,
      27.65926713260644,
      28.439132646479663,
      27.868368096791464,
      27.898801010558437,
      28.30579706759917,
      28.51618467118138,
      28.263483386704774,
      28.50027747007665,
      28.523719543156425,
      27.85150558022245,
      28.219095740661665,
      28.334442197514914,
      28.52605329487585,
      27.74774272357574,
      28.099967375239537,
      28.30014801722493,
      28.75910844337757,
      27.712592015726653,
      27.533044743203448,
      28.533274370135565
    ],