{
  "config": {
    "seed": 42,
    "bs_train": 32,
    "bs_test": 8,
    "batches": 100,
    "epochs": 100,
    "early_stopping": 10,
    "checkpoints": null,
    "lr": 0.001,
    "print_every": 100,
    "h_dim": 512,
    "z_dim": 10,
    "betas": [
      0.1,
      0.1
    ],
    "kw": {},
    "RTplot": false,
    "out_dir": "./results/Res3/",
    "run_name": "MEGA_RUNbs_32lr_0.001h_512z_10s_0.9",
    "x_sigma2": 0.9
  },
  "results": {
    "num_epochs": 0,
    "train_loss": [
      0.9757653812567393,
      0.42614507079124453,
      0.4055830180644989,
      0.38703502813975016,
      0.39345970352490744,
      0.3858626822630564,
      0.3818474292755127,
      0.37021897435188295,
      0.37155259648958844,
      0.372294416030248,
      0.3706632673740387,
      0.3601027448972066,
      0.3635524570941925,
      0.3580868681271871,
      0.36014489134152733,
      0.35547289848327634,
      0.35733948747316996,
      0.3498264213403066,
      0.3483019570509593,
      0.34729668299357097,
      0.3451113919417063,
      0.3425855875015259,
      0.3474287490049998,
      0.34200839201609295,
      0.3453428089618683,
      0.33367310762405394,
      0.34033277034759524,
      0.334867928425471,
      0.33368154962857566,
      0.331685334444046,
      0.3286648193995158,
      0.3283646583557129,
      0.33079142570495607,
      0.32594878872235616,
      0.33078913688659667,
      0.320426066716512,
      0.3284837325414022,
      0.3202592333157857,
      0.3228317340215047,
      0.3230667730172475,
      0.31947627464930217,
      0.32069720029830934,
      0.3195033371448517,
      0.32045100728670756,
      0.31977367798487344,
      0.31935699582099913,
      0.3160930077234904,
      0.3200793325901031,
      0.314689431587855,
      0.3155656337738037,
      0.3159215013186137,
      0.3141422986984253,
      0.31717727382977806,
      0.31523202459017435,
      0.3124856372674306,
      0.31064227819442747,
      0.3136693159739176,
      0.3159463187058767,
      0.3120122492313385,
      0.3127940018971761,
      0.31219724416732786,
      0.3102097531159719,
      0.31173757314682005,
      0.3085154136021932,
      0.31094945867856344,
      0.30991470416386924,
      0.3108545243740082,
      0.307836119333903,
      0.308456814289093,
      0.30830007791519165,
      0.3082871715227763,
      0.3069707949956258,
      0.30724624594052635,
      0.3054200728734334,
      0.30702181657155353,
      0.3065106729666392,
      0.3065551002820333,
      0.3087061921755473,
      0.30583423177401226,
      0.30457656979560854,
      0.30485955675443016,
      0.30549708803494774,
      0.3044389287630717,
      0.30242884159088135,
      0.305581796169281,
      0.30705237785975137,
      0.3019356330235799,
      0.3023714303970337,
      0.305753626426061,
      0.3024796704451243,
      0.31803192098935446,
      0.32528101007143656,
      0.3147123654683431,
      0.31398998498916625,
      0.3068859299023946,
      0.31475187341372174,
      0.31516294876734413,
      0.30678144494692483,
      0.32511360545953116,
      0.3092306097348531
    ],
    "train_acc": [
      8.73916084688798,
      9.821036275237592,
      10.064112647775985,
      10.437669059247288,
      10.543573335828878,
      10.587487375205061,
      10.525374527288553,
      10.724373742362648,
      10.806565384724328,
      10.71097387521152,
      10.912005361867942,
      10.861119864242225,
      10.923710282128306,
      10.887237753435842,
      10.851910117338296,
      10.928372138710017,
      10.928793388086868,
      11.035899220245325,
      10.995944688544762,
      10.953875571673628,
      10.977574027835816,
      10.958256833415728,
      10.93837509880136,
      10.958258950654871,
      10.957062795437983,
      11.087564509902075,
      10.939037000446692,
      11.07102180258631,
      11.17446364682313,
      11.086115540549857,
      11.16613975610867,
      11.177641253290796,
      11.144125183250262,
      11.208510995533764,
      11.178402469467109,
      11.158246391707618,
      11.176002476140335,
      11.26696958615472,
      11.218071361393283,
      11.182536879891087,
      11.20238935630567,
      11.24640471998111,
      11.252953037805737,
      11.17665490607533,
      11.257437718382416,
      11.262462382646586,
      11.24449613404405,
      11.320228869647579,
      11.291988310699882,
      11.169896499135834,
      11.271289216611624,
      11.198907011131372,
      11.25621870050165,
      11.257074732902725,
      11.286765359044216,
      11.265487852076731,
      11.282555636567587,
      11.224634911245529,
      11.258768545315847,
      11.235003202146558,
      11.237988231676812,
      11.301780771261702,
      11.287162120390398,
      11.285724422245938,
      11.297765684135607,
      11.26114074267544,
      11.251827132857299,
      11.293194681906877,
      11.322677404494112,
      11.241810154002588,
      11.313420946066149,
      11.263053644266513,
      11.33468376615555,
      11.290433594792008,
      11.292167823942627,
      11.290822044703631,
      11.304650748041482,
      11.253117524259954,
      11.298581631527568,
      11.361098302049497,
      11.371417598954716,
      11.277736060543452,
      11.275280496034805,
      11.340356260289411,
      11.296506590733712,
      11.1998727602352,
      11.353077606844586,
      11.376887975824522,
      11.327455934738227,
      11.385090305822,
      10.986840058027534,
      10.824196833967248,
      11.236639966863468,
      11.320556305619322,
      11.382292534443952,
      11.492016250447332,
      11.325474580713633,
      11.493681120145967,
      11.368729748480238,
      11.441759276751725
    ],