{
  "config": {
    "seed": 42,
    "bs_train": 32,
    "bs_test": 8,
    "batches": 100,
    "epochs": 100,
    "early_stopping": 10,
    "checkpoints": null,
    "lr": 0.001,
    "print_every": 100,
    "h_dim": 512,
    "z_dim": 20,
    "betas": [
      0.1,
      0.1
    ],
    "kw": {},
    "RTplot": false,
    "out_dir": "./results/Res3/",
    "run_name": "MEGA_RUNbs_32lr_0.001h_512z_20s_0.5",
    "x_sigma2": 0.5
  },
  "results": {
    "num_epochs": 0,
    "train_loss": [
      1.4059973120689393,
      0.7027866959571838,
      0.6611335714658101,
      0.614645516872406,
      0.6110188086827596,
      0.6065136075019837,
      0.5981930335362752,
      0.6151958644390106,
      0.5955101768175761,
      0.5922432343165079,
      0.5927434007326762,
      0.5858451882998149,
      0.5862739423910777,
      0.5914049506187439,
      0.5792367299397786,
      0.5919705788294475,
      0.5746393144130707,
      0.570239512125651,
      0.5636350135008494,
      0.567002801100413,
      0.5925970713297526,
      0.5980867842833201,
      0.5898106634616852,
      0.5764078915119171,
      0.600930513938268,
      0.5914212624231975,
      0.6119512418905894,
      0.5914481381575266,
      0.5668824036916097,
      0.5805327077706655,
      0.5818926552931468,
      0.5893390595912933,
      0.5683945775032043,
      0.5599414706230164,
      0.5606825133164723,
      0.5571406006813049,
      0.5894017040729522,
      0.5966376026471456,
      0.5503085414568584,
      0.5629717787106832,
      0.5582350492477417,
      0.5633915623029073,
      0.534374346335729,
      0.54753204981486,
      0.5259539683659872,
      0.5199653665224712,
      0.49620113571484886,
      0.5041992485523223,
      0.5130941192309062,
      0.499912295738856,
      0.50220561226209,
      0.5092448512713115,
      0.5058779915173849,
      0.49296120802561444,
      0.473304150501887,
      0.4907103975613912,
      0.5019965827465057,
      0.4932628552118937,
      0.48801714976628624,
      0.49048988620440165,
      0.49841580390930174,
      0.4776867151260376,
      0.4939221620559692,
      0.4613607108592987,
      0.4636260449886322,
      0.48672096530596415,
      0.4630245486895243,
      0.4683314780394236,
      0.46211356719334923,
      0.46258318622907,
      0.4904495179653168,
      0.4526038626829783,
      0.48126284082730614,
      0.46048574646313983,
      0.46481167475382484,
      0.45943292379379275,
      0.48607080777486167,
      0.45001304149627686,
      0.4563896616299947,
      0.45194327235221865,
      0.46132890979448954,
      0.43192349274953207,
      0.460249928633372,
      0.4456863164901733,
      0.4504284421602885,
      0.44979252219200133,
      0.45247397224108377,
      0.4325625240802765,
      0.47093425591786703,
      0.443653279542923,
      0.4463044067223867,
      0.4306437393029531,
      0.4445571005344391,
      0.43649210532506305,
      0.43288981715838115,
      0.43958675463994346,
      0.43035890062650045,
      0.46677386164665224,
      0.43600139816602074,
      0.428062641620636
    ],
    "train_acc": [
      4.7042550413612405,
      5.208320425009509,
      5.506597525205896,
      5.8326245102764736,
      5.831008504471944,
      5.892939349205546,
      5.965303495470111,
      5.8527862506420725,
      5.923355816231408,
      5.96370147306128,
      5.99901615286906,
      6.0085222086956405,
      6.006717065736895,
      5.969051583879809,
      6.090888145973264,
      5.98639444611051,
      6.0518582464110215,
      6.087728099207577,
      6.1840652081197955,
      6.195937247549133,
      6.077033166916287,
      6.048471746260019,
      6.038912690536226,
      6.251227715574028,
      6.125555437310676,
      6.1140490212281104,
      6.238594234187733,
      6.169376641758876,
      6.355100803017022,
      6.318299943086298,
      6.2682326184711865,
      6.159258389574452,
      6.2606421607923775,
      6.353613969794388,
      6.470500154542973,
      6.432182010809301,
      6.303571588222422,
      6.263833445086977,
      6.59107200162126,
      6.491471336499465,
      6.339300203734269,
      6.450423535568649,
      6.762395292255722,
      6.580753812011825,
      6.762069960806693,
      6.859140998390687,
      7.164446323796809,
      7.014422339340072,
      6.970520612862655,
      7.074526182878639,
      6.987766448218828,
      6.9740356794810205,
      7.124881353397265,
      7.245311368813987,
      7.368313536494977,
      7.106541587785464,
      7.077419061177274,
      7.306241971036115,
      7.215302738602684,
      7.313370768989341,
      7.024114557434511,
      7.242287256898341,
      7.162061759026414,
      7.534733237550144,
      7.4593309330704045,
      7.235266292393578,
      7.564864367630884,
      7.374848234524491,
      7.499777262615288,
      7.516224558502541,
      7.126150105260451,
      7.615675726022725,
      7.279119436306147,
      7.511251453793908,
      7.391798836444484,
      7.580370887750172,
      7.204981696390952,
      7.558980235940918,
      7.563517665658673,
      7.665698520727787,
      7.551568227279556,
      7.9403397894770364,
      7.565341908660815,
      7.710256841205773,
      7.744301471079132,
      7.790281580307431,
      7.69434404614201,
      7.91174313202482,
      7.5302739728538715,
      7.841959917752394,
      7.7756825517263755,
      8.001997262889018,
      7.747435369159482,
      7.902904901621844,
      7.974995846834472,
      7.86495818164152,
      8.061599384517883,
      7.499542123829752,
      7.939165654823954,
      7.9924949674815045
    ],