{
  "config": {
    "seed": 42,
    "bs_train": 16,
    "bs_test": 4,
    "batches": 100,
    "epochs": 100,
    "early_stopping": 10,
    "checkpoints": null,
    "lr": 0.005,
    "print_every": 100,
    "h_dim": 256,
    "z_dim": 20,
    "betas": [
      0.1,
      0.1
    ],
    "kw": {},
    "RTplot": false,
    "out_dir": "./results/Res3/",
    "run_name": "MEGA_RUNbs_16lr_0.005h_256z_20s_0.5",
    "x_sigma2": 0.5
  },
  "results": {
    "num_epochs": 0,
    "train_loss": [
      2.106780258814494,
      1.3189153353373209,
      0.9926196853319804,
      0.8287580589453379,
      0.7413838148117066,
      0.7286411563555399,
      0.7077587564786275,
      0.6848908543586731,
      0.6703302601973216,
      0.6814340790112813,
      0.654843783378601,
      0.6472482204437255,
      0.6420584777990977,
      0.6336912741263707,
      0.6715945303440094,
      0.6400708397229512,
      0.6239818563063939,
      0.6108978341023127,
      0.622170889377594,
      0.601282908519109,
      0.586790050069491,
      0.5800269275903702,
      0.5870083630084991,
      0.5698703914880753,
      0.5757981608311336,
      0.5659723609685898,
      0.5543368836243947,
      0.5589511921008428,
      0.5711286594470342,
      0.5499736746152242,
      0.5482584327459336,
      0.5450926095247268,
      0.5419474502404531,
      0.5416409273942312,
      0.5406828969717026,
      0.5399571766455968,
      0.5393330723047256,
      0.5355002671480179,
      0.5347529242436091,
      0.5368012805779775,
      0.5465038230021795,
      0.5359348962704341,
      0.5315373112758001,
      0.566860114534696,
      0.5706635077794393,
      0.5650536278883617,
      0.5655938555796941,
      0.5629766662915547,
      0.5666373133659363,
      0.5582244952519735,
      0.5587403466304143,
      0.5572938730319341,
      0.5544051438570022,
      0.5556126475334168,
      0.5560002595186233,
      0.5550177266200383,
      0.5540613949298858,
      0.5536056558291117,
      0.5537693778673808,
      0.5499475717544555,
      0.5513479640086492,
      0.5511902471383413,
      0.5490374912818273,
      0.5535541653633118,
      0.5502222895622253,
      0.551319866379102,
      0.5487743556499481,
      0.5489244987567266,
      0.5470877468585968,
      0.5474542448918025,
      0.5493081827958425,
      0.5477304061253866,
      0.5492753595113754,
      0.5464569707711537,
      0.5458079099655151,
      0.5448528468608856,
      0.5492211878299713,
      0.5480382194121679,
      0.5469313740730286,
      0.5482332547505696,
      0.5475201865037282,
      0.547954997420311,
      0.5467123766740163,
      0.5455097357432047,
      0.5464940468470255,
      0.5476934790611268,
      0.5451872169971466,
      0.5467557470003764,
      0.5481841057538986,
      0.5468742817640304,
      0.5456777125597,
      0.5455602705478668,
      0.5455377767483394,
      0.5452076911926269,
      0.546405146519343,
      0.5456429451704026,
      0.5454836448033651,
      0.5484098802010219,
      0.5462735742330551,
      0.5482953568299611
    ],
    "train_acc": [
      5.5889589469260414,
      7.54573005243098,
      9.891931469611002,
      10.420781410862036,
      11.155543401778672,
      11.074168897676074,
      11.234395378769024,
      11.288317672638756,
      11.338958203002221,
      11.092480171440842,
      11.330921056678557,
      11.305025355370717,
      11.33552800280901,
      11.476186304342384,
      10.823467754162,
      11.30897537977311,
      11.65146482207848,
      11.74814595887496,
      11.572761266248651,
      11.824920240668714,
      11.96365118600549,
      12.098227786129973,
      11.923587109897012,
      12.11744033642318,
      12.000989177705927,
      12.097653443626122,
      12.221137718618536,
      12.12985887023726,
      11.930348145882494,
      12.188599393374668,
      12.225307260251281,
      12.274985091281108,
      12.259282360263665,
      12.23378084078776,
      12.250280279996637,
      12.29460623697499,
      12.272910509644658,
      12.335259555092309,
      12.378932359557991,
      12.23824852986589,
      12.026237341827612,
      12.181477605082609,
      12.328014945248123,
      11.750729863341853,
      11.42792640344098,
      11.48673277547966,
      11.452595842669758,
      11.547561683043531,
      11.483966752040656,
      11.527959692745988,
      11.582150380252623,
      11.604869089593711,
      11.593486803573633,
      11.592491147849277,
      11.553209754301855,
      11.587429293105535,
      11.552464276988404,
      11.589564547467276,
      11.581318886588171,
      11.617770491539027,
      11.566243202795807,
      11.570139709382707,
      11.603842909207279,
      11.49619510753144,
      11.602748005089142,
      11.513982198469588,
      11.54676197217033,
      11.650930762316731,
      11.633095288697776,
      11.598706255399259,
      11.562055093532717,
      11.570507844686851,
      11.579488989422678,
      11.599412060766088,
      11.596995697057087,
      11.65596956412944,
      11.559300393349332,
      11.596389547090627,
      11.600314095782005,
      11.56033385624957,
      11.57477233688084,
      11.558641003147303,
      11.652465785365514,
      11.611196703189972,
      11.584493620884949,
      11.559188613617637,
      11.624829884132646,
      11.631570420201522,
      11.5751628943329,
      11.602262683869595,
      11.62681530759156,
      11.639869480909336,
      11.608702357663184,
      11.636282872314865,
      11.602620558532074,
      11.664163051146527,
      11.623973134581625,
      11.569486849979,
      11.625135682923993,
      11.55108336990854
    ],