{
  "config": {
    "seed": 42,
    "bs_train": 16,
    "bs_test": 4,
    "batches": 100,
    "epochs": 100,
    "early_stopping": 10,
    "checkpoints": null,
    "lr": 0.01,
    "print_every": 100,
    "h_dim": 128,
    "z_dim": 2,
    "betas": [
      0.1,
      0.1
    ],
    "kw": {},
    "RTplot": false,
    "out_dir": "./results/Res3/",
    "run_name": "MEGA_RUNbs_16lr_0.01h_128z_2s_0.5",
    "x_sigma2": 0.5
  },
  "results": {
    "num_epochs": 0,
    "train_loss": [
      1.7982638696829478,
      0.8061389068762461,
      0.6921623269716899,
      0.6562036375204722,
      0.6602999687194824,
      0.6311087310314178,
      0.6219396710395813,
      0.6163700143496196,
      0.610988070567449,
      0.6071618288755417,
      0.6077548871437709,
      0.6006253103415171,
      0.5984939823547999,
      0.5967110027869542,
      0.5939951539039612,
      0.5919479350248973,
      0.5870483378569286,
      0.5874727139870326,
      0.58658693532149,
      0.5826097408930461,
      0.5823132197062174,
      0.5823127289613088,
      0.5830229640007019,
      0.5814565559228261,
      0.5818647861480712,
      0.5817482421795527,
      0.5761840164661407,
      0.5824930648008982,
      0.5784300267696381,
      0.5770895173152287,
      0.5771178076664607,
      0.5764392256736756,
      0.5751794695854187,
      0.5729439953962961,
      0.5752755632003148,
      0.573745854695638,
      0.5701397826274236,
      0.5690019806226094,
      0.5706769684950511,
      0.5668122271696726,
      0.5712201337019602,
      0.5677187571922938,
      0.5680512766043345,
      0.5689565221468608,
      0.5699159771203994,
      0.5715364535649617,
      0.5682568401098251,
      0.5695408513148625,
      0.5684322824080785,
      0.5697339991728465,
      0.5683363318443299,
      0.5698355784018835,
      0.5675127317508062,
      0.5703479796648026,
      0.5692614783843358,
      0.5680990854899088,
      0.5724507590134938,
      0.5679852942625682,
      0.5683261275291442,
      0.5685758550961812,
      0.5682524045308431,
      0.5673014461994171,
      0.5691282312075298,
      0.5658396234114965,
      0.5678569694360097,
      0.5669627706209819,
      0.5694427857796351,
      0.5698465337355931,
      0.5691423624753952,
      0.5673515409231186,
      0.5682872007290523,
      0.5692450155814489,
      0.5697776496410369,
      0.5668802171945572,
      0.5685560087362925,
      0.5682949682076772,
      0.5680703649918238,
      0.566480905810992,
      0.5674999614556631,
      0.568135725458463,
      0.5667469471693038,
      0.5678620368242264,
      0.5687244097391765,
      0.5674349705378214,
      0.5659620473782222,
      0.5701552589734395,
      0.5665387789408366,
      0.5696371207634608,
      0.5671660105387369,
      0.5670656522115072,
      0.5680575668811798,
      0.5693407952785492,
      0.5708021243413289,
      0.5678157190481822,
      0.5668987025817235,
      0.5673316071430842,
      0.5674473375082016,
      0.5673394441604614,
      0.5669418454170227,
      0.5666503041982651
    ],
    "train_acc": [
      7.013968919120877,
      10.506205539563531,
      10.871804723377707,
      10.91720439785643,
      10.956932476367628,
      11.012415801604067,
      11.011752442292972,
      11.01456156300353,
      11.01602640385212,
      11.078184752391714,
      11.07044903675731,
      11.06158693011828,
      11.144447907523297,
      11.088473787254294,
      11.094892151240938,
      11.087040247461498,
      11.148044912003229,
      11.099608505415064,
      11.147644566833936,
      11.114097499627215,
      11.148983845465349,
      11.136093049242785,
      11.085216677487388,
      11.117507040534646,
      11.147523737446665,
      11.115063310526308,
      11.149600886753092,
      11.044604544442727,
      11.102423571149915,
      11.133591457278158,
      11.119850883412365,
      11.147328205853395,
      11.13147480198994,
      11.136403675619034,
      11.083889248408585,
      11.11648977287933,
      11.19061748650904,
      11.190627989059974,
      11.157233209699674,
      11.1664161994738,
      11.095776165828664,
      11.160369400658235,
      11.155855204867638,
      11.160742608804766,
      11.138086953139855,
      11.098802182673897,
      11.15763065800484,
      11.106630820098491,
      11.137936055882372,
      11.162361558707065,
      11.103214398456668,
      11.12707594793854,
      11.1816686639947,
      11.11365069381222,
      11.154290725252904,
      11.16133214598135,
      11.122716659764203,
      11.183398959828935,
      11.128151219124701,
      11.186265892805027,
      11.150259237575511,
      11.171397441359641,
      11.150898825576286,
      11.213864018994771,
      11.149743220174033,
      11.177068158521458,
      11.119630104627321,
      11.127036775039196,
      11.128112163899806,
      11.205465793062643,
      11.109702405784267,
      11.150138476187722,
      11.134103922848816,
      11.17627548400278,
      11.155443973355922,
      11.159435974984119,
      11.17817654699643,
      11.170475945067773,
      11.163044114911393,
      11.200151629990337,
      11.184873393336137,
      11.131110890666294,
      11.128818164608997,
      11.150053828381193,
      11.186732883940657,
      11.118429049194313,
      11.166669024883436,
      11.128162610838634,
      11.19230782177814,
      11.233377251194955,
      11.223296173321563,
      11.114728340349124,
      11.124415588484913,
      11.171532576983186,
      11.220972193215609,
      11.19040948375465,
      11.165298860773465,
      11.16780760296552,
      11.158798877655425,
      11.221543136037432
    ],