{
  "config": {
    "seed": 42,
    "bs_train": 32,
    "bs_test": 8,
    "batches": 100,
    "epochs": 100,
    "early_stopping": 10,
    "checkpoints": null,
    "lr": 0.005,
    "print_every": 100,
    "h_dim": 256,
    "z_dim": 10,
    "betas": [
      0.1,
      0.1
    ],
    "kw": {},
    "RTplot": false,
    "out_dir": "./results/Res3/",
    "run_name": "MEGA_RUNbs_32lr_0.005h_256z_10s_0.9",
    "x_sigma2": 0.9
  },
  "results": {
    "num_epochs": 0,
    "train_loss": [
      1.5003873268763224,
      1.1326887448628744,
      0.9658316850662232,
      0.850342865784963,
      0.6219917237758636,
      0.6326845109462738,
      0.58623592654864,
      0.5320809364318848,
      0.5319839775562286,
      0.4541659355163574,
      0.46490201354026794,
      0.4339694877465566,
      0.4371335804462433,
      0.43097259998321535,
      0.4174463371435801,
      0.40713133811950686,
      0.39841243426005046,
      0.3917204717795054,
      0.3872677485148112,
      0.38579585353533424,
      0.38367583552996315,
      0.3800127347310384,
      0.3738856097062429,
      0.3652185837427775,
      0.35897256930669147,
      0.3536134560902913,
      0.35889033079147337,
      0.35164130727450055,
      0.34719276428222656,
      0.3482684433460236,
      0.34412893652915955,
      0.35577776432037356,
      0.34046552975972494,
      0.35461727579434715,
      0.3357641081015269,
      0.32632433374722797,
      0.33164602319399517,
      0.33001833558082583,
      0.33484156529108683,
      0.31453229586283366,
      0.34944244027137755,
      0.31335486968358356,
      0.33192959825197854,
      0.3161919315656026,
      0.314580828944842,
      0.3130258540312449,
      0.3148176352183024,
      0.32427382469177246,
      0.31157981753349306,
      0.32490504781405133,
      0.3095530847708384,
      0.3080473343531291,
      0.31966147224108377,
      0.2969801664352417,
      0.3022619903087616,
      0.29947092235088346,
      0.3046085238456726,
      0.2984048088391622,
      0.2980351070562998,
      0.3145238310098648,
      0.30007097125053406,
      0.3048251171906789,
      0.2852193901936213,
      0.3125095357497533,
      0.2961434413989385,
      0.30034312009811404,
      0.30218246579170227,
      0.2857373277346293,
      0.2993457396825155,
      0.2815983345111211,
      0.30066867073376974,
      0.2947078913450241,
      0.2806585927804311,
      0.30248384177684784,
      0.3012541194756826,
      0.2772931337356567,
      0.28746728003025057,
      0.29315224786599475,
      0.28148970703283943,
      0.29362899959087374,
      0.29002926846345267,
      0.27397614320119223,
      0.28887082636356354,
      0.2855698486169179,
      0.2797968288262685,
      0.2880491236845652,
      0.2872064381837845,
      0.2806438088417053,
      0.2852313001950582,
      0.27773595054944356,
      0.2824469268321991,
      0.28437128762404124,
      0.2811391333738963,
      0.2794716954231262,
      0.27366358836491905,
      0.2759755373001099,
      0.2813716948032379,
      0.27455184161663054,
      0.28063652515411375,
      0.267187903324763
    ],
    "train_acc": [
      5.217125623337787,
      5.0390875632236085,
      5.0490473576872805,
      6.191969107254764,
      8.12317156030715,
      8.216024537953352,
      8.375622340757996,
      8.95589529707616,
      9.293607465460434,
      10.130683781325134,
      9.769103374965201,
      10.15504393296568,
      10.031122774526306,
      10.053492330524127,
      10.250399251860717,
      10.35708917041436,
      10.301599909302423,
      10.345282849214183,
      10.388541062239497,
      10.49091698104221,
      10.558112604661854,
      10.47860373957523,
      10.439067844713662,
      10.736905905507557,
      10.728581504413164,
      10.718440904543638,
      10.711316304004928,
      10.787480968529696,
      10.775432362146958,
      10.742891858173452,
      10.810465606158393,
      10.468193794881035,
      10.786344608030443,
      10.33943724436356,
      10.799580266794239,
      10.882049954364925,
      10.850427574134454,
      10.968518476118444,
      10.825907580771684,
      11.660605009969906,
      10.54571909898813,
      11.546950516809927,
      11.076435084798657,
      11.693376809516558,
      11.81357560226869,
      11.596517243911366,
      11.706337160716675,
      11.293594730162667,
      11.797590744657999,
      11.346991405521338,
      11.902307792404295,
      11.72717295037503,
      11.254136462189688,
      12.069982651991568,
      11.992266182692143,
      11.974047059990394,
      11.934552794265755,
      12.015103387517174,
      12.026051541864826,
      11.74663860029795,
      11.878346214166356,
      11.645580873564432,
      12.608029918548683,
      11.62215223420335,
      12.073368568876953,
      11.928139863247496,
      11.918981021401105,
      12.449000203578128,
      12.182263530386235,
      12.596083654088686,
      12.000403326529517,
      12.071637475901131,
      12.50358293061531,
      12.027451185234588,
      11.820435661835468,
      12.739726259770102,
      12.08883013185583,
      12.273794890849338,
      12.512523115335357,
      12.254216112484961,
      11.980947425289173,
      12.717830507468893,
      12.36108775447119,
      12.455625022804409,
      12.63077107243614,
      12.311491595283927,
      12.258793170429422,
      12.588291676480493,
      12.40169320280539,
      12.621129041778534,
      12.4278492737572,
      12.540123406301374,
      12.503099071562437,
      12.389437682867094,
      12.684000368324757,
      12.466089653989178,
      12.476855399424583,
      12.510640854342956,
      12.372347635369684,
      12.895433103310404
    ],