{
  "config": {
    "seed": 42,
    "bs_train": 32,
    "bs_test": 8,
    "batches": 100,
    "epochs": 100,
    "early_stopping": 10,
    "checkpoints": null,
    "lr": 0.005,
    "print_every": 100,
    "h_dim": 128,
    "z_dim": 10,
    "betas": [
      0.1,
      0.1
    ],
    "kw": {},
    "RTplot": false,
    "out_dir": "./results/Res3/",
    "run_name": "MEGA_RUNbs_32lr_0.005h_128z_10s_0.5",
    "x_sigma2": 0.5
  },
  "results": {
    "num_epochs": 0,
    "train_loss": [
      1.574438750743866,
      1.246674911181132,
      1.0599130153656007,
      0.838959793249766,
      0.8209501544634501,
      0.7152997175852458,
      0.7175719539324442,
      0.6951814651489258,
      0.695916489760081,
      0.6940342386563619,
      0.6702434539794921,
      0.6642977197964987,
      0.650036100546519,
      0.6473434209823609,
      0.6370637933413188,
      0.6367434382438659,
      0.630188771088918,
      0.6331415931383769,
      0.6275229811668396,
      0.6253254572550456,
      0.6218736330668132,
      0.620328164100647,
      0.6196022748947143,
      0.6195784290631612,
      0.6102891524632772,
      0.6145211656888326,
      0.6073133667310079,
      0.6096530477205913,
      0.6075713833173116,
      0.6106471618016561,
      0.6066723624865215,
      0.6037522792816162,
      0.6070369124412537,
      0.6050586024920146,
      0.6040114164352417,
      0.6017642696698506,
      0.6018804391225179,
      0.5989413579305013,
      0.5978314558664958,
      0.5987706184387207,
      0.5952943046887715,
      0.5995340704917907,
      0.5935418009757996,
      0.5970779140790303,
      0.5951009869575501,
      0.5929316123326619,
      0.591352657477061,
      0.5923450231552124,
      0.5894778887430827,
      0.5916251301765442,
      0.5912052472432454,
      0.5910961409409841,
      0.5879345456759135,
      0.5904263695081075,
      0.5896052201588948,
      0.5913268446922302,
      0.5877027988433838,
      0.5908828059832255,
      0.5868664820988972,
      0.5872770508130392,
      0.5900891900062561,
      0.5886535922686259,
      0.5844082037607828,
      0.5869486769040425,
      0.5862535019715627,
      0.5863881587982178,
      0.5860220154126485,
      0.5862574855486552,
      0.5853637893994649,
      0.5882124781608582,
      0.5852757732073466,
      0.5846736113230387,
      0.5841348906358083,
      0.5833447496096293,
      0.5827843348185221,
      0.5885414997736613,
      0.583916695912679,
      0.5870160182317098,
      0.5823071400324503,
      0.5850401639938354,
      0.5851806918780009,
      0.5839171290397644,
      0.5826847513516744,
      0.5842464566230774,
      0.5828859368960063,
      0.5847902655601501,
      0.5835834980010987,
      0.5842597683270773,
      0.5844150185585022,
      0.5832829634348552,
      0.5823007583618164,
      0.583393124739329,
      0.5837014039357503,
      0.5824342886606853,
      0.5830840229988098,
      0.5841764330863952,
      0.581913145383199,
      0.5864007631937663,
      0.5823132753372192,
      0.5823855678240458
    ],
    "train_acc": [
      3.7242328099061544,
      4.786718749737269,
      4.853865428874942,
      5.232948116820733,
      5.112640572339916,
      5.36254894131911,
      5.45964170528946,
      5.470056122788331,
      5.493163854615672,
      5.464201131042206,
      5.4603586084581845,
      5.461591983755676,
      5.500492646954522,
      5.504118916422561,
      5.4891458149164025,
      5.516351529730847,
      5.49654513255472,
      5.510718052143709,
      5.515673960076767,
      5.517539161456893,
      5.516554212915849,
      5.514782731833066,
      5.510181116735173,
      5.52412741971918,
      5.517581940037648,
      5.500643605761942,
      5.555975741320724,
      5.559957255161668,
      5.540450578792644,
      5.522803660829821,
      5.52938567853309,
      5.525765904178071,
      5.508554518856628,
      5.55004142387633,
      5.526667294255094,
      5.544930540821666,
      5.536963980995117,
      5.562629513701688,
      5.557394339040357,
      5.52565047520979,
      5.546377128216404,
      5.539112485178946,
      5.561907943587047,
      5.539043327527532,
      5.541934624589738,
      5.568112679915407,
      5.559689630750658,
      5.56322740765177,
      5.579159924977293,
      5.545886603481038,
      5.545479432133727,
      5.558660785238517,
      5.580663618561471,
      5.570226676074197,
      5.579840329916289,
      5.535234862275654,
      5.561762144110838,
      5.565259760089934,
      5.563713966390091,
      5.555544371431992,
      5.548370453329519,
      5.561958709240365,
      5.581187835879342,
      5.56884368557286,
      5.574816634030048,
      5.564070958629114,
      5.569561916727644,
      5.559168920169158,
      5.565301082631179,
      5.553056566318211,
      5.572858345053197,
      5.5860116261189,
      5.582340179504882,
      5.5650961223913455,
      5.587967895533379,
      5.553893919863534,
      5.5621710962008395,
      5.5439327622763495,
      5.571145207033595,
      5.564169648440759,
      5.581555903892155,
      5.558015008421675,
      5.583020386342646,
      5.5629283306730155,
      5.572181689277538,
      5.556249389549759,
      5.556886222971015,
      5.565454057811423,
      5.5471395046722956,
      5.573350029848984,
      5.561234833309207,
      5.5698650008336035,
      5.552610202213457,
      5.552874445493415,
      5.574415823810741,
      5.560862330626881,
      5.579463375461188,
      5.5363653707601825,
      5.568845998007078,
      5.5610757023135955
    ],