{
  "config": {
    "seed": 42,
    "bs_train": 16,
    "bs_test": 4,
    "batches": 100,
    "epochs": 100,
    "early_stopping": 10,
    "checkpoints": null,
    "lr": 0.001,
    "print_every": 100,
    "h_dim": 512,
    "z_dim": 10,
    "betas": [
      0.1,
      0.1
    ],
    "kw": {},
    "RTplot": false,
    "out_dir": "./results/Res3/",
    "run_name": "MEGA_RUNbs_16lr_0.001h_512z_10s_0.5",
    "x_sigma2": 0.5
  },
  "results": {
    "num_epochs": 0,
    "train_loss": [
      0.9996355136235555,
      0.6662798861662547,
      0.6377965390682221,
      0.624092964331309,
      0.6032768825689951,
      0.6232028732697169,
      0.6055788725614548,
      0.6198506226142247,
      0.6045423795779546,
      0.5902444233496984,
      0.5998095959424973,
      0.5868461847305297,
      0.5794943908850352,
      0.5679300248622894,
      0.598937115073204,
      0.5704693953196208,
      0.5545388052860896,
      0.5559449255466461,
      0.5440710455179214,
      0.5339716166257858,
      0.539278503259023,
      0.5096360296010971,
      0.5105748881896337,
      0.5010722835858663,
      0.4826553632815679,
      0.4914557655652364,
      0.48792209625244143,
      0.4892622490723928,
      0.4734944999217987,
      0.4851935863494873,
      0.47298837900161744,
      0.4513059804836909,
      0.45972202320893607,
      0.49052863717079165,
      0.45775724947452545,
      0.47142819364865624,
      0.4747277637322744,
      0.4536855399608612,
      0.46470147867997486,
      0.4649585634469986,
      0.44832667509714763,
      0.4476740221182505,
      0.4529546022415161,
      0.4404906004667282,
      0.44984152019023893,
      0.46416383783022563,
      0.44184062580267586,
      0.4394081264734268,
      0.4380636711915334,
      0.43633099893728894,
      0.43777227997779844,
      0.43859549264113107,
      0.44281797607739765,
      0.429695717493693,
      0.4322833796342214,
      0.4338801741600037,
      0.43202769458293916,
      0.43308246731758115,
      0.43187831540902455,
      0.432736212015152,
      0.4147660861412684,
      0.4298642794291178,
      0.41981281836827594,
      0.42816252013047534,
      0.41843445201714835,
      0.422845979531606,
      0.4191972543795904,
      0.4158749004205068,
      0.4123698681592941,
      0.40825335880120595,
      0.42411093910535175,
      0.4141238252321879,
      0.42486979564030963,
      0.4109230120976766,
      0.40895758867263793,
      0.4207844575246175,
      0.4103503992160161,
      0.4127819756666819,
      0.4116950889428457,
      0.4306136618057887,
      0.41378663380940756,
      0.4076249996821086,
      0.40621376832326256,
      0.4165658801794052,
      0.40454399784406025,
      0.4056773602962494,
      0.402990992863973,
      0.3981549898783366,
      0.4063825041055679,
      0.4068164924780528,
      0.3980392386515935,
      0.400064347187678,
      0.4001279652118683,
      0.4087622304757436,
      0.39739084939161934,
      0.3979418734709422,
      0.40323304732640586,
      0.39436923066775004,
      0.3823129345973333,
      0.406475763519605
    ],
    "train_acc": [
      10.005131678456364,
      11.150635844077227,
      11.621688107122882,
      11.792382648292042,
      12.045361170906716,
      11.841004794793278,
      12.018533121686842,
      11.969183393711273,
      12.319413833428447,
      12.364050737052656,
      12.17009844089517,
      12.295912468872526,
      12.37483673278295,
      12.70709586183777,
      12.295123339322075,
      13.14499976303146,
      13.285119273594614,
      13.331478043013826,
      13.618755566851204,
      13.835869052383247,
      14.00852702214754,
      14.264951425392994,
      14.1644812922362,
      14.30814886595061,
      14.738931911489233,
      14.491171373447662,
      14.545593128504905,
      14.543991420002971,
      14.767038453136967,
      14.653047058949054,
      14.82511150683144,
      15.45123949787775,
      15.125484478920837,
      14.281596146101721,
      15.186530415834543,
      14.92830038539937,
      14.65331266582626,
      15.320325856889323,
      14.979975644797392,
      14.90660473096688,
      15.368491742596229,
      15.264877839329614,
      15.193537199088626,
      15.456262762752191,
      15.248170142501651,
      14.887986584764594,
      15.571165023267607,
      15.503851618807735,
      15.634149710131412,
      15.732916746827152,
      15.538896207938416,
      15.53202296138436,
      15.292164327805724,
      15.888031563443011,
      15.67136688157468,
      15.84103448383786,
      15.592300072705271,
      15.703200232222297,
      15.91734851616696,
      15.860354016408934,
      16.284082444621188,
      15.982721847952934,
      16.27077294570818,
      16.00397933487455,
      16.359468115096476,
      16.085676970587375,
      16.174522122580314,
      16.374308253039633,
      16.58191426968684,
      16.742767944961866,
      16.16384797112156,
      16.60737254447302,
      16.166492322719055,
      16.560736414264998,
      16.655944829684046,
      16.117528346333025,
      16.594764652528617,
      16.561172847855765,
      16.592676747197537,
      16.183318001570214,
      16.462806373369187,
      16.77624499687114,
      16.935622894280012,
      16.606364012849912,
      16.761051409038963,
      16.651415233872914,
      16.94505877009262,
      17.172895608844872,
      16.93826866911663,
      16.766667299234356,
      17.09250101966515,
      17.124308110607895,
      17.144790926356066,
      16.75673107875025,
      17.30660802782935,
      17.170659951241955,
      16.96627446385801,
      17.179153493689896,
      17.76616459674299,
      17.004291188719307
    ],