{
  "config": {
    "seed": 42,
    "bs_train": 16,
    "bs_test": 4,
    "batches": 100,
    "epochs": 100,
    "early_stopping": 10,
    "checkpoints": null,
    "lr": 0.0005,
    "print_every": 100,
    "h_dim": 128,
    "z_dim": 20,
    "betas": [
      0.1,
      0.1
    ],
    "kw": {},
    "RTplot": false,
    "out_dir": "./results/Res3/",
    "run_name": "MEGA_RUNbs_16lr_0.0005h_128z_20s_0.5",
    "x_sigma2": 0.5
  },
  "results": {
    "num_epochs": 0,
    "train_loss": [
      1.7730177481969198,
      0.6512861748536428,
      0.6098693579435348,
      0.5824454138676326,
      0.5711483071247737,
      0.5625662555297216,
      0.5755773305892944,
      0.5690973579883576,
      0.5630253543456395,
      0.5577154884735743,
      0.5522957414388656,
      0.5450143118699392,
      0.5467371453841527,
      0.5506121695041657,
      0.538496595621109,
      0.5467698822418848,
      0.5333973904450734,
      0.5312977939844131,
      0.5267582327127457,
      0.5079888860384624,
      0.5121698210636775,
      0.4902570992708206,
      0.485839835802714,
      0.48465056121349337,
      0.4781475643316905,
      0.4808745592832565,
      0.46505057414372764,
      0.4654086003700892,
      0.4705479850371679,
      0.47070424755414325,
      0.4650311549504598,
      0.4662905921538671,
      0.45383586287498473,
      0.4632676839828491,
      0.4476386388142904,
      0.4429084132115046,
      0.4591686646143595,
      0.44681100845336913,
      0.4519473254680634,
      0.43843794961770377,
      0.43765117824077604,
      0.4271408925453822,
      0.4272795836130778,
      0.4315587709347407,
      0.4277571638425191,
      0.42703172663847605,
      0.4221977204084396,
      0.4220487266778946,
      0.42713365256786345,
      0.4325496623913447,
      0.4213356554508209,
      0.4234266887108485,
      0.41825487911701204,
      0.42183705468972527,
      0.418475874265035,
      0.4217414170503616,
      0.4149914691845576,
      0.4188703566789627,
      0.41089429358641305,
      0.40796038806438445,
      0.4205345878998438,
      0.4217372665802638,
      0.4102759838104248,
      0.407343316078186,
      0.4086725821097692,
      0.40101147095362344,
      0.4028965006271998,
      0.4056620558102926,
      0.39093396763006844,
      0.4044064790010452,
      0.406841637690862,
      0.39116787115732826,
      0.39629086951414744,
      0.3912351588408152,
      0.3936384618282318,
      0.39315604567527773,
      0.39082946081956227,
      0.39101522564888,
      0.40312426785628,
      0.3941877454519272,
      0.4001483867565791,
      0.3864915241797765,
      0.3915848205486933,
      0.3808668474356333,
      0.3811013480027517,
      0.3826658467451731,
      0.3742746482292811,
      0.3823872615893682,
      0.3833275149265925,
      0.3855753163496653,
      0.38592913846174876,
      0.3819793701171875,
      0.3798350234826406,
      0.3760079542795817,
      0.3870450089375178,
      0.3749222069978714,
      0.39266564746697746,
      0.37135065098603565,
      0.36774721145629885,
      0.3680952409903208
    ],
    "train_acc": [
      10.48769943424949,
      11.513216610704141,
      12.315249231879882,
      12.55079501588612,
      12.586180690270933,
      12.83813691658679,
      12.902822825392054,
      13.070219862109514,
      12.873323296909303,
      12.88036685603667,
      13.179387286404761,
      13.360045093920792,
      13.25906792388649,
      13.37865625902399,
      13.277955144209189,
      13.310474052703237,
      13.541557812001216,
      13.475886506338247,
      13.433704085633616,
      13.93882630073215,
      13.768488007920851,
      14.449632852004418,
      14.641238562229317,
      14.613632438124407,
      14.817467404767843,
      14.675012619635558,
      15.180520878045925,
      14.960032982966515,
      14.922924493943492,
      14.816832166558434,
      15.031731348169126,
      15.046581116044115,
      15.315527281751208,
      15.194136050102625,
      15.577129314433593,
      15.591960268910068,
      15.095598781781677,
      15.482729732845907,
      15.343967258187947,
      15.759533712736692,
      15.825064896313311,
      16.188544294936364,
      16.19769311088923,
      16.081877033931324,
      16.172042001532198,
      16.149481450998284,
      16.33970142603525,
      16.314316385479717,
      16.183663055755,
      15.936794224769715,
      16.356582479724946,
      16.286583203281726,
      16.442805443390885,
      16.220749358545692,
      16.41374500937854,
      16.317802896029598,
      16.615415749873705,
      16.34612551381193,
      16.622193638442806,
      16.86350037797735,
      16.317177152977518,
      16.427137239055018,
      16.890784967166653,
      16.950802807141255,
      17.03816204347243,
      17.349289903752606,
      17.12605999285921,
      17.12873710815679,
      17.68048049035557,
      17.183571174954213,
      16.949092061635536,
      17.625655299662565,
      17.430686406321477,
      17.771002591586214,
      17.57431545412994,
      17.440150136988745,
      17.678295954841552,
      17.643890687011712,
      17.577255075559673,
      17.723826769048536,
      17.181320485140876,
      17.78172407712887,
      17.619073045364345,
      18.086357120448827,
      18.20207662284164,
      17.789806986121498,
      18.378492887343466,
      18.241425142686474,
      18.081377507760347,
      17.841528104625258,
      17.93377443243744,
      18.208675513356493,
      18.010565652736627,
      18.337425237864792,
      18.019600669830115,
      18.3203979599445,
      17.985356693526548,
      18.455091343468073,
      18.714279348585237,
      18.710230953649976
    ],