{
  "config": {
    "seed": 42,
    "bs_train": 16,
    "bs_test": 4,
    "batches": 100,
    "epochs": 100,
    "early_stopping": 10,
    "checkpoints": null,
    "lr": 0.0005,
    "print_every": 100,
    "h_dim": 256,
    "z_dim": 50,
    "betas": [
      0.1,
      0.1
    ],
    "kw": {},
    "RTplot": false,
    "out_dir": "./results/Res3/",
    "run_name": "MEGA_RUNbs_16lr_0.0005h_256z_50s_0.5",
    "x_sigma2": 0.5
  },
  "results": {
    "num_epochs": 0,
    "train_loss": [
      1.238925830523173,
      0.6031563679377238,
      0.5661707023779551,
      0.5534417589505514,
      0.5435579309860865,
      0.5345935036738714,
      0.538065375884374,
      0.5317587564388911,
      0.53099405169487,
      0.5181693325440089,
      0.5295653571685155,
      0.5179317593574524,
      0.5211383024851481,
      0.5114609917004903,
      0.509201298157374,
      0.5053994456926981,
      0.5096125463644664,
      0.5093600014845531,
      0.49651527106761933,
      0.5033041338125864,
      0.50177760720253,
      0.5013973196347554,
      0.49806351264317833,
      0.48827187418937684,
      0.4904775540033976,
      0.48389429847399396,
      0.4737707207600276,
      0.4645279298226039,
      0.45826792319615683,
      0.45030205448468524,
      0.44546308318773903,
      0.45893589158852893,
      0.4458508431911469,
      0.44443249007066093,
      0.44067635039488473,
      0.44081120789051054,
      0.42688179612159727,
      0.43771330614884696,
      0.43722063302993774,
      0.4353239198525747,
      0.43512417872746784,
      0.42626147071520487,
      0.4260926187038422,
      0.4262638380130132,
      0.42998755077521006,
      0.42154130240281423,
      0.4204823305209478,
      0.41775236626466117,
      0.4106564650932948,
      0.4133056809504827,
      0.408772470553716,
      0.4036267638206482,
      0.40011534094810486,
      0.395572762688001,
      0.3958161214987437,
      0.39377668003241223,
      0.4008322536945343,
      0.3852272460858027,
      0.38999113341172537,
      0.37890697121620176,
      0.3844238599141439,
      0.3932541936635971,
      0.38591127693653104,
      0.3821859538555145,
      0.3788383444150289,
      0.37923452655474343,
      0.38296179672082264,
      0.3782110204299291,
      0.37095551788806913,
      0.37850311597188313,
      0.3770266662041346,
      0.3707724650700887,
      0.37279098729292554,
      0.3716665436824163,
      0.372770090897878,
      0.3691577136516571,
      0.37441121637821195,
      0.3670313835144043,
      0.3786282608906428,
      0.3725038160880407,
      0.3670148938894272,
      0.36704708536465963,
      0.3673305203517278,
      0.3714574158191681,
      0.3701796899239222,
      0.36540779074033103,
      0.36275168259938556,
      0.3669845809539159,
      0.3665102521578471,
      0.3628251254558563,
      0.36824342409769695,
      0.36469775935014087,
      0.3645903398593267,
      0.37122458418210347,
      0.3609170695145925,
      0.3569607506195704,
      0.35717226564884186,
      0.3552501400311788,
      0.35155891875425976,
      0.3582430750131607
    ],
    "train_acc": [
      10.352776262173105,
      12.120537627668307,
      12.619001998668226,
      13.019019389415215,
      13.09520489352168,
      13.4989687551123,
      13.32556365733601,
      13.434702427412576,
      13.38780670452017,
      13.680857290309435,
      13.710670497363944,
      13.86452942858799,
      13.614124164184476,
      14.021142905369711,
      14.106437235053777,
      14.086078483498538,
      13.99874981578401,
      13.899790889400768,
      14.277165688811863,
      14.14531234645188,
      14.1434319505415,
      14.113707229419601,
      14.24879996820089,
      14.33610243661962,
      14.36309563065831,
      14.409709545528862,
      14.497142325206223,
      14.808488689552117,
      15.142977981453802,
      15.147381042127439,
      15.44771919335597,
      15.09205364524101,
      15.39262246759748,
      15.386439924044453,
      15.634320688514272,
      15.488564185868826,
      15.951546442591082,
      15.626796256444372,
      15.701443476945428,
      15.68802999985652,
      15.6185056098887,
      16.00142865283554,
      16.02137915409541,
      15.972659384919288,
      15.854427478455062,
      16.164915113823145,
      16.134346658860174,
      16.256387575112562,
      16.624389057971545,
      16.53558982278842,
      16.564250002047174,
      16.778199720019142,
      16.955979501064704,
      17.2251435239035,
      17.18380380818708,
      17.43073226955035,
      17.05697459465569,
      17.554376446458022,
      17.531760089256327,
      17.919689434006152,
      17.64829046102312,
      17.367708969979464,
      17.67916957192638,
      17.816342417599778,
      18.038895327074187,
      17.951061948163602,
      17.768199340897503,
      17.96402419066002,
      18.23797863125322,
      17.98119263784875,
      18.022085585605033,
      18.329955547270874,
      18.20249181880495,
      18.16955257951912,
      18.335760727786703,
      18.396823480372227,
      18.329986734436112,
      18.417742334755822,
      17.95843967858222,
      18.346003872671275,
      18.559189716788705,
      18.623689473044628,
      18.427811884037137,
      18.256534238165237,
      18.365452992878478,
      18.450662491135528,
      18.519205305229793,
      18.36006655295732,
      18.422156885627434,
      18.643930660708946,
      18.377783719196618,
      18.529566937021606,
      18.488101039244718,
      18.347955778860072,
      18.66693739375266,
      19.01939761920582,
      18.987335410214246,
      18.960958877915232,
      19.222986109228895,
      18.870434910594717
    ],