{
  "config": {
    "seed": 42,
    "bs_train": 64,
    "bs_test": 16,
    "batches": 100,
    "epochs": 100,
    "early_stopping": 10,
    "checkpoints": null,
    "lr": 0.001,
    "print_every": 100,
    "h_dim": 128,
    "z_dim": 2,
    "betas": [
      0.1,
      0.1
    ],
    "kw": {},
    "RTplot": false,
    "out_dir": "./results/Res3/",
    "run_name": "MEGA_RUNbs_64lr_0.001h_128z_2s_0.9",
    "x_sigma2": 0.9
  },
  "results": {
    "num_epochs": 0,
    "train_loss": [
      0.6938237957656384,
      0.4173487015068531,
      0.39881540834903717,
      0.3696490451693535,
      0.36945535242557526,
      0.3734925761818886,
      0.3635975457727909,
      0.36180321872234344,
      0.3608737997710705,
      0.3479798063635826,
      0.3524092808365822,
      0.34761694446206093,
      0.34267666563391685,
      0.3444857522845268,
      0.3393291160464287,
      0.34113262593746185,
      0.33604446426033974,
      0.33513469621539116,
      0.33689499646425247,
      0.33217040076851845,
      0.33517399802803993,
      0.3299895338714123,
      0.3269469551742077,
      0.32385652139782906,
      0.3237551413476467,
      0.32458628341555595,
      0.321349173784256,
      0.3226871192455292,
      0.3238014355301857,
      0.32516316697001457,
      0.3249535895884037,
      0.32215649262070656,
      0.320376705378294,
      0.3174486942589283,
      0.323124747723341,
      0.3215860240161419,
      0.3195626363158226,
      0.31286923214793205,
      0.3164474852383137,
      0.3173643797636032,
      0.3156552128493786,
      0.3141031824052334,
      0.3139980249106884,
      0.3118021935224533,
      0.3126004785299301,
      0.3141164518892765,
      0.31512222439050674,
      0.3105412423610687,
      0.30802422389388084,
      0.31367237493395805,
      0.30745643749833107,
      0.3064308278262615,
      0.313921969383955,
      0.30729252099990845,
      0.3084257207810879,
      0.3072071932256222,
      0.3089280463755131,
      0.3054158017039299,
      0.3057312183082104,
      0.30569932609796524,
      0.3040829934179783,
      0.3077942691743374,
      0.3073895685374737,
      0.3053544834256172,
      0.3109290562570095,
      0.3006411977112293,
      0.3110494911670685,
      0.3060774505138397,
      0.30413079634308815,
      0.3035219796001911,
      0.3035360798239708,
      0.32192299887537956,
      0.31371990591287613,
      0.311234125867486,
      0.3100363723933697,
      0.3078058511018753,
      0.31369493156671524,
      0.32161322981119156,
      0.3066772446036339,
      0.32603079080581665,
      0.30462609604001045,
      0.31950731202960014,
      0.3147306405007839,
      0.30355802923440933,
      0.31003256514668465,
      0.30206574499607086,
      0.29586219042539597,
      0.3006794862449169,
      0.30285273119807243,
      0.2985380329191685,
      0.2986152172088623,
      0.2898416109383106,
      0.2853183802217245,
      0.32179089449346066,
      0.29316842183470726,
      0.3024238869547844,
      0.2989146038889885,
      0.29345001466572285,
      0.29977755062282085,
      0.2972489297389984
    ],
    "train_acc": [
      4.6000383363997495,
      4.873502546454082,
      5.114049133972371,
      5.381190111067331,
      5.516782198464356,
      5.452016005205751,
      5.570761648932345,
      5.518851029192325,
      5.587277896418431,
      5.66040414673275,
      5.641960797684475,
      5.6962268808085765,
      5.70959374959106,
      5.682129957825199,
      5.80671764803037,
      5.728582639847391,
      5.7833560542157665,
      5.7499058847961395,
      5.727059259645367,
      5.785608365518001,
      5.7311698224859,
      5.831660710844389,
      5.8474798047697965,
      5.817974083772954,
      5.919220576563412,
      5.8298381358122136,
      5.909076398288774,
      5.842622477372931,
      5.8430706152679095,
      5.796298634541111,
      5.805120141330719,
      5.848620100616261,
      5.871062277516491,
      5.900731298933213,
      5.811215583975099,
      5.788934682636894,
      5.8524871577898665,
      5.9255024489143695,
      5.875209900998251,
      5.862468524008148,
      5.887387127180721,
      5.893854737507793,
      5.87570864237031,
      5.9372553977690945,
      5.912515835508543,
      5.850903297958279,
      5.825076000261122,
      5.952003467017967,
      5.9260490628052045,
      5.866442843133185,
      5.946599717889905,
      5.955451435188178,
      5.86387406311288,
      5.918384753966999,
      5.919768830964742,
      5.985166162550759,
      5.917387624184337,
      5.960619852469519,
      5.968864786430332,
      5.937197731638721,
      6.01152865816085,
      5.887969256265514,
      5.93847588120752,
      5.924941808301126,
      5.856359118784102,
      5.97315485995969,
      5.91070279815354,
      5.966809420175053,
      5.969564338243275,
      6.035159892862745,
      5.965600249581014,
      6.0724302678100575,
      6.029503641608374,
      6.138727171981507,
      5.961880566039267,
      5.97003610964378,
      6.175302821577975,
      5.939609133792704,
      6.1258852499362755,
      5.991651667542319,
      6.456337343739957,
      6.11930195922461,
      6.308371385182121,
      6.279248359341538,
      6.038347550111625,
      6.122960227552227,
      6.32124063462457,
      6.189983157117266,
      6.184416361827569,
      6.311873510533727,
      6.307802856125028,
      6.486170204831926,
      6.8992533295482925,
      6.093505737509532,
      6.426652279411034,
      6.255423023570843,
      6.323964838415154,
      6.474610671422053,
      6.5221997728459815,
      6.419055534407955
    ],