{
  "config": {
    "seed": 42,
    "bs_train": 16,
    "bs_test": 4,
    "batches": 100,
    "epochs": 100,
    "early_stopping": 10,
    "checkpoints": null,
    "lr": 0.001,
    "print_every": 100,
    "h_dim": 256,
    "z_dim": 10,
    "betas": [
      0.1,
      0.1
    ],
    "kw": {},
    "RTplot": false,
    "out_dir": "./results/Res3/",
    "run_name": "MEGA_RUNbs_16lr_0.001h_256z_10s_0.9",
    "x_sigma2": 0.9
  },
  "results": {
    "num_epochs": 0,
    "train_loss": [
      0.7817838211854299,
      0.3863364150126775,
      0.38088932434717815,
      0.37421727180480957,
      0.3608141789833705,
      0.35190452833970387,
      0.34969176550706227,
      0.3418395757675171,
      0.3461212227741877,
      0.33960169553756714,
      0.3390660931666692,
      0.3362651437520981,
      0.33310136397679646,
      0.32769373854001366,
      0.32987204392751057,
      0.33450590471426644,
      0.3273352141181628,
      0.3369516516725222,
      0.319083434343338,
      0.3290671686331431,
      0.31531855662663777,
      0.3178283135096232,
      0.3207027494907379,
      0.31584104349215825,
      0.3028208424647649,
      0.30030378699302673,
      0.29277500361204145,
      0.3010608365138372,
      0.2848129893342654,
      0.2831458479166031,
      0.28605292936166127,
      0.27142254213492073,
      0.2797746673226357,
      0.2870989292860031,
      0.28226178139448166,
      0.2830985342462858,
      0.2731050357222557,
      0.2723022595047951,
      0.266552971303463,
      0.2675668001174927,
      0.2681485970815023,
      0.26282920787731806,
      0.2745530719558398,
      0.2623376056551933,
      0.256806347767512,
      0.2596688330173492,
      0.2668529997269313,
      0.2532187163829803,
      0.2552349969744682,
      0.2604353482524554,
      0.25901938130458196,
      0.25419991463422775,
      0.2598768879969915,
      0.2489199807246526,
      0.2518592715263367,
      0.2463902622461319,
      0.24771467198928196,
      0.2552741582194964,
      0.25133280058701835,
      0.24947155117988587,
      0.2533483544985453,
      0.24899572630723318,
      0.25026207268238065,
      0.24646911521752676,
      0.24914874285459518,
      0.2520400365193685,
      0.24201118499040603,
      0.2443373903632164,
      0.24777724097172418,
      0.23977880030870438,
      0.23914047926664353,
      0.236106642584006,
      0.24506106774012248,
      0.24008529235919315,
      0.23588290959596633,
      0.24064313620328903,
      0.2389765664935112,
      0.23546175211668013,
      0.23434527268012365,
      0.23334599484999974,
      0.2331795871257782,
      0.230228923757871,
      0.24379880527655284,
      0.23387865722179413,
      0.23222737461328508,
      0.22692839254935582,
      0.23441584358612697,
      0.2363108401497205,
      0.23181177973747252,
      0.2332576408982277,
      0.2302274023493131,
      0.2317795341213544,
      0.22790066649516424,
      0.23030184010664623,
      0.2318970541159312,
      0.23082150916258495,
      0.2259676570693652,
      0.22501224080721538,
      0.2294817532102267,
      0.22324167837699255
    ],
    "train_acc": [
      17.518689986831475,
      20.54519468163599,
      20.82845826406867,
      20.80279289626536,
      21.493757021747417,
      21.606506236743243,
      21.502196487958972,
      21.91584051196579,
      21.88872159934172,
      21.92362410139992,
      22.0229966389094,
      22.173044873930312,
      22.263142960821682,
      21.935677686251243,
      22.157477497731968,
      22.311559290373868,
      22.306379461991384,
      22.22444147815714,
      22.95409206654416,
      22.377864418606208,
      22.80313129985752,
      23.12896492649575,
      22.666246925483534,
      23.391069581693102,
      24.29936279972247,
      24.602323996542008,
      24.80420031332973,
      24.7776754802604,
      25.459586268273526,
      25.586276877024925,
      25.534116873881626,
      26.726325590144295,
      26.30067401296529,
      25.87488487818923,
      25.587774487393887,
      25.652894615629982,
      26.60119312677813,
      26.43582274974187,
      26.595766540679875,
      26.275152656334164,
      26.601380032176642,
      26.95339890039654,
      26.171972142405412,
      26.483363434324882,
      27.315994641296026,
      26.964005141447075,
      26.681952460255886,
      27.762683567227178,
      27.311649327628736,
      26.941422889034225,
      27.435469768503776,
      27.32399083745728,
      26.983113161409708,
      28.15918046168537,
      27.224372601394013,
      28.157558838365333,
      27.882952527722694,
      27.427973800890268,
      27.52413197437627,
      27.440572974722954,
      27.470541093868377,
      27.528443565168416,
      28.032910649268814,
      27.959928630113783,
      27.881713438779517,
      27.530980670473877,
      28.352815227082274,
      28.266194485112088,
      27.992970201942704,
      28.78943103901175,
      28.894113071155687,
      28.98357378703528,
      28.278114294686908,
      29.06411911047878,
      28.90223689467079,
      28.655762633740174,
      28.822159264726295,
      29.210090278288366,
      29.30330873007763,
      29.188580613938534,
      29.44488653159693,
      29.669731927439976,
      28.227496795026006,
      29.506801693651816,
      29.59273556696557,
      30.1640932478455,
      29.242516097579486,
      29.072388556493905,
      29.40302564653059,
      29.36372449877312,
      29.408280741318713,
      29.47892790295975,
      29.773688234905094,
      29.568164372553746,
      29.41547718701709,
      29.391473797173973,
      30.20823111657801,
      30.08960816268219,
      29.666468707265928,
      30.203687643583862
    ],