{
  "config": {
    "seed": 42,
    "bs_train": 32,
    "bs_test": 8,
    "batches": 100,
    "epochs": 100,
    "early_stopping": 10,
    "checkpoints": null,
    "lr": 0.01,
    "print_every": 100,
    "h_dim": 128,
    "z_dim": 50,
    "betas": [
      0.1,
      0.1
    ],
    "kw": {},
    "RTplot": false,
    "out_dir": "./results/Res3/",
    "run_name": "MEGA_RUNbs_32lr_0.01h_128z_50s_0.9",
    "x_sigma2": 0.9
  },
  "results": {
    "num_epochs": 0,
    "train_loss": [
      2.005684757232666,
      1.3394206643104554,
      1.1867114583651224,
      1.0507734020551045,
      0.9281827449798584,
      0.8835520704587301,
      0.6684948563575744,
      0.5211231807867686,
      0.5070717175801595,
      0.4883450448513031,
      0.46487879753112793,
      0.46047367056210836,
      0.44935449759165447,
      0.4397810101509094,
      0.4337204416592916,
      0.43727089365323385,
      0.42485456466674804,
      0.4222119907538096,
      0.42112820148468016,
      0.4160246829191844,
      0.41174641648928323,
      0.4081104656060537,
      0.40134252508481344,
      0.40576282938321434,
      0.3927589019139608,
      0.3966114938259125,
      0.3902876079082489,
      0.39182947675387064,
      0.3891674240430196,
      0.39230782985687257,
      0.38166639606157937,
      0.382643594344457,
      0.38042736053466797,
      0.38066519697507223,
      0.3761055787404378,
      0.37599737842877706,
      0.37559173703193666,
      0.3758144895235697,
      0.374137149254481,
      0.37515632311503094,
      0.37116605838139854,
      0.36956725517908734,
      0.3683315336704254,
      0.3672695755958557,
      0.3653880476951599,
      0.36485289335250853,
      0.36294806996981305,
      0.3622365037600199,
      0.3631265719731649,
      0.36399698853492735,
      0.35908292134602865,
      0.36061575412750246,
      0.35987362265586853,
      0.36157609621683756,
      0.3585491637388865,
      0.3602343122164408,
      0.3576207935810089,
      0.35967944463094076,
      0.3548985461393992,
      0.35790817737579345,
      0.35773696899414065,
      0.3569710671901703,
      0.35371708671251934,
      0.3566979646682739,
      0.35391756892204285,
      0.353140119711558,
      0.3521267314751943,
      0.35342690149943035,
      0.35218708515167235,
      0.3539307494958242,
      0.3496125241120656,
      0.3518706897894541,
      0.3495911399523417,
      0.352036972840627,
      0.3501432021458944,
      0.349619068702062,
      0.3484574298063914,
      0.3492574016253153,
      0.34805463552474974,
      0.3468410849571228,
      0.34854257305463154,
      0.3476729174455007,
      0.347565088669459,
      0.3468993107477824,
      0.34551376700401304,
      0.34602608482042946,
      0.3444812019666036,
      0.34361012776692706,
      0.34472765525182086,
      0.34327226082483925,
      0.34367234508196515,
      0.3436648686726888,
      0.34448134104410805,
      0.3472241540749868,
      0.3445836802323659,
      0.3435699005921682,
      0.34495890736579893,
      0.34405878782272337,
      0.34456652601559956,
      0.34397636651992797
    ],
    "train_acc": [
      5.212828766867526,
      5.0336624087340205,
      5.043705350104496,
      5.028540917836949,
      5.048023568202179,
      5.377549062273202,
      8.011827492948216,
      9.67953331766565,
      9.895406508501122,
      9.871733509002707,
      9.871344275139105,
      9.855639801805928,
      9.854332572469422,
      9.896407902260698,
      9.890681922221884,
      9.87365696924661,
      9.87858773388334,
      9.873146214320675,
      9.88690993329482,
      9.869834704190467,
      9.871836870053754,
      9.867128778739664,
      9.88151258954343,
      9.87084428335368,
      9.867023389191353,
      9.863269633100677,
      9.87531543132857,
      9.895757143523175,
      9.886380989143316,
      9.85904133755152,
      9.854963961000584,
      9.861797039305644,
      9.908868266569145,
      9.893028015430165,
      9.87386618453053,
      9.872457137697461,
      9.895282652901805,
      9.886065059971301,
      9.861389885961056,
      9.887891215444842,
      9.865534877899472,
      9.863017617270884,
      9.861818604424066,
      9.869853642369096,
      9.901828037682904,
      9.904603521992897,
      9.89135914472909,
      9.877897838566103,
      9.900869394642385,
      9.87196114693473,
      9.871942069282651,
      9.873931562122396,
      9.865363170390058,
      9.880823702144394,
      9.912123613206619,
      9.869181968659651,
      9.892912891637307,
      9.87625549198382,
      9.858095386232215,
      9.877173368038246,
      9.878706587410951,
      9.87786537700951,
      9.892534608484134,
      9.864342578912224,
      9.886351993648558,
      9.88008407642133,
      9.905313949289576,
      9.863817624146476,
      9.879461668584261,
      9.860133125510982,
      9.867138961586116,
      9.87479681404739,
      9.881304539913774,
      9.85921409613704,
      9.891085156956045,
      9.846340248729566,
      9.88380759660754,
      9.870130040189052,
      9.893467714272962,
      9.861812412397168,
      9.856463136595716,
      9.856669330817747,
      9.872622196988564,
      9.89329071234999,
      9.875812161569716,
      9.87585493861165,
      9.884697111613388,
      9.861912286498118,
      9.88080478148053,
      9.872031295196333,
      9.88862535573031,
      9.90186618049078,
      9.865386762381412,
      9.865460457152341,
      9.88360858978712,
      9.859155121110987,
      9.865421354944644,
      9.867366644654988,
      9.84903357750555,
      9.85247331224124
    ],