{
  "config": {
    "seed": 42,
    "bs_train": 32,
    "bs_test": 8,
    "batches": 100,
    "epochs": 100,
    "early_stopping": 10,
    "checkpoints": null,
    "lr": 0.01,
    "print_every": 100,
    "h_dim": 256,
    "z_dim": 50,
    "betas": [
      0.1,
      0.1
    ],
    "kw": {},
    "RTplot": false,
    "out_dir": "./results/Res3/",
    "run_name": "MEGA_RUNbs_32lr_0.01h_256z_50s_0.5",
    "x_sigma2": 0.5
  },
  "results": {
    "num_epochs": 0,
    "train_loss": [
      7.8167461395263675,
      2.065840395291646,
      1.596200410525004,
      1.4605025927225748,
      1.3705400387446085,
      1.3293925762176513,
      1.4387077530225119,
      0.9164706031481425,
      0.8230702718098958,
      0.7306726336479187,
      0.7084740559260051,
      0.6921219388643901,
      0.7033927996953329,
      0.6734760840733846,
      0.6732946594556173,
      0.664090613524119,
      0.6577188889185588,
      0.6493647694587708,
      0.6542494098345438,
      0.6493622064590454,
      0.652935798962911,
      0.648979922135671,
      0.6499541878700257,
      0.6481263478597005,
      0.6464365204175313,
      0.6378005226453145,
      0.6445806384086609,
      0.6385091543197632,
      0.6379767974217733,
      0.6366170684496562,
      0.6382657011349996,
      0.6307981888453166,
      0.6331788182258606,
      0.6308790842692057,
      0.6295214136441548,
      0.6313365777333577,
      0.6265250682830811,
      0.6288999835650126,
      0.6234990040461222,
      0.6233064730962118,
      0.6202688058217366,
      0.6222007075945536,
      0.621539588769277,
      0.616396141052246,
      0.6193138281504313,
      0.6185589869817097,
      0.6173757314682007,
      0.6183644572893778,
      0.6209318955739339,
      0.6166445930798848,
      0.6186091740926106,
      0.6147428433100383,
      0.6132612188657125,
      0.6145552635192871,
      0.6116245786348978,
      0.6080675403277079,
      0.6099239309628804,
      0.6076960881551107,
      0.6077975789705913,
      0.6069495876630148,
      0.610822598139445,
      0.6039919892946879,
      0.6061938365300497,
      0.6042509992917379,
      0.5995368440945943,
      0.6033796191215515,
      0.6004821379979451,
      0.5959611336390177,
      0.5991033593813578,
      0.6004769206047058,
      0.6032320857048035,
      0.5974053879578908,
      0.6002363284428914,
      0.5989335815111796,
      0.5995890935262044,
      0.5975529909133911,
      0.5976187467575074,
      0.5976686636606853,
      0.5954577684402466,
      0.5956684192021687,
      0.5969529231389363,
      0.602881936232249,
      0.59440944592158,
      0.5969925840695699,
      0.595905073483785,
      0.593871823946635,
      0.5973618865013123,
      0.5921920935312907,
      0.5951063752174377,
      0.5910121162732442,
      0.5964011311531067,
      0.594087556997935,
      0.599915353457133,
      0.5920915087064107,
      0.5949020028114319,
      0.5943047205607096,
      0.5938676794370016,
      0.5929987072944641,
      0.5927921891212463,
      0.5934487183888754
    ],
    "train_acc": [
      2.9105093037074234,
      2.7917274232892613,
      2.819035966195105,
      2.793711133950677,
      2.7922801087440745,
      2.7905085992247014,
      2.77728507861953,
      4.9474619555017165,
      5.13161204842841,
      5.4338842547406765,
      5.426570322127894,
      5.437393415811699,
      5.361147869158596,
      5.477699821706489,
      5.484926901542937,
      5.47103151702425,
      5.510642597713376,
      5.5086768714459575,
      5.516140442110194,
      5.557357802255654,
      5.523779684003628,
      5.523840866490255,
      5.50760686700217,
      5.497849935374538,
      5.51665983664295,
      5.541190647851378,
      5.515963849486225,
      5.545519486549091,
      5.533124470641759,
      5.518857336892937,
      5.51383668873763,
      5.545778901456383,
      5.561389091101596,
      5.52145037706095,
      5.541274968346894,
      5.4807728128799535,
      5.528760316120657,
      5.541637077734911,
      5.545993537832187,
      5.537508805111156,
      5.548540368517181,
      5.525603116285124,
      5.561637779870335,
      5.564015177056304,
      5.549615902521839,
      5.521820534389115,
      5.541917391093196,
      5.551838068666102,
      5.5358442683930615,
      5.529565790749722,
      5.537782852619611,
      5.56774263187984,
      5.555147029362637,
      5.541699255706906,
      5.541559856671564,
      5.571851381499967,
      5.551046452973985,
      5.55928019521005,
      5.587713711484233,
      5.563336727361196,
      5.54470738022685,
      5.543087108575014,
      5.5569051478350255,
      5.5783478999022815,
      5.55360537059832,
      5.543578969203669,
      5.547380895633336,
      5.57550703600293,
      5.561282857843812,
      5.54049586932084,
      5.532520480072265,
      5.567719787712584,
      5.554662636125122,
      5.548635218279559,
      5.549880080842343,
      5.543016542977738,
      5.54165928259599,
      5.545707073432511,
      5.565185433838045,
      5.565062594812856,
      5.555306585443799,
      5.510700662514532,
      5.557788021393641,
      5.563801205754263,
      5.5631403421377446,
      5.540090119281088,
      5.557276446244008,
      5.558910142359764,
      5.560111329185924,
      5.587873379638936,
      5.54334382806116,
      5.583169591647195,
      5.536953262823078,
      5.564033411558066,
      5.54723803943391,
      5.532960584435087,
      5.555780774960394,
      5.544229973095266,
      5.53713073989431,
      5.557628879532544
    ],