{
  "config": {
    "seed": 42,
    "bs_train": 16,
    "bs_test": 4,
    "batches": 100,
    "epochs": 100,
    "early_stopping": 10,
    "checkpoints": null,
    "lr": 0.005,
    "print_every": 100,
    "h_dim": 512,
    "z_dim": 10,
    "betas": [
      0.1,
      0.1
    ],
    "kw": {},
    "RTplot": false,
    "out_dir": "./results/Res3/",
    "run_name": "MEGA_RUNbs_16lr_0.005h_512z_10s_0.5",
    "x_sigma2": 0.5
  },
  "results": {
    "num_epochs": 0,
    "train_loss": [
      1.9408073822657268,
      1.313945120573044,
      0.8847687760988872,
      0.797714380423228,
      0.7670397937297821,
      0.7289123157660167,
      0.7061966915925344,
      0.6942207713921865,
      0.6581963340441386,
      0.637527326742808,
      0.6380826006333034,
      0.6295624812444051,
      0.6298061152299245,
      0.6277125328779221,
      0.6201265156269073,
      0.6213777403036753,
      0.6300088355938593,
      0.62572380900383,
      0.6128036230802536,
      0.6122548828522364,
      0.6004906435807545,
      0.6041427870591481,
      0.605792925755183,
      0.5954662581284841,
      0.5979895969231923,
      0.6201085209846496,
      0.5866460859775543,
      0.5827492872873942,
      0.5842679013808568,
      0.581410841147105,
      0.5809559295574824,
      0.5812268237272898,
      0.579359104235967,
      0.5794421950976054,
      0.5774031122525533,
      0.5787248035271962,
      0.5786827037731807,
      0.5771916429201762,
      0.5803582102060318,
      0.5750815053780873,
      0.575981792807579,
      0.575469508767128,
      0.5701962808767954,
      0.5743983487288157,
      0.5699406216541926,
      0.5703676462173461,
      0.5740234613418579,
      0.5701614658037821,
      0.5710118552049,
      0.5678549925486247,
      0.5675684044758479,
      0.5692560871442159,
      0.569144211212794,
      0.5696758846441905,
      0.5672653605540593,
      0.5706711322069168,
      0.5665036459763845,
      0.5658796797196071,
      0.5650267998377482,
      0.5662121136983236,
      0.5669075737396876,
      0.5624821285406748,
      0.561697448293368,
      0.5640298982461294,
      0.5630541026592255,
      0.5605356812477111,
      0.562332903345426,
      0.5601652334133784,
      0.5615980168183644,
      0.559521974126498,
      0.5603225082159042,
      0.5569294681151707,
      0.5597434202829997,
      0.5571771283944448,
      0.5569127460320791,
      0.5571032245953877,
      0.5556856373945872,
      0.5567447056372961,
      0.5564868122339248,
      0.5542543570200602,
      0.5559183200200398,
      0.5554010937611262,
      0.5551037053267162,
      0.5527418226003646,
      0.5529113272825877,
      0.5518736253182094,
      0.5504939417044322,
      0.5521308283011118,
      0.5507645318905513,
      0.5511170983314514,
      0.5499585678180059,
      0.5511046290397644,
      0.5484196543693542,
      0.5484563807646433,
      0.549974063038826,
      0.5479842702547709,
      0.5485670824845632,
      0.5473985999822617,
      0.5469127327203751,
      0.5477068404356639
    ],
    "train_acc": [
      7.371055995659941,
      9.78237864084187,
      10.747162898499528,
      10.941106496742677,
      11.154546488847584,
      11.145362666109321,
      11.218698437145608,
      11.218921179584914,
      11.298725004347379,
      11.420041564419952,
      11.426935396484028,
      11.495281350338383,
      11.392731440296963,
      11.402788258267508,
      11.508851851552837,
      11.269993050715522,
      11.390295730602515,
      11.310635693503464,
      11.50313219250887,
      11.52144465971615,
      11.488677249136131,
      11.357068692606724,
      11.445809193975071,
      11.478694929319948,
      11.442792311562288,
      11.267566498576889,
      11.572288109570975,
      11.569258455888516,
      11.594468507429122,
      11.604474313376212,
      11.61444293551093,
      11.602977926037973,
      11.604371507592141,
      11.574931879782998,
      11.571465435417739,
      11.550310307927798,
      11.571303577808358,
      11.567361229390372,
      11.543525768316034,
      11.598415120682711,
      11.590648781331682,
      11.600555680688542,
      11.578617090896815,
      11.545246077276987,
      11.584369871173715,
      11.6221115279186,
      11.59118091864802,
      11.601367126313047,
      11.575264519815605,
      11.598522270702219,
      11.637473690363333,
      11.57841765526848,
      11.569901448462822,
      11.582062964631112,
      11.60314364572093,
      11.575532489239029,
      11.603019114704974,
      11.619943777570278,
      11.59604639667134,
      11.570749092132361,
      11.555957481594762,
      11.626206113443661,
      11.656598071701312,
      11.577827356038153,
      11.593698388998138,
      11.623205423276158,
      11.588186019250898,
      11.625260276789787,
      11.572654877304206,
      11.644824348288585,
      11.574135394445133,
      11.697514836509832,
      11.59094368752033,
      11.621417795645138,
      11.63570492003107,
      11.654468724954025,
      11.642814083618225,
      11.631170529159885,
      11.615009787839575,
      11.617308437184642,
      11.648415806478592,
      11.586974322222384,
      11.63603024689787,
      11.649723833803035,
      11.62706827191958,
      11.638585749562823,
      11.676113270482512,
      11.65020025370708,
      11.665961164059102,
      11.689958351767576,
      11.652195430004172,
      11.601406931323996,
      11.672509448362504,
      11.66226301223813,
      11.59963132697032,
      11.640077340087839,
      11.662446166260104,
      11.626729874476124,
      11.639890359584424,
      11.596652333581506
    ],