{
  "config": {
    "seed": 42,
    "bs_train": 16,
    "bs_test": 4,
    "batches": 100,
    "epochs": 100,
    "early_stopping": 10,
    "checkpoints": null,
    "lr": 0.001,
    "print_every": 100,
    "h_dim": 128,
    "z_dim": 2,
    "betas": [
      0.1,
      0.1
    ],
    "kw": {},
    "RTplot": false,
    "out_dir": "./results/Res3/",
    "run_name": "MEGA_RUNbs_16lr_0.001h_128z_2s_0.5",
    "x_sigma2": 0.5
  },
  "results": {
    "num_epochs": 0,
    "train_loss": [
      0.7725147684415181,
      0.6205441147089005,
      0.6268458753824234,
      0.589858212073644,
      0.5792180240154267,
      0.5776328136523564,
      0.5554847806692124,
      0.5713831226030985,
      0.5535831650098165,
      0.5684511820475261,
      0.5499444971481959,
      0.5628962010145188,
      0.5348774423201879,
      0.5438333561023077,
      0.5256223380565643,
      0.5304563254117965,
      0.5149583220481873,
      0.5075834701458614,
      0.5177633692820867,
      0.511968516310056,
      0.5098356237014134,
      0.51482126613458,
      0.5086790432532629,
      0.4938247422377268,
      0.509330736597379,
      0.4885868151982625,
      0.4962116926908493,
      0.4938084175189336,
      0.5213046093781789,
      0.4918972740570704,
      0.4914731671412786,
      0.48233550985654194,
      0.4860661288102468,
      0.49478166898091636,
      0.48021842340628307,
      0.4909987101952235,
      0.4784219076236089,
      0.48507751027743023,
      0.4872105747461319,
      0.4747531205415726,
      0.4857281396786372,
      0.46429677108923595,
      0.4845235755046209,
      0.48023221294085183,
      0.4747839689254761,
      0.4731032967567444,
      0.48054550190766654,
      0.47337071200211844,
      0.47496333221594494,
      0.4779981255531311,
      0.45912833015124005,
      0.44810908536116284,
      0.4656330575545629,
      0.4601656377315521,
      0.4489810079336166,
      0.4604838262001673,
      0.4674840619166692,
      0.4601462403933207,
      0.45196907917658485,
      0.474469056725502,
      0.45940984090169273,
      0.44943764209747317,
      0.47183324297269186,
      0.44551560978094734,
      0.44840089480082196,
      0.4569046914577484,
      0.4617357015609741,
      0.4582158704598745,
      0.4469000409046809,
      0.44725857277711234,
      0.47056170701980593,
      0.43382704854011533,
      0.44909949203332267,
      0.4484854539235433,
      0.4514642963806788,
      0.45492320160071054,
      0.4487370828787486,
      0.45796276231606803,
      0.45018298824628195,
      0.4372344126303991,
      0.43965392212073007,
      0.47018965979417165,
      0.4474225183327993,
      0.4380824406941732,
      0.4447744925816854,
      0.4378506342569987,
      0.42756317953268685,
      0.44685980677604675,
      0.44300778607527413,
      0.4366229315598806,
      0.44230234920978545,
      0.4605942984422048,
      0.4385928730169932,
      0.44431914687156676,
      0.4447570304075877,
      0.43720659216245017,
      0.4432045092185338,
      0.42922687927881875,
      0.43969324231147766,
      0.43763485352198284
    ],
    "train_acc": [
      10.116317492282695,
      11.469215676985824,
      11.514661880554755,
      11.90682079875589,
      12.047902728814988,
      12.000886768494253,
      12.583670478961563,
      12.310554332501834,
      12.701705638483684,
      12.617864763577147,
      13.182244819432697,
      12.797603562294343,
      13.236730952889053,
      13.669469919662161,
      13.601935074109045,
      13.360668918566713,
      13.747473164161141,
      13.929205487175441,
      13.80513669852215,
      13.944741762404048,
      13.788490729811333,
      13.801468098216027,
      13.828298986231285,
      14.240804385838802,
      14.190715236955482,
      14.329919536107179,
      14.08755124029086,
      14.145341465519456,
      13.470785022956939,
      14.2261089765791,
      14.131077676917734,
      14.358683562185043,
      14.206321521007341,
      14.075683899901987,
      14.409223712536155,
      14.278632560159974,
      14.430875686320995,
      14.489298209669832,
      14.222439576132786,
      14.556379481283157,
      14.351518592985242,
      14.793135309726559,
      14.2457483303812,
      14.371703387695941,
      14.466615641111693,
      14.514711884693774,
      14.53115306002936,
      14.426331830898253,
      14.43291859999896,
      14.50015228104054,
      14.909419986411894,
      15.186010568149982,
      14.691798429295085,
      14.777892475015685,
      15.048703223626868,
      14.903727474975884,
      14.661087219658567,
      14.86378104903664,
      14.960936688524072,
      14.660028406408347,
      14.791130027437267,
      15.143228675694301,
      14.611517311827496,
      15.35186513507014,
      15.118459941825751,
      14.86121504021488,
      14.770254033417297,
      14.856417659658891,
      15.228036728230602,
      15.341724561650159,
      14.627418726118542,
      15.490010831910672,
      15.199145482596185,
      15.043656080532458,
      15.183626761700028,
      14.942146698546166,
      15.214931290793594,
      14.971956119544224,
      15.18231549713353,
      15.480307997127221,
      15.446898545590498,
      14.56153899099865,
      15.352088194626168,
      15.473228643717778,
      15.337652464968716,
      15.522022092940007,
      15.731003140126054,
      15.373054291886437,
      15.389329853584636,
      15.537338080687153,
      15.37497949092111,
      15.00872096938991,
      15.3521331262574,
      15.359575792219102,
      15.378768958941166,
      15.361381341169176,
      15.321400140869738,
      15.855535349193373,
      15.405487591112012,
      15.424579581913553
    ],