{
  "config": {
    "seed": 42,
    "bs_train": 64,
    "bs_test": 16,
    "batches": 100,
    "epochs": 100,
    "early_stopping": 10,
    "checkpoints": null,
    "lr": 0.0005,
    "print_every": 100,
    "h_dim": 128,
    "z_dim": 2,
    "betas": [
      0.1,
      0.1
    ],
    "kw": {},
    "RTplot": false,
    "out_dir": "./results/Res3/",
    "run_name": "MEGA_RUNbs_64lr_0.0005h_128z_2s_0.9",
    "x_sigma2": 0.9
  },
  "results": {
    "num_epochs": 0,
    "train_loss": [
      0.8541839718818665,
      0.35850244760513306,
      0.3367971442639828,
      0.32921263575553894,
      0.33570531383156776,
      0.32551243156194687,
      0.3251139745116234,
      0.3322664201259613,
      0.3244737610220909,
      0.3187889866530895,
      0.31619880348443985,
      0.32222698628902435,
      0.3182128965854645,
      0.31198102980852127,
      0.30991126596927643,
      0.32630278542637825,
      0.32520848512649536,
      0.3175925761461258,
      0.34018509462475777,
      0.3060367479920387,
      0.31600796431303024,
      0.31278185546398163,
      0.3071441389620304,
      0.3118865601718426,
      0.3207256533205509,
      0.3170417696237564,
      0.3150108605623245,
      0.31807656213641167,
      0.3154100850224495,
      0.30880875512957573,
      0.30407756194472313,
      0.3275292403995991,
      0.2959437444806099,
      0.31030082516372204,
      0.3520885892212391,
      0.2968248166143894,
      0.32305292040109634,
      0.30387819558382034,
      0.29396791756153107,
      0.3110649697482586,
      0.29926322028040886,
      0.30214396864175797,
      0.29420628398656845,
      0.2976255603134632,
      0.2938222102820873,
      0.2945967558771372,
      0.33420974388718605,
      0.29165682941675186,
      0.28857680037617683,
      0.3124851994216442,
      0.2843228355050087,
      0.29306755401194096,
      0.3041168041527271,
      0.2950719818472862,
      0.29249484464526176,
      0.29070432111620903,
      0.30694129317998886,
      0.2904466539621353,
      0.3083366956561804,
      0.28391046077013016,
      0.30728879570961,
      0.27926723659038544,
      0.30087901279330254,
      0.2821362279355526,
      0.28651051595807076,
      0.27608830109238625,
      0.29128526896238327,
      0.27858860418200493,
      0.291721323505044,
      0.2788574453443289,
      0.2741708382964134,
      0.28758859634399414,
      0.2735089361667633,
      0.29212069883942604,
      0.27588919922709465,
      0.28423783741891384,
      0.3197603076696396,
      0.28996461629867554,
      0.2779028657823801,
      0.2883037347346544,
      0.2771924678236246,
      0.27778312005102634,
      0.28675247728824615,
      0.29181671515107155,
      0.2866638209670782,
      0.2912925183773041,
      0.2714875675737858,
      0.2737350407987833,
      0.290288582444191,
      0.2663831766694784,
      0.26270743645727634,
      0.30605123937129974,
      0.27051289938390255,
      0.2859385386109352,
      0.2744736149907112,
      0.3037025835365057,
      0.276291087269783,
      0.2700995206832886,
      0.29925148375332355,
      0.28332390263676643
    ],
    "train_acc": [
      4.681816949457798,
      5.277288704751027,
      5.451445058397569,
      5.626324275459009,
      5.58583161561497,
      5.700129448002769,
      5.724086095861837,
      5.682357173735845,
      5.843524122681692,
      5.87350954476426,
      5.906694833727441,
      5.775781842604298,
      5.801398647677325,
      5.986237185451791,
      6.022514986790431,
      5.7629723295588215,
      5.789243247521544,
      6.048656624908317,
      5.621298337174075,
      6.137564590323962,
      5.928004443171424,
      6.039217387066355,
      6.134764589100975,
      6.090807219277539,
      6.018474687946932,
      5.908221444640264,
      6.31687700433252,
      6.161140417976426,
      6.091140605383081,
      6.118750592459521,
      6.2311111634824226,
      6.055292024278255,
      6.466288204450446,
      6.337421006094416,
      5.8706004696977026,
      6.443639979855461,
      6.053377354213371,
      6.265928165734971,
      6.476500104229417,
      6.264746563596157,
      6.315033480324228,
      6.228528504046626,
      6.40424403407787,
      6.3558466303160746,
      6.403119158102483,
      6.587056756701413,
      6.084814755912526,
      6.618639371520676,
      6.553138741596948,
      6.2899880683856235,
      6.664124195343029,
      6.623610365508218,
      6.358091015998568,
      6.401485943872007,
      6.491785529543099,
      6.628432916472497,
      6.451642018884662,
      6.496757315258182,
      6.390282616252109,
      6.723750994433293,
      6.249724836319938,
      6.679549793032002,
      6.324419560414665,
      6.69872550123014,
      6.676891201836529,
      6.740552190107158,
      6.573799313832707,
      6.861934889682448,
      6.486140191834589,
      6.920005914597821,
      6.9758112516799615,
      6.449104461539708,
      6.910424650313027,
      6.465354579160653,
      6.98227701732378,
      6.73211553917025,
      6.286222553905557,
      6.659279058817667,
      6.846914254555221,
      6.680980665929942,
      6.852861044109886,
      6.801308955397922,
      6.597136666879451,
      6.662778127027921,
      6.539350576671552,
      6.397188330594133,
      6.893786060028674,
      6.799414576592509,
      6.518948138760164,
      6.992429735229536,
      6.9867494114382085,
      6.132293897552401,
      6.919988543262711,
      6.649609467965123,
      6.836901036123751,
      6.406758565227886,
      6.866334303851675,
      6.89641523009491,
      6.835098885166587,
      6.568933384813949
    ],