{
  "config": {
    "seed": 42,
    "bs_train": 16,
    "bs_test": 4,
    "batches": 100,
    "epochs": 100,
    "early_stopping": 10,
    "checkpoints": null,
    "lr": 0.0005,
    "print_every": 100,
    "h_dim": 512,
    "z_dim": 20,
    "betas": [
      0.1,
      0.1
    ],
    "kw": {},
    "RTplot": false,
    "out_dir": "./results/Res3/",
    "run_name": "MEGA_RUNbs_16lr_0.0005h_512z_20s_0.5",
    "x_sigma2": 0.5
  },
  "results": {
    "num_epochs": 0,
    "train_loss": [
      1.2125548591216406,
      0.5916476180156072,
      0.5718651632467906,
      0.5502173105875651,
      0.5517542839050293,
      0.553264449040095,
      0.5497641066710154,
      0.5501322438319524,
      0.5418618083000183,
      0.5438014974196752,
      0.5471652289231618,
      0.5307489087184271,
      0.5477817982435227,
      0.5442621439695359,
      0.5316320190827052,
      0.5285054783026377,
      0.5173343549172084,
      0.5291433076063792,
      0.5186096002658208,
      0.5263494362433752,
      0.5184556464354197,
      0.5126790970563888,
      0.5120212813218434,
      0.5238199770450592,
      0.5118443379799525,
      0.48914255301157633,
      0.485120098789533,
      0.47854271829128264,
      0.4626879245042801,
      0.47225138048330945,
      0.4613583226998647,
      0.4592500110467275,
      0.4555714617172877,
      0.45708914697170255,
      0.44659976959228515,
      0.4616015553474426,
      0.44496499399344125,
      0.4424515058596929,
      0.45217019617557525,
      0.4410823384920756,
      0.45189268290996554,
      0.44279698928197225,
      0.4442690004905065,
      0.44474651316801705,
      0.44719998141129813,
      0.4442161232233047,
      0.433801860610644,
      0.4412881165742874,
      0.4301196684439977,
      0.4519617567459742,
      0.44040362238883973,
      0.4334693968296051,
      0.44123293856779733,
      0.4392193824052811,
      0.42946252624193826,
      0.4363055686155955,
      0.42718917528788247,
      0.4398237188657125,
      0.4310425360997518,
      0.4312179575363795,
      0.4244792590538661,
      0.4210067967573802,
      0.41415672103563944,
      0.418865837653478,
      0.4137193391720454,
      0.4091267724831899,
      0.4302935689687729,
      0.4156022797028224,
      0.4079813241958618,
      0.4237565884987513,
      0.4187774876753489,
      0.4076680411895116,
      0.4020028700431188,
      0.42041091521581014,
      0.39233048260211945,
      0.4087254544099172,
      0.4075083394845327,
      0.4027353495359421,
      0.398273108402888,
      0.3912648757298787,
      0.3951445291439692,
      0.3960249980290731,
      0.3983495354652405,
      0.39216013451417286,
      0.390507318576177,
      0.38270787795384725,
      0.3932290941476822,
      0.4011249522368113,
      0.3933651953935623,
      0.3983961393435796,
      0.38280636866887413,
      0.3879245489835739,
      0.3903116375207901,
      0.3852827876806259,
      0.3925483971834183,
      0.4018625189860662,
      0.39207261900107065,
      0.38645240664482117,
      0.39279450873533883,
      0.37959651947021483
    ],
    "train_acc": [
      10.715634764889588,
      11.95891585697915,
      12.227856291897401,
      13.194829005137201,
      12.90333042235045,
      12.81808415335701,
      12.96260243882904,
      13.164536669044807,
      13.069855862393648,
      13.251100855825417,
      13.194695298227597,
      13.503105021878605,
      13.17885978146221,
      13.233184154172871,
      13.364709017395473,
      13.433955369979248,
      13.890221108366203,
      13.542030096897102,
      13.784924141805133,
      13.465887731610692,
      13.7132714143959,
      13.868148370488274,
      13.894418061594967,
      13.646823001563236,
      14.0086547050889,
      14.38285530567665,
      14.333597581639708,
      14.58548146536473,
      14.906191573661367,
      14.737848157806285,
      15.077270575600373,
      14.996188940703084,
      15.113672234305849,
      15.017331160959992,
      15.295565421743877,
      14.970109482346702,
      15.358573147874706,
      15.466894471788033,
      15.049917256744106,
      15.446933093066248,
      15.163108810681694,
      15.41028276909196,
      15.283041414173198,
      15.46827360609481,
      15.307013256779417,
      15.367623161698473,
      15.67498444988402,
      15.527359290555138,
      15.80097387559287,
      15.128764156549527,
      15.339718538397651,
      15.666102256402537,
      15.384334128747758,
      15.530466446066221,
      15.785944929127698,
      15.698810339165373,
      15.922948026412904,
      15.575736827004892,
      15.841947898842065,
      15.939855709389638,
      16.143213891177485,
      16.072994833091553,
      16.448814115913343,
      16.23348678078901,
      16.38330856554914,
      16.75265882897562,
      16.017664490279202,
      16.381770379391668,
      16.63207286885371,
      16.392760529495234,
      16.390956894468335,
      16.616145328008038,
      16.970561888811034,
      16.372080257747005,
      17.33353516811718,
      16.750805872733988,
      16.649644797952778,
      16.85531499300913,
      16.96877228740017,
      17.224762523919605,
      17.061241677561767,
      17.124683872516915,
      17.114044916532798,
      17.233612246051734,
      17.472143004705757,
      17.650260253559008,
      17.284761341847087,
      16.986652909520704,
      17.15025476463162,
      17.359094340672044,
      17.54431691984308,
      17.398631104544535,
      17.43212033888264,
      17.83897547860313,
      17.25543409193223,
      16.924249886716144,
      17.533207300857764,
      17.583456312136107,
      17.321405551466547,
      17.770572450956816
    ],