{
  "config": {
    "seed": 42,
    "bs_train": 32,
    "bs_test": 8,
    "batches": 100,
    "epochs": 100,
    "early_stopping": 10,
    "checkpoints": null,
    "lr": 0.0005,
    "print_every": 100,
    "h_dim": 128,
    "z_dim": 5,
    "betas": [
      0.1,
      0.1
    ],
    "kw": {},
    "RTplot": false,
    "out_dir": "./results/Res3/",
    "run_name": "MEGA_RUNbs_32lr_0.0005h_128z_5s_0.9",
    "x_sigma2": 0.9
  },
  "results": {
    "num_epochs": 0,
    "train_loss": [
      1.0739625851313273,
      0.3846046805381775,
      0.345328156153361,
      0.3416525979836782,
      0.3395536800225576,
      0.3338907480239868,
      0.3304855008920034,
      0.3308306594689687,
      0.3245083252588908,
      0.3260814587275187,
      0.32754039963086445,
      0.32665236790974933,
      0.3318049410978953,
      0.3237538675467173,
      0.33323039412498473,
      0.33227286140124,
      0.32216259042421974,
      0.32467106779416405,
      0.3217926502227783,
      0.3213918467362722,
      0.32467488646507264,
      0.3178590774536133,
      0.3144218703111013,
      0.31827648083368937,
      0.3365563650925954,
      0.31529781222343445,
      0.3192025045553843,
      0.3145720382531484,
      0.3219625234603882,
      0.3163202027479807,
      0.3250286479791005,
      0.32185747623443606,
      0.31159593860308327,
      0.31244185169537864,
      0.3118925323088964,
      0.30817594826221467,
      0.31830626130104067,
      0.3000809967517853,
      0.3045532067616781,
      0.301004683971405,
      0.2963051378726959,
      0.2913153529167175,
      0.3143311530351639,
      0.2932457615931829,
      0.294605545202891,
      0.28214730123678844,
      0.32545817494392393,
      0.2889944314956665,
      0.2876217097043991,
      0.29367595016956327,
      0.28736386597156527,
      0.3051421453555425,
      0.27820973594983417,
      0.28360096712907157,
      0.2876684576272964,
      0.28426107466220857,
      0.2898692886034648,
      0.2872830847899119,
      0.3132399350404739,
      0.27002850770950315,
      0.29115637838840486,
      0.29404533207416533,
      0.2627748062213262,
      0.2746453752120336,
      0.27801083624362943,
      0.27936193645000457,
      0.29871396025021874,
      0.27010433276494344,
      0.27950051724910735,
      0.27580262819925944,
      0.26979470054308574,
      0.28140760362148287,
      0.2762689779202143,
      0.28088132639726004,
      0.2634785672028859,
      0.27654938995838163,
      0.2824630339940389,
      0.26768512030442554,
      0.28421170512835187,
      0.29642648498217267,
      0.2725034823020299,
      0.2861594239870707,
      0.29027996261914574,
      0.2861975967884064,
      0.27868201633294426,
      0.2768981695175171,
      0.26609035631020866,
      0.2733679433663686,
      0.2681373139222463,
      0.2699624538421631,
      0.2873615026473999,
      0.2642334461212158,
      0.269484003384908,
      0.27062225838502246,
      0.26225044429302213,
      0.27578060726324716,
      0.265911195675532,
      0.27218489348888397,
      0.27994240323702496,
      0.27916588087876637
    ],
    "train_acc": [
      8.878220341081787,
      9.474639090800157,
      10.416218784156056,
      10.502352733830701,
      10.486431721666069,
      10.697051343558488,
      10.807697278010636,
      10.755715322458032,
      10.981722586641325,
      11.011798665859466,
      10.925216190893238,
      11.083062380487638,
      10.966417600277861,
      11.150637728676596,
      10.963759020431816,
      10.95702027570774,
      11.149250991200878,
      11.096008338447971,
      11.277634340742814,
      11.222638460974148,
      11.144187397127023,
      11.341651799051727,
      11.428997675002568,
      11.244404074398066,
      10.8106354265131,
      11.50493765269828,
      11.316635673916661,
      11.459110495738814,
      11.30927101024041,
      11.463281178745529,
      11.373364318223881,
      11.38314556017428,
      11.658457283909945,
      11.528512722016227,
      11.710362018453601,
      11.958699670293711,
      11.522103373130491,
      12.219470781817321,
      11.98090168932653,
      12.04747782619041,
      12.42762796486599,
      12.353878759475943,
      11.683110918337924,
      12.50405281838078,
      12.554324695513092,
      13.07774011476219,
      11.596897596484235,
      12.458412995241385,
      12.60079092418108,
      12.842742895490685,
      12.567682531136905,
      11.969108116092492,
      12.96033537680136,
      12.616428056589452,
      12.669063473238321,
      12.634464206563568,
      12.578880463044941,
      12.704489477681232,
      11.683804641257884,
      13.095573870758605,
      12.445083827371024,
      12.421884203623556,
      13.469543781027236,
      13.019581449475403,
      12.991466272038481,
      12.945400682725912,
      12.258150327467975,
      13.22153237539117,
      13.04494929197491,
      12.73162632852614,
      13.127595719464377,
      12.842383718402356,
      12.928307670310721,
      13.060796007439055,
      13.298825808540384,
      13.012527667417599,
      12.784307870769979,
      13.115414545398885,
      12.903965333844335,
      12.277563293193433,
      13.136789439594098,
      12.421553820417232,
      12.946815395297984,
      12.791465968744202,
      12.878723190297785,
      12.955758893167976,
      13.256136232439099,
      13.012082563847727,
      13.196089206646757,
      13.07695032776054,
      12.898682441615518,
      13.285227554210156,
      12.887771403587466,
      12.93582757186964,
      13.417923158922289,
      13.004938470962365,
      13.262753834899087,
      12.880424759678291,
      13.082787805978299,
      12.801281961160896
    ],