{
  "config": {
    "seed": 42,
    "bs_train": 16,
    "bs_test": 4,
    "batches": 100,
    "epochs": 100,
    "early_stopping": 10,
    "checkpoints": null,
    "lr": 0.001,
    "print_every": 100,
    "h_dim": 128,
    "z_dim": 50,
    "betas": [
      0.1,
      0.1
    ],
    "kw": {},
    "RTplot": false,
    "out_dir": "./results/Res3/",
    "run_name": "MEGA_RUNbs_16lr_0.001h_128z_50s_0.9",
    "x_sigma2": 0.9
  },
  "results": {
    "num_epochs": 0,
    "train_loss": [
      0.8308500468730926,
      0.43421554962793985,
      0.41190246045589446,
      0.37420162359873455,
      0.36841398080190024,
      0.3630872795979182,
      0.35664591590563455,
      0.3583269665638606,
      0.3517107238372167,
      0.34701869189739226,
      0.35194461345672606,
      0.3377383083105087,
      0.33830899198849995,
      0.33442566990852357,
      0.3191603566209475,
      0.30674735407034553,
      0.3118002558747927,
      0.30668839265902836,
      0.30685903678337734,
      0.2886331796646118,
      0.300894987086455,
      0.29982146124045056,
      0.2886833260456721,
      0.2808471883336703,
      0.277448042233785,
      0.27682132671276727,
      0.27304384658734004,
      0.27643411854902905,
      0.26925533562898635,
      0.2730103443066279,
      0.27088317622741065,
      0.264128652215004,
      0.2853873054186503,
      0.2737108379602432,
      0.27596782743930814,
      0.2604165241122246,
      0.2596046954393387,
      0.2731121649344762,
      0.26496048718690873,
      0.2610043923060099,
      0.25834783067305883,
      0.2575442731380463,
      0.25680421193440756,
      0.2575589011112849,
      0.2615108792980512,
      0.2599081377188365,
      0.2549265593290329,
      0.25947459836800896,
      0.24943738331397375,
      0.25630943328142164,
      0.251959719757239,
      0.24568859587113062,
      0.2526520277063052,
      0.25889916668335594,
      0.2545568853616714,
      0.250107013185819,
      0.25004367033640545,
      0.24787947138150532,
      0.2503609741727511,
      0.26038655638694763,
      0.24879861772060394,
      0.25078948338826496,
      0.2535059332847595,
      0.252702900270621,
      0.25342781841754913,
      0.24424220025539398,
      0.23614654839038848,
      0.2389441281557083,
      0.24174430817365647,
      0.238930473725001,
      0.24103337973356248,
      0.24235197007656098,
      0.2491537868976593,
      0.23973690221707025,
      0.2360209027926127,
      0.23299704243739447,
      0.23579014788071315,
      0.23786505907773972,
      0.2360204483071963,
      0.23581159164508184,
      0.2416995828350385,
      0.23046338160832722,
      0.2311031550168991,
      0.2301360473036766,
      0.22321548014879228,
      0.22930776129166286,
      0.22897753566503526,
      0.2270748739441236,
      0.22579454878966013,
      0.2239155426621437,
      0.23074403206507366,
      0.22654956926902134,
      0.22602849801381428,
      0.2261451741059621,
      0.22982541422049205,
      0.2234944850206375,
      0.21778437743584314,
      0.22531697551409405,
      0.22376800328493118,
      0.22371961524089176
    ],
    "train_acc": [
      17.316419609682484,
      19.729035190217793,
      20.23460697561386,
      21.02666320827407,
      20.83764646170272,
      21.389855919885314,
      21.829382499164115,
      21.336884695521423,
      21.671478098965117,
      21.689549451556804,
      22.02662942154427,
      22.39717989240588,
      22.5864920808939,
      22.82347718971006,
      24.36625649176722,
      25.159497574456264,
      24.941148106382915,
      25.193362227912193,
      25.25840862794347,
      26.2506231538524,
      25.292257323002598,
      25.258961157482332,
      26.103342386637124,
      26.582626736690205,
      26.613774169435114,
      27.07854744663753,
      27.50284746163697,
      27.016814157965026,
      27.6394035326147,
      27.152656692615956,
      27.944543561064723,
      28.23352881292314,
      26.441388735124594,
      27.183723576040027,
      27.175930719789903,
      28.427688317899285,
      28.107208696696173,
      27.090259372777886,
      28.362520282869728,
      27.854131593790672,
      28.22835074552173,
      28.70296227020926,
      28.746212299486313,
      28.748359607076214,
      28.57771358515241,
      28.534544520409575,
      28.816111708765515,
      28.621081914340664,
      29.606941834448506,
      28.729060847747174,
      29.230842059595112,
      29.59278435727704,
      29.281317944185282,
      28.545977444615758,
      29.244275194279737,
      29.37433763096379,
      29.174707790162525,
      29.348032856522686,
      29.161390564492773,
      28.075072726901688,
      29.249940901930447,
      29.15625266190949,
      29.10274443533759,
      28.81220490156513,
      28.798862935102918,
      29.35597807760105,
      30.30746135683538,
      30.361457476930074,
      29.69824654403187,
      30.207062645037247,
      30.021561129938405,
      29.987706472489375,
      29.195337311334285,
      29.845925479254376,
      30.569912695961097,
      30.932759167300368,
      30.88793177176553,
      30.632463723461292,
      30.54431053080532,
      30.571720041984445,
      30.24090879672099,
      31.373068377628094,
      31.435035475685016,
      31.301429551522336,
      31.90977018853706,
      31.406043602703626,
      31.255317519725434,
      31.71304677635797,
      31.591361989131407,
      32.04596873716269,
      31.564587932154016,
      31.57566165958653,
      31.776189059657252,
      31.502249306290885,
      31.076261121097858,
      31.88110249918618,
      32.516406922870225,
      31.46304671339431,
      31.891825209296005,
      31.661945793346135
    ],