{
  "config": {
    "seed": 42,
    "bs_train": 32,
    "bs_test": 8,
    "batches": 100,
    "epochs": 100,
    "early_stopping": 10,
    "checkpoints": null,
    "lr": 0.0005,
    "print_every": 100,
    "h_dim": 512,
    "z_dim": 2,
    "betas": [
      0.1,
      0.1
    ],
    "kw": {},
    "RTplot": false,
    "out_dir": "./results/Res3/",
    "run_name": "MEGA_RUNbs_32lr_0.0005h_512z_2s_0.9",
    "x_sigma2": 0.9
  },
  "results": {
    "num_epochs": 0,
    "train_loss": [
      0.8077563265959422,
      0.35034417708714805,
      0.33595659136772155,
      0.33002047141393026,
      0.3287370026111603,
      0.32396288712819415,
      0.3274727165699005,
      0.31869950890541077,
      0.32572919329007466,
      0.3201884150505066,
      0.32245632211367287,
      0.3188017288843791,
      0.3255395213762919,
      0.3194662054379781,
      0.31614512801170347,
      0.3216896851857503,
      0.31702269117037457,
      0.3242123186588287,
      0.31544569730758665,
      0.3157211244106293,
      0.3186663925647736,
      0.3193256398042043,
      0.3183095335960388,
      0.3133096973101298,
      0.3090364009141922,
      0.31549009680747986,
      0.31815221707026164,
      0.31165498892466226,
      0.31330682039260865,
      0.3031217714150747,
      0.311561777194341,
      0.30636542042096454,
      0.31038753588994344,
      0.3092059632142385,
      0.3156087934970856,
      0.3099377989768982,
      0.3136643240849177,
      0.30928773283958433,
      0.3080404003461202,
      0.30199684500694274,
      0.30691704551378884,
      0.2894358476003011,
      0.3026240150133769,
      0.2994097908337911,
      0.29071207841237384,
      0.29638146559397377,
      0.2868033409118652,
      0.2933847546577454,
      0.2788805663585663,
      0.2790796637535095,
      0.2815432459115982,
      0.26995473106702167,
      0.2971306125322978,
      0.2720064957936605,
      0.2836499015490214,
      0.27942356367905935,
      0.26853413780530294,
      0.26696653763453165,
      0.26937381029129026,
      0.27151073614756266,
      0.2655441065629323,
      0.27765677869319916,
      0.26423442165056865,
      0.26873703598976134,
      0.26771146257718403,
      0.26508507629235584,
      0.26401770710945127,
      0.26252279977003734,
      0.26433833440144855,
      0.2607907265424728,
      0.2606904963652293,
      0.259337329864502,
      0.2763159384330114,
      0.27983091374238334,
      0.2528045813242594,
      0.26320138772328694,
      0.26010962029298146,
      0.25075934330622357,
      0.2697670221328735,
      0.26271276275316874,
      0.2687650005022685,
      0.2716034412384033,
      0.24846252501010896,
      0.2630876292785009,
      0.25598819156487784,
      0.2554964433113734,
      0.2523155868053436,
      0.25371208091576897,
      0.2495711753765742,
      0.25688391824563345,
      0.25271647969881694,
      0.251000651717186,
      0.2519097805023193,
      0.2594125022490819,
      0.24866203467051187,
      0.26305772761503854,
      0.2455792635679245,
      0.24589628179868062,
      0.2578853517770767,
      0.24435497323671976
    ],
    "train_acc": [
      9.379369719956756,
      10.156154857597878,
      10.564410014034998,
      10.663295190839055,
      10.758204309397708,
      10.96083075381333,
      10.823537976453624,
      11.127178817012899,
      10.819293994161091,
      10.96571365487617,
      10.960182482252495,
      11.153501358801995,
      10.978601336193062,
      11.126965842933629,
      11.327951115929027,
      11.07220221711722,
      11.210983681129692,
      11.012564184982287,
      11.379571421874184,
      11.153399164796733,
      11.235062403532302,
      11.048226745274814,
      11.204136796509568,
      11.308746615868335,
      11.48499197311661,
      11.138808880299438,
      11.369403062345913,
      11.32024861040171,
      11.362545449632558,
      11.60392464115724,
      11.597407501188908,
      11.624559166213487,
      11.609149251781336,
      11.501708975135937,
      11.841010150109854,
      11.987111812794323,
      11.560675597533507,
      11.913357265881475,
      11.735951794994103,
      12.03900971302875,
      11.956476929428083,
      12.454096207580681,
      12.074393808715893,
      12.203048917214426,
      12.332304739605197,
      12.08576091476871,
      12.555595835436431,
      12.379156785604703,
      13.012404175085251,
      12.929346741312974,
      12.546483481148098,
      13.18691435186776,
      12.35949167135998,
      13.047739450516154,
      12.571758251732687,
      13.041812991747307,
      12.929996634606164,
      13.211429138854259,
      13.028579775335466,
      12.818710830979498,
      13.30943652653816,
      12.802758158752885,
      13.231625430255992,
      13.203435178273837,
      13.216551092759751,
      13.350587794778969,
      13.377914382667612,
      13.427514599727814,
      13.135702264190353,
      13.324381085273012,
      13.283741161830903,
      13.424428980664137,
      12.640964964431392,
      12.750856812412424,
      13.792273199928838,
      13.478560351177611,
      13.334709367686756,
      13.617718985567475,
      13.198928207472823,
      13.181521495087935,
      13.008252902628737,
      13.087497525451957,
      14.041941800791513,
      13.162901343257957,
      13.5477482966106,
      13.43069409483523,
      13.651590027667618,
      13.507321116505926,
      13.567487199551612,
      13.366448450336138,
      13.573722543416874,
      13.624479956157884,
      13.59483438348342,
      13.31825835014613,
      13.76386328143826,
      13.191379681089046,
      13.754217596136995,
      13.99271974358724,
      13.426021093994592,
      13.88123872371051
    ],