{
  "config": {
    "seed": 42,
    "bs_train": 32,
    "bs_test": 8,
    "batches": 100,
    "epochs": 100,
    "early_stopping": 10,
    "checkpoints": null,
    "lr": 0.01,
    "print_every": 100,
    "h_dim": 128,
    "z_dim": 10,
    "betas": [
      0.1,
      0.1
    ],
    "kw": {},
    "RTplot": false,
    "out_dir": "./results/Res3/",
    "run_name": "MEGA_RUNbs_32lr_0.01h_128z_10s_0.5",
    "x_sigma2": 0.5
  },
  "results": {
    "num_epochs": 0,
    "train_loss": [
      2.082906715075175,
      1.9131190339724222,
      1.2106380303700766,
      1.0626046061515808,
      0.7706005175908407,
      0.8096087058385213,
      0.6844905257225037,
      0.6707833647727967,
      0.6697970668474833,
      0.6688148538271587,
      0.6569331407546997,
      0.6492286046346029,
      0.646839423974355,
      0.6404637058575948,
      0.6404992699623108,
      0.6367222587267558,
      0.6352330128351847,
      0.628849470615387,
      0.6270592252413432,
      0.6230620225270589,
      0.6216562350591024,
      0.6180644790331523,
      0.6215400775273641,
      0.6139546275138855,
      0.6199687083562215,
      0.6170651276906332,
      0.61584525903066,
      0.6105215152104696,
      0.6118561387062073,
      0.6107295473416646,
      0.6083244125048319,
      0.6108246922492981,
      0.6088214834531148,
      0.6026509523391723,
      0.6059561888376872,
      0.6047144055366516,
      0.6026245355606079,
      0.6036630431811015,
      0.6000847697257996,
      0.6041006008783977,
      0.6038187185923258,
      0.6007835467656454,
      0.6000861605008443,
      0.6018536031246186,
      0.6005944728851318,
      0.5972293456395467,
      0.5982809940973918,
      0.5952263275782267,
      0.5942165335019429,
      0.5954751928647359,
      0.5982468485832214,
      0.5958438078562419,
      0.5967278758684794,
      0.5937926808993021,
      0.5944722612698873,
      0.5957643349965414,
      0.5921970486640931,
      0.5918477296829223,
      0.5944924592971802,
      0.5910139322280884,
      0.5952165484428406,
      0.5898370146751404,
      0.590736722946167,
      0.5881889740626017,
      0.5898300091425578,
      0.5905983686447144,
      0.5883458892504374,
      0.5878209710121155,
      0.5892202297846476,
      0.5859111626942952,
      0.5875686645507813,
      0.5853934387365977,
      0.586074423789978,
      0.5851506908734639,
      0.582844873269399,
      0.5832838396231333,
      0.5856431404749552,
      0.5841625253359477,
      0.5817907373110454,
      0.5824180086453755,
      0.5803369263807933,
      0.5830091675122578,
      0.5808308283487956,
      0.5822180191675822,
      0.5806531230608623,
      0.5816897471745809,
      0.5811890284220378,
      0.579563844203949,
      0.5822070121765137,
      0.5803751945495605,
      0.58242267370224,
      0.5791475653648377,
      0.5802786906560262,
      0.5802594304084778,
      0.5796448906262716,
      0.5818777680397034,
      0.5760673840840658,
      0.5830936511357625,
      0.5780540386835734,
      0.5788913091023763
    ],
    "train_acc": [
      3.574631754040601,
      3.176509436468215,
      4.272325639128417,
      4.831912242658976,
      5.252988808976652,
      5.24618697472545,
      5.476550743919448,
      5.466141201944512,
      5.484356124546814,
      5.47603712348359,
      5.473689397113257,
      5.479006326920425,
      5.513553980662994,
      5.520584376092427,
      5.506330360991866,
      5.52780421668086,
      5.518559204134334,
      5.523253832663797,
      5.527106117616772,
      5.5371066261672235,
      5.531646241666193,
      5.532989620806866,
      5.522790700061199,
      5.538613799071502,
      5.528590711006962,
      5.510841902487454,
      5.568336538001014,
      5.568317600337156,
      5.549766239278443,
      5.529726882378296,
      5.53508592612453,
      5.540646777342547,
      5.5167700132050905,
      5.564215772585206,
      5.535542578978,
      5.549450947612341,
      5.539183559839183,
      5.565597126910722,
      5.561534110137514,
      5.5245402976465465,
      5.544665612591394,
      5.539148094314629,
      5.5622530421677485,
      5.5389936902032755,
      5.542708190562288,
      5.565652916728714,
      5.555295047634393,
      5.559207780772183,
      5.577283949440048,
      5.541974316175253,
      5.5434318870213595,
      5.553940737652636,
      5.573053827607052,
      5.572131844072134,
      5.5750680063801274,
      5.5373036133331155,
      5.557354045285953,
      5.5598628582023855,
      5.5590446347429605,
      5.556875007823575,
      5.535899610544638,
      5.557566284083444,
      5.577916027593508,
      5.575741137750747,
      5.570868300853589,
      5.554615442042223,
      5.5689165348614935,
      5.55385269970464,
      5.559637778814363,
      5.5584080415980885,
      5.563412227860353,
      5.584674654253676,
      5.572508393996614,
      5.564115066828441,
      5.582971682235583,
      5.567057844813914,
      5.552858584129527,
      5.5344078408381945,
      5.574186208852877,
      5.553071492470984,
      5.586991124843293,
      5.5432337480950435,
      5.576087016816958,
      5.553026761290623,
      5.572865773065993,
      5.549653162873563,
      5.549858994601226,
      5.558309451888789,
      5.534457473657876,
      5.566200623784494,
      5.544637194313294,
      5.56037676706122,
      5.543857492242149,
      5.5495928460601585,
      5.55909923972148,
      5.547383510076273,
      5.581596419958555,
      5.512886915302236,
      5.562297452548531,
      5.545259192396201
    ],