{
  "config": {
    "seed": 42,
    "bs_train": 16,
    "bs_test": 4,
    "batches": 100,
    "epochs": 100,
    "early_stopping": 10,
    "checkpoints": null,
    "lr": 0.01,
    "print_every": 100,
    "h_dim": 128,
    "z_dim": 10,
    "betas": [
      0.1,
      0.1
    ],
    "kw": {},
    "RTplot": false,
    "out_dir": "./results/Res3/",
    "run_name": "MEGA_RUNbs_16lr_0.01h_128z_10s_0.5",
    "x_sigma2": 0.5
  },
  "results": {
    "num_epochs": 0,
    "train_loss": [
      2.1774234692255656,
      1.310105746984482,
      0.9778746624787649,
      0.7257217645645142,
      0.6792941232522328,
      0.6460052092870077,
      0.6464489161968231,
      0.6351477881272634,
      0.6291973412036895,
      0.6289168099562327,
      0.6219510575135548,
      0.6180724918842315,
      0.6161630024512609,
      0.61322048107783,
      0.6130394359429677,
      0.611511367559433,
      0.6113490164279938,
      0.6089484433333079,
      0.6087883333365123,
      0.6049299746751785,
      0.6052136600017548,
      0.6019968569278717,
      0.6037168542544047,
      0.602977826197942,
      0.6009935895601909,
      0.6025083800156911,
      0.6001027762889862,
      0.5997356524070104,
      0.600179930528005,
      0.5994043330351512,
      0.5978705286979675,
      0.5970654507478078,
      0.595996281504631,
      0.5946330944697062,
      0.5953708251317342,
      0.5927907665570576,
      0.5934973975022634,
      0.5928714563449223,
      0.5928990840911865,
      0.5924063285191854,
      0.5899496952692668,
      0.5904010176658631,
      0.5892224828402202,
      0.5896707187096278,
      0.5902761300404866,
      0.5888190488020579,
      0.5900295893351237,
      0.5874516785144805,
      0.5884673615296682,
      0.5873359858989715,
      0.5875659912824631,
      0.5879566589991252,
      0.586641377210617,
      0.5869138360023498,
      0.585337304075559,
      0.5851483941078186,
      0.5849713176488877,
      0.5853497087955475,
      0.5840283552805583,
      0.584237931172053,
      0.5828208168347676,
      0.5821238497893015,
      0.5820405105749766,
      0.5813141753276189,
      0.5803425550460816,
      0.5797305713097255,
      0.5795644134283066,
      0.5790574709574382,
      0.5795935889085134,
      0.5792478293180465,
      0.5771598994731904,
      0.5775137096643448,
      0.5764954268932343,
      0.5760355403025945,
      0.5761511852343877,
      0.5754716515541076,
      0.5763515124718348,
      0.5753638496001562,
      0.5755400935808818,
      0.5756862839063008,
      0.5755403419335683,
      0.5756265103816987,
      0.5766914407412211,
      0.5755940864483515,
      0.5757895201444626,
      0.5759491900602977,
      0.5759914298852284,
      0.5762560417254766,
      0.5751320262749989,
      0.5751880546410878,
      0.575943128267924,
      0.5751417766014735,
      0.5753101666768392,
      0.5752990871667862,
      0.5755730678637823,
      0.5755149056514104,
      0.5760177612304688,
      0.5758463641007742,
      0.5748326152563095,
      0.574761031071345
    ],
    "train_acc": [
      5.809173812528628,
      7.954718861440856,
      9.755016374476279,
      10.87993028294423,
      11.010503813633585,
      11.015476390453705,
      11.003829324489045,
      11.003925072438191,
      11.023829580308503,
      10.982341004779919,
      11.036769383385286,
      11.014146853202101,
      11.023122510364495,
      11.041071201933653,
      11.01902911338015,
      11.025088853499001,
      11.002475267644817,
      11.01891195431571,
      10.99128288884617,
      11.005164723787876,
      10.963012076954067,
      11.028054455771226,
      11.012480450228503,
      10.988949854905382,
      11.041691295286258,
      11.03697626588371,
      11.011736133431832,
      10.998929041052072,
      11.037002483910694,
      10.992012539398745,
      11.014643581549821,
      11.006362397521274,
      11.067064833490498,
      11.019716277836084,
      11.034768663811459,
      11.01075658071012,
      11.006871845628314,
      11.039112007899814,
      11.029030444826443,
      10.993598299206177,
      11.006173047917747,
      11.043087482153261,
      11.01715536566842,
      11.012040309948906,
      11.00896995623162,
      11.007760213216933,
      11.020303254687903,
      11.070953409364789,
      10.996370630423765,
      10.994370286610412,
      11.022240955671009,
      11.021959807136719,
      11.05908674257906,
      10.995107549751,
      10.998226714737424,
      11.096996718531246,
      11.05374820616042,
      11.00555145308369,
      11.014517346701313,
      10.984975558952744,
      11.055051174676858,
      11.042508451580881,
      11.012509780106383,
      11.00361106213456,
      11.078466022519628,
      11.057261795913037,
      10.985821260884984,
      10.99350659103,
      11.006252718621909,
      11.019100338070098,
      10.99217708688711,
      10.999828996947238,
      11.015122802513963,
      11.031620998442898,
      11.003092879674625,
      11.036086610549015,
      11.055515655241884,
      11.014558839769348,
      11.025106422439537,
      11.058683768798222,
      10.998744935229551,
      11.006960435255552,
      11.009039852952101,
      11.017540543454464,
      11.0209893142994,
      10.977052037970921,
      11.009549350968618,
      10.997251586892963,
      11.010230301979487,
      11.053588233249553,
      10.99872357220546,
      11.059626481262473,
      11.05085840325488,
      11.016718218422978,
      11.00631971287394,
      11.053755040849168,
      11.04799918402449,
      11.004978683728275,
      10.997984698282119,
      10.995370159859043
    ],