{
  "config": {
    "seed": 42,
    "bs_train": 16,
    "bs_test": 4,
    "batches": 100,
    "epochs": 100,
    "early_stopping": 10,
    "checkpoints": null,
    "lr": 0.005,
    "print_every": 100,
    "h_dim": 128,
    "z_dim": 10,
    "betas": [
      0.1,
      0.1
    ],
    "kw": {},
    "RTplot": false,
    "out_dir": "./results/Res3/",
    "run_name": "MEGA_RUNbs_16lr_0.005h_128z_10s_0.5",
    "x_sigma2": 0.5
  },
  "results": {
    "num_epochs": 0,
    "train_loss": [
      1.9958353062470755,
      0.9439719259738922,
      0.7848794758319855,
      0.6982852578163147,
      0.714688104391098,
      0.6693046788374583,
      0.6614652872085571,
      0.6554064095020294,
      0.6324000517527263,
      0.6292034943898519,
      0.6222528715928396,
      0.6309500674406687,
      0.6109586139520009,
      0.594889235496521,
      0.5790838877360026,
      0.5710664977629979,
      0.5636821061372757,
      0.5619562198718389,
      0.5573900034030278,
      0.5537785609563192,
      0.5507663995027542,
      0.5442250937223434,
      0.5569636642932891,
      0.5440723111232122,
      0.5458403468132019,
      0.5494164556264878,
      0.5421557684739431,
      0.5473579227924347,
      0.5506561835606892,
      0.5492991179227829,
      0.5541985362768174,
      0.5524966756502787,
      0.5459753503402074,
      0.5560448229312897,
      0.5293980787197748,
      0.5430937737226487,
      0.5369375715653102,
      0.5387883385022482,
      0.5198647151390712,
      0.5047572006781896,
      0.523073868950208,
      0.4937195360660553,
      0.5037667920192083,
      0.4983324060837428,
      0.4867546031872431,
      0.495366582274437,
      0.486014856894811,
      0.49597522914409636,
      0.4920645922422409,
      0.5048484861850738,
      0.481126062075297,
      0.47992023030916847,
      0.4833022554715474,
      0.46558146675427753,
      0.4873889297246933,
      0.4700196335713069,
      0.49633481005827584,
      0.46392047007878623,
      0.48014298379421233,
      0.4580259919166565,
      0.4627376834551493,
      0.4633035778999329,
      0.461656321088473,
      0.46733381946881614,
      0.4626146197319031,
      0.46554392377535503,
      0.4561312297979991,
      0.46027949849764505,
      0.45391144454479215,
      0.46240521371364596,
      0.4614907761414846,
      0.45480217734972633,
      0.45640416542689005,
      0.455761706829071,
      0.4582140654325485,
      0.4537116517623266,
      0.45283923745155336,
      0.4405789852142334,
      0.45057379007339476,
      0.4593803654114405,
      0.4510057369867961,
      0.452838463584582,
      0.45756747424602506,
      0.446765528122584,
      0.45098930795987446,
      0.4488927920659383,
      0.44540982246398925,
      0.4442512273788452,
      0.4410529265801112,
      0.4562531719605128,
      0.4611602594455083,
      0.43715828061103823,
      0.4509761561950048,
      0.4554382453362147,
      0.43822880983352663,
      0.44346867402394613,
      0.45351417462031046,
      0.4352432111899058,
      0.4323739677667618,
      0.4391139547030131
    ],
    "train_acc": [
      7.8437058449461325,
      9.93561563203529,
      10.371515882233869,
      10.958169968983489,
      10.850416504059105,
      10.94189173135238,
      10.94025297178335,
      10.99716635882137,
      11.14820104055066,
      11.167060697723604,
      11.186032833088927,
      11.043626592247705,
      11.287033920240154,
      11.660691353363116,
      11.860802060966645,
      11.880881762039959,
      12.0467060216396,
      12.08696140214815,
      12.022135254223878,
      12.116845831330881,
      12.075997270574765,
      12.229744734965529,
      12.056809438330266,
      12.256389050234953,
      12.271173463236888,
      12.21294133008584,
      12.25600505522835,
      12.220428915230045,
      12.121794066415468,
      12.337211354015974,
      12.197846199886627,
      12.195530812864261,
      12.579447899561503,
      12.68703059184327,
      13.044523156641535,
      12.816352367951843,
      12.850823899742474,
      13.042303406607436,
      13.152394515647119,
      13.541904124155293,
      13.547094976830042,
      13.915248306518443,
      13.827581350678427,
      13.83414011775963,
      14.133472950709095,
      14.00969280189952,
      14.09454754863262,
      13.790772243921559,
      13.943838400523681,
      13.896282601409544,
      14.34922465940657,
      14.149876838518798,
      14.091234891880715,
      14.498421749101578,
      14.157922342578834,
      14.626948010608853,
      14.068602598588516,
      14.58658625681944,
      14.14677915329438,
      14.61123292216857,
      14.682847785115166,
      14.606654312762066,
      14.52967168927679,
      14.544566594585577,
      14.573992270797199,
      14.526792608306172,
      14.735775418600793,
      14.514876068418506,
      14.989403914650104,
      14.554527139840948,
      14.529713543022115,
      14.886471729336836,
      14.730445107940023,
      14.829404542238386,
      14.584177553536442,
      14.770335107540848,
      14.81463890663804,
      15.090406710160384,
      14.948364438495174,
      14.886581781755037,
      14.858007869583766,
      14.795070609665345,
      14.645299057786566,
      14.990612685200977,
      14.658742910601053,
      14.861186267302015,
      15.03719334696733,
      15.073636259681676,
      15.21167731550189,
      14.76749417917337,
      14.620533151051257,
      15.257780849446103,
      14.807875152083062,
      14.794355353959608,
      15.155616632798623,
      15.099024425504979,
      14.751589261305105,
      15.251589140084622,
      15.37708268607413,
      15.094604394728293
    ],