{
  "config": {
    "seed": 42,
    "bs_train": 32,
    "bs_test": 8,
    "batches": 100,
    "epochs": 100,
    "early_stopping": 10,
    "checkpoints": null,
    "lr": 0.0005,
    "print_every": 100,
    "h_dim": 128,
    "z_dim": 10,
    "betas": [
      0.1,
      0.1
    ],
    "kw": {},
    "RTplot": false,
    "out_dir": "./results/Res3/",
    "run_name": "MEGA_RUNbs_32lr_0.0005h_128z_10s_0.5",
    "x_sigma2": 0.5
  },
  "results": {
    "num_epochs": 0,
    "train_loss": [
      1.1976892471313476,
      0.6499587575594584,
      0.6188665231068929,
      0.5766452133655549,
      0.5553306460380554,
      0.5587676783402761,
      0.5551272432009379,
      0.5638096253077189,
      0.5388582209746043,
      0.5413464983304341,
      0.533551675081253,
      0.536533772945404,
      0.5313204884529114,
      0.5262812455495198,
      0.5371322850386302,
      0.5214317421118418,
      0.520935078461965,
      0.5260218342145284,
      0.5333872854709625,
      0.5179711401462554,
      0.5197193264961243,
      0.5072623213132222,
      0.518629382054011,
      0.5044595062732696,
      0.5189044614632924,
      0.5049424469470978,
      0.5124413967132568,
      0.5027906616528829,
      0.526630296309789,
      0.5118621865908305,
      0.5040619512399037,
      0.5001783092816671,
      0.4987217823664347,
      0.49961844086647034,
      0.48355183005332947,
      0.5016984542210897,
      0.4964674969514211,
      0.48279943068822223,
      0.4683996796607971,
      0.4708728988965352,
      0.47039142648379006,
      0.48228419025739033,
      0.47325884898503623,
      0.4757306238015493,
      0.4730381190776825,
      0.45161750316619875,
      0.47831979393959045,
      0.4639394064744314,
      0.4584833721319834,
      0.4827689627806346,
      0.4505198101202647,
      0.4638334353764852,
      0.44252172311147053,
      0.4774385690689087,
      0.4654103656609853,
      0.47686634262402855,
      0.4624062101046244,
      0.4512097597122192,
      0.45738399823506676,
      0.4502886096636454,
      0.4468297282854716,
      0.4508762796719869,
      0.4642211059729258,
      0.46049811244010924,
      0.45216792821884155,
      0.44533162117004393,
      0.4536693453788757,
      0.4493593613306681,
      0.43021066586176554,
      0.4482801298300425,
      0.4565553387006124,
      0.4508253693580627,
      0.437740292151769,
      0.4493314266204834,
      0.4234978894392649,
      0.4462742229302724,
      0.4494460642337799,
      0.41453290184338887,
      0.4264972766240438,
      0.4531968891620636,
      0.4303899188836416,
      0.42317622105280556,
      0.4209414561589559,
      0.43321013649304707,
      0.42640931804974874,
      0.4150659819444021,
      0.42753639419873557,
      0.41984218955039976,
      0.42979946732521057,
      0.4140262842178345,
      0.4071059803167979,
      0.4184488435586294,
      0.41822901368141174,
      0.41164892514546714,
      0.4261821587880453,
      0.4299983362356822,
      0.42427221735318504,
      0.40124239325523375,
      0.42913008530934654,
      0.4109598517417908
    ],
    "train_acc": [
      4.98111320081128,
      5.3177775015252475,
      5.667270330675693,
      5.968027128095794,
      6.3422324865432556,
      6.280278742496446,
      6.312014230399563,
      6.249502144465127,
      6.516157353374261,
      6.39509209700245,
      6.529270777659707,
      6.549003423029149,
      6.535346291068995,
      6.704800679616087,
      6.550410108099772,
      6.709067315940886,
      6.752435293259613,
      6.609535171190596,
      6.691566876733592,
      6.806272759404754,
      6.761109766125413,
      6.915363924400569,
      6.850884040533461,
      6.975326439514324,
      6.753025265273626,
      6.922373689704503,
      6.914900095933422,
      6.923604303639144,
      6.75992658766692,
      6.885385748231567,
      6.986673720413608,
      6.947098093770568,
      6.956249752509853,
      7.062710084600926,
      7.139991328918035,
      6.9742554596956134,
      7.004155164591507,
      7.213140507896961,
      7.310067505898055,
      7.347333988801955,
      7.291816177676926,
      7.150795354449327,
      7.228553219417451,
      7.315195213142175,
      7.249490607598282,
      7.558983559960795,
      7.150773591822433,
      7.329407737357008,
      7.44422331012142,
      7.143403398693165,
      7.518000615567664,
      7.3722294971401094,
      7.663197174933715,
      7.186525394074173,
      7.3659492306298935,
      7.177601019496239,
      7.343187048610895,
      7.588438177802191,
      7.44575579897077,
      7.588835049071487,
      7.624610354999005,
      7.483024073066499,
      7.32523873460344,
      7.426740392741063,
      7.5250322569745185,
      7.6672347133548024,
      7.444147730127188,
      7.575995939644876,
      7.879840370279178,
      7.534693060582242,
      7.495650988785003,
      7.624560901336181,
      7.787724279697949,
      7.51925206072945,
      7.973900140818511,
      7.665660313286936,
      7.563726879368002,
      8.089962896673661,
      7.951130096254715,
      7.550900697376661,
      7.925435194482971,
      8.01403572083078,
      8.058575544180052,
      7.906214628249681,
      8.049986137067979,
      8.158014234548729,
      8.055612116423973,
      8.126803443671772,
      7.9681271658895865,
      8.265190572163942,
      8.404361629619947,
      8.171540380419959,
      8.150442143639522,
      8.248079916649079,
      8.067935192315678,
      8.059275404102745,
      8.046675900771175,
      8.483118412114877,
      7.975756591811012,
      8.21534838352707
    ],