{
  "config": {
    "seed": 42,
    "bs_train": 16,
    "bs_test": 4,
    "batches": 100,
    "epochs": 100,
    "early_stopping": 10,
    "checkpoints": null,
    "lr": 0.005,
    "print_every": 100,
    "h_dim": 256,
    "z_dim": 2,
    "betas": [
      0.1,
      0.1
    ],
    "kw": {},
    "RTplot": false,
    "out_dir": "./results/Res3/",
    "run_name": "MEGA_RUNbs_16lr_0.005h_256z_2s_0.5",
    "x_sigma2": 0.5
  },
  "results": {
    "num_epochs": 0,
    "train_loss": [
      1.0146438280741374,
      0.7107978681723277,
      0.6257176081339518,
      0.596691831946373,
      0.5745007395744324,
      0.5695621142784755,
      0.5643452177445094,
      0.5830283631881078,
      0.5787435283263525,
      0.5715208997329077,
      0.5701848059892655,
      0.5701609989007314,
      0.5668448438247045,
      0.5662911017735799,
      0.5642710089683532,
      0.5612768352031707,
      0.5591716229915619,
      0.5583741813898087,
      0.5591677198807399,
      0.5585160891215006,
      0.5584672431151072,
      0.5545208881298701,
      0.5542673081159591,
      0.5560482561588287,
      0.5546524186929067,
      0.5537564426660537,
      0.553323217233022,
      0.5525674472252528,
      0.5510794798533122,
      0.5518141816059748,
      0.5500121434529622,
      0.5516609847545624,
      0.5515065799156825,
      0.5507516513268153,
      0.5504274259010951,
      0.5499475459257762,
      0.5501464694738388,
      0.5507138202587764,
      0.5502817392349243,
      0.5495518296957016,
      0.5505775183439254,
      0.5502594629923503,
      0.5507990588744481,
      0.5503721336523691,
      0.5498143037160238,
      0.5484475582838059,
      0.5504091540972392,
      0.5484387814998627,
      0.5496769289175669,
      0.5445743719736735,
      0.5488231887420019,
      0.5468282878398896,
      0.546637221177419,
      0.5456367293993633,
      0.5461387823025385,
      0.5469075570503871,
      0.5471452295780181,
      0.5464979300896327,
      0.5444380382696787,
      0.5478271643320719,
      0.5460468620061875,
      0.5447983702023824,
      0.5451400150855382,
      0.5455292960007986,
      0.5462471634149552,
      0.5473593970139822,
      0.5454244832197825,
      0.5448163668314616,
      0.5451845059792201,
      0.5453133255243301,
      0.5447506775458654,
      0.5440279066562652,
      0.5446847259998322,
      0.5440243244171142,
      0.545814115802447,
      0.5442557791868846,
      0.543993416428566,
      0.5460946033398311,
      0.5450739244620005,
      0.5454926232496897,
      0.5463224053382874,
      0.5460041731595993,
      0.543873597184817,
      0.5435597519079844,
      0.5446227262417476,
      0.5426948666572571,
      0.544825076063474,
      0.5438808192809422,
      0.5441428542137146,
      0.5451921194791793,
      0.5438830385605494,
      0.5433382232983907,
      0.5450029045343399,
      0.5436227401097615,
      0.5437458842992783,
      0.544926377137502,
      0.5445984294017155,
      0.544135641058286,
      0.5435279369354248,
      0.5443196723858515
    ],
    "train_acc": [
      8.706832419367762,
      10.596998532562534,
      11.324090206946913,
      11.44378917815959,
      11.736117520465257,
      11.784887435767528,
      11.921231437230091,
      11.423224287932156,
      11.309508993271255,
      11.403176290218434,
      11.417457364722086,
      11.43663477059743,
      11.433826898924202,
      11.449968595951022,
      11.486684657225057,
      11.498425399411298,
      11.555891838531256,
      11.58858300876767,
      11.555121354119876,
      11.555179633327345,
      11.554244590669464,
      11.597202630875895,
      11.538578373309162,
      11.52841068936075,
      11.562105635683766,
      11.607403472486011,
      11.596503322855055,
      11.59965803192939,
      11.588242707743953,
      11.585660151033283,
      11.608846309164125,
      11.553345530616529,
      11.58473293018674,
      11.608986570800202,
      11.604220685585455,
      11.592900349964532,
      11.614764597656599,
      11.594023665871694,
      11.619420218356698,
      11.557124510878626,
      11.583861252613207,
      11.584051094183936,
      11.577561740242267,
      11.622594008412175,
      11.605402440758105,
      11.647488842537815,
      11.558925393414713,
      11.625864159035157,
      11.577839194780504,
      11.68775232232254,
      11.620463755729217,
      11.638630188732899,
      11.648402249139561,
      11.72215852730802,
      11.630219360088127,
      11.706540097837237,
      11.61483977218605,
      11.6034298508614,
      11.656425470835945,
      11.567880896647056,
      11.634607584138415,
      11.687617157756947,
      11.65652490668438,
      11.652662898888858,
      11.600782855923788,
      11.611147182798604,
      11.603134308696863,
      11.65768127322613,
      11.631703901020211,
      11.621407712532589,
      11.63846956663925,
      11.677775684428337,
      11.681971686514085,
      11.63495850710784,
      11.633219148214796,
      11.70624588109688,
      11.649946781253814,
      11.62635831029843,
      11.602871976403128,
      11.619948734997868,
      11.58794941929473,
      11.662598310707128,
      11.694118301893024,
      11.659222986384991,
      11.621995852761055,
      11.720134248643623,
      11.643034125909807,
      11.70300374142935,
      11.675558179150404,
      11.657090437208925,
      11.64669951317428,
      11.708488124964578,
      11.635124262010159,
      11.665136389049461,
      11.649513939132683,
      11.657594729152699,
      11.661982585871208,
      11.698761371572257,
      11.741879769698246,
      11.669573922377303
    ],