{
  "config": {
    "seed": 42,
    "bs_train": 16,
    "bs_test": 4,
    "batches": 100,
    "epochs": 100,
    "early_stopping": 10,
    "checkpoints": null,
    "lr": 0.0005,
    "print_every": 100,
    "h_dim": 256,
    "z_dim": 50,
    "betas": [
      0.1,
      0.1
    ],
    "kw": {},
    "RTplot": false,
    "out_dir": "./results/Res3/",
    "run_name": "MEGA_RUNbs_16lr_0.0005h_256z_50s_0.9",
    "x_sigma2": 0.9
  },
  "results": {
    "num_epochs": 0,
    "train_loss": [
      0.9543362061182658,
      0.348228711883227,
      0.3299334188302358,
      0.32868081827958423,
      0.31803099314371747,
      0.3193936854600906,
      0.3247469862302144,
      0.32034433682759605,
      0.3173208157221476,
      0.30759241978327434,
      0.3096054598689079,
      0.30269018312295276,
      0.30849188069502514,
      0.30264437446991604,
      0.3040729915102323,
      0.30189335445563,
      0.3063977579275767,
      0.30783733328183494,
      0.30170770088831583,
      0.30167921682198845,
      0.2985366597771645,
      0.3045334165294965,
      0.30120035509268445,
      0.2968849872549375,
      0.294148030380408,
      0.289682378868262,
      0.2959432100256284,
      0.2926911065975825,
      0.2868772640824318,
      0.2819639379779498,
      0.27543402115503945,
      0.2640621264775594,
      0.27546996573607124,
      0.26426050464312234,
      0.26206435908873876,
      0.2619291812181473,
      0.2599727417031924,
      0.2617478604118029,
      0.2581783344348272,
      0.2557501221696536,
      0.25832333316405615,
      0.25383427242438,
      0.25051862398783364,
      0.25030835966269177,
      0.25369893908500674,
      0.2433471828699112,
      0.2568940897782644,
      0.24744418263435364,
      0.25203415503104526,
      0.2506741414467494,
      0.24211720873912176,
      0.24223845104376476,
      0.2434064581990242,
      0.23560077001651128,
      0.23914015938838323,
      0.2326958974202474,
      0.23471996982892354,
      0.23376747320095698,
      0.23324783593416215,
      0.23278858413298925,
      0.22938526123762132,
      0.22712165067593257,
      0.2248764842748642,
      0.2295786956946055,
      0.22791673044363658,
      0.22591427862644195,
      0.22569036136070889,
      0.22161379754543303,
      0.22416262179613114,
      0.21938841342926024,
      0.21872574339310327,
      0.22077698409557342,
      0.2191507836182912,
      0.21940045903126398,
      0.2205776130159696,
      0.21616280178229014,
      0.21778561770915986,
      0.21678775250911714,
      0.2145742232600848,
      0.22266884992520014,
      0.22008588612079621,
      0.21784542202949525,
      0.21492076615492503,
      0.21623731901248297,
      0.21850627760092417,
      0.21809142331282297,
      0.2101448451479276,
      0.2202962373693784,
      0.21563554555177689,
      0.21555880109469097,
      0.2126697490612666,
      0.2118726834654808,
      0.21111570199330648,
      0.21077090203762056,
      0.21408535689115524,
      0.20925551652908325,
      0.21515854597091674,
      0.20731404771407444,
      0.21381600399812062,
      0.20952968100706737
    ],
    "train_acc": [
      18.58380854452106,
      21.26985736936811,
      22.00278932500569,
      22.299753713165522,
      23.294477900818848,
      23.4292204972307,
      22.92700839641056,
      23.077199462531986,
      23.15151564011617,
      23.92129059706713,
      23.525820603579128,
      24.041116817593362,
      23.919454768830615,
      24.447380334302217,
      24.12717880015603,
      24.165150973653677,
      24.087171512887828,
      23.716631241591582,
      24.238659472500167,
      24.22488706475393,
      24.325316238134366,
      23.98382089427468,
      24.489729723167237,
      24.637658045030882,
      24.899721655755908,
      24.821244008613466,
      24.32772459433212,
      24.756706724057864,
      25.134216345137258,
      25.154623302967142,
      25.91225143748273,
      27.262776551251594,
      25.909074252732168,
      26.836938804664555,
      27.116247919505607,
      26.863406201637115,
      27.15236296009415,
      26.938102027167698,
      27.248441406908675,
      27.402194701195064,
      27.12127803855333,
      27.75605210975873,
      27.93895165191379,
      27.968896541642422,
      27.548136581894614,
      28.452439688937655,
      27.3075562481009,
      28.177747442177736,
      27.725512676955997,
      27.80642949858609,
      28.62078799803654,
      28.65575014805291,
      28.535693087308545,
      29.54931195159807,
      28.933645527343582,
      30.022324604341495,
      29.790178520105695,
      29.83044443596755,
      29.816789442418035,
      29.892314026038385,
      30.57615350258331,
      30.9039404116843,
      31.112737337898,
      30.5059406104953,
      30.822842090185432,
      31.23181556374327,
      30.803670928303077,
      31.512170233770387,
      31.18062625517148,
      32.059016507765506,
      31.625932985422583,
      31.79115286216177,
      31.68346122339631,
      31.84297319905046,
      31.416813283664847,
      32.314692888551015,
      31.89936801288765,
      32.25410458367335,
      32.15551870967414,
      31.2492320155831,
      31.68597868352986,
      31.827666536019937,
      32.11378489463606,
      32.02873082791623,
      32.10882908041399,
      31.942860292701287,
      32.902749398471684,
      31.330499450402325,
      32.40405913334141,
      32.08536282325636,
      32.4954665405185,
      32.473255967206015,
      32.63157671383094,
      33.03540593332638,
      32.488064282602245,
      32.970003238238924,
      32.19405713053069,
      33.17076538971173,
      32.69780424717693,
      32.91806389212362
    ],