{
  "config": {
    "seed": 42,
    "bs_train": 64,
    "bs_test": 16,
    "batches": 100,
    "epochs": 100,
    "early_stopping": 10,
    "checkpoints": null,
    "lr": 0.01,
    "print_every": 100,
    "h_dim": 128,
    "z_dim": 5,
    "betas": [
      0.1,
      0.1
    ],
    "kw": {},
    "RTplot": false,
    "out_dir": "./results/Res3/",
    "run_name": "MEGA_RUNbs_64lr_0.01h_128z_5s_0.9",
    "x_sigma2": 0.9
  },
  "results": {
    "num_epochs": 0,
    "train_loss": [
      1.7041588723659515,
      4.068671837449074,
      2.633859395980835,
      1.855248473584652,
      1.9326187446713448,
      1.8652813509106636,
      0.8898001536726952,
      1.2174956165254116,
      0.792191568762064,
      0.6321719400584698,
      0.530996061861515,
      0.5213383883237839,
      0.5109716318547726,
      0.46811704337596893,
      0.5603938885033131,
      0.49119383469223976,
      0.4511031396687031,
      0.43886615335941315,
      0.5060998871922493,
      0.4349018298089504,
      0.43601951748132706,
      0.438456442207098,
      0.44462835416197777,
      0.4162420779466629,
      0.41855231672525406,
      0.4179115742444992,
      0.41547758132219315,
      0.41166581586003304,
      0.40706027671694756,
      0.4024800509214401,
      0.39870934188365936,
      0.3992124944925308,
      0.39115847274661064,
      0.39647500589489937,
      0.3947988301515579,
      0.3957181051373482,
      0.39187877997756004,
      0.3906311020255089,
      0.3879026435315609,
      0.38406697288155556,
      0.3881007358431816,
      0.38815775513648987,
      0.38361166417598724,
      0.3862750940024853,
      0.3825119510293007,
      0.3820079639554024,
      0.3791891224682331,
      0.38320423662662506,
      0.37853801995515823,
      0.3778843805193901,
      0.38013044744729996,
      0.3743479512631893,
      0.3754219673573971,
      0.3749948851764202,
      0.37368544191122055,
      0.37490876391530037,
      0.3713531643152237,
      0.3701951988041401,
      0.36687274277210236,
      0.36848512291908264,
      0.3654864691197872,
      0.3661101646721363,
      0.36363885924220085,
      0.3690056689083576,
      0.3655237630009651,
      0.3600287102162838,
      0.36138955131173134,
      0.3605552352964878,
      0.36257533356547356,
      0.35758862644433975,
      0.36057668551802635,
      0.36237382516264915,
      0.3579178415238857,
      0.35921578854322433,
      0.35719313845038414,
      0.35416845604777336,
      0.358223807066679,
      0.3529677577316761,
      0.35594442486763,
      0.35544758662581444,
      0.3518507406115532,
      0.35041338577866554,
      0.34942980855703354,
      0.35361501947045326,
      0.3495551124215126,
      0.34810832142829895,
      0.3497062772512436,
      0.3519196882843971,
      0.35133059695363045,
      0.35031622648239136,
      0.3473041281104088,
      0.3465959131717682,
      0.3490724340081215,
      0.34766751900315285,
      0.3470172844827175,
      0.3479361720383167,
      0.3452819511294365,
      0.34454911202192307,
      0.3449949026107788,
      0.3444861210882664
    ],
    "train_acc": [
      2.929952439292928,
      2.657919657413313,
      2.667194873441785,
      2.6694741691686534,
      2.6956687323128543,
      2.456370165696162,
      3.1020723641478045,
      4.3170958571693046,
      4.513885479293597,
      4.934118432389222,
      5.141332374849414,
      5.2146587243235265,
      5.250969114536071,
      5.212832952519005,
      5.247459456726563,
      5.260697698877344,
      5.251343651735246,
      5.244013192872324,
      5.232545436491093,
      5.304024396257994,
      5.247879273548928,
      5.237382506437978,
      5.241274484517243,
      5.318544524373481,
      5.284306713031507,
      5.289996214174489,
      5.28252344328807,
      5.254650684258904,
      5.306065944528805,
      5.301863193420457,
      5.287765056443469,
      5.2897052303988765,
      5.313024322991723,
      5.295546160890837,
      5.308267697063745,
      5.297930402440531,
      5.269430378386659,
      5.306267494830743,
      5.333933614611035,
      5.3303688801983204,
      5.2672242776281974,
      5.280755746189728,
      5.318886134291822,
      5.318568391707833,
      5.309293719637957,
      5.3195289329623865,
      5.340401873058328,
      5.268058829286861,
      5.288662366005192,
      5.300060515299512,
      5.296805770368981,
      5.346849455376944,
      5.291239453003177,
      5.289793070849015,
      5.314401994832169,
      5.275884577532638,
      5.318752325945959,
      5.301022990089913,
      5.308496157079529,
      5.325646817043262,
      5.335731553208448,
      5.319949635420333,
      5.327024925653146,
      5.277743404212415,
      5.331791322408992,
      5.328410435053445,
      5.36204657003821,
      5.339103460842515,
      5.270871617737044,
      5.340697192428899,
      5.327170892714781,
      5.29004734277675,
      5.363366130623915,
      5.319871310333339,
      5.298354458023326,
      5.328343328057946,
      5.289614025767356,
      5.322948084303252,
      5.302894940943851,
      5.30562418985434,
      5.353231913895295,
      5.336820935589897,
      5.385207432049997,
      5.304340337898648,
      5.3415066861483735,
      5.382323832801765,
      5.335672312427815,
      5.279031396044726,
      5.274145507523659,
      5.306205495543589,
      5.317500632476683,
      5.347649915572492,
      5.309415252478134,
      5.324786231636998,
      5.309332507932106,
      5.309301205323554,
      5.316676332063776,
      5.351196312220131,
      5.3257488406638185,
      5.301279008518837
    ],