{
  "config": {
    "seed": 42,
    "bs_train": 32,
    "bs_test": 8,
    "batches": 100,
    "epochs": 100,
    "early_stopping": 10,
    "checkpoints": null,
    "lr": 0.005,
    "print_every": 100,
    "h_dim": 256,
    "z_dim": 20,
    "betas": [
      0.1,
      0.1
    ],
    "kw": {},
    "RTplot": false,
    "out_dir": "./results/Res3/",
    "run_name": "MEGA_RUNbs_32lr_0.005h_256z_20s_0.9",
    "x_sigma2": 0.9
  },
  "results": {
    "num_epochs": 0,
    "train_loss": [
      1.6616803248723349,
      1.2574517170588175,
      0.9184464315573374,
      0.6794211228688558,
      0.6133517563343048,
      0.5810498436292012,
      0.5628154555956523,
      0.5381063878536224,
      0.5229581495126089,
      0.5019372045993805,
      0.5026398400465647,
      0.48721861640612285,
      0.4790801485379537,
      0.4724088768164317,
      0.4614622453848521,
      0.4532508015632629,
      0.44208322167396547,
      0.44784260789553326,
      0.4403086225191752,
      0.4472154994805654,
      0.4275128444035848,
      0.42875904639561974,
      0.41998504002889,
      0.41597298383712766,
      0.40750903487205503,
      0.41147022843360903,
      0.40062307318051654,
      0.40537124276161196,
      0.39537296096483865,
      0.40565568606058755,
      0.3957707325617472,
      0.40186375776926675,
      0.39616138140360513,
      0.3964050094286601,
      0.3903860608736674,
      0.38985502521197,
      0.3827033400535583,
      0.3864924371242523,
      0.3847578287124634,
      0.3844396193822225,
      0.378049373626709,
      0.3745598872502645,
      0.3733974635601044,
      0.3786531408627828,
      0.37078861594200135,
      0.37133432030677793,
      0.3719167808691661,
      0.3723217785358429,
      0.3720608631769816,
      0.36988440752029417,
      0.36565362016359965,
      0.3680399318536123,
      0.36703110933303834,
      0.36792519291241965,
      0.3639369527498881,
      0.36644846002260845,
      0.3602075934410095,
      0.3616613725821177,
      0.35891788005828856,
      0.36257386207580566,
      0.362346617380778,
      0.3613026638825734,
      0.3615104059378306,
      0.35884613593419395,
      0.36130767663319907,
      0.36016931335131325,
      0.35927889943122865,
      0.35435290535291036,
      0.35632489919662474,
      0.3538661777973175,
      0.35373645822207134,
      0.3532121737798055,
      0.3491361419359843,
      0.3479673107465108,
      0.34923104047775266,
      0.34726161559422813,
      0.34719268878300985,
      0.346546463171641,
      0.3482590715090434,
      0.3482106526692708,
      0.34768768747647605,
      0.3446748495101929,
      0.34873639742533363,
      0.346129447221756,
      0.344728817542394,
      0.34442897836367287,
      0.34471860726674397,
      0.3463068425655365,
      0.34492775400479636,
      0.3432516356309255,
      0.3446615656216939,
      0.3449334104855855,
      0.3442543129126231,
      0.3445172806580861,
      0.34258342583974205,
      0.34357969562212626,
      0.3423984845479329,
      0.34133750398953755,
      0.34035608172416687,
      0.34274752338727316
    ],
    "train_acc": [
      5.0564646111429665,
      5.2662358410151136,
      7.7084878035229565,
      9.536087513009186,
      9.77136698997922,
      9.797448866426175,
      9.829984970347658,
      9.86231892151687,
      9.831294981287616,
      9.893725438242207,
      9.897646633149702,
      9.897893353671135,
      9.91044686857277,
      9.873793018124,
      9.957516708391754,
      9.94631333125159,
      9.975041932889239,
      9.926140356213535,
      9.961153708049913,
      9.967611272176267,
      9.979990665290522,
      9.968874398147252,
      9.950332980119834,
      9.934794957876035,
      9.978215991445863,
      9.954147907848984,
      9.999765860188587,
      9.976915996386758,
      10.05338901571361,
      9.950565630756476,
      9.980120017855937,
      9.964233004830946,
      9.98158378417249,
      9.985114142927317,
      10.013090844422958,
      10.001726979865301,
      9.986288112093385,
      9.976366201933837,
      10.008015046303377,
      9.97918683410921,
      10.010143781889244,
      10.008427244033577,
      10.016429028827355,
      10.01590109753951,
      10.053986499756975,
      10.067600674359097,
      10.021008264471174,
      10.038773161716522,
      10.03958313434795,
      10.039576063794685,
      10.012806476551992,
      10.017497094777717,
      9.949662567511457,
      10.002918712484034,
      10.022436038857222,
      10.003151727636908,
      9.998797064730512,
      10.038602582396752,
      10.044462127847153,
      10.06260867732191,
      9.995918569791883,
      9.983537656110055,
      9.99978846311283,
      10.023845044951104,
      9.998010427902088,
      10.020123752369624,
      9.993622847003113,
      10.023829739135174,
      9.942456124207546,
      10.0609753441894,
      10.032594840056706,
      10.02188763860216,
      10.040655182433252,
      10.010150174016568,
      10.021054852867591,
      9.996342624960645,
      10.033381721297594,
      10.026979734259802,
      10.01528582868964,
      10.04394236852286,
      9.992074534235975,
      10.005260400801877,
      9.932093955937155,
      10.013078215809363,
      10.016226180548054,
      10.020741394079344,
      10.013071929978688,
      9.987313640676264,
      9.982248630092647,
      10.006090671331814,
      10.022444223213425,
      10.018800458355749,
      10.019912269462761,
      9.99980676801001,
      10.03312439342508,
      9.996182473768153,
      9.993479258854936,
      10.057312174572955,
      10.021179244828609,
      10.023052620551884
    ],