{
  "config": {
    "seed": 42,
    "bs_train": 16,
    "bs_test": 4,
    "batches": 100,
    "epochs": 100,
    "early_stopping": 10,
    "checkpoints": null,
    "lr": 0.0005,
    "print_every": 100,
    "h_dim": 256,
    "z_dim": 20,
    "betas": [
      0.1,
      0.1
    ],
    "kw": {},
    "RTplot": false,
    "out_dir": "./results/Res3/",
    "run_name": "MEGA_RUNbs_16lr_0.0005h_256z_20s_0.9",
    "x_sigma2": 0.9
  },
  "results": {
    "num_epochs": 0,
    "train_loss": [
      1.3394734919071198,
      0.34480799237887066,
      0.33802460730075834,
      0.3312191218137741,
      0.33183160523573557,
      0.3283788169423739,
      0.321493373811245,
      0.32268208314975105,
      0.3318698724110921,
      0.323275537788868,
      0.3186638404925664,
      0.32313966552416484,
      0.32133655101060865,
      0.32186157802740734,
      0.31925441722075143,
      0.31264803210894265,
      0.3156528304020564,
      0.3057473137974739,
      0.30481220334768294,
      0.2891229828198751,
      0.2918297623594602,
      0.2791802893082301,
      0.2810329874356588,
      0.27497835258642833,
      0.27927402506272,
      0.27197773853937784,
      0.2797540734211604,
      0.26848517954349516,
      0.26877325971921284,
      0.268235349158446,
      0.2704334000746409,
      0.2623061383763949,
      0.2683207700649897,
      0.26342787891626357,
      0.2693650846680005,
      0.2609045406182607,
      0.2603239377339681,
      0.259732711315155,
      0.2588326210776965,
      0.2581216017405192,
      0.251215664545695,
      0.26205691397190095,
      0.2594188710053762,
      0.25235708951950075,
      0.26071878919998803,
      0.2535403952002525,
      0.25866815547148386,
      0.25243306954701744,
      0.2637331028779348,
      0.25026765614748003,
      0.252198692659537,
      0.24211421559254329,
      0.25641507109006245,
      0.24611664017041524,
      0.2437460203965505,
      0.24997663448254268,
      0.2425994858145714,
      0.24228129436572393,
      0.24248779863119124,
      0.24844478766123454,
      0.2415854126214981,
      0.24293243090311686,
      0.24247338970502216,
      0.23954456051190695,
      0.24395817865928013,
      0.23412039528290432,
      0.24238455643256504,
      0.24110334515571594,
      0.2390574410557747,
      0.23446227262417477,
      0.23573374648888906,
      0.23619471341371537,
      0.23715905596812567,
      0.23435573279857635,
      0.23969923406839372,
      0.23248362590869268,
      0.2300412525733312,
      0.2333017945289612,
      0.2335783635576566,
      0.2244029586513837,
      0.23061613440513612,
      0.23172386189301808,
      0.23085621843735377,
      0.23085057338078815,
      0.2277507429321607,
      0.23075507978598278,
      0.22540123363335926,
      0.23170656164487202,
      0.23093256801366807,
      0.22065518846114476,
      0.22183726479609808,
      0.2243287314971288,
      0.22425974855820338,
      0.22216843465964,
      0.21921686281760533,
      0.21960933407147726,
      0.21615591843922932,
      0.2229689210653305,
      0.21880064407984415,
      0.21927996476491293
    ],
    "train_acc": [
      18.6270975369557,
      20.822217750092616,
      21.20120161113988,
      21.635773238325978,
      22.016411048659084,
      21.867092375349454,
      22.510383043789552,
      22.61592752264275,
      22.226817356979733,
      22.637895844466758,
      23.125409609703553,
      22.897961711808815,
      23.03921357303807,
      22.822292722147314,
      22.861578492094132,
      23.21708606704488,
      23.433618565242682,
      24.110857587412262,
      24.387584110412444,
      25.399345422356138,
      25.34967171002911,
      25.86615426992767,
      25.79576578072074,
      26.173555318108,
      25.88450513291774,
      26.333902702735436,
      25.9387069985941,
      26.67137646605177,
      26.552839456939815,
      26.72504585022709,
      26.257395765148196,
      27.356714889835317,
      26.708651639482145,
      27.09076622333411,
      26.627043564981975,
      27.038951609227293,
      26.81790615287244,
      27.105740972205467,
      27.20222485659183,
      27.016072833909504,
      27.833471628478627,
      26.78932059844596,
      27.08779452383855,
      27.74647139540594,
      26.974298020917104,
      27.28642068065124,
      26.804549944275443,
      28.09730687166586,
      26.88685460519903,
      27.851885174602078,
      27.73421061935697,
      28.65653386752979,
      27.29116224782493,
      28.4390494126848,
      28.723890066223884,
      28.33685750446912,
      28.73871488118515,
      29.047917376759006,
      28.50485600133667,
      28.216631614926126,
      29.159845296990813,
      28.809654761359575,
      28.640219463990707,
      29.161327358670977,
      28.61252702360514,
      29.397969713507763,
      28.80353598877206,
      28.79302995909148,
      29.091686001784446,
      29.37490775133651,
      29.575954238801575,
      29.39086148032153,
      29.126162116750493,
      29.550542830289395,
      29.031798644931552,
      29.82577422306646,
      30.03037420687663,
      29.92849047385113,
      29.536456770099612,
      30.751850425258773,
      30.24863071549636,
      29.750510973535917,
      29.92739055026556,
      29.821889616454236,
      30.17917194226641,
      30.084651452572945,
      30.57019931628405,
      29.822177251342797,
      30.068116708119067,
      31.54532345889262,
      31.10140857673359,
      31.118895602443548,
      31.13695285554383,
      31.20344726397905,
      31.690881409463078,
      31.610515056099185,
      32.25163490971659,
      31.344538612102927,
      32.11853592812024,
      31.80729079892424
    ],