{
  "config": {
    "seed": 42,
    "bs_train": 16,
    "bs_test": 4,
    "batches": 100,
    "epochs": 100,
    "early_stopping": 10,
    "checkpoints": null,
    "lr": 0.01,
    "print_every": 100,
    "h_dim": 256,
    "z_dim": 20,
    "betas": [
      0.1,
      0.1
    ],
    "kw": {},
    "RTplot": false,
    "out_dir": "./results/Res3/",
    "run_name": "MEGA_RUNbs_16lr_0.01h_256z_20s_0.5",
    "x_sigma2": 0.5
  },
  "results": {
    "num_epochs": 0,
    "train_loss": [
      2.391521990299225,
      1.6849587281545004,
      1.4721335411071776,
      1.3386503775914511,
      1.299591879049937,
      1.2865581611792247,
      1.2704970518747964,
      1.2696627815564474,
      1.2506467302640278,
      1.2531367679437002,
      1.2389050443967184,
      1.2240071753660837,
      1.221088590224584,
      1.2136499464511872,
      1.2091820617516835,
      1.204629224538803,
      1.2017894307772319,
      1.1977807641029359,
      1.196578864256541,
      1.190617839495341,
      1.186475004752477,
      1.1869473536809285,
      1.1840394576390585,
      1.1786332527796428,
      1.1777643104394278,
      1.173267956574758,
      1.1708991050720214,
      1.1693870782852174,
      1.1634853462378183,
      1.163296397527059,
      1.1603246450424194,
      1.1582795222600302,
      1.154597423473994,
      1.1549752751986186,
      1.1499139467875164,
      1.1466838757197062,
      1.144673901796341,
      1.1402000069618226,
      1.1351819554964702,
      1.1328964591026307,
      1.133217990398407,
      1.1345274011294046,
      1.132801095644633,
      1.1349253058433533,
      1.1338535348574321,
      1.1340786476929983,
      1.132774531841278,
      1.1326457262039185,
      1.132276612520218,
      1.1325944423675538,
      1.1329249680042266,
      1.1332242647806803,
      1.132393229007721,
      1.132817373673121,
      1.1334162076314291,
      1.1317434827486674,
      1.1344707588354745,
      1.133987045288086,
      1.1337435781955718,
      1.1332858661810556,
      1.1324364006519319,
      1.1319570124149323,
      1.1314992904663086,
      1.1343417644500733,
      1.1312362710634867,
      1.1330747862656911,
      1.1329305171966553,
      1.1311093787352244,
      1.1321715116500854,
      1.1329809248447418,
      1.1330084164937337,
      1.1324580609798431,
      1.1323700229326883,
      1.133403742313385,
      1.13278639515241,
      1.1315262873967489,
      1.1320988416671753,
      1.1341788828372956,
      1.1324419796466827,
      1.1315316120783487,
      1.1334024488925933,
      1.1340222140153249,
      1.1339739819367727,
      1.1321312884489696,
      1.131669666369756,
      1.1330484628677369,
      1.1324982782204946,
      1.1310340762138367,
      1.1331240038077037,
      1.1317277232805887,
      1.1320079624652863,
      1.133496673901876,
      1.1339833875497183,
      1.1318860431512197,
      1.1323671400547028,
      1.1319854855537415,
      1.132702515522639,
      1.1320737898349762,
      1.1317111472288768,
      1.1342214465141296
    ],
    "train_acc": [
      5.683862787890215,
      5.614096236686811,
      5.688697815071685,
      5.628556381616316,
      5.659275577153287,
      5.644918348118335,
      5.670016761656586,
      5.638737960604561,
      5.667491272514853,
      5.643263624034583,
      5.65626608705105,
      5.670627602729897,
      5.642024917854426,
      5.6781961849568905,
      5.606921638245966,
      5.637694134105161,
      5.628455725556769,
      5.659715597937437,
      5.643283343490233,
      5.638347973988901,
      5.654338895666093,
      5.6324990305923075,
      5.611558218809706,
      5.6796739755057315,
      5.671897732011402,
      5.641167955455537,
      5.66633002580578,
      5.630082726816882,
      5.646361738372129,
      5.622262107193138,
      5.621206650611518,
      5.625171550418413,
      5.6481774407804215,
      5.609623533798511,
      5.60599024261687,
      5.62954758174795,
      5.632965212287651,
      5.637476493070727,
      5.653286624478483,
      5.656698053003501,
      5.631059931711169,
      5.62630926325612,
      5.650108326061677,
      5.64697821669568,
      5.632582613999358,
      5.629141687044488,
      5.6168815671330625,
      5.654353441126559,
      5.647970437038894,
      5.621140831053601,
      5.661582049439969,
      5.611473220219863,
      5.620657404285743,
      5.613950608407555,
      5.641141242703444,
      5.656695954535842,
      5.638726096426032,
      5.641123249142948,
      5.606160392488141,
      5.605443521139192,
      5.679054097868372,
      5.635004571199882,
      5.649457898000074,
      5.680533343697202,
      5.6460100943013956,
      5.631929705511404,
      5.60023496328866,
      5.691406904014826,
      5.643460953917426,
      5.618075774296961,
      5.613170637209965,
      5.640189151418135,
      5.659490192393149,
      5.638787861463224,
      5.649561217822169,
      5.636475093173066,
      5.636624733789412,
      5.653749644722746,
      5.621073132256761,
      5.644199869514814,
      5.646916630947067,
      5.615763081818477,
      5.613545422572882,
      5.615062638151105,
      5.6162913024226535,
      5.6180616097582075,
      5.655687917509478,
      5.6259374523799375,
      5.63103798841821,
      5.629543619826121,
      5.628579965151646,
      5.629717988117306,
      5.613044664128638,
      5.623253332093077,
      5.6323733781751315,
      5.628544167421203,
      5.628098294247148,
      5.6366254879019,
      5.6298499575173,
      5.638080881505327
    ],