{
  "config": {
    "seed": 42,
    "bs_train": 32,
    "bs_test": 8,
    "batches": 100,
    "epochs": 100,
    "early_stopping": 10,
    "checkpoints": null,
    "lr": 0.01,
    "print_every": 100,
    "h_dim": 128,
    "z_dim": 2,
    "betas": [
      0.1,
      0.1
    ],
    "kw": {},
    "RTplot": false,
    "out_dir": "./results/Res3/",
    "run_name": "MEGA_RUNbs_32lr_0.01h_128z_2s_0.5",
    "x_sigma2": 0.5
  },
  "results": {
    "num_epochs": 0,
    "train_loss": [
      3.0723594705263775,
      1.4251546144485474,
      1.3925533850987752,
      0.9329108238220215,
      0.7994470079739888,
      0.6765745401382446,
      0.6946497003237406,
      0.6252270499865215,
      0.6234680255254109,
      0.6449856996536255,
      0.6047700087229411,
      0.5996831059455872,
      0.6285142342249552,
      0.6012184302012126,
      0.6027879397074382,
      0.5820364832878113,
      0.5891658306121826,
      0.585236930847168,
      0.5832269191741943,
      0.5849600354830424,
      0.5795589963595073,
      0.5782372295856476,
      0.5796868960062663,
      0.579157296816508,
      0.5751806894938151,
      0.5756118774414063,
      0.5737018307050069,
      0.5781223098436992,
      0.5756881952285766,
      0.5735766927401225,
      0.5693789263566335,
      0.5677912871042887,
      0.5712176620960235,
      0.5689936836560567,
      0.5646714091300964,
      0.5641872326533,
      0.5640526254971822,
      0.5652490417162578,
      0.5658392031987508,
      0.5683689713478088,
      0.5648573438326517,
      0.5601998686790466,
      0.5650951902071635,
      0.5621203641096751,
      0.5590393503506979,
      0.560813554128011,
      0.5612809737523397,
      0.5582033137480418,
      0.5596148530642192,
      0.5557723760604858,
      0.5580688079198202,
      0.5568986972173054,
      0.5540164570013683,
      0.5555052042007447,
      0.5552146553993225,
      0.5545114318529765,
      0.55491118033727,
      0.5527003645896912,
      0.5546013832092285,
      0.5570000946521759,
      0.5533115983009338,
      0.5566922088464101,
      0.5527836660544078,
      0.5508762240409851,
      0.5528099358081817,
      0.553488576412201,
      0.5503958304723103,
      0.5522155145804087,
      0.5533730467160543,
      0.5535848736763,
      0.551689338684082,
      0.5518991669019063,
      0.5545327425003052,
      0.551450663805008,
      0.5526953160762786,
      0.5519674400488536,
      0.5519884785016378,
      0.5503100911776225,
      0.5489849925041199,
      0.55252658923467,
      0.5484679142634074,
      0.5484036604563395,
      0.5497354706128438,
      0.5480504234631857,
      0.5498542984326681,
      0.5475921511650086,
      0.5521770517031351,
      0.5473693370819092,
      0.5474907358487447,
      0.5468303124109904,
      0.549640558163325,
      0.5476291696230571,
      0.5477512300014495,
      0.5460243980089824,
      0.5476207911968232,
      0.5470193862915039,
      0.545104451974233,
      0.5459638198216756,
      0.5466830293337505,
      0.5461305439472198
    ],
    "train_acc": [
      2.879768159146158,
      2.781561548781941,
      2.911242853697206,
      4.31008612381532,
      4.811840692348506,
      5.325910251890943,
      5.27185798253902,
      5.64168679881982,
      5.601259936337408,
      5.596405295785351,
      5.664066495734527,
      5.703640801303238,
      5.500668722545041,
      5.7085499516228655,
      5.670687777306743,
      5.743446203211836,
      5.713296667851027,
      5.723547023405069,
      5.762507916918757,
      5.7000569854492324,
      5.734333124458114,
      5.76332939652242,
      5.745786694905248,
      5.716522252039289,
      5.7263439674792815,
      5.761484168486773,
      5.734954345367687,
      5.711877239201423,
      5.716843010746271,
      5.73447223324703,
      5.745047816099191,
      5.759791643096561,
      5.726967900897882,
      5.723557221150058,
      5.766935210824362,
      5.761203754723118,
      5.756816961782399,
      5.747369638495548,
      5.721419333956232,
      5.713156867103631,
      5.71716551926855,
      5.775210807278507,
      5.7208727562055195,
      5.75223219743747,
      5.763010883030593,
      5.753815322821617,
      5.739094878608095,
      5.779317899010862,
      5.748335564271381,
      5.7860566027288085,
      5.756958713452258,
      5.760479906588724,
      5.8056295634295845,
      5.775482349571373,
      5.770293075008741,
      5.788814681752692,
      5.766323518445084,
      5.8087627624490334,
      5.761697993126312,
      5.755471355472078,
      5.7747394171388455,
      5.747843702266732,
      5.802358605619714,
      5.78901931135458,
      5.7715667964984485,
      5.761974316289864,
      5.790747784767076,
      5.773888329868451,
      5.7556101314016255,
      5.761593014307689,
      5.764366156760852,
      5.768666846141996,
      5.739081121262353,
      5.770968859645063,
      5.749888308711509,
      5.770035145892219,
      5.753649548156118,
      5.7713228597131145,
      5.773239881211885,
      5.750408406696978,
      5.803217145774355,
      5.782208228038987,
      5.782925917705345,
      5.782732749619989,
      5.754719156010577,
      5.786419972800427,
      5.754221784400272,
      5.788488802361965,
      5.803224752244098,
      5.790982075089171,
      5.762688164101241,
      5.774947319355152,
      5.784819022027544,
      5.7958978036007975,
      5.7706223931329514,
      5.782788815075461,
      5.7845099366427455,
      5.785665188170706,
      5.770518513669907,
      5.792785251478642
    ],