{
  "config": {
    "seed": 42,
    "bs_train": 32,
    "bs_test": 8,
    "batches": 100,
    "epochs": 100,
    "early_stopping": 10,
    "checkpoints": null,
    "lr": 0.0005,
    "print_every": 100,
    "h_dim": 512,
    "z_dim": 10,
    "betas": [
      0.1,
      0.1
    ],
    "kw": {},
    "RTplot": false,
    "out_dir": "./results/Res3/",
    "run_name": "MEGA_RUNbs_32lr_0.0005h_512z_10s_0.5",
    "x_sigma2": 0.5
  },
  "results": {
    "num_epochs": 0,
    "train_loss": [
      1.6102167963981628,
      0.6433451493581136,
      0.5951957623163859,
      0.5748778144518535,
      0.5719818154970805,
      0.5666797757148743,
      0.5663342316945393,
      0.5902269800504049,
      0.5604965806007385,
      0.5621088763078054,
      0.5914020895957947,
      0.6028109471003215,
      0.5593029300371806,
      0.5747256557146708,
      0.5680400888125102,
      0.5662386536598205,
      0.5666053493817648,
      0.5662617007891337,
      0.5562982618808746,
      0.5461430311203003,
      0.5358787854512532,
      0.5586825927098592,
      0.550218665599823,
      0.5510562419891357,
      0.5393018007278443,
      0.557161545753479,
      0.5476069688796997,
      0.562450357278188,
      0.5315429449081421,
      0.5522746503353119,
      0.5477112452189128,
      0.5389193832874298,
      0.5286878744761149,
      0.538628347714742,
      0.5057542860507965,
      0.5161233425140381,
      0.5408816953500112,
      0.4912024557590485,
      0.5376134812831879,
      0.5069135248661041,
      0.5047741035620371,
      0.5183848301569621,
      0.498421315352122,
      0.5093291282653809,
      0.5068121174971263,
      0.47450602451960244,
      0.5199087560176849,
      0.4916766703128815,
      0.49259105523427327,
      0.49130491614341737,
      0.47952420711517335,
      0.48650808731714884,
      0.46261297663052875,
      0.47876774668693545,
      0.4761179208755493,
      0.47143728534380597,
      0.4709350426991781,
      0.4629977424939474,
      0.4563636819521586,
      0.4747167726357778,
      0.45543112556139626,
      0.4615825613339742,
      0.4684871176878611,
      0.4708932360013326,
      0.46107013821601867,
      0.4412830412387848,
      0.450435600678126,
      0.45977477232615155,
      0.4442136824131012,
      0.4512283007303874,
      0.4593957901000977,
      0.443957781791687,
      0.4558033307393392,
      0.45022014776865643,
      0.4424064060052236,
      0.4420972168445587,
      0.45306347608566283,
      0.4310317873954773,
      0.44401543537775673,
      0.43471007943153384,
      0.4488169451554616,
      0.44192270239194237,
      0.46645962993303935,
      0.45206387639045714,
      0.433604371547699,
      0.45275549093882245,
      0.4390151858329773,
      0.4374697744846344,
      0.4413874606291453,
      0.44998523195584617,
      0.45336377422014873,
      0.43847437302271525,
      0.4364041050275167,
      0.4447838068008423,
      0.4337624172369639,
      0.43873770038286847,
      0.42478638688723247,
      0.44684384067853294,
      0.4389757970968882,
      0.41534236470858255
    ],
    "train_acc": [
      4.843861203848917,
      5.344327648517549,
      5.679762740622019,
      5.8966690788224,
      5.998745174608623,
      6.00850291667592,
      6.143979110522028,
      5.981901196011046,
      6.169305300932114,
      6.288409883141421,
      6.163997366868415,
      6.113624340109959,
      6.376173975307748,
      6.214919838080624,
      6.305518943994583,
      6.362134490668813,
      6.384316901413951,
      6.397808428482792,
      6.30506844319746,
      6.426772036706842,
      6.588823291072742,
      6.441104650646218,
      6.456265401367356,
      6.563421241365844,
      6.643648844980197,
      6.47935157216595,
      6.573218171960185,
      6.400402874376766,
      6.789945477500322,
      6.540848506547597,
      6.570743277158524,
      6.58433915906654,
      6.6852836023845725,
      6.72262570269081,
      7.078497770406608,
      6.946622033560986,
      6.6354118758395595,
      7.232596507617565,
      6.830931660010805,
      7.024383693144601,
      6.9815252915068,
      6.772061277840848,
      7.00179547297517,
      7.043214305351647,
      6.961059736707368,
      7.398578538605685,
      6.897085365281943,
      7.168034088950015,
      7.147191549102062,
      7.085877337666801,
      7.348845007293377,
      7.099401053087112,
      7.45075108984167,
      7.354841780193651,
      7.338630052635896,
      7.326744904541496,
      7.494901387566578,
      7.3995217159329325,
      7.551696772474682,
      7.382665065428061,
      7.464082070451142,
      7.411189938142738,
      7.400078214964106,
      7.284831612791453,
      7.409624996883682,
      7.698360994690853,
      7.6841346944836,
      7.467853722807427,
      7.65232952263496,
      7.5969832482251505,
      7.398685398082569,
      7.602633117460833,
      7.532025092119373,
      7.631954251107982,
      7.683930754558022,
      7.76961429813934,
      7.6589215371802295,
      7.858387389079768,
      7.639348817488894,
      7.931454365092822,
      7.648013447385372,
      7.749589015099026,
      7.463030790011742,
      7.68190721469527,
      7.893386142791171,
      7.5371914725712275,
      7.729076671652688,
      7.800689361700135,
      7.703808431017243,
      7.538958472838877,
      7.570684996912533,
      7.8121987133480495,
      7.887838589056903,
      7.596516876738622,
      7.884539540585271,
      7.736729385456298,
      7.975287125136523,
      7.780733370051953,
      7.706402306453778,
      8.172966518460779
    ],