{
  "config": {
    "seed": 42,
    "bs_train": 32,
    "bs_test": 8,
    "batches": 100,
    "epochs": 100,
    "early_stopping": 10,
    "checkpoints": null,
    "lr": 0.001,
    "print_every": 100,
    "h_dim": 256,
    "z_dim": 50,
    "betas": [
      0.1,
      0.1
    ],
    "kw": {},
    "RTplot": false,
    "out_dir": "./results/Res3/",
    "run_name": "MEGA_RUNbs_32lr_0.001h_256z_50s_0.5",
    "x_sigma2": 0.5
  },
  "results": {
    "num_epochs": 0,
    "train_loss": [
      1.3974504907925924,
      0.7241409500439961,
      0.649688454469045,
      0.6557095209757487,
      0.6341431736946106,
      0.6125470916430156,
      0.6373405297597249,
      0.6241837660471599,
      0.6102353572845459,
      0.6186526695887248,
      0.6103682239850362,
      0.614243745803833,
      0.6033880551656087,
      0.5948375821113586,
      0.6063095728556315,
      0.593398102124532,
      0.5883654693762461,
      0.5803223888079325,
      0.5962368170420329,
      0.5785682698090872,
      0.597989159822464,
      0.5993800461292267,
      0.5817411382993062,
      0.5800196925799052,
      0.5675367434819539,
      0.5805960098902384,
      0.560800298055013,
      0.5338003198305766,
      0.512085105975469,
      0.4945821503798167,
      0.5284523705641428,
      0.532965232928594,
      0.5143217841784159,
      0.4942869047323863,
      0.5179874459902446,
      0.4881009499231974,
      0.4939266860485077,
      0.48244685530662534,
      0.47630598545074465,
      0.475320299466451,
      0.49736263950665793,
      0.47435298760732014,
      0.4866962651411692,
      0.4762318730354309,
      0.49255989988644916,
      0.4546765188376109,
      0.4728716492652893,
      0.45732149680455525,
      0.47466457486152647,
      0.4617341160774231,
      0.46528218189875287,
      0.4568788448969523,
      0.45149072209993996,
      0.4675413012504578,
      0.4410926560560862,
      0.44964642922083536,
      0.4598427514235179,
      0.4385278383890788,
      0.42497593760490415,
      0.4615206738313039,
      0.42619813879330953,
      0.4373214284578959,
      0.4393093983332316,
      0.4245771070321401,
      0.43597765763600665,
      0.42660959959030154,
      0.4361884673436483,
      0.4409546951452891,
      0.41571027835210167,
      0.42021165092786156,
      0.40368560949961346,
      0.4287174840768178,
      0.41774614055951437,
      0.4221739093462626,
      0.4201935569445292,
      0.42605613470077514,
      0.42655171553293864,
      0.422383846839269,
      0.42233394185702006,
      0.3971215864022573,
      0.4226260105768839,
      0.416920417547226,
      0.4203315238157908,
      0.42402009963989257,
      0.40546988050142924,
      0.3952057123184204,
      0.4033460001150767,
      0.40089942614237467,
      0.3926233967145284,
      0.4028050184249878,
      0.39563463926315307,
      0.41391012668609617,
      0.4053435564041138,
      0.38932523330052693,
      0.4054631213347117,
      0.3917494237422943,
      0.378632640838623,
      0.39682456453641257,
      0.394277968009313,
      0.38981372117996216
    ],
    "train_acc": [
      4.696779094815594,
      5.017208825848539,
      5.478360177899313,
      5.443601210343153,
      5.637791551326276,
      5.854845717975758,
      5.731581427000402,
      5.86925189853089,
      5.988173617236488,
      5.950938620693979,
      5.951723157890531,
      5.962693718818238,
      6.107011065256706,
      6.151041053834365,
      6.056891798058768,
      6.180011806171753,
      6.155578084345716,
      6.169856630094563,
      6.005760880186944,
      6.367151483872043,
      6.307238623794851,
      6.25414160502344,
      6.4493808765707055,
      6.309953065428482,
      6.461454509651112,
      6.363747768659314,
      6.490014959898761,
      6.785243846710499,
      7.034675358275918,
      7.125970141098895,
      6.87060229631892,
      6.636884175568143,
      7.01661331927982,
      7.172346500711067,
      6.850592267093174,
      7.216214623207244,
      7.207765840606829,
      7.369611238484244,
      7.376538823436425,
      7.480469942846299,
      7.26918679717794,
      7.47781329907618,
      7.186113257787575,
      7.391909691698922,
      7.175323119491637,
      7.677112494236303,
      7.547473369845329,
      7.640475772092528,
      7.449326109317435,
      7.56744605096849,
      7.532757108976238,
      7.75319556486396,
      7.801585537419196,
      7.476730225372863,
      8.00702059559287,
      7.883633713003666,
      7.717816093717148,
      8.040883696508692,
      8.250220806568548,
      7.841659843735166,
      8.206383343007959,
      8.098632541077519,
      8.008402516687664,
      8.213043918832518,
      8.02303950643576,
      8.214360879498424,
      8.100815205338183,
      7.940989985912145,
      8.439185632891732,
      8.321010473419111,
      8.673255700710921,
      8.267426438924904,
      8.3489412958713,
      8.296927683868622,
      8.350254067074863,
      8.223850232288326,
      8.197752366391137,
      8.225611987821862,
      8.183594000650128,
      8.71476861457698,
      8.22903780973568,
      8.35040462781082,
      8.282752042047655,
      8.30280769029081,
      8.516178530345814,
      8.780341928080155,
      8.583092799444133,
      8.699296959865668,
      8.73421831141439,
      8.53449011114288,
      8.78893029407402,
      8.398382203256796,
      8.562541493403998,
      8.845500923767009,
      8.599563850519978,
      8.77209679723273,
      9.051012909445411,
      8.645135336928139,
      8.695981669815538,
      8.748946770303203
    ],