{
  "config": {
    "seed": 42,
    "bs_train": 16,
    "bs_test": 4,
    "batches": 100,
    "epochs": 100,
    "early_stopping": 10,
    "checkpoints": null,
    "lr": 0.01,
    "print_every": 100,
    "h_dim": 128,
    "z_dim": 50,
    "betas": [
      0.1,
      0.1
    ],
    "kw": {},
    "RTplot": false,
    "out_dir": "./results/Res3/",
    "run_name": "MEGA_RUNbs_16lr_0.01h_128z_50s_0.9",
    "x_sigma2": 0.9
  },
  "results": {
    "num_epochs": 0,
    "train_loss": [
      1.8259846011797587,
      1.0952702105045318,
      0.916219425201416,
      0.840951677163442,
      0.8026074747244517,
      0.7818071802457174,
      0.757802031437556,
      0.7490215122699737,
      0.7399365345637003,
      0.7303803722063701,
      0.7223103006680807,
      0.7119804084300995,
      0.7103980481624603,
      0.7054549833138783,
      0.6985862950483958,
      0.69508804778258,
      0.6893614768981934,
      0.6850920716921488,
      0.680046542485555,
      0.6794278184572856,
      0.674145911137263,
      0.6749629239241283,
      0.6706980725129446,
      0.6734037737051646,
      0.6687922159830729,
      0.6675628622372946,
      0.6662604828675588,
      0.6646613001823425,
      0.6679943223794301,
      0.6637396474679311,
      0.6648520310719808,
      0.6641791264216105,
      0.6628607749938965,
      0.6611539562543233,
      0.6620958308378856,
      0.6608094980319341,
      0.6592744131882985,
      0.6580423812071482,
      0.6588038921356201,
      0.6567777136961619,
      0.6563453435897827,
      0.6561685701211294,
      0.655844600001971,
      0.6537570575873057,
      0.6548718829949697,
      0.6538318812847137,
      0.6526052534580231,
      0.6523616095383962,
      0.6527935862541199,
      0.6525943259398143,
      0.6536480625470479,
      0.6534855703512827,
      0.6513546953598658,
      0.6522270818551381,
      0.6509373426437378,
      0.6516738057136535,
      0.6514603932698567,
      0.6490500013033549,
      0.6492415924866994,
      0.6490159034729004,
      0.6495226512352625,
      0.649197373787562,
      0.6511278053124746,
      0.6483383615811665,
      0.6489389777183533,
      0.6495490173498789,
      0.6476372480392456,
      0.6489003588755925,
      0.6481196085611979,
      0.6473843435446421,
      0.6475483844677608,
      0.648022864262263,
      0.6484671155611674,
      0.6468686759471893,
      0.6468360404173533,
      0.6455988864103953,
      0.6469824532667796,
      0.6459344486395519,
      0.6462049653132756,
      0.6455766836802165,
      0.6480542769034704,
      0.6466654896736145,
      0.6463419735431671,
      0.6467371801535289,
      0.6464097837607066,
      0.6454720705747604,
      0.6459785918394725,
      0.6460121850172679,
      0.6439384758472443,
      0.6466574172178904,
      0.6462332099676132,
      0.6467365920543671,
      0.6451505690813064,
      0.6444635391235352,
      0.6465283234914144,
      0.6453503429889679,
      0.6442091683546702,
      0.6442922910054525,
      0.6453283528486887,
      0.6460951268672943
    ],
    "train_acc": [
      10.330613374881157,
      10.153270384342923,
      10.175791320966816,
      10.15859882487099,
      10.167199060786507,
      10.169109643292753,
      10.14628796610804,
      10.132002174065901,
      10.182493626008862,
      10.123435639967342,
      10.133658199458921,
      10.131339401594666,
      10.097916759311895,
      10.15832148032196,
      10.206038755940748,
      10.197498723239764,
      10.226412076971659,
      10.08507278230453,
      10.106454017314668,
      10.114283432106769,
      10.10871810698345,
      10.127766153511788,
      10.096136259719007,
      10.112329211591502,
      10.138201412635569,
      10.103828410980451,
      10.17091467837745,
      10.135746175090214,
      10.150876467232765,
      10.10378567877508,
      10.079009658359592,
      10.131950793329603,
      10.173985863309287,
      10.102869514992115,
      10.177107393198375,
      10.241719997186292,
      10.123654604843464,
      10.112885703274694,
      10.149524908492117,
      10.174554361104535,
      10.16184314126849,
      10.161991691634224,
      10.169649100106346,
      10.155792271822412,
      10.09355749504314,
      10.18436617033248,
      10.106811122520233,
      10.255505837183012,
      10.184867989938683,
      10.143077701719967,
      10.158504054850882,
      10.17953571762087,
      10.197633605849566,
      10.10166473938458,
      10.122323403638152,
      10.102545195678703,
      10.116532190082589,
      10.128282981167963,
      10.166212441408653,
      10.209423773941339,
      10.159153822603017,
      10.173852710218739,
      10.136958766144863,
      10.128529945872035,
      10.21526127402246,
      10.18606937685164,
      10.207806100975105,
      10.15050514467626,
      10.122307513695583,
      10.10065001120308,
      10.202357432992219,
      10.120083134656412,
      10.167832331615815,
      10.142574683179655,
      10.160849177807297,
      10.148444408871413,
      10.141839077142105,
      10.13922050709562,
      10.267910595519732,
      10.145391291351533,
      10.267381019013548,
      10.115168526771853,
      10.114484455843504,
      10.09137397709546,
      10.133463693504345,
      10.184121704928057,
      10.11954544542849,
      10.158089285615024,
      10.185716640339987,
      10.18044981489593,
      10.215727260802234,
      10.094840737008022,
      10.148577763270413,
      10.163660340256218,
      10.132367901543917,
      10.174906160874317,
      10.167473511246163,
      10.182191362707197,
      10.129473322666362,
      10.165760574590323
    ],