{
  "config": {
    "seed": 42,
    "bs_train": 32,
    "bs_test": 8,
    "batches": 100,
    "epochs": 100,
    "early_stopping": 10,
    "checkpoints": null,
    "lr": 0.005,
    "print_every": 100,
    "h_dim": 128,
    "z_dim": 2,
    "betas": [
      0.1,
      0.1
    ],
    "kw": {},
    "RTplot": false,
    "out_dir": "./results/Res3/",
    "run_name": "MEGA_RUNbs_32lr_0.005h_128z_2s_0.9",
    "x_sigma2": 0.9
  },
  "results": {
    "num_epochs": 0,
    "train_loss": [
      5.748910057544708,
      0.8078446924686432,
      0.6866629163424174,
      0.5748649259408315,
      0.4469488362471263,
      0.44613276918729144,
      0.42123627463976543,
      0.4052859365940094,
      0.39678611358006793,
      0.3914978245894114,
      0.38620851238568626,
      0.3723873198032379,
      0.3710042595863342,
      0.36635326147079467,
      0.3659490982691447,
      0.38030919432640076,
      0.35967891414960224,
      0.3552074054876963,
      0.34788682460784914,
      0.35031488140424094,
      0.34756150444348655,
      0.344062606493632,
      0.34168752233187355,
      0.34258034626642864,
      0.339659841855367,
      0.341163182258606,
      0.3366010586420695,
      0.34070554971694944,
      0.3352698564529419,
      0.3367566148440043,
      0.3315801501274109,
      0.3311767379442851,
      0.33131089210510256,
      0.33156251112620033,
      0.3273324986298879,
      0.3267069677511851,
      0.3275531987349192,
      0.32871393362681073,
      0.325618588924408,
      0.32826977173487343,
      0.32409053643544516,
      0.3251382271448771,
      0.32468633850415546,
      0.3239098846912384,
      0.3223115861415863,
      0.32434582511583965,
      0.3233158747355143,
      0.32180595795313516,
      0.32071520884831745,
      0.32017316619555153,
      0.32087743282318115,
      0.3189237316449483,
      0.31915873686472573,
      0.3193719546000163,
      0.3190926571687063,
      0.31878936688105264,
      0.3181472579638163,
      0.31665932734807334,
      0.3167749265829722,
      0.3195507287979126,
      0.31582512259483336,
      0.31765679518381756,
      0.3162653704484304,
      0.3149069845676422,
      0.31511240601539614,
      0.3151942491531372,
      0.31333654721577964,
      0.3132288376490275,
      0.31434802611668905,
      0.31417958935101825,
      0.31331513325373334,
      0.3128694732983907,
      0.314020045598348,
      0.3124748686949412,
      0.3125836233297984,
      0.31216631333033246,
      0.3132265567779541,
      0.3125688354174296,
      0.3107510685920715,
      0.31268559296925863,
      0.3112481395403544,
      0.3110311448574066,
      0.31204343438148496,
      0.3115212817986806,
      0.31072959303855896,
      0.3105333983898163,
      0.31088273525238036,
      0.3097176810105642,
      0.3099642296632131,
      0.3105092187722524,
      0.31113916635513306,
      0.310409422715505,
      0.3104666789372762,
      0.3097943365573883,
      0.3104643225669861,
      0.3107695460319519,
      0.30886287490526837,
      0.30989904403686525,
      0.30966668128967284,
      0.30917099912961327
    ],
    "train_acc": [
      6.094170856628832,
      7.819726731257002,
      8.736063188471439,
      9.229494867557081,
      9.789442343258983,
      9.734053318131547,
      9.861213041626725,
      9.967117886611202,
      10.003085098473983,
      9.903508388433423,
      10.07141865075738,
      10.151233736521696,
      10.166581478589626,
      10.167617813478374,
      10.247455574904116,
      10.109727307129942,
      10.066377810975903,
      10.26253879806047,
      10.258958346591458,
      10.244653286238904,
      10.20490661093755,
      10.309445320343649,
      10.277059032895647,
      10.28589246396998,
      10.285387490614951,
      10.265970606609057,
      10.346892435859683,
      10.273758719311079,
      10.310364471667318,
      10.299956746084346,
      10.360078127485417,
      10.348421382365503,
      10.366860132699559,
      10.28171075385546,
      10.39923246928758,
      10.38216245079486,
      10.358474585858048,
      10.321145548527587,
      10.345067598169042,
      10.31796992314284,
      10.349745155068659,
      10.358041308214299,
      10.318542303726057,
      10.364667546019241,
      10.346900156859967,
      10.31896599467503,
      10.314565150635675,
      10.389880193914724,
      10.359679656547756,
      10.404058657979876,
      10.384879323528954,
      10.40283262812325,
      10.43230745421265,
      10.393992190475569,
      10.368074160790254,
      10.413109455182457,
      10.398436614969516,
      10.468910779669336,
      10.362833578280878,
      10.3298942333519,
      10.40086167505936,
      10.360203873249006,
      10.441435355647892,
      10.416500717477392,
      10.395392645938884,
      10.4004049136685,
      10.439786961335203,
      10.432584132072135,
      10.382082608837733,
      10.396819546116811,
      10.412529433967377,
      10.416309870406394,
      10.387250918536944,
      10.427074488852696,
      10.388821853703332,
      10.450307230806105,
      10.381366172578673,
      10.402482711000463,
      10.412765494868404,
      10.399584723663375,
      10.47764014498486,
      10.440700637600534,
      10.41753481674901,
      10.429608025400972,
      10.395428533015854,
      10.438257656043024,
      10.434866481240137,
      10.461440306521107,
      10.474156981347225,
      10.435743392485653,
      10.40606392971031,
      10.423259029790048,
      10.437312520353945,
      10.469541117156353,
      10.41507458631508,
      10.427922918461498,
      10.440777231087695,
      10.429055405499383,
      10.410011775088927,
      10.466783830142283
    ],