{
  "config": {
    "seed": 42,
    "bs_train": 32,
    "bs_test": 8,
    "batches": 100,
    "epochs": 100,
    "early_stopping": 10,
    "checkpoints": null,
    "lr": 0.001,
    "print_every": 100,
    "h_dim": 512,
    "z_dim": 5,
    "betas": [
      0.1,
      0.1
    ],
    "kw": {},
    "RTplot": false,
    "out_dir": "./results/Res3/",
    "run_name": "MEGA_RUNbs_32lr_0.001h_512z_5s_0.5",
    "x_sigma2": 0.5
  },
  "results": {
    "num_epochs": 0,
    "train_loss": [
      1.0539954384167989,
      0.6533947865168254,
      0.6302085657914479,
      0.6131271282831828,
      0.5985413789749146,
      0.5910098175207774,
      0.5885927975177765,
      0.5882322152455648,
      0.588043208916982,
      0.5906698981920878,
      0.5921280225118001,
      0.5765494465827942,
      0.5751371403535207,
      0.5754709939161936,
      0.5838911871115366,
      0.5689929087956747,
      0.569092720746994,
      0.5846883138020833,
      0.5816393196582794,
      0.5474237104256948,
      0.5795724352200826,
      0.6060112396876017,
      0.5479571302731832,
      0.5734929839769999,
      0.5809200505415598,
      0.5576468328634898,
      0.5487578511238098,
      0.5978326837221781,
      0.5762093305587769,
      0.5436852673689524,
      0.5389279107252757,
      0.5228172600269317,
      0.5133480866750081,
      0.5171645899613698,
      0.5310952007770539,
      0.5018651882807413,
      0.5059013644854228,
      0.5172193149725596,
      0.5093842665354411,
      0.5204367756843566,
      0.5004087527592976,
      0.5162451306978861,
      0.48894556959470115,
      0.5027560651302337,
      0.46925159891446433,
      0.48785666227340696,
      0.48678320248921714,
      0.4770660956700643,
      0.5079778989156087,
      0.4551721394062042,
      0.4789357721805573,
      0.5020450294017792,
      0.5172803004582723,
      0.483159210284551,
      0.4774532457192739,
      0.5061651905377705,
      0.45726423064867655,
      0.4706916868686676,
      0.4694990277290344,
      0.4821985840797424,
      0.48595069845517475,
      0.4692047576109568,
      0.46923299034436544,
      0.46213359634081524,
      0.4572933296362559,
      0.4632916490236918,
      0.4912097752094269,
      0.469219966729482,
      0.46443524956703186,
      0.45384174784024556,
      0.4744180162747701,
      0.45538637836774193,
      0.4536136070887248,
      0.47805535793304443,
      0.4473105827967326,
      0.4521920084953308,
      0.44585230151812233,
      0.47064367135365803,
      0.47160369555155435,
      0.4565301736195882,
      0.4663750767707825,
      0.4697437107563019,
      0.4420824448267619,
      0.45602333545684814,
      0.46160024603207905,
      0.45649712483088173,
      0.4503037750720978,
      0.44423593282699586,
      0.4537769099076589,
      0.46141206423441566,
      0.43862128456433613,
      0.4743427614370982,
      0.42981727520624796,
      0.44702935020128887,
      0.4376221835613251,
      0.4503299395243327,
      0.44759241739908856,
      0.4787599186102549,
      0.4428229689598083,
      0.4600881556669871
    ],
    "train_acc": [
      4.88708928486949,
      5.464444202522913,
      5.691060008414151,
      5.782967354139246,
      5.927826310917649,
      6.003800211558444,
      6.0057400082870105,
      5.952248049869644,
      5.9719046110030485,
      5.9511573365421055,
      5.956149798912105,
      6.064127423016468,
      6.131256423353648,
      6.114797099847141,
      5.990688331153374,
      6.1515132308155955,
      6.218823645368516,
      5.918528265032769,
      6.121550479882588,
      6.3822023438633515,
      6.222439648746938,
      5.916976510945453,
      6.47122537789187,
      6.382240390415838,
      6.419288877818624,
      6.425417110542053,
      6.59619431677852,
      6.389374841186011,
      6.508024917703596,
      6.875923763960448,
      6.76902519297785,
      6.77468900708621,
      6.816337664762069,
      6.883483888840159,
      6.735756158610523,
      6.9576269412994565,
      6.954958055041076,
      6.917663256818988,
      7.050552351562259,
      6.940032715392643,
      7.242349855007568,
      6.831812426741908,
      7.276452407488805,
      6.99392026660166,
      7.402756394637505,
      7.233056368409841,
      7.233241477254343,
      7.241785469139975,
      7.027440392644162,
      7.456877384002565,
      7.520299519630766,
      6.929801017238688,
      6.936026819732886,
      7.232697499884323,
      7.240181371239196,
      6.932091737953505,
      7.544099984886085,
      7.164411394179495,
      7.245935926696734,
      7.216523230003911,
      7.145718136509739,
      7.298528251276326,
      7.455540376716816,
      7.44651933745533,
      7.505301401314542,
      7.296572280084963,
      7.225416032699001,
      7.338143380386079,
      7.397655861227042,
      7.488278052598773,
      7.170960270181553,
      7.534514133624217,
      7.488863971235752,
      7.34297110446308,
      7.520887631537844,
      7.450955228790715,
      7.54439466587573,
      7.427142291592114,
      7.301950221625831,
      7.512909572521789,
      7.323608466035368,
      7.210191194014514,
      7.6565640383750795,
      7.544464909289271,
      7.396172667432558,
      7.515032999677434,
      7.668709194801521,
      7.652078464369253,
      7.6080727251893006,
      7.520922448130046,
      7.766825790734272,
      7.217029998441439,
      7.841731258839873,
      7.669130282691778,
      7.698803435532824,
      7.552764426076638,
      7.687660070181016,
      7.376216874451936,
      7.666842953738688,
      7.378504425894556
    ],