{
  "config": {
    "seed": 42,
    "bs_train": 16,
    "bs_test": 4,
    "batches": 100,
    "epochs": 100,
    "early_stopping": 10,
    "checkpoints": null,
    "lr": 0.001,
    "print_every": 100,
    "h_dim": 512,
    "z_dim": 5,
    "betas": [
      0.1,
      0.1
    ],
    "kw": {},
    "RTplot": false,
    "out_dir": "./results/Res3/",
    "run_name": "MEGA_RUNbs_16lr_0.001h_512z_5s_0.5",
    "x_sigma2": 0.5
  },
  "results": {
    "num_epochs": 0,
    "train_loss": [
      0.8975485682487487,
      0.6198684831460317,
      0.6154659161965053,
      0.5966398070255915,
      0.5954359153906504,
      0.5757300684849421,
      0.5787314842144649,
      0.5681019872426987,
      0.5619986683130265,
      0.5677018006642659,
      0.554638018210729,
      0.5956192036469777,
      0.5631357530752817,
      0.585198512673378,
      0.5655541847149531,
      0.5445617288351059,
      0.5257884442806244,
      0.5286547760168712,
      0.5191907872756322,
      0.5098174244165421,
      0.5057651867469152,
      0.49722751875718435,
      0.4992583562930425,
      0.48306073248386383,
      0.4820344736178716,
      0.479732029636701,
      0.4676174352566401,
      0.476296995083491,
      0.48160571455955503,
      0.4720542540152868,
      0.4550690472126007,
      0.48544487059116365,
      0.48004692792892456,
      0.46636640330155693,
      0.46491379141807554,
      0.4635880986849467,
      0.4619499037663142,
      0.4715235590934753,
      0.4517142564058304,
      0.45550124446551005,
      0.46429377992947896,
      0.45291473468144733,
      0.46217370927333834,
      0.4352922111749649,
      0.4524793436129888,
      0.45037887096405027,
      0.45081683893998464,
      0.4454325099786123,
      0.4443951338529587,
      0.43822797934214275,
      0.447095795472463,
      0.4447498669226964,
      0.4422317345937093,
      0.45002036889394126,
      0.4390468885501226,
      0.4387162019809087,
      0.43616015613079073,
      0.44182747801144917,
      0.44778837462266285,
      0.4272183308998744,
      0.43817583123842874,
      0.43926878869533537,
      0.4308860570192337,
      0.4249322930971781,
      0.4385555624961853,
      0.4227690935134888,
      0.4260820299386978,
      0.4306371629238129,
      0.43574426670869193,
      0.4350674718618393,
      0.421451935172081,
      0.4223590811093648,
      0.420968097448349,
      0.425915073355039,
      0.4285614937543869,
      0.4286704609791438,
      0.4198875904083252,
      0.40997528831164043,
      0.4282277047634125,
      0.42701281905174254,
      0.41993067661921185,
      0.4218486756086349,
      0.42638510664304097,
      0.4278048624595006,
      0.4151342401901881,
      0.41158414880434674,
      0.42435286740461986,
      0.4200646112362544,
      0.4046610434850057,
      0.4222848822673162,
      0.43082411686579386,
      0.4187241365512212,
      0.408140895764033,
      0.4186693747838338,
      0.40168855090936023,
      0.4072553038597107,
      0.4185022354125977,
      0.41886400878429414,
      0.42459114094575245,
      0.4115347594022751
    ],
    "train_acc": [
      9.908229240373807,
      11.626730346713773,
      11.655981327932965,
      11.945534152432744,
      11.933555822538134,
      12.20210574438658,
      12.062205113896356,
      12.202848341046314,
      12.210486270754213,
      12.152856539294344,
      12.427861469885197,
      12.258261391391414,
      12.697873973964409,
      12.416763643826195,
      12.816732812608095,
      13.550446064023781,
      13.582910699456994,
      13.732858610220166,
      13.68440195184706,
      13.695742794047248,
      14.145298089713608,
      14.238051032763746,
      14.093947502329302,
      14.362199503171048,
      14.381098019311061,
      14.437329932025543,
      14.820354127567626,
      14.434350365800897,
      14.40089354263013,
      14.73639581463427,
      15.13529167023151,
      14.431066256388897,
      14.469595464188854,
      14.912186509985771,
      14.90644560197919,
      14.864494469331003,
      14.703842322938975,
      14.713507210827162,
      15.004716422755433,
      15.008001155646502,
      14.87230047479325,
      14.971056360651195,
      14.951477876575984,
      15.459743301394646,
      14.957797303018623,
      15.164834361909817,
      15.059213890712819,
      15.147994858566221,
      15.276315416686868,
      15.503500554676762,
      15.118349815923603,
      15.483315589698153,
      15.262521958684605,
      15.140661997995528,
      15.408347584468558,
      15.428971485594326,
      15.473028915041498,
      15.378975111306447,
      15.210135207577638,
      15.814792298555366,
      15.53680056977838,
      15.573899869152966,
      15.694432118528743,
      15.958840045552037,
      15.572676756597954,
      15.96780267046134,
      15.912866546853566,
      15.719062562724613,
      15.71279620173166,
      15.599344419343907,
      15.97022899453711,
      15.967141338935832,
      16.007574188436447,
      15.923212004688624,
      15.760982580669802,
      15.885622651471015,
      16.07084926532192,
      16.33706532163177,
      15.696252308799885,
      15.807716063942804,
      16.052708462459012,
      15.945671509404807,
      15.793874608850835,
      15.867884336358053,
      16.228530749442996,
      16.363923043937504,
      15.763361246089794,
      16.272994723741753,
      16.613413391550257,
      15.856232067773037,
      15.606684478439066,
      16.07216891285666,
      16.43176227820057,
      16.186900446837214,
      16.549550743190725,
      16.388369527373445,
      16.172687816519172,
      16.073110652984692,
      15.88125391122186,
      16.252418213386072
    ],