{
  "config": {
    "seed": 42,
    "bs_train": 16,
    "bs_test": 4,
    "batches": 100,
    "epochs": 100,
    "early_stopping": 10,
    "checkpoints": null,
    "lr": 0.0005,
    "print_every": 100,
    "h_dim": 256,
    "z_dim": 2,
    "betas": [
      0.1,
      0.1
    ],
    "kw": {},
    "RTplot": false,
    "out_dir": "./results/Res3/",
    "run_name": "MEGA_RUNbs_16lr_0.0005h_256z_2s_0.9",
    "x_sigma2": 0.9
  },
  "results": {
    "num_epochs": 0,
    "train_loss": [
      0.40670696397622425,
      0.32456361055374144,
      0.3140483846267064,
      0.31788053810596467,
      0.3120604251821836,
      0.3034364248315493,
      0.30871938516696296,
      0.3011241619785627,
      0.3016088684399923,
      0.29530162662267684,
      0.29341064145167667,
      0.2841122830907504,
      0.2892486905058225,
      0.2814708078900973,
      0.27850183149178825,
      0.27831767400105795,
      0.27790578405062355,
      0.2647150700290998,
      0.2839003920555115,
      0.2696898470322291,
      0.27038103342056274,
      0.2640673995018005,
      0.27045192768176396,
      0.263356584807237,
      0.2734640578428904,
      0.26480037371317544,
      0.2593060299754143,
      0.25588468213876087,
      0.2686835557222366,
      0.2593993196884791,
      0.25784504612286885,
      0.2565490633249283,
      0.2543507645527522,
      0.253681451578935,
      0.25682203223307926,
      0.24648669262727102,
      0.2513434479633967,
      0.24660185327132542,
      0.24702075372139612,
      0.2559259315331777,
      0.25737100541591645,
      0.2532224178314209,
      0.2540077870090803,
      0.2458375205596288,
      0.2525743320584297,
      0.23781681060791016,
      0.2476215422153473,
      0.2473988657196363,
      0.24090184420347213,
      0.24423736234505972,
      0.2324556291103363,
      0.24821185717980068,
      0.23799857546885808,
      0.23680761307477952,
      0.24522358526786167,
      0.23908200214306513,
      0.2491332987944285,
      0.235446764032046,
      0.24232433239618936,
      0.23513142665227255,
      0.24310461282730103,
      0.23369254320859909,
      0.2327095811565717,
      0.23458226521809897,
      0.24779025812943775,
      0.235919788479805,
      0.2377206633488337,
      0.2376552219192187,
      0.23474279989798863,
      0.23472203463315963,
      0.2314546823501587,
      0.23809007406234742,
      0.24062297493219376,
      0.2318534642457962,
      0.23950236241022746,
      0.24070326189200084,
      0.23230493813753128,
      0.23503283858299256,
      0.22847732404867807,
      0.23125281631946565,
      0.24367132385571796,
      0.23284217715263367,
      0.23553121189276377,
      0.23416042029857637,
      0.23662766168514887,
      0.2285255511601766,
      0.22909051875273387,
      0.23767839918533962,
      0.23079233467578888,
      0.23141506959994634,
      0.22853690634171167,
      0.2314141109585762,
      0.23150255431731542,
      0.23231980601946514,
      0.22964051018158596,
      0.2398078461488088,
      0.22535040080547333,
      0.2331543266773224,
      0.23156171987454097,
      0.2299541970094045
    ],
    "train_acc": [
      19.273350812850996,
      20.712672761907218,
      21.488706516813473,
      21.732006620801528,
      22.447858425514035,
      22.92376202339599,
      22.7335255581546,
      23.649314383677208,
      23.55242798412706,
      23.676802245329796,
      23.945854013946047,
      24.498618322124297,
      24.372859962854243,
      24.723923512928618,
      25.202133228000374,
      25.31019015452582,
      25.160548806858404,
      26.131178271546208,
      24.7073664482801,
      25.73551036512094,
      25.55424159130811,
      26.24517361274499,
      25.40757464705981,
      26.083701317642962,
      25.298399651176826,
      26.11829910757959,
      26.519428065063774,
      26.62983712722534,
      25.955595549714733,
      26.089098024735318,
      26.38292385765585,
      26.55617769242469,
      26.722312224802778,
      26.586484741955474,
      26.339880099278556,
      27.50021664078009,
      26.85425825695396,
      27.404873705194895,
      27.265044532280985,
      26.553686995704744,
      26.598462048642798,
      27.028296783339513,
      26.553161055449653,
      27.427972643361922,
      27.094880545546182,
      28.195568438628992,
      27.260148462154486,
      27.260681578349878,
      28.089352371024553,
      27.845674351760774,
      28.89001839822501,
      27.38533052879654,
      28.19951743883509,
      28.44904412566561,
      27.897465932805034,
      28.351384087006984,
      27.484537593104367,
      28.528583861848517,
      27.666025225909312,
      28.47119714891199,
      27.88172474490306,
      28.938418338950843,
      29.112770000479724,
      28.594274326502582,
      27.946105562803922,
      28.654171514914736,
      28.242142741601338,
      28.274089969299865,
      29.17829183578941,
      28.6806319224346,
      29.179880897357325,
      28.385471375320613,
      28.151692999836666,
      28.992369446629493,
      28.520419696910476,
      28.632272152870833,
      28.951194772734993,
      28.731604723566786,
      29.30256454852098,
      29.235166906241627,
      27.679918876047456,
      29.045658360508376,
      28.709888637708467,
      28.533489692082256,
      28.50252544638129,
      29.26402855820022,
      29.278900851975507,
      28.65539242935489,
      29.366558758222734,
      28.895014968056675,
      29.22269884181505,
      29.003522916049945,
      29.168710012493317,
      29.096207083134868,
      28.971691625108523,
      28.46250057423058,
      29.76847903566515,
      29.094835183666145,
      29.079986062497948,
      29.025121617227466
    ],