{
  "config": {
    "seed": 42,
    "bs_train": 16,
    "bs_test": 4,
    "batches": 100,
    "epochs": 100,
    "early_stopping": 10,
    "checkpoints": null,
    "lr": 0.01,
    "print_every": 100,
    "h_dim": 512,
    "z_dim": 50,
    "betas": [
      0.1,
      0.1
    ],
    "kw": {},
    "RTplot": false,
    "out_dir": "./results/Res3/",
    "run_name": "MEGA_RUNbs_16lr_0.01h_512z_50s_0.5",
    "x_sigma2": 0.5
  },
  "results": {
    "num_epochs": 0,
    "train_loss": [
      2.1284432570139566,
      1.6373756647109985,
      1.3408085564772287,
      0.8179068525632223,
      0.7395236968994141,
      0.7078293641408284,
      0.7009473999341329,
      0.6904047071933747,
      0.6835647404193879,
      0.6796005606651306,
      0.6678867956002553,
      0.6643628776073456,
      0.6604244550069173,
      0.6528590460618336,
      0.6484757324059804,
      0.6432650327682495,
      0.6432292401790619,
      0.6412184298038482,
      0.6391272842884064,
      0.6367569148540497,
      0.633167052268982,
      0.6289492865403493,
      0.629664209485054,
      0.6264756004015605,
      0.6269492983818055,
      0.6218686699867249,
      0.6190470298131306,
      0.6190744419892629,
      0.6188678761323293,
      0.6192275643348694,
      0.6140514860550562,
      0.6132608870665233,
      0.6117035845915476,
      0.6116088966528574,
      0.6097105006376903,
      0.6112435688575109,
      0.6083999633789062,
      0.6086278299490611,
      0.6085436602433523,
      0.6077504257361094,
      0.6049935003121694,
      0.6038570920626323,
      0.6028550088405609,
      0.6031305332978566,
      0.6010432918866475,
      0.6023405690987905,
      0.6008744060993194,
      0.6021624386310578,
      0.6008235255877177,
      0.5986949423948924,
      0.5985031227270762,
      0.5976184825102488,
      0.5975779195626577,
      0.5990412374337514,
      0.5987248539924621,
      0.5949873050053914,
      0.5971071620782217,
      0.5964737594127655,
      0.5969447871049245,
      0.5945309609174728,
      0.5970659573872884,
      0.5945618669191997,
      0.5945791522661845,
      0.5955427298943202,
      0.5969392349322636,
      0.5960241695245106,
      0.5951054314772288,
      0.5960811893145244,
      0.5938975751399994,
      0.5935309926668803,
      0.5942746371030807,
      0.5933207154273987,
      0.5944508383671443,
      0.5925380090872446,
      0.5921987404425939,
      0.5944925944010416,
      0.5940444231033325,
      0.5911830872297287,
      0.5920080790917078,
      0.593129410346349,
      0.5914946883916855,
      0.5924211929241816,
      0.590760259826978,
      0.5914168119430542,
      0.5918863475322723,
      0.5924166818459828,
      0.5913959552844366,
      0.5903583496809006,
      0.5901114225387574,
      0.5907311062018077,
      0.5896842400232951,
      0.5907892882823944,
      0.5889661898215611,
      0.5899808088938395,
      0.5902648905913035,
      0.5879579812288285,
      0.587908199429512,
      0.5896335780620575,
      0.5894969483216603,
      0.5882065415382385
    ],
    "train_acc": [
      5.727498917015096,
      5.626842894705394,
      6.104189860134827,
      10.536886656619828,
      11.000071608028069,
      11.02752189969607,
      11.021515868086027,
      11.020380386556212,
      11.021988557362256,
      11.057464966958138,
      10.983252093866456,
      10.995944937283575,
      10.998368588634463,
      11.02082352423189,
      11.030948298793076,
      11.037204260388284,
      10.972241703499215,
      10.99359342612721,
      11.00086165200879,
      11.019953913294199,
      11.01140462077637,
      10.980301454556422,
      11.057511760332769,
      11.01279932373069,
      11.013018424502624,
      10.99775102473979,
      11.036220348003377,
      11.032456691911587,
      10.993485791301584,
      11.024773925517637,
      11.043701208517799,
      10.983218193418828,
      11.015768402899687,
      10.994159506259697,
      11.01628831503507,
      11.058460254205766,
      10.997738836849804,
      10.997513238727931,
      11.028734274449613,
      11.03905428667899,
      10.996519000220465,
      11.03101662958956,
      11.018985125328665,
      10.983611888706536,
      11.02866290211372,
      11.024454147058268,
      11.010824849103196,
      11.03964089725458,
      11.01381242355386,
      11.05572106204873,
      10.985007165906163,
      11.029108651354747,
      11.042268290550107,
      11.015908034107337,
      11.007607733293817,
      11.004254049612378,
      10.989436217428151,
      11.031918784625146,
      11.033696390687362,
      11.013331365787947,
      11.042158501379216,
      11.042939523807354,
      11.011966131071917,
      11.0232548791883,
      11.000574150815588,
      11.006889532291298,
      11.047550952161709,
      11.004180635354356,
      10.986609120614865,
      11.00126339934838,
      11.032787508082762,
      10.988501332250335,
      11.004651440794081,
      11.051871659824002,
      11.068302350022359,
      11.013951548228142,
      11.04188179528999,
      11.089211062789483,
      11.028066584048277,
      11.03212598222815,
      10.98771671325264,
      11.030430619401459,
      11.00407799200927,
      11.012340843534924,
      10.989180564079545,
      11.012869160267217,
      10.990018091936717,
      11.024755008944261,
      11.017546078735853,
      11.061863411930577,
      11.017652482857835,
      10.985921975353513,
      11.034191351158194,
      11.007440375584387,
      11.008801242497107,
      11.03415057586991,
      11.018434296788106,
      11.00107384929486,
      11.01549713935465,
      11.0402321947313
    ],