{
  "config": {
    "seed": 42,
    "bs_train": 16,
    "bs_test": 4,
    "batches": 100,
    "epochs": 100,
    "early_stopping": 10,
    "checkpoints": null,
    "lr": 0.01,
    "print_every": 100,
    "h_dim": 512,
    "z_dim": 50,
    "betas": [
      0.1,
      0.1
    ],
    "kw": {},
    "RTplot": false,
    "out_dir": "./results/Res3/",
    "run_name": "MEGA_RUNbs_16lr_0.01h_512z_50s_0.9",
    "x_sigma2": 0.9
  },
  "results": {
    "num_epochs": 0,
    "train_loss": [
      2.658187792698542,
      1.1487559080123901,
      0.8499979058901469,
      0.8144416908423106,
      0.7717495659987131,
      0.7713876485824585,
      0.7425200363000234,
      0.734554547071457,
      0.7261028269926707,
      0.7224869549274444,
      0.7097889641920726,
      0.7094332297643026,
      0.7008817434310913,
      0.6946234544118245,
      0.6950392762819926,
      0.6930626352628072,
      0.6962727983792623,
      0.6894167721271515,
      0.687571261326472,
      0.6859376867612202,
      0.686384654045105,
      0.6850052734216054,
      0.6801312426726024,
      0.6800462226072947,
      0.6721915801366171,
      0.6777310947577159,
      0.6725588202476501,
      0.6721322874228159,
      0.6716958145300548,
      0.6719796776771545,
      0.6694734613100688,
      0.6664302746454874,
      0.6662826557954152,
      0.6638725558916728,
      0.6642098347345988,
      0.6593615293502808,
      0.6613359898328781,
      0.6599820176760356,
      0.6594827195008596,
      0.6590121944745382,
      0.6581176578998565,
      0.6564684788386027,
      0.6567562560240428,
      0.6547118763128916,
      0.6563039769728979,
      0.6542158603668213,
      0.6544262806574503,
      0.6527272979418437,
      0.6529977440834045,
      0.654161082704862,
      0.6542756458123525,
      0.6551870922247569,
      0.6519591808319092,
      0.6513993263244628,
      0.655416355530421,
      0.6499567091464996,
      0.6517967412869136,
      0.6515277564525604,
      0.6521977782249451,
      0.6509224534034729,
      0.6518382549285888,
      0.6494145492712656,
      0.6497038384278615,
      0.6507067094246547,
      0.6508833189805349,
      0.6506758550802867,
      0.650619222720464,
      0.6517508486906688,
      0.6481365899244944,
      0.6495954513549804,
      0.6493997832139333,
      0.6483842035134634,
      0.6512644430001576,
      0.6478296279907226,
      0.6489582200845082,
      0.649970797697703,
      0.6504334578911464,
      0.6475349475940069,
      0.6481541901826858,
      0.6489456772804261,
      0.6472973674535751,
      0.6483567794164021,
      0.647391136487325,
      0.6479616761207581,
      0.6479871054490407,
      0.6491182814041774,
      0.6467569400866826,
      0.6475232978661855,
      0.6469754636287689,
      0.6469925522804261,
      0.6473525057236353,
      0.6475190222263336,
      0.6464632113774618,
      0.6468282043933868,
      0.6479941685994466,
      0.6445605794588725,
      0.6448436657587687,
      0.6453343192736308,
      0.6459099779526393,
      0.6455491493145625
    ],
    "train_acc": [
      10.309497635223835,
      9.910751752160348,
      10.108255242367447,
      10.093734108389157,
      10.18297576226362,
      10.214022945960295,
      10.191001947712245,
      10.142283688732094,
      10.160082311381181,
      10.117215275241664,
      10.206082632282937,
      10.121683753377708,
      10.123863386410918,
      10.07565883332928,
      10.151456390104581,
      10.198938705989434,
      10.138804647616556,
      10.175495578587245,
      10.122804739384026,
      10.130628405947212,
      10.13646662112236,
      10.15992341286747,
      10.141787821139333,
      10.124737212723563,
      10.149263755722908,
      10.1551036696427,
      10.17133242838665,
      10.151137265096711,
      10.069517988977111,
      10.16267768526945,
      10.102370787788114,
      10.097167837247659,
      10.079134659514498,
      10.23634113328149,
      10.128627634033593,
      10.109877831027909,
      10.215432017405583,
      10.134239005292066,
      10.16249000859782,
      10.131716454932805,
      10.130906142073748,
      10.139532735594806,
      10.204927992024539,
      10.12990219611398,
      10.130008411475242,
      10.139354345330633,
      10.19886954202482,
      10.120029900347689,
      10.114427936464455,
      10.18917893765108,
      10.096393153524572,
      10.174957103054524,
      10.160003116955203,
      10.118593895968237,
      10.184175583819124,
      10.172951610864402,
      10.126739980750694,
      10.152464645117394,
      10.173443800968194,
      10.138302537832933,
      10.145882739387298,
      10.228430599795319,
      10.137887845986992,
      10.163138576943014,
      10.13671588944861,
      10.167756833452358,
      10.110309538839696,
      10.120017771939473,
      10.112057758971916,
      10.158412605369469,
      10.126087808267963,
      10.123064558911143,
      10.109616902218363,
      10.176054883707929,
      10.102275244844543,
      10.131898276371325,
      10.213607674539562,
      10.203705441663912,
      10.165362654213022,
      10.138645449589339,
      10.157276531947725,
      10.207623211459135,
      10.153063643242007,
      10.163261469013422,
      10.137488675144281,
      10.170703883144112,
      10.166827808898777,
      10.138421633970271,
      10.165336382016546,
      10.156475126195657,
      10.118900643139838,
      10.109902765499672,
      10.13787502532365,
      10.083678057404938,
      10.116483982564255,
      10.174042032466364,
      10.12765867076938,
      10.186854644647202,
      10.165373496054194,
      10.114810374758111
    ],