{
  "config": {
    "seed": 42,
    "bs_train": 16,
    "bs_test": 4,
    "batches": 100,
    "epochs": 100,
    "early_stopping": 10,
    "checkpoints": null,
    "lr": 0.001,
    "print_every": 100,
    "h_dim": 128,
    "z_dim": 10,
    "betas": [
      0.1,
      0.1
    ],
    "kw": {},
    "RTplot": false,
    "out_dir": "./results/Res3/",
    "run_name": "MEGA_RUNbs_16lr_0.001h_128z_10s_0.9",
    "x_sigma2": 0.9
  },
  "results": {
    "num_epochs": 0,
    "train_loss": [
      0.551298568646113,
      0.37005773186683655,
      0.3642649988333384,
      0.34939631819725037,
      0.34684561043977735,
      0.3414001693328222,
      0.33635925948619844,
      0.3280543436606725,
      0.32348772684733074,
      0.32408746480941775,
      0.32399834394454957,
      0.32090655465920764,
      0.3229968031247457,
      0.3233641768495242,
      0.31742633680502574,
      0.31771003852287927,
      0.32056142191092174,
      0.31555285056432086,
      0.31973605155944823,
      0.3250433415174484,
      0.31425594389438627,
      0.31046675393978757,
      0.31999955624341964,
      0.30150073270003,
      0.2883391911784808,
      0.2855101779103279,
      0.2906696185469627,
      0.2848460078239441,
      0.2800482039650281,
      0.28611626774072646,
      0.27417451490958533,
      0.28597070574760436,
      0.2766693204641342,
      0.27457881967226666,
      0.2795192753275236,
      0.27758905390898386,
      0.26816908419132235,
      0.2650553305943807,
      0.2685382773478826,
      0.26507876366376876,
      0.2770006294051806,
      0.2644182761510213,
      0.2679362028837204,
      0.2650161311030388,
      0.26834944387276966,
      0.2603286618987719,
      0.2782986784974734,
      0.2571229969461759,
      0.25565111041069033,
      0.2679655690987905,
      0.25888099571069084,
      0.24917983263731003,
      0.2646955534815788,
      0.25202172845602033,
      0.25413223505020144,
      0.25856940348943075,
      0.2522755851348241,
      0.2507145032286644,
      0.25797775437434517,
      0.2503773421049118,
      0.24981274604797363,
      0.2527829264601072,
      0.2565565675497055,
      0.24797927141189574,
      0.2451317399740219,
      0.25328227231899897,
      0.2563686817884445,
      0.24911194741725923,
      0.24785248388846715,
      0.24674689869085947,
      0.2428765629728635,
      0.24777594804763795,
      0.25164318333069485,
      0.25039125631252923,
      0.2552107701698939,
      0.23800640205542248,
      0.23799747774998348,
      0.23717499673366546,
      0.24176921496788661,
      0.24704742928346,
      0.245210466782252,
      0.23872081488370894,
      0.2472117841243744,
      0.24754580855369568,
      0.2439419537782669,
      0.24876071015993753,
      0.24755866428216297,
      0.24825033595164617,
      0.2342119723558426,
      0.24122402568658194,
      0.23807216187318167,
      0.23938131084044775,
      0.2383944074312846,
      0.24180477062861125,
      0.23094533383846283,
      0.24593171427647273,
      0.243092347184817,
      0.2336377556125323,
      0.2338468536734581,
      0.23933573961257934
    ],
    "train_acc": [
      18.793279155669133,
      20.473060151168383,
      20.76969341407071,
      21.248590654603863,
      21.35207599462469,
      21.41431004549475,
      21.91273251340488,
      21.88990070005859,
      22.11852449617675,
      22.053082958398257,
      21.902636281203606,
      22.051568666890805,
      22.003019585290147,
      21.999026980516348,
      22.43966928138272,
      22.21249036262036,
      22.21331308085772,
      22.67139056466023,
      22.37108587077577,
      22.680422436991332,
      23.244255121712683,
      23.492527604305245,
      23.83009209853334,
      24.615762313425734,
      24.971070128342554,
      25.265843077949707,
      24.90487082705747,
      25.125667198584168,
      26.092122137798135,
      24.777347821735955,
      26.12459890042852,
      25.546298604982944,
      26.129536669185594,
      26.255830522248417,
      25.805294488486105,
      25.67776870633648,
      26.570320120628757,
      26.5264738367477,
      26.285590642631323,
      26.693277762605042,
      25.64365690718196,
      26.587344717998835,
      26.47385213749717,
      27.033560450437648,
      26.180472800604793,
      27.17056960242232,
      25.89633691422707,
      27.254239866189902,
      27.601091530251598,
      26.51225682822053,
      27.48544168022666,
      27.898788674467184,
      27.08539601713316,
      28.091241624837426,
      27.442318549493525,
      27.811482231503412,
      27.48912359971544,
      28.135922915219954,
      27.327762145542355,
      28.03690710022101,
      28.21572335889489,
      27.855802685667776,
      27.093549392222624,
      28.125562671728648,
      28.343206629122854,
      27.542206361690436,
      27.50406495236827,
      27.912700087773484,
      27.908421084497842,
      28.257142316881477,
      28.299124726340942,
      28.21942936139339,
      27.677968456924592,
      28.056360798413806,
      28.183858524903002,
      28.888614471632426,
      29.01879551720834,
      29.16711641722483,
      28.983759675537193,
      27.984409977881267,
      28.34213113867473,
      28.87579350922609,
      28.142363370854934,
      27.909883431056617,
      28.521740976839986,
      27.921374423853088,
      27.976661659356154,
      27.87238859104453,
      29.125459047175475,
      28.458042854576778,
      29.094077452427644,
      28.822898710010264,
      28.529409470168996,
      28.721969061150006,
      29.46729803547164,
      28.410726681868624,
      28.586007797893522,
      29.354607701322557,
      29.337339183410812,
      28.66375979076325
    ],