{
  "config": {
    "seed": 42,
    "bs_train": 32,
    "bs_test": 8,
    "batches": 100,
    "epochs": 100,
    "early_stopping": 10,
    "checkpoints": null,
    "lr": 0.01,
    "print_every": 100,
    "h_dim": 512,
    "z_dim": 10,
    "betas": [
      0.1,
      0.1
    ],
    "kw": {},
    "RTplot": false,
    "out_dir": "./results/Res3/",
    "run_name": "MEGA_RUNbs_32lr_0.01h_512z_10s_0.9",
    "x_sigma2": 0.9
  },
  "results": {
    "num_epochs": 0,
    "train_loss": [
      2.7284520785013835,
      1.5731600403785706,
      1.2577469110488892,
      1.0911368012428284,
      0.8820658326148987,
      0.8639906446139017,
      0.8261806090672811,
      0.9347651243209839,
      0.838055141766866,
      0.7918049613634746,
      0.7808226982752482,
      0.7671943823496501,
      0.7717349211374919,
      0.7516219774881999,
      0.7535750548044841,
      0.7410818616549174,
      0.7416403969128926,
      0.7244168996810914,
      0.7262788653373718,
      0.7202486475308736,
      0.7187073548634847,
      0.7315826932589213,
      0.719696040948232,
      0.7093545873959859,
      0.7166840354601542,
      0.7051976323127747,
      0.7064904610315959,
      0.7022219181060791,
      0.708382777372996,
      0.7019140958786011,
      0.6970248341560363,
      0.6974894444147746,
      0.6901021242141724,
      0.6917818824450175,
      0.6892014861106872,
      0.6910284002621968,
      0.6827828288078308,
      0.6852964162826538,
      0.6829490780830383,
      0.6839110612869262,
      0.6850258787473043,
      0.6835577925046284,
      0.6829091469446819,
      0.6801799615224202,
      0.6766424934069316,
      0.6777541875839234,
      0.6788352926572164,
      0.6747433543205261,
      0.6789913535118103,
      0.6776162584622701,
      0.6740143458048503,
      0.6743642926216126,
      0.6698879281679789,
      0.6708424687385559,
      0.6689075748125712,
      0.6709257602691651,
      0.667390243212382,
      0.6656373222668965,
      0.6659685651461283,
      0.6652193903923035,
      0.6647657871246337,
      0.6646031618118287,
      0.6633805910746257,
      0.664593513806661,
      0.6623444795608521,
      0.662134607632955,
      0.6618636091550191,
      0.6642152706782023,
      0.6621251344680786,
      0.6628212610880534,
      0.6601614673932393,
      0.6635415156682333,
      0.662236483891805,
      0.6625183939933776,
      0.6621097246805827,
      0.6618386745452881,
      0.6588263750076294,
      0.6602903008460999,
      0.6583754499753316,
      0.6609913269678752,
      0.659092390537262,
      0.6604530692100525,
      0.6595838189125061,
      0.6600990692774454,
      0.6601829965909322,
      0.6600223739941915,
      0.6589078863461812,
      0.6576089501380921,
      0.6590896447499593,
      0.6594603061676025,
      0.6554494976997376,
      0.6578124284744262,
      0.6561437964439392,
      0.6573876818021138,
      0.6547624985376994,
      0.657485290368398,
      0.6558658560117085,
      0.6563366055488586,
      0.6550136764844259,
      0.657260513305664
    ],
    "train_acc": [
      5.200224036448281,
      5.002527221037719,
      5.019319338878369,
      5.05211836381797,
      5.0337638782321354,
      5.030698749027192,
      5.058491605266203,
      5.023461713266834,
      5.039053657385793,
      5.03151775422688,
      5.0466731488712115,
      5.03221692919738,
      5.045013360998048,
      5.025562907891749,
      5.050805285624097,
      5.041245515271665,
      5.024113237129231,
      5.043544062562746,
      5.03384758794082,
      5.037034318240143,
      5.030698557832238,
      5.034212627729568,
      5.0207369251175065,
      5.030789325214764,
      5.047774025149519,
      5.033817798076624,
      5.059347902173643,
      5.018095128926482,
      5.041595445270456,
      5.027519509230439,
      5.033817054430736,
      5.031696490985732,
      5.02196874196496,
      5.025832008384022,
      5.060571801180729,
      5.030834131254148,
      5.046766978773341,
      5.0209735768550825,
      5.023317874954777,
      5.03720836208358,
      5.028477734957936,
      5.024675464025445,
      5.031972093471647,
      5.056711999495969,
      5.04404976740133,
      5.02667198074499,
      5.014785500496005,
      5.046109708913813,
      5.028269698536766,
      5.025254104980475,
      5.035735928891236,
      5.04461982243565,
      5.052954869641721,
      5.0542122011774095,
      5.033837725399571,
      5.020218992040191,
      5.058277141211437,
      5.0279117801824,
      5.0397327016159625,
      5.024056209609233,
      5.025696890115988,
      5.057195268810403,
      5.0259457497207585,
      5.018511888679475,
      5.059612042038755,
      5.034825155030442,
      5.05766514010055,
      5.031629303177128,
      5.062165955765219,
      5.042493989523579,
      5.037602084759799,
      5.026746483805707,
      5.032802545906788,
      5.027823999369458,
      5.0289673317607715,
      5.045214778022329,
      5.044491370719955,
      5.046633870090886,
      5.035156372202084,
      5.039004381575947,
      5.029862429240949,
      5.035609978406484,
      5.0408703398670545,
      5.024398674205637,
      5.074475028656398,
      5.026746474697122,
      5.023929261596826,
      5.042474047734218,
      5.028323980466683,
      5.049993229537715,
      5.052163033328163,
      5.034214875840183,
      5.046433351582158,
      5.032972724174859,
      5.045106770023462,
      5.022168230731036,
      5.033387969703599,
      5.038867158966643,
      5.044729636760372,
      5.04506536041931
    ],