{
  "config": {
    "seed": 42,
    "bs_train": 16,
    "bs_test": 4,
    "batches": 100,
    "epochs": 100,
    "early_stopping": 10,
    "checkpoints": null,
    "lr": 0.0005,
    "print_every": 100,
    "h_dim": 128,
    "z_dim": 50,
    "betas": [
      0.1,
      0.1
    ],
    "kw": {},
    "RTplot": false,
    "out_dir": "./results/Res3/",
    "run_name": "MEGA_RUNbs_16lr_0.0005h_128z_50s_0.5",
    "x_sigma2": 0.5
  },
  "results": {
    "num_epochs": 0,
    "train_loss": [
      1.285061420996984,
      0.7264908989270528,
      0.6355999747912089,
      0.6009935686985651,
      0.5759537875652313,
      0.5777185956637064,
      0.5552216947078705,
      0.5493838916222255,
      0.5524330814679463,
      0.5317421883344651,
      0.5333340754111607,
      0.5364744593699773,
      0.5235955506563187,
      0.5264786501725515,
      0.517092302441597,
      0.5241429030895233,
      0.5067279269297917,
      0.5272119988997778,
      0.5010465363661448,
      0.5152771433194479,
      0.48823690017064414,
      0.5054846872886022,
      0.48159745236237844,
      0.4715708404779434,
      0.4844207962354024,
      0.4770859201749166,
      0.4649609327316284,
      0.4680409401655197,
      0.46076412200927735,
      0.45982036689917244,
      0.46450094183286034,
      0.4630906780560811,
      0.4513146092494329,
      0.44756404956181844,
      0.4561830808718999,
      0.4482303887605667,
      0.43800999720891315,
      0.4460707346598307,
      0.42680467863877614,
      0.4257490654786428,
      0.4354009916385015,
      0.4331939121087392,
      0.4249313294887543,
      0.4189645757277807,
      0.4125545730193456,
      0.4130287398894628,
      0.4232777496178945,
      0.41749085088570914,
      0.41293587485949196,
      0.40430664221445717,
      0.4070202221473058,
      0.39858864645163217,
      0.41727410554885863,
      0.41030673185984295,
      0.41631456911563874,
      0.4006445695956548,
      0.4027078102032344,
      0.3986538608868917,
      0.39705396195252735,
      0.39379387100537616,
      0.39296290079752605,
      0.40359634160995483,
      0.40341535607973733,
      0.3951578458150228,
      0.3919943362474442,
      0.3941225469112396,
      0.39599184195200604,
      0.4080687721570333,
      0.3877965052922567,
      0.3852635641892751,
      0.3917986969153086,
      0.38602204422156017,
      0.38590190311272937,
      0.38416265745957695,
      0.38931427101294197,
      0.39799412389596306,
      0.39116477767626445,
      0.3891743510961533,
      0.39031267166137695,
      0.3862423876921336,
      0.398930353919665,
      0.3871535986661911,
      0.3880099376042684,
      0.3809150536855062,
      0.38340767920017244,
      0.38876964151859283,
      0.3786013225714366,
      0.39144261678059894,
      0.3785047213236491,
      0.384542985757192,
      0.381220876177152,
      0.3712197591861089,
      0.38057981133461,
      0.3797848830620448,
      0.38496220807234444,
      0.37599864105383557,
      0.36822436153888705,
      0.37814914087454476,
      0.3695123712221781,
      0.3831857671340307
    ],
    "train_acc": [
      10.576494687928783,
      11.317717643964151,
      12.454807476591975,
      12.89351101938638,
      13.193480325988814,
      13.01966959124446,
      13.464905778990037,
      13.447476027784163,
      13.323533015878231,
      13.692130946569698,
      13.641537104679642,
      13.559100918219352,
      13.712378106210874,
      13.795395862636534,
      13.964251744073678,
      13.71846295167959,
      14.335714413873374,
      13.708916178654768,
      14.255986150255858,
      13.981823029225389,
      14.529624751274264,
      14.311816118905215,
      14.76854889911188,
      14.9211902458805,
      14.913196345423517,
      14.849834142223326,
      15.193232819144232,
      15.019156632321272,
      15.282236990492652,
      15.312117592894374,
      14.91361847347547,
      15.274589226967247,
      15.32710109244839,
      15.500180967163148,
      15.362799844295282,
      15.739557368552587,
      15.924433659606873,
      15.658412718220259,
      16.39220501356197,
      16.460160118433286,
      16.32629017107602,
      16.268131394027716,
      16.565041852198448,
      16.79547735316844,
      16.95832211158514,
      16.919397208796635,
      16.526237955426446,
      16.82888151741058,
      17.016313380123556,
      17.40547448128458,
      17.430786885875992,
      17.472006854698282,
      16.952567625747946,
      17.080142311114134,
      16.94353909595272,
      17.491760273993943,
      17.503974181357144,
      17.51597699323752,
      17.58358140762679,
      17.66217906243498,
      17.81734520040622,
      17.30505275328842,
      17.514319446905297,
      17.77568915767035,
      17.870150675545762,
      17.775855413187305,
      17.765019148946482,
      17.273891449329373,
      18.006754016490078,
      18.25505620152246,
      17.844707311146436,
      17.934012827921052,
      18.10092823769265,
      18.209381817678416,
      17.875819258070425,
      17.752005288051947,
      17.888096185847974,
      18.011992566336108,
      17.955271390117705,
      18.077461205810273,
      17.517167975033598,
      17.918369742345252,
      17.933552174411123,
      18.190658003025412,
      18.11529217432464,
      18.093511035497826,
      18.276264707797644,
      17.793959939659047,
      18.282396960931155,
      18.095784446061515,
      18.257368771664687,
      18.709482065335084,
      18.279030619799613,
      18.2694550775678,
      18.077552208925308,
      18.479160780628867,
      18.834707101405844,
      18.244926716884937,
      18.913608592642998,
      18.109543171788246
    ],