{
  "config": {
    "seed": 42,
    "bs_train": 16,
    "bs_test": 4,
    "batches": 100,
    "epochs": 100,
    "early_stopping": 10,
    "checkpoints": null,
    "lr": 0.005,
    "print_every": 100,
    "h_dim": 128,
    "z_dim": 5,
    "betas": [
      0.1,
      0.1
    ],
    "kw": {},
    "RTplot": false,
    "out_dir": "./results/Res3/",
    "run_name": "MEGA_RUNbs_16lr_0.005h_128z_5s_0.5",
    "x_sigma2": 0.5
  },
  "results": {
    "num_epochs": 0,
    "train_loss": [
      2.159737447897593,
      1.0576185286045074,
      0.8312800725301107,
      0.7975467284520467,
      0.7299075782299042,
      0.697782297929128,
      0.6771260499954224,
      0.6644739468892416,
      0.6571557879447937,
      0.6519018232822418,
      0.6490119894345602,
      0.6445248981316885,
      0.6351361870765686,
      0.6376566727956136,
      0.6331116418043773,
      0.630899037917455,
      0.6297153294086456,
      0.62668829758962,
      0.6238113701343536,
      0.6195304195086161,
      0.6175091008345286,
      0.6171988765398662,
      0.6132737199465433,
      0.6095459620157878,
      0.6054258733987808,
      0.6065906961758931,
      0.6037569880485535,
      0.6054515937964121,
      0.6032527764638265,
      0.6047771612803141,
      0.6035439550876618,
      0.6002629597981771,
      0.6005472421646119,
      0.6027070174614588,
      0.6007611940304438,
      0.5980085800091426,
      0.5969480454921723,
      0.5963007917006811,
      0.5954674283663431,
      0.5955417404572169,
      0.5933532595634461,
      0.5942189753055572,
      0.590191728870074,
      0.5898523171742757,
      0.5945694943269094,
      0.5915448705355326,
      0.5891609410444896,
      0.5928463061650594,
      0.5891093333562215,
      0.5891542514165242,
      0.5869061340888341,
      0.5881655653317769,
      0.58787761926651,
      0.5855080366134644,
      0.5887319733699162,
      0.5856012990077336,
      0.5861679792404175,
      0.5855664243300756,
      0.5841158727804819,
      0.5850504567225774,
      0.5831261386473974,
      0.5828668475151062,
      0.5835649192333221,
      0.5822874168554942,
      0.5845820724964141,
      0.5798392097155253,
      0.5837173124154409,
      0.5810342907905579,
      0.5810151875019074,
      0.5815005401770273,
      0.581764355301857,
      0.5822801311810811,
      0.5797582626342773,
      0.5806387762228647,
      0.5794363270203272,
      0.578986257314682,
      0.5794963995615642,
      0.576991527279218,
      0.5764090557893117,
      0.5781247069438299,
      0.5760423521200816,
      0.5764524479707082,
      0.5767876446247101,
      0.5772972146670023,
      0.5763061255216598,
      0.5782463004191717,
      0.5761133412520091,
      0.5753145466248194,
      0.5736296971638998,
      0.5724389652411143,
      0.5724731683731079,
      0.5730520764986674,
      0.5725916037956874,
      0.5716159045696259,
      0.5729945798714956,
      0.5719932228326797,
      0.570293794075648,
      0.57209698955218,
      0.570313623547554,
      0.5686524530251821
    ],
    "train_acc": [
      8.129920898891728,
      10.841626407655543,
      10.881609999368441,
      10.804150750376166,
      10.907326051005175,
      10.993529919608232,
      10.994796594363129,
      10.986302583655933,
      11.01743461863323,
      11.0208046609635,
      11.045768688307117,
      11.045506416195565,
      11.151252498158605,
      11.090133478474568,
      11.045894989303246,
      11.054895072196667,
      11.091398083131404,
      11.100434355948776,
      11.06768353153329,
      11.14406194023394,
      11.093387942475136,
      11.136114398256614,
      11.145713036355525,
      11.169492842586346,
      11.150018006913207,
      11.094506448194002,
      11.157159670358533,
      11.152813014312061,
      11.079404583430684,
      11.12221396007748,
      11.077153483280537,
      11.135710946616658,
      11.159993919818415,
      11.15486779941521,
      11.161222914055964,
      11.12949519461366,
      11.103800108809997,
      11.175316623561434,
      11.129250038513556,
      11.167216447504972,
      11.205705668911884,
      11.128075734519493,
      11.184484639630996,
      11.176267260435003,
      11.147815672839581,
      11.18114548688022,
      11.169123997093624,
      11.118618461539048,
      11.170932471148681,
      11.1887144772546,
      11.209019315930156,
      11.148685146935213,
      11.180728450752591,
      11.188860875036053,
      11.134198212215072,
      11.16520282367494,
      11.156097331990095,
      11.202083421164343,
      11.20362433987954,
      11.199900081642808,
      11.215720593556183,
      11.200582796206653,
      11.149396487180258,
      11.159545151969713,
      11.144964775156208,
      11.192843431661139,
      11.157386946371393,
      11.18605769062126,
      11.167309664293802,
      11.207747179578098,
      11.151813155922556,
      11.164902359453764,
      11.188433571308586,
      11.117097466955055,
      11.21610494673018,
      11.235101423345524,
      11.150159557945345,
      11.189388667798848,
      11.195858715199279,
      11.209182268678026,
      11.20362303681548,
      11.232620750178645,
      11.163286895633481,
      11.163704350470217,
      11.144595225104156,
      11.111543985298995,
      11.183681163617313,
      11.157457805117033,
      11.183451642246471,
      11.18523556685596,
      11.17498216762388,
      11.171209587822938,
      11.152673634449387,
      11.151421749076762,
      11.142282384167533,
      11.14043737923937,
      11.172427159980538,
      11.122673178007108,
      11.203728077895573,
      11.204420849396927
    ],