{
  "config": {
    "seed": 42,
    "bs_train": 16,
    "bs_test": 4,
    "batches": 100,
    "epochs": 100,
    "early_stopping": 10,
    "checkpoints": null,
    "lr": 0.01,
    "print_every": 100,
    "h_dim": 512,
    "z_dim": 20,
    "betas": [
      0.1,
      0.1
    ],
    "kw": {},
    "RTplot": false,
    "out_dir": "./results/Res3/",
    "run_name": "MEGA_RUNbs_16lr_0.01h_512z_20s_0.5",
    "x_sigma2": 0.5
  },
  "results": {
    "num_epochs": 0,
    "train_loss": [
      39.77088830471039,
      1.6903055508931477,
      1.4563395778338115,
      1.408431241909663,
      1.3559714098771414,
      1.2944030106067657,
      1.30182497104009,
      1.2570520420869191,
      1.2420588215192159,
      1.2299305895964305,
      1.224664533138275,
      1.221718289454778,
      1.2142382661501567,
      1.2117130915323893,
      1.2028168797492982,
      1.1986076951026916,
      1.2089287956555685,
      1.1938235620657602,
      1.1928593039512634,
      1.1922381202379861,
      1.1908273339271545,
      1.1901986320813498,
      1.186249053478241,
      1.184611548980077,
      1.1820703784624735,
      1.184572313229243,
      1.1826247890790305,
      1.1780030171076457,
      1.1769077996412913,
      1.1783462564150493,
      1.1722438553969066,
      1.1769825001557668,
      1.1726117730140686,
      1.1666032155354817,
      1.1663822015126546,
      1.1639988760153452,
      1.1661339620749156,
      1.1614419957002005,
      1.1622241854667663,
      1.1608360568682352,
      1.1621046324570974,
      1.1619301696618398,
      1.1609904885292053,
      1.1594660540421804,
      1.1574968973795572,
      1.1603124737739563,
      1.1583076914151509,
      1.1575691282749176,
      1.156791098912557,
      1.1575099050998687,
      1.1568850000699362,
      1.1572810272375742,
      1.1572652419408163,
      1.1576366245746612,
      1.1526588181654611,
      1.1547026336193085,
      1.156751698255539,
      1.1563783208529155,
      1.155172473192215,
      1.1537683963775636,
      1.1551315148671468,
      1.1537038405736288,
      1.1536309599876404,
      1.1531684478123982,
      1.1542545179526011,
      1.1512868146101634,
      1.1508025725682576,
      1.1512414991855622,
      1.149007006486257,
      1.1507741332054138,
      1.151318903764089,
      1.1514591177304585,
      1.1515178759892781,
      1.1516900420188905,
      1.1498535136381784,
      1.1489538927872975,
      1.1489188134670258,
      1.1486166258653006,
      1.1478811661402384,
      1.1508869846661887,
      1.1463388840357462,
      1.146947326262792,
      1.1481808225313823,
      1.1471172193686168,
      1.1449573516845704,
      1.1470459004243214,
      1.1471252183119456,
      1.1456986864407857,
      1.14714226325353,
      1.1472553431987762,
      1.1458280285199482,
      1.146262804667155,
      1.1453503489494323,
      1.1459172407786051,
      1.1466319898764292,
      1.1455787678559621,
      1.146756402651469,
      1.1457127392292024,
      1.1458701153596242,
      1.145350464185079
    ],
    "train_acc": [
      5.820351845128099,
      5.628477002453845,
      5.610859067434271,
      5.6501063627054435,
      5.643214749910736,
      5.637226587284465,
      5.6230116171912075,
      5.635695931772233,
      5.6282832077382094,
      5.639978231114735,
      5.611325123511664,
      5.631327880548024,
      5.6253550175053695,
      5.636092145384514,
      5.653127086944145,
      5.603195038338331,
      5.657477455497401,
      5.6604483458927835,
      5.622474728790914,
      5.645494405094861,
      5.680822401854627,
      5.622519318115558,
      5.656892627127896,
      5.657923457486032,
      5.582707483655573,
      5.643267706418274,
      5.629864984157002,
      5.6022698447298165,
      5.638305912615473,
      5.674671039330179,
      5.637086619312996,
      5.636910066774042,
      5.638928534533315,
      5.599782485575309,
      5.68194755092635,
      5.6314729110127795,
      5.624747009065312,
      5.62553546702811,
      5.638377219760154,
      5.612303569219093,
      5.613489919335923,
      5.624860431086401,
      5.636679863199116,
      5.648516508151086,
      5.6359000675548545,
      5.626323532216028,
      5.635474427371354,
      5.6342289448496725,
      5.640639706030455,
      5.657150072182579,
      5.61964341852172,
      5.667184068914447,
      5.598965164927143,
      5.68251320942812,
      5.650697537618094,
      5.627483986586903,
      5.62080109388155,
      5.630616892229115,
      5.617003405519169,
      5.64475431208761,
      5.669983406056326,
      5.625781339506841,
      5.61617197177066,
      5.627748959015601,
      5.627283801596659,
      5.673296095060294,
      5.640040068511682,
      5.654401526233247,
      5.672307589918364,
      5.684455483159437,
      5.629916014861844,
      5.606642553855374,
      5.631968672617787,
      5.640958143086745,
      5.662104253612844,
      5.635068959548904,
      5.650449453722279,
      5.6038212428434955,
      5.6442203503644635,
      5.639682187833331,
      5.641824689009467,
      5.647722178279521,
      5.621743949630687,
      5.627045483977031,
      5.657867881030905,
      5.610329424079132,
      5.6572900368839925,
      5.663012418158617,
      5.650640546842238,
      5.597073100666592,
      5.671802199619362,
      5.640599960573001,
      5.610049131969475,
      5.648319737946283,
      5.629051487105985,
      5.627100407148165,
      5.688098805710127,
      5.644535075427503,
      5.653403722797061,
      5.605062475862034
    ],