{
  "config": {
    "seed": 42,
    "bs_train": 16,
    "bs_test": 4,
    "batches": 100,
    "epochs": 100,
    "early_stopping": 10,
    "checkpoints": null,
    "lr": 0.001,
    "print_every": 100,
    "h_dim": 512,
    "z_dim": 20,
    "betas": [
      0.1,
      0.1
    ],
    "kw": {},
    "RTplot": false,
    "out_dir": "./results/Res3/",
    "run_name": "MEGA_RUNbs_16lr_0.001h_512z_20s_0.5",
    "x_sigma2": 0.5
  },
  "results": {
    "num_epochs": 0,
    "train_loss": [
      1.0796346127986909,
      0.654722946882248,
      0.6330338339010875,
      0.6156273365020752,
      0.6115717520316442,
      0.6045982986688614,
      0.6078541616598765,
      0.5824958612521489,
      0.583016644914945,
      0.5770124663909276,
      0.5782688468694687,
      0.5851255923509597,
      0.6013309210538864,
      0.569905107220014,
      0.6004755606253942,
      0.57630901436011,
      0.5653985073169072,
      0.5617940843105316,
      0.5366443812847137,
      0.5280056188503901,
      0.5250426322221756,
      0.5052496959765752,
      0.5259905238946279,
      0.4929753104845683,
      0.4947835842768351,
      0.4914429833491643,
      0.48572811086972556,
      0.4916496386130651,
      0.4833513508240382,
      0.49223869740962983,
      0.4736608684062958,
      0.4869504004716873,
      0.4689826915661494,
      0.47516637643178306,
      0.48444622457027436,
      0.4798665513594945,
      0.47514554659525554,
      0.47379468083381654,
      0.47189909021059673,
      0.45701045393943784,
      0.45140300591786703,
      0.46407767037550607,
      0.4552297820647558,
      0.4458574583133062,
      0.45836278100808464,
      0.4558570454518,
      0.4383935769399007,
      0.4457049379746119,
      0.4514925102392832,
      0.44418406585852305,
      0.441340916355451,
      0.4420915375153224,
      0.4311234027147293,
      0.44798977971076964,
      0.4272774368524551,
      0.43520216246445975,
      0.4340225209792455,
      0.4265624185403188,
      0.44043513933817546,
      0.42212221324443816,
      0.41444985071818036,
      0.42498758137226106,
      0.4187189429998398,
      0.41820506354173026,
      0.4053513705730438,
      0.43322218358516695,
      0.4174283822377523,
      0.40681630770365396,
      0.41214899520079296,
      0.4151299099127452,
      0.4158709188302358,
      0.41173483431339264,
      0.42312071621418,
      0.3967605113983154,
      0.41410831610361737,
      0.4036367217699687,
      0.40414090851942697,
      0.4288281053304672,
      0.4097629259030024,
      0.40782057444254555,
      0.416577543814977,
      0.40114056766033174,
      0.41099364260832466,
      0.39833221435546873,
      0.3958431164423625,
      0.3918598751227061,
      0.40734494825204215,
      0.4044754912455877,
      0.406677383184433,
      0.394735985994339,
      0.4077056298653285,
      0.403926024834315,
      0.4140385766824087,
      0.41642337242762245,
      0.41337884962558746,
      0.39829151928424833,
      0.4097021222114563,
      0.39749276141325635,
      0.41517968078454337,
      0.3939259191354116
    ],
    "train_acc": [
      9.793537944466825,
      11.060852439695324,
      11.469557677654642,
      12.022659437314553,
      11.795578781668057,
      12.016256195865386,
      11.930775269642146,
      12.181441272306575,
      12.011814692760629,
      12.16909988306668,
      12.438796340250834,
      12.179956329072448,
      12.157525688037573,
      12.525688103378558,
      12.474547699532547,
      12.880648328374887,
      12.93889413634572,
      13.003412528328687,
      13.78282886278256,
      13.4070922245052,
      13.792791505896718,
      13.98570985417368,
      13.711526625003453,
      14.410060734279728,
      14.307197318502245,
      14.445343419798677,
      14.576085159674909,
      14.566722408081844,
      14.488378027558989,
      14.579872838446162,
      14.87629437493631,
      14.595766743862761,
      14.943880308543385,
      14.799236094800529,
      14.65795989394042,
      14.713041526912663,
      14.708412239649878,
      14.817868521306469,
      14.827388081131547,
      15.169318638805615,
      15.445695262198576,
      15.029580490087028,
      15.250764517029234,
      15.561702243733395,
      15.192643560104516,
      15.331265246777464,
      15.809603090933491,
      15.549999006519156,
      15.549077451210126,
      15.700815389260484,
      15.791843957061742,
      15.750817730605698,
      16.124542275951104,
      15.43945016709159,
      16.30175226954865,
      15.96403690144861,
      16.02334190830934,
      16.26010677949046,
      16.16581565128682,
      16.571997583696984,
      16.65563941210437,
      16.406933377358616,
      16.69305229684299,
      16.42024134469659,
      17.274124895732474,
      16.02567345024359,
      16.59369097297589,
      16.948098805931043,
      16.815416904523264,
      16.63989044684882,
      16.67489904848437,
      16.838434145140468,
      16.456215461985362,
      17.462384720383348,
      16.65410179981137,
      17.041511172437623,
      16.95461927825839,
      16.160156237460072,
      16.787061818570017,
      16.899637360570154,
      16.70960885652044,
      17.191627210170676,
      16.819275754239204,
      17.200310969479656,
      17.37870720422488,
      17.523729280112335,
      17.17379853798212,
      17.05867167622162,
      17.080317728981658,
      17.41291343421153,
      17.249559997140622,
      17.28804989866187,
      16.759465872612452,
      16.77487427133512,
      16.81345510645148,
      17.288466059136272,
      16.998064300519072,
      17.26205767264395,
      16.720388550543504,
      17.551713464232545
    ],