{
  "config": {
    "seed": 42,
    "bs_train": 32,
    "bs_test": 8,
    "batches": 100,
    "epochs": 100,
    "early_stopping": 10,
    "checkpoints": null,
    "lr": 0.0005,
    "print_every": 100,
    "h_dim": 512,
    "z_dim": 5,
    "betas": [
      0.1,
      0.1
    ],
    "kw": {},
    "RTplot": false,
    "out_dir": "./results/Res3/",
    "run_name": "MEGA_RUNbs_32lr_0.0005h_512z_5s_0.9",
    "x_sigma2": 0.9
  },
  "results": {
    "num_epochs": 0,
    "train_loss": [
      0.964714793364207,
      0.3432838559150696,
      0.33571287790934246,
      0.32141716877619425,
      0.32857272227605183,
      0.32841747204462685,
      0.33487377961476644,
      0.322110386689504,
      0.3197670231262843,
      0.32519792517026264,
      0.3179234802722931,
      0.3158798456192017,
      0.31786691745122275,
      0.32877347668011986,
      0.330789049466451,
      0.3208693544069926,
      0.32944260636965433,
      0.32612311641375225,
      0.313235874970754,
      0.31962746878465015,
      0.30788731276988984,
      0.31664569973945617,
      0.31403638124465943,
      0.3150417894124985,
      0.3149462362130483,
      0.3092024604479472,
      0.31297246416409813,
      0.329179573059082,
      0.3006721039613088,
      0.3061364273230235,
      0.2956373294194539,
      0.30237571795781454,
      0.2998241047064463,
      0.3000665535529455,
      0.3017049551010132,
      0.30127977828184765,
      0.2990710884332657,
      0.304267410437266,
      0.29176049729188286,
      0.28870371282100676,
      0.2912258336941401,
      0.27790067295233406,
      0.30876829425493874,
      0.29741813739140827,
      0.2777529845635096,
      0.28084790110588076,
      0.2775239000717799,
      0.28580022752285006,
      0.2737943391005198,
      0.2741250514984131,
      0.27282235225041707,
      0.2755263050397237,
      0.2768793801466624,
      0.27625829974810284,
      0.2633493026097616,
      0.26958334843317666,
      0.2567858030398687,
      0.2743249555428823,
      0.2665305515130361,
      0.2715009778738022,
      0.27742241819699603,
      0.26277646819750466,
      0.26335969269275666,
      0.26248797178268435,
      0.2664200395345688,
      0.26064103345076245,
      0.27208576202392576,
      0.26786788006623585,
      0.25622877875963845,
      0.2678751975297928,
      0.2694641570250193,
      0.254996246099472,
      0.24866183201471964,
      0.26565155188242595,
      0.25262142221132916,
      0.2569966981808344,
      0.25694138209025064,
      0.25286645789941153,
      0.25160234371821083,
      0.2496096948782603,
      0.2620374381542206,
      0.2587899059057236,
      0.2525985310475031,
      0.2504261424144109,
      0.2570165365934372,
      0.2707286447286606,
      0.24704330265522004,
      0.25747080345948536,
      0.24539940655231476,
      0.2518820603688558,
      0.2601049313942591,
      0.2568987488746643,
      0.24517114261786144,
      0.26184172530968985,
      0.2492121160030365,
      0.252853599190712,
      0.25206577877203623,
      0.25679334104061124,
      0.25642210642496743,
      0.25366011758645374
    ],
    "train_acc": [
      9.26496841954573,
      10.266995659077521,
      10.438672326444765,
      10.840210468822308,
      10.910223617393054,
      10.852635970491267,
      10.736580413872815,
      10.999680628548377,
      11.002046298188771,
      10.956283999364004,
      11.153973006818788,
      11.303877710090655,
      11.303319746136419,
      11.170926774377472,
      10.97940051583057,
      11.37219959641867,
      11.061709190069658,
      11.037341366426674,
      11.358599661156697,
      11.343079537581579,
      11.759793379504734,
      11.306372857945743,
      11.280620275316942,
      11.616125931693473,
      11.829773195935934,
      11.556816833325575,
      11.69525755076752,
      11.532696916248184,
      12.201766121250088,
      11.64247777054876,
      12.173308281841072,
      11.799720050873338,
      12.227798324204358,
      12.388397475968754,
      11.95598661123734,
      12.0123407633967,
      11.94614551046209,
      12.054760982992054,
      12.567301178197011,
      12.361737254661714,
      12.698205985907734,
      12.91899601188955,
      11.911205795435912,
      12.448575693647536,
      12.684508299942959,
      12.85830503163465,
      13.005561210831322,
      12.585768111002565,
      13.072588991804704,
      12.913761555505106,
      13.328554958134726,
      12.777418014633948,
      12.569558279808938,
      12.85833337625816,
      13.3259384709335,
      13.163914661468903,
      13.664640679042767,
      12.813845127906013,
      13.039940528407541,
      13.21524064674943,
      13.123348310105527,
      13.294333318973678,
      13.130723550746971,
      13.456584877140934,
      13.211327955967532,
      13.517118158283884,
      13.055917657286244,
      13.10243123786555,
      13.774598931166683,
      13.28673391406791,
      13.038150258932314,
      13.600232829758898,
      13.833543098186585,
      12.971465940075442,
      13.601155548340856,
      13.255765177305687,
      13.479034397959753,
      13.638461713261478,
      13.695966314730416,
      13.682018177846652,
      13.17777073066358,
      13.336838552592845,
      13.61708414364251,
      13.632495251694966,
      13.376459312370901,
      12.9436820288465,
      13.924679129998687,
      13.378768529537831,
      13.844843023565756,
      13.693307284106963,
      13.370663761447426,
      13.495252597139102,
      14.058194353551876,
      13.153261062194792,
      13.730811646360035,
      13.629819500313271,
      13.844598413899549,
      13.47620721117299,
      13.551630243913314,
      13.396877962456708
    ],