{
  "config": {
    "seed": 42,
    "bs_train": 16,
    "bs_test": 4,
    "batches": 100,
    "epochs": 100,
    "early_stopping": 10,
    "checkpoints": null,
    "lr": 0.0005,
    "print_every": 100,
    "h_dim": 128,
    "z_dim": 5,
    "betas": [
      0.1,
      0.1
    ],
    "kw": {},
    "RTplot": false,
    "out_dir": "./results/Res3/",
    "run_name": "MEGA_RUNbs_16lr_0.0005h_128z_5s_0.9",
    "x_sigma2": 0.9
  },
  "results": {
    "num_epochs": 0,
    "train_loss": [
      0.7337527652581533,
      0.3426582117875417,
      0.3448519676923752,
      0.3320608089367549,
      0.32785775264104206,
      0.3280942688385646,
      0.32990922729174293,
      0.3278464158376058,
      0.32011839002370834,
      0.3249470790227254,
      0.31494038899739585,
      0.32178013920784,
      0.32668211857477825,
      0.31171886225541434,
      0.31383903374274574,
      0.3196116546789805,
      0.31993252287308377,
      0.30930890639623004,
      0.3017421195904414,
      0.3023929496606191,
      0.29873360842466357,
      0.2980593636631966,
      0.2916548823316892,
      0.2861589213212331,
      0.2927494262655576,
      0.29161768207947414,
      0.28441472599903744,
      0.2902876064181328,
      0.28032923936843873,
      0.2945111999909083,
      0.2817485511302948,
      0.28722975502411524,
      0.2746736576159795,
      0.28097213606039684,
      0.27989015976587933,
      0.27474147180716196,
      0.2782907783985138,
      0.2708177755276362,
      0.27715279708305995,
      0.2667693182826042,
      0.28898736437161765,
      0.2719159652789434,
      0.27466692477464677,
      0.2779465471704801,
      0.2701873670021693,
      0.2770764544606209,
      0.262500395377477,
      0.2752441237370173,
      0.2653068209687869,
      0.27546171347300213,
      0.2604854409893354,
      0.2601262400547663,
      0.263743764658769,
      0.26629385848840076,
      0.2641067773103714,
      0.26809905072053275,
      0.26864607085784276,
      0.27296449144681295,
      0.2719529082377752,
      0.265951132774353,
      0.28253571142752965,
      0.2592497984568278,
      0.26403862635294595,
      0.2782977998256683,
      0.26111232688029606,
      0.2718215013543765,
      0.26969408641258874,
      0.25761179675658546,
      0.2626936594645182,
      0.26149810751279196,
      0.259264649450779,
      0.2517356609304746,
      0.25270054092009864,
      0.2578858549396197,
      0.2685472796360652,
      0.25747414280970893,
      0.24964864253997804,
      0.25579171578089394,
      0.25418102045853935,
      0.2546068847179413,
      0.25677412847677866,
      0.25383053372303643,
      0.2553391883770625,
      0.2550572564204534,
      0.2564430425564448,
      0.2519834642608961,
      0.2570404718319575,
      0.24989810486634573,
      0.25126681675513585,
      0.25033758928378425,
      0.24597511639197667,
      0.24951003690560658,
      0.2561276142795881,
      0.25164863814910254,
      0.25407906373341876,
      0.24511481523513795,
      0.25633771220843,
      0.2603403881192207,
      0.24744676599899929,
      0.24019717971483867
    ],
    "train_acc": [
      18.305432855166625,
      21.232760261875736,
      21.296516699188615,
      21.78987387024428,
      22.189577230780046,
      22.151806387964285,
      21.91971982958236,
      21.769761612044825,
      22.64414491704345,
      22.638382771871967,
      22.681193546428883,
      22.615480487364188,
      23.315202187209227,
      23.28948676268674,
      22.91969595100438,
      22.64053267954583,
      23.068582636482116,
      23.395653061097025,
      24.446073896504426,
      24.030546255776095,
      24.461995398024513,
      24.439242437996597,
      25.02068671318815,
      25.40674227285814,
      25.02916159921805,
      25.191428550308864,
      25.30095127520845,
      25.082161876358633,
      25.727470964873962,
      24.70588931593651,
      25.888835141673194,
      25.43398480031187,
      26.16467846026729,
      25.24972393187742,
      25.372433822475596,
      25.854946016950656,
      25.464957761932993,
      26.108488823167587,
      25.84060743984455,
      26.42335176696194,
      25.232146632070478,
      26.505015035637417,
      26.12489719972768,
      25.709937683060968,
      26.30501526782561,
      25.845673731287565,
      26.527549052946643,
      25.8864177706228,
      26.34718308990692,
      26.102814647680358,
      26.97123961795892,
      26.849691360705467,
      26.18039636826692,
      26.398554313761167,
      26.543864588498185,
      25.9876433818291,
      26.023202904851097,
      26.323790512498476,
      26.004799771678663,
      26.548696677697112,
      25.260230461350965,
      26.8949053168857,
      26.353260769914318,
      25.861713458409778,
      26.42578811784448,
      26.43955674174495,
      26.25155746643301,
      26.923933959111597,
      26.35195203624234,
      26.87487282388815,
      26.763476921537272,
      27.694375392971153,
      27.505139462986772,
      26.512165012994767,
      26.074928714774316,
      26.978138411212438,
      27.77818874644733,
      27.114842658869886,
      27.361863592156315,
      27.266402736229786,
      27.145297293577332,
      27.17677429356612,
      27.024132965705217,
      27.366241504399024,
      27.073503495153318,
      27.775484740413912,
      27.193546452105682,
      27.643802055474133,
      27.854693172384835,
      27.53295458048128,
      27.99055825071013,
      27.82080369876157,
      27.435866715267018,
      27.56197527002756,
      27.751556574750804,
      28.545973218444,
      26.918670258728692,
      26.666506241274206,
      28.015810626375323,
      28.677351738431252
    ],