{
  "config": {
    "seed": 42,
    "bs_train": 32,
    "bs_test": 8,
    "batches": 100,
    "epochs": 100,
    "early_stopping": 10,
    "checkpoints": null,
    "lr": 0.01,
    "print_every": 100,
    "h_dim": 128,
    "z_dim": 20,
    "betas": [
      0.1,
      0.1
    ],
    "kw": {},
    "RTplot": false,
    "out_dir": "./results/Res3/",
    "run_name": "MEGA_RUNbs_32lr_0.01h_128z_20s_0.9",
    "x_sigma2": 0.9
  },
  "results": {
    "num_epochs": 0,
    "train_loss": [
      274.89985116322833,
      1.6570726831754048,
      1.3341641028722127,
      1.1321011940638224,
      1.1302366733551026,
      0.9701271613438924,
      1.0031200806299845,
      0.8812824050585429,
      0.89506409962972,
      0.8588652809460958,
      0.847252368927002,
      0.8006718158721924,
      0.8156221111615499,
      0.7887967387835185,
      0.7854648073514302,
      0.7703176379203797,
      0.7621141791343689,
      0.7613764484723409,
      0.7578195969263712,
      0.7425904234250387,
      0.7556499361991882,
      0.7426077882448833,
      0.7371403177579244,
      0.7297329624493917,
      0.7356574177742005,
      0.7284525990486145,
      0.7199997782707215,
      0.7211398522059123,
      0.7230945467948914,
      0.7095874269803365,
      0.7147649049758911,
      0.7096685568491617,
      0.7098172823588054,
      0.7086485187212627,
      0.7136472384134929,
      0.7026102622350057,
      0.7017608841260274,
      0.7010365168253581,
      0.6995807846387228,
      0.697271978855133,
      0.6996153473854065,
      0.7081283370653788,
      0.5364525516827902,
      0.4129654010136922,
      0.3965261975924174,
      0.39216756224632265,
      0.41017886201540626,
      0.39315290649731954,
      0.37742455999056496,
      0.37446963985761006,
      0.36982398430506386,
      0.37556636532147725,
      0.3706688682238261,
      0.3680330475171407,
      0.3757568617661794,
      0.3697656452655792,
      0.3670792063077291,
      0.3754192034403483,
      0.3928964912891388,
      0.3580736537774404,
      0.36011704007784523,
      0.35969250202178954,
      0.3537993311882019,
      0.35538716316223146,
      0.36629090905189515,
      0.4197183648745219,
      0.41086260279019676,
      0.37120020190874736,
      0.3904716432094574,
      0.4235958437124888,
      0.4024137516816457,
      0.3618208527565002,
      0.37770047585169475,
      0.3946459730466207,
      0.38685773412386576,
      0.3722953697045644,
      0.38260552287101746,
      0.3585198422273,
      0.38338543971379596,
      0.3592404186725616,
      0.3512372612953186,
      0.33950696388880414,
      0.33707090218861896,
      0.3329451362291972,
      0.3303017814954122,
      0.32864023447036744,
      0.3331246038277944,
      0.33205196261405945,
      0.32175005276997887,
      0.3396529694398244,
      0.34548733830451966,
      0.3446829517682393,
      0.33131754597028096,
      0.33706204692522684,
      0.328665421406428,
      0.3388415575027466,
      0.3395114243030548,
      0.35475393335024513,
      0.35458001494407654,
      0.3120963215827942
    ],
    "train_acc": [
      5.203885573486223,
      5.033080606107563,
      5.042769365897809,
      5.054223201171597,
      5.041250188834915,
      5.062396793026785,
      5.060374952276697,
      5.024892328078895,
      5.012113903386443,
      5.022441047238601,
      5.072486367134023,
      5.019718304207077,
      5.040723747172201,
      5.057435290455697,
      5.033398475302,
      5.025293553444102,
      5.074727799565504,
      5.02772815473949,
      5.0487722539485524,
      5.0402644689327145,
      5.030691071739426,
      5.040126373030892,
      5.036771993633113,
      5.026135891497836,
      5.037718322640308,
      5.028366729467537,
      5.014301483797174,
      5.048707045575649,
      5.045528794398915,
      5.023162677218574,
      5.036383816513293,
      5.033728276513603,
      5.018493553358901,
      5.020190903420759,
      5.043889797953219,
      5.022607861643095,
      5.028045484698318,
      5.020900186208234,
      5.04598629344552,
      5.03276489273399,
      5.072265343151851,
      4.990206406362152,
      7.375097592196274,
      9.210892105754214,
      9.489209157312718,
      9.575424044342281,
      9.127995092896338,
      9.570670899030004,
      9.762398236207805,
      9.796993126859153,
      9.927940341027023,
      9.741823512005174,
      9.802684358072423,
      9.892485970442166,
      9.797092585876761,
      9.855998997390294,
      9.968773915326096,
      9.779216255715575,
      10.037122311410311,
      10.186012681553873,
      10.095177146868368,
      10.084743552700845,
      10.107108448643153,
      10.218178180367316,
      9.966755921179836,
      9.60507624561684,
      9.404959027543473,
      9.77542456762377,
      9.566976009020882,
      9.422213724446326,
      9.663743971900683,
      10.15417930848131,
      9.854618759228675,
      9.684086829907061,
      9.539147399817832,
      10.040081053375717,
      9.647603886615485,
      10.195425021249475,
      9.528965814524737,
      10.141851230025592,
      10.359308001322278,
      10.61986424402107,
      10.731426363755988,
      10.87279164500009,
      10.847535217685255,
      10.96149417190589,
      10.713406303677209,
      10.857676768533901,
      10.872131906464286,
      10.739192986397056,
      10.46329449569384,
      10.556881981232209,
      10.917509327883336,
      10.940140804249115,
      11.238022696613404,
      10.917246619129006,
      10.635511134084608,
      10.779006502140502,
      10.34214993463818,
      11.892756144748896
    ],