{
  "config": {
    "seed": 42,
    "bs_train": 32,
    "bs_test": 8,
    "batches": 100,
    "epochs": 100,
    "early_stopping": 10,
    "checkpoints": null,
    "lr": 0.005,
    "print_every": 100,
    "h_dim": 512,
    "z_dim": 50,
    "betas": [
      0.1,
      0.1
    ],
    "kw": {},
    "RTplot": false,
    "out_dir": "./results/Res3/",
    "run_name": "MEGA_RUNbs_32lr_0.005h_512z_50s_0.9",
    "x_sigma2": 0.9
  },
  "results": {
    "num_epochs": 0,
    "train_loss": [
      1.2742353240648905,
      1.2580571214358012,
      1.0781635721524556,
      1.010581338405609,
      0.908791979153951,
      0.7923828840255738,
      0.6998148580392202,
      0.6791011353333791,
      0.668443379799525,
      0.6310264428456624,
      0.5738423665364584,
      0.48623572786649066,
      0.44130961696306864,
      0.43711857199668885,
      0.41570406754811606,
      0.4171525220076243,
      0.40031962990760805,
      0.3990185777346293,
      0.38780447045962013,
      0.3943809807300568,
      0.39269906481107075,
      0.3956868886947632,
      0.3876123607158661,
      0.37724326650301615,
      0.37490431865056356,
      0.37608522176742554,
      0.36957508126894634,
      0.36894429524739586,
      0.39374820987383524,
      0.3644984324773153,
      0.41107992132504784,
      0.3737699866294861,
      0.366342169046402,
      0.3588273902734121,
      0.3621475179990133,
      0.3573319951693217,
      0.3629795551300049,
      0.35073811610539757,
      0.3472485621770223,
      0.3490903933842977,
      0.3438467641671499,
      0.3597714900970459,
      0.34526848594347637,
      0.34073505401611326,
      0.3437429090340932,
      0.3436090250809987,
      0.35969863335291546,
      0.3419785459836324,
      0.3362168272336324,
      0.33350245356559755,
      0.32885295947392784,
      0.33183061083157855,
      0.326625786225001,
      0.3220041831334432,
      0.32994144360224403,
      0.3379800498485565,
      0.3289237896601359,
      0.32586386799812317,
      0.33183849056561787,
      0.3274345835049947,
      0.331209925810496,
      0.3190062681833903,
      0.3234731872876485,
      0.33250389496485394,
      0.33230009377002717,
      0.31571869254112245,
      0.3213817695776621,
      0.3308039426803589,
      0.34295941789944967,
      0.30567765633265176,
      0.32278343637784324,
      0.31008397142092387,
      0.3076591769854228,
      0.3064688205718994,
      0.3287748376528422,
      0.30056171913941704,
      0.3216619829336802,
      0.2984913051128387,
      0.29381923874219257,
      0.29954107801119484,
      0.28968690931797025,
      0.3087714304526647,
      0.3019714156786601,
      0.3011329193909963,
      0.3078311721483866,
      0.30527522961298625,
      0.29615412453810375,
      0.3109730045000712,
      0.30123812158902485,
      0.30333422819773354,
      0.297071780761083,
      0.29600019653638204,
      0.30092238386472064,
      0.2965563138326009,
      0.29608030219872794,
      0.2911677896976471,
      0.2911309629678726,
      0.2929287075996399,
      0.2829733004172643,
      0.28982415894667307
    ],
    "train_acc": [
      5.229626580109713,
      4.875966354500697,
      5.04781659785626,
      4.867988345966136,
      5.105016251035526,
      5.792752238867084,
      7.244404457716515,
      7.6985555065947695,
      7.157425718626562,
      8.111915782026562,
      8.33268669029189,
      9.061550713827033,
      9.658967070946067,
      9.704212043689681,
      9.860768358402536,
      9.896502832159822,
      9.923535553637263,
      10.021602143963511,
      10.021807158391413,
      9.921491341880982,
      9.92829816622093,
      9.72395940572842,
      9.911310677418843,
      10.061269837861273,
      10.021589809871307,
      10.040020703177728,
      10.176359649823581,
      10.135583185957607,
      9.69625604638445,
      10.118067449643664,
      10.01024825497662,
      9.884677795020075,
      10.1340448486678,
      10.10272402478061,
      10.213465922928746,
      10.218476492718914,
      10.09957171475131,
      10.272926603022071,
      10.37023436349915,
      10.342080941306245,
      10.481010115227063,
      10.169411649880525,
      10.513951101515975,
      10.509158161428138,
      10.50387446314063,
      10.427157578450108,
      9.957975775607924,
      10.411727588529924,
      10.56977070405172,
      10.589549969637746,
      10.696690021619773,
      10.500503254913616,
      10.866945963800735,
      11.01260899996024,
      10.796888546675106,
      10.699422817892858,
      10.911450724984318,
      11.305627300096045,
      11.039246178402784,
      11.384841208914578,
      11.12713810432335,
      11.42547585989589,
      11.415050061396776,
      11.089047828739803,
      11.25088537893101,
      11.599784358075684,
      11.492032744029764,
      11.384712805532756,
      11.007905571316952,
      11.951092828867484,
      11.414664868254079,
      11.905825654845755,
      11.736474145557919,
      11.820657514305625,
      11.563832110850864,
      12.02520659271273,
      11.679478816489134,
      12.220390989016458,
      12.163449609671606,
      12.028586898477172,
      12.500840237338842,
      11.850297878185739,
      12.082705628131775,
      12.1487498061506,
      11.794102761277296,
      11.925104309833714,
      12.347620986663847,
      11.90520433629623,
      12.074559997313546,
      12.36835366226062,
      12.287135365559175,
      12.566640430635085,
      12.313571787042427,
      12.365945978880893,
      12.292774552309993,
      12.47625127771252,
      12.281602171118177,
      12.468197439217366,
      12.674815527480169,
      12.510945459601091
    ],