{
  "config": {
    "seed": 42,
    "bs_train": 32,
    "bs_test": 8,
    "batches": 100,
    "epochs": 100,
    "early_stopping": 10,
    "checkpoints": null,
    "lr": 0.0005,
    "print_every": 100,
    "h_dim": 256,
    "z_dim": 20,
    "betas": [
      0.1,
      0.1
    ],
    "kw": {},
    "RTplot": false,
    "out_dir": "./results/Res3/",
    "run_name": "MEGA_RUNbs_32lr_0.0005h_256z_20s_0.9",
    "x_sigma2": 0.9
  },
  "results": {
    "num_epochs": 0,
    "train_loss": [
      2.2685294071833293,
      0.4130776564280192,
      0.34880772431691487,
      0.34266496102015176,
      0.34072023034095766,
      0.3318933685620626,
      0.3301855087280273,
      0.3243230938911438,
      0.332061239083608,
      0.33059406677881875,
      0.32027532855669655,
      0.3260704437891642,
      0.3259641885757446,
      0.3340219636758169,
      0.326688418785731,
      0.3272841513156891,
      0.32638243834177655,
      0.32255703608194985,
      0.32980465491612754,
      0.3169859488805135,
      0.3235528290271759,
      0.32198445399602255,
      0.31176170309384665,
      0.3259363432725271,
      0.3204435308774312,
      0.3150301973025004,
      0.3165464917818705,
      0.3122530202070872,
      0.3253446956475576,
      0.3164724012215932,
      0.3141414880752563,
      0.31735997994740806,
      0.32059467732906344,
      0.3055052618185679,
      0.31199146111806236,
      0.3138022512197495,
      0.3082472860813141,
      0.31314565539360045,
      0.3049671709537506,
      0.30616520444552103,
      0.3042169282833735,
      0.29382280707359315,
      0.2854665199915568,
      0.28385762572288514,
      0.2885746786991755,
      0.2903907100359599,
      0.2774247427781423,
      0.2771989057461421,
      0.2862804134686788,
      0.27682825525601706,
      0.28116805156071983,
      0.2774083077907562,
      0.26431320210297904,
      0.2826125572125117,
      0.26575611531734467,
      0.27355701227982837,
      0.26380826234817506,
      0.2776792655388514,
      0.272243066628774,
      0.27481871942679087,
      0.2580200175444285,
      0.2805253674586614,
      0.2627526839574178,
      0.26668584644794463,
      0.2695416877667109,
      0.2658834377924601,
      0.2681242346763611,
      0.25339085459709165,
      0.2794170767068863,
      0.277059797445933,
      0.25274730622768404,
      0.2565780500570933,
      0.26517605980237324,
      0.2629971851905187,
      0.2587746798992157,
      0.2556681215763092,
      0.2558950195709864,
      0.2621857275565465,
      0.2741769880056381,
      0.25365624129772185,
      0.27072402139504753,
      0.2506990085045497,
      0.25179160535335543,
      0.25778695146242775,
      0.25768421093622845,
      0.25366427302360534,
      0.26463044385115303,
      0.2551380743583043,
      0.2580782473087311,
      0.251231437921524,
      0.2600334852933884,
      0.25893150667349496,
      0.24958298106988272,
      0.25295628011226656,
      0.258061945438385,
      0.2497207184632619,
      0.25575870275497437,
      0.25038498143355054,
      0.2623898506164551,
      0.2486119081576665
    ],
    "train_acc": [
      8.970459085662286,
      9.477808318688878,
      10.455837724550092,
      10.602503691449812,
      10.816329515121158,
      10.8243054173893,
      10.867387900747046,
      10.975928460387717,
      11.076928563208188,
      10.809257133663182,
      11.06044920671786,
      11.161936328800047,
      11.04300110895804,
      10.8445976425431,
      11.169250851983527,
      11.11461911452274,
      11.235351630564482,
      11.10518425343206,
      10.986370599374956,
      11.282920536112453,
      11.197609535792655,
      11.256666041786755,
      11.705659568640405,
      11.331543231730816,
      11.270564574373411,
      11.325294358328533,
      11.352769708642438,
      11.959523883536106,
      11.632544971225625,
      11.592023820383671,
      11.737517589099586,
      11.406308302252288,
      11.458916192298119,
      11.786889348528142,
      11.45026331221811,
      11.722858811569576,
      11.641594128109874,
      11.566310459682342,
      11.803018522650204,
      12.124497199877295,
      12.021821759148137,
      12.319621897301056,
      12.830190633483307,
      12.720396982195814,
      12.904107090778577,
      12.387015978983278,
      12.978129923854572,
      13.35559561097491,
      12.807150626761672,
      12.939981215490166,
      12.92063819470988,
      12.803047640304,
      13.475228551505666,
      12.757282478307145,
      13.443975788027645,
      13.034684141976168,
      13.66093902255498,
      12.957317900574365,
      13.265100171821285,
      12.930113346484722,
      13.761453698749824,
      12.857295196674984,
      13.527913661448801,
      13.454856673303375,
      13.123031264771964,
      13.288890633723593,
      13.382583338063522,
      13.908991602802487,
      13.181051306638848,
      12.83523412551221,
      13.738763673903028,
      13.797259978962911,
      13.28632567006255,
      13.492148551547825,
      13.606583604698521,
      13.729065936885066,
      13.718268076803518,
      13.517772742053383,
      13.023254124916933,
      13.759311599382421,
      13.201501700637465,
      13.722307817392254,
      13.979469031778716,
      13.630084483084142,
      13.449927276193545,
      13.877405136534524,
      13.352898016104614,
      13.626654142197175,
      13.472326427508653,
      13.803271518781903,
      13.30833492635662,
      13.358923036981379,
      13.902075219256382,
      13.74241598247323,
      13.62074420153472,
      13.934542582432073,
      13.549548588268173,
      13.831303587116581,
      13.37750389094451,
      13.830231076741047
    ],