{
  "config": {
    "seed": 42,
    "bs_train": 32,
    "bs_test": 8,
    "batches": 100,
    "epochs": 100,
    "early_stopping": 10,
    "checkpoints": null,
    "lr": 0.01,
    "print_every": 100,
    "h_dim": 256,
    "z_dim": 20,
    "betas": [
      0.1,
      0.1
    ],
    "kw": {},
    "RTplot": false,
    "out_dir": "./results/Res3/",
    "run_name": "MEGA_RUNbs_32lr_0.01h_256z_20s_0.5",
    "x_sigma2": 0.5
  },
  "results": {
    "num_epochs": 0,
    "train_loss": [
      3.003620711962382,
      1.8679687102635703,
      1.789333462715149,
      1.694437074661255,
      1.515179443359375,
      1.4479132413864135,
      1.3950475772221884,
      1.3640750567118327,
      1.3440942366917927,
      1.4760433673858642,
      1.1066392540931702,
      0.867694087823232,
      0.7110922177632649,
      0.7092618425687154,
      0.6893253564834595,
      0.6766686797142029,
      0.6680918296178182,
      0.6657452305157979,
      0.662605885664622,
      0.6650345245997111,
      0.6494855602582296,
      0.6554229935010274,
      0.6530471126238505,
      0.6497295737266541,
      0.6449189225832621,
      0.6474729100863139,
      0.6376280228296916,
      0.643049422899882,
      0.6339357376098633,
      0.6418171087900798,
      0.6336926420529684,
      0.6401787439982096,
      0.6321789145469665,
      0.6321482578913371,
      0.6235921661059062,
      0.624293311436971,
      0.6215047200520833,
      0.6213751475016276,
      0.6198789954185486,
      0.6217508514722189,
      0.6173210581143697,
      0.6167172034581502,
      0.6162553191184997,
      0.6185291369756063,
      0.6123799443244934,
      0.6127852996190389,
      0.6134547472000123,
      0.6118195176124572,
      0.6106631358464559,
      0.6104695161183675,
      0.6065087000528971,
      0.6083210070927938,
      0.6111874222755432,
      0.6077604174613953,
      0.60480264822642,
      0.6044039567311604,
      0.5974215666453043,
      0.6009775320688884,
      0.5993771115938823,
      0.5992672801017761,
      0.601870055993398,
      0.6011708736419678,
      0.5985520044962566,
      0.5952738165855408,
      0.5993485649426779,
      0.5932678699493408,
      0.593713370958964,
      0.5903735081354777,
      0.5940092364947002,
      0.5882772445678711,
      0.5862637241681417,
      0.5855452299118042,
      0.5844960470994314,
      0.5840144554773966,
      0.5828638434410095,
      0.5807804902394612,
      0.5789482076962789,
      0.5771456956863403,
      0.5743959069252014,
      0.5717521945635478,
      0.5752182324727376,
      0.5720078309377035,
      0.572759747505188,
      0.5697380105654398,
      0.5701607823371887,
      0.5703727344671885,
      0.5699754277865092,
      0.5722137610117595,
      0.5718396743138631,
      0.5695750792821248,
      0.5690174500147501,
      0.569846526781718,
      0.5695658167203267,
      0.5708197951316833,
      0.5692124446233113,
      0.5699194113413493,
      0.5709273656209309,
      0.5667910099029541,
      0.5692155639330546,
      0.566867733001709
    ],
    "train_acc": [
      2.8853244652389964,
      2.8100130194062034,
      2.7999193537078577,
      2.789410147494872,
      2.79991948171014,
      2.7911121330171764,
      2.7582693569704713,
      2.789012022407238,
      2.818377051434613,
      2.6056590953966086,
      3.8211873437558257,
      4.819561686898985,
      5.289234291141665,
      5.321925324609237,
      5.440123535454107,
      5.469607252597571,
      5.482446063150374,
      5.4735923999225085,
      5.498266134546858,
      5.507149046621874,
      5.513947193538113,
      5.511718970304405,
      5.505165656861854,
      5.4972700717601795,
      5.517518305713596,
      5.509435995316061,
      5.542359984481948,
      5.52714459627885,
      5.561981942586492,
      5.513150250132421,
      5.536117112955371,
      5.515569392279837,
      5.540647253371625,
      5.544575730441631,
      5.550189041930987,
      5.541784808274931,
      5.532007114458149,
      5.52472739570148,
      5.544604387434569,
      5.529012997354729,
      5.548701170126112,
      5.549224806216887,
      5.552155662797108,
      5.550576774288899,
      5.565235770177555,
      5.576824127613969,
      5.5604690135661174,
      5.566755316490535,
      5.5692861691332265,
      5.561668315260691,
      5.5515159656290995,
      5.551063697634782,
      5.508441866834129,
      5.540303264980869,
      5.56212774698011,
      5.554166697764164,
      5.5705875375254195,
      5.561908561449031,
      5.568475468239591,
      5.590357799132296,
      5.541823807190771,
      5.529088500341778,
      5.538461584091812,
      5.557202754550968,
      5.535432519717919,
      5.56216638735761,
      5.54723534692975,
      5.559655783485795,
      5.502848735932974,
      5.5694288981618225,
      5.564477181245941,
      5.5549441088031255,
      5.565184715000019,
      5.557347650814406,
      5.552621632236089,
      5.53967827709863,
      5.555325080806004,
      5.5636106283090845,
      5.55840549839199,
      5.5784383173787,
      5.53619739394984,
      5.5476526132718655,
      5.526037300905946,
      5.552668448950095,
      5.561632271858887,
      5.554167777832767,
      5.554707931957845,
      5.534388023200025,
      5.540653571813409,
      5.551325549332904,
      5.557309843766993,
      5.557033841416726,
      5.5555956133398805,
      5.543403579137892,
      5.564271690034807,
      5.543019486962266,
      5.538388411089894,
      5.584373073800127,
      5.556599028943132,
      5.569209013371274
    ],