{
  "config": {
    "seed": 42,
    "bs_train": 16,
    "bs_test": 4,
    "batches": 100,
    "epochs": 100,
    "early_stopping": 10,
    "checkpoints": null,
    "lr": 0.01,
    "print_every": 100,
    "h_dim": 128,
    "z_dim": 50,
    "betas": [
      0.1,
      0.1
    ],
    "kw": {},
    "RTplot": false,
    "out_dir": "./results/Res3/",
    "run_name": "MEGA_RUNbs_16lr_0.01h_128z_50s_0.5",
    "x_sigma2": 0.5
  },
  "results": {
    "num_epochs": 0,
    "train_loss": [
      2.3863364020983378,
      1.5340000987052917,
      1.5741967956225078,
      1.2448665797710419,
      0.9034771978855133,
      0.7766189595063527,
      0.7155134002367656,
      0.6973934272925059,
      0.6949818948904674,
      0.6673700789610545,
      0.6642845610777537,
      0.6497012654940287,
      0.6382413725058238,
      0.6377357025941213,
      0.6332670778036118,
      0.6307528972625732,
      0.6283891280492147,
      0.6258016109466553,
      0.6234814306100209,
      0.6227372864882151,
      0.6192858974138896,
      0.6206050296624501,
      0.6144123454888661,
      0.6168503443400065,
      0.6134417553742727,
      0.6121342202027639,
      0.611228350798289,
      0.6078723967075348,
      0.6122419794400533,
      0.6100159565607707,
      0.6073741416136423,
      0.6076735059420267,
      0.6054659267266591,
      0.606415335337321,
      0.6074829220771789,
      0.6052737951278686,
      0.6051395793755849,
      0.6027716378370921,
      0.6063820660114289,
      0.6034996251265208,
      0.6023096611102422,
      0.6000603377819062,
      0.6012276003758112,
      0.5998886466026306,
      0.597316688299179,
      0.5980109850565593,
      0.5976239254077276,
      0.6003809829552968,
      0.5945601065953573,
      0.5956508894761403,
      0.5943994363149007,
      0.5947920193274816,
      0.5929177502791086,
      0.593702690800031,
      0.5930673758188884,
      0.5930682828028997,
      0.5904803057511647,
      0.5919468780358632,
      0.5891606688499451,
      0.5915704121192297,
      0.5909309148788452,
      0.5919579366842905,
      0.5924790441989899,
      0.588434765736262,
      0.5889650513728459,
      0.59134308497111,
      0.5895418763160706,
      0.5905500441789627,
      0.5897395551204682,
      0.5886211971441905,
      0.5883260409037272,
      0.5879932840665182,
      0.5859190175930659,
      0.5864330818255742,
      0.5890369117259979,
      0.5882384051879247,
      0.5861833910147349,
      0.5880618155002594,
      0.587581052382787,
      0.5874628563721974,
      0.587164756655693,
      0.5850897669792176,
      0.5848683873812358,
      0.5851427932580312,
      0.5864196121692657,
      0.5840926587581634,
      0.5856101781129837,
      0.5881169011195501,
      0.5837629328171412,
      0.5828970432281494,
      0.587313848733902,
      0.5882495532433192,
      0.5847758760054906,
      0.583936619758606,
      0.5849831163883209,
      0.5858301391204198,
      0.5834092676639557,
      0.5842049936453502,
      0.5836822917064031,
      0.5851696789264679
    ],
    "train_acc": [
      5.739229681898065,
      5.64070604210446,
      5.570231843665821,
      7.466153331982481,
      9.805989383049965,
      10.647154888959946,
      10.90547607261219,
      10.910907635185998,
      10.833972583302062,
      10.997303212853621,
      10.984954982525851,
      11.013151248709592,
      11.040658244148256,
      11.079840890417765,
      11.108921437941186,
      11.10004763133554,
      11.101274257566406,
      11.100219261912693,
      11.111383677513395,
      11.110692259778181,
      11.152923812800985,
      11.079688066580259,
      11.173985235504476,
      11.112973174022189,
      11.153361696884883,
      11.124731576004217,
      11.117364769764453,
      11.14498077208611,
      11.110595345128594,
      11.089437735527474,
      11.188788827949871,
      11.167692251979854,
      11.186633734258695,
      11.121870062831068,
      11.094164741093422,
      11.240013279848426,
      11.127061620019704,
      11.139617920625904,
      11.192782655586226,
      11.12496159746739,
      11.146083993829501,
      11.15226703888485,
      11.132533774494851,
      11.136297178392814,
      11.191761000074882,
      11.114922863862029,
      11.160236219949356,
      11.11958556743792,
      11.183309647371866,
      11.123772217182436,
      11.136259062444246,
      11.194762588996888,
      11.2084239602927,
      11.143833762843347,
      11.150544275810708,
      11.168950280084935,
      11.16670279663309,
      11.177555883314644,
      11.194676421484779,
      11.173112660626614,
      11.183307181004482,
      11.144962059614642,
      11.169849027363664,
      11.179982811729559,
      11.224085202727197,
      11.165860682162513,
      11.176274418251127,
      11.188870649039801,
      11.131667368977858,
      11.137273668039574,
      11.199089822209638,
      11.167839696800911,
      11.20416119635227,
      11.155733918815857,
      11.151597731281894,
      11.149898546730714,
      11.173006692695632,
      11.18292077349229,
      11.21580568396698,
      11.133255810079103,
      11.163979471342019,
      11.155950177910096,
      11.166051172446123,
      11.132687321827417,
      11.153519702857281,
      11.222623534706631,
      11.135460436692771,
      11.131758160165784,
      11.208602940576458,
      11.21985505371833,
      11.09534873389605,
      11.11380371308618,
      11.171602293692928,
      11.195413788063256,
      11.17419092072231,
      11.15663691503029,
      11.186681116878727,
      11.184427072984352,
      11.162496845587826,
      11.141512974229542
    ],