{
  "config": {
    "seed": 42,
    "bs_train": 16,
    "bs_test": 4,
    "batches": 100,
    "epochs": 100,
    "early_stopping": 10,
    "checkpoints": null,
    "lr": 0.0005,
    "print_every": 100,
    "h_dim": 256,
    "z_dim": 5,
    "betas": [
      0.1,
      0.1
    ],
    "kw": {},
    "RTplot": false,
    "out_dir": "./results/Res3/",
    "run_name": "MEGA_RUNbs_16lr_0.0005h_256z_5s_0.9",
    "x_sigma2": 0.9
  },
  "results": {
    "num_epochs": 0,
    "train_loss": [
      0.5750701179107031,
      0.32977908353010815,
      0.33483765373627344,
      0.32940651575724283,
      0.31640487164258957,
      0.3176201179623604,
      0.3121719981233279,
      0.3155636141697566,
      0.3122671768069267,
      0.31058548589547474,
      0.3103238433599472,
      0.3065628891189893,
      0.3053390036026637,
      0.29895836661259334,
      0.29994966139396034,
      0.29243107289075854,
      0.2864206925034523,
      0.2895433361331622,
      0.2878693809111913,
      0.28612341433763505,
      0.2846121350924174,
      0.28148900469144184,
      0.2770477299888929,
      0.27729006807009376,
      0.27783176948626837,
      0.2770653729637464,
      0.27804907808701196,
      0.26854503750801084,
      0.27186693201462425,
      0.26334419548511506,
      0.26160729775826136,
      0.2657708202799161,
      0.2645533641179403,
      0.2619449262817701,
      0.2666164696216583,
      0.26244660913944245,
      0.2589150925477346,
      0.25503721783558525,
      0.25502943644920983,
      0.2608783781528473,
      0.2631954903403918,
      0.2487289562821388,
      0.2525971641143163,
      0.26062985161940255,
      0.2573368281126022,
      0.25639340629180274,
      0.25223974833885826,
      0.25823247780402503,
      0.2480360468228658,
      0.2518132522702217,
      0.25099360148111977,
      0.2566287179787954,
      0.24958209345738094,
      0.24929715643326442,
      0.24716311395168306,
      0.25324828177690506,
      0.2523257628083229,
      0.24015141129493714,
      0.25323934058348335,
      0.24444715032974879,
      0.24813400954008102,
      0.2528442323207855,
      0.25389747073252994,
      0.24093020111322402,
      0.24493509183327358,
      0.25110536615053813,
      0.24903861383597056,
      0.24382314731677374,
      0.24251257131497064,
      0.24260010272264482,
      0.24878290593624114,
      0.2457525019844373,
      0.2433094451824824,
      0.23564665168523788,
      0.24398205627997716,
      0.2399253989259402,
      0.24280758847792944,
      0.23674403031667074,
      0.23710169047117233,
      0.23616326252619427,
      0.24553897678852082,
      0.23375649005174637,
      0.23905121088027953,
      0.2344517156481743,
      0.24025693585475286,
      0.23022288233041763,
      0.23017955621083577,
      0.23251944333314895,
      0.2481619323293368,
      0.23563816100358964,
      0.23324600706497828,
      0.22803803483645121,
      0.22891788582007092,
      0.2312342216571172,
      0.22674495875835418,
      0.23269441922505696,
      0.23103952606519063,
      0.2314511443177859,
      0.22624961386124293,
      0.22867739498615264
    ],
    "train_acc": [
      18.922485442237573,
      21.97579349201997,
      21.70777816430442,
      22.26484299731579,
      22.9166227759522,
      22.408513741350628,
      22.83924776422418,
      22.90570317094034,
      23.394973337516078,
      23.30742987864822,
      23.331177488285537,
      23.402769733853106,
      23.681014728306508,
      23.9025928685497,
      24.09498634418766,
      24.707459264202463,
      24.774405651309042,
      24.766399377779237,
      24.92197354111343,
      24.96962426143568,
      25.328840538710015,
      25.44671677277382,
      25.89418713860858,
      25.60195538388101,
      25.757257177335678,
      25.273183027750832,
      25.698508099810287,
      26.18567171869887,
      26.03775570261933,
      26.50908320938198,
      26.46682637009147,
      26.269078456375304,
      26.127299973191953,
      26.68522241706949,
      26.21691840727877,
      26.77491667164922,
      26.68042170453696,
      26.71504643581672,
      27.057451379314543,
      26.469170497537046,
      26.201322388977196,
      27.427135681306453,
      27.05394121918914,
      26.718794935126812,
      26.827197973592614,
      26.86699918951978,
      27.27051447112956,
      26.763682130933663,
      27.57156577348758,
      26.911082042544212,
      27.268303788913983,
      26.754148501715424,
      27.41704898367508,
      27.478789356113854,
      27.73383951628322,
      26.964985765767466,
      27.3804059922628,
      28.384211484575456,
      27.34840695388322,
      27.722500710386313,
      27.3697343017995,
      27.269917841603192,
      27.12560176290384,
      28.433764705512104,
      28.120743987483007,
      27.47256852252261,
      27.68498079416608,
      28.30432929472849,
      28.089500381834625,
      28.357503602499225,
      27.470188097327906,
      27.922968818701193,
      28.16693231399398,
      29.075652934841322,
      28.091653875089722,
      28.85980366474962,
      28.61517217506523,
      29.251875007522738,
      28.889632352432983,
      29.09676363552832,
      28.32175988863335,
      29.19721010502843,
      28.87678106140519,
      29.172478645727928,
      28.866586693253655,
      29.612122138180897,
      29.584877140392244,
      29.59930642023396,
      28.749580034222536,
      29.08441598256608,
      29.101059487739228,
      29.784449325577402,
      29.889373580041312,
      29.67809975095072,
      30.157425285740292,
      29.496170721251776,
      29.7134171909275,
      29.56254062510435,
      30.5220505155226,
      29.87413804673052
    ],