{
  "config": {
    "seed": 42,
    "bs_train": 16,
    "bs_test": 4,
    "batches": 100,
    "epochs": 100,
    "early_stopping": 10,
    "checkpoints": null,
    "lr": 0.0005,
    "print_every": 100,
    "h_dim": 128,
    "z_dim": 5,
    "betas": [
      0.1,
      0.1
    ],
    "kw": {},
    "RTplot": false,
    "out_dir": "./results/Res3/",
    "run_name": "MEGA_RUNbs_16lr_0.0005h_128z_5s_0.5",
    "x_sigma2": 0.5
  },
  "results": {
    "num_epochs": 0,
    "train_loss": [
      1.0197253108024598,
      0.5943315178155899,
      0.5930020302534104,
      0.5749357481797536,
      0.5605921824773152,
      0.5651671518882115,
      0.5703936666250229,
      0.5559263418118159,
      0.5480284005403518,
      0.5531394600868225,
      0.5368801981210709,
      0.5398017426331838,
      0.5460858672857285,
      0.5329568137725195,
      0.5543466866016388,
      0.5396486004193624,
      0.5264913330475489,
      0.5063139329353968,
      0.5158059428135554,
      0.5010856052239736,
      0.5016628861427307,
      0.4932573914527893,
      0.48994144101937614,
      0.5061875283718109,
      0.5005321025848388,
      0.47801361680030824,
      0.48545748790105187,
      0.48943855067094166,
      0.48462300101915995,
      0.4758939584096273,
      0.47847114503383636,
      0.49621104896068574,
      0.47882981101671857,
      0.4751899888118108,
      0.4831627855698268,
      0.4773584544658661,
      0.4836539377768834,
      0.4706804633140564,
      0.46232797801494596,
      0.47398878931999205,
      0.4698238919178645,
      0.4744502107302348,
      0.4765870213508606,
      0.47488174835840863,
      0.46496783991654717,
      0.46955314576625823,
      0.449695760011673,
      0.4689544459184011,
      0.4518356283505758,
      0.48351242442925774,
      0.4572884817918142,
      0.4666624108950297,
      0.4481794208288193,
      0.45716760655244193,
      0.45347495973110197,
      0.4576741933822632,
      0.45754554569721223,
      0.4525804311037064,
      0.4533387174208959,
      0.4425205886363983,
      0.4602093835671743,
      0.4516805688540141,
      0.461683906118075,
      0.4553433706363042,
      0.4561030129591624,
      0.4583172917366028,
      0.438646137714386,
      0.4369153529405594,
      0.45604387621084846,
      0.43673756619294485,
      0.436266894141833,
      0.4244010716676712,
      0.44204279482364656,
      0.4398080676794052,
      0.44909902711709343,
      0.44869089623292285,
      0.434567720691363,
      0.4494923879702886,
      0.42743659516175586,
      0.4429082055886587,
      0.4453730136156082,
      0.4404996405045191,
      0.4395220190286636,
      0.42908993860085803,
      0.4310925205548604,
      0.4229500909646352,
      0.4200903664032618,
      0.4264135827620824,
      0.4224193731943766,
      0.43102440734704334,
      0.4254265666007996,
      0.42546579738457996,
      0.42465234398841856,
      0.42736147344112396,
      0.4428328474362691,
      0.4177222281694412,
      0.4245186815659205,
      0.4263046105702718,
      0.4191974729299545,
      0.4112995952367783
    ],
    "train_acc": [
      10.153124116207941,
      11.785306698327005,
      12.095823518162465,
      12.33770356784288,
      12.444520144513344,
      12.581681593409957,
      12.595876947502717,
      12.693092906346404,
      12.9874615496246,
      12.968035655326073,
      13.186534501441376,
      13.046610628209445,
      13.265312640161891,
      13.468622445883724,
      12.882579575769208,
      12.995600958516572,
      13.494105770945321,
      13.797196355286365,
      13.756222555025664,
      14.141081495289765,
      14.109469566642527,
      14.320322644915162,
      14.483076267860604,
      13.995680158318859,
      14.301173218929014,
      14.53400761027437,
      14.319814342612109,
      14.3027406658833,
      14.413898972702116,
      14.595465149551796,
      14.567385006214515,
      14.034403288049925,
      14.886282457145606,
      14.519759235680604,
      14.403674902691533,
      14.468660415677114,
      14.551069122474065,
      14.61748910808868,
      14.931256144710048,
      14.625295911702581,
      14.660654098010804,
      14.67497310916643,
      14.558777540255019,
      14.669651310926072,
      14.912989053853838,
      14.73123602851919,
      15.18865392869742,
      14.726647152087406,
      15.246046698942468,
      14.476748113803243,
      15.054982902709718,
      14.73674910878924,
      15.311558758106841,
      14.982922290691691,
      15.146029555663736,
      15.09596665596582,
      15.070029430961128,
      15.263007512507492,
      15.202603097369373,
      15.624654804890998,
      14.992423481134324,
      15.412519951280473,
      15.07169362395389,
      15.225625377815565,
      15.125596330353952,
      15.159190078379426,
      15.666577615802327,
      15.83879849763688,
      15.163111407866362,
      15.751938596749874,
      15.644746451722504,
      16.134558871558756,
      15.554363872334859,
      15.534447391447918,
      15.35195372916844,
      15.391712780518061,
      15.821072214658399,
      15.24533167543902,
      15.935532443898337,
      15.395387941547567,
      15.484921782312828,
      15.534872394879041,
      15.691314347952567,
      15.823669446326823,
      15.797835981960432,
      16.086765860092804,
      16.089044303272107,
      15.823819091526788,
      16.058658740863763,
      15.82031646837962,
      15.967520020878306,
      15.943580361167461,
      16.041478604895374,
      15.794087593091232,
      15.753593078648217,
      16.276199945417027,
      16.064445124090707,
      15.920389865250456,
      16.289717030028402,
      16.517188832188285
    ],