{
  "config": {
    "seed": 42,
    "bs_train": 32,
    "bs_test": 8,
    "batches": 100,
    "epochs": 100,
    "early_stopping": 10,
    "checkpoints": null,
    "lr": 0.0005,
    "print_every": 100,
    "h_dim": 512,
    "z_dim": 50,
    "betas": [
      0.1,
      0.1
    ],
    "kw": {},
    "RTplot": false,
    "out_dir": "./results/Res3/",
    "run_name": "MEGA_RUNbs_32lr_0.0005h_512z_50s_0.5",
    "x_sigma2": 0.5
  },
  "results": {
    "num_epochs": 0,
    "train_loss": [
      1.754509973526001,
      0.6878698706626892,
      0.6068348566691081,
      0.5741253932317097,
      0.5514979620774587,
      0.5597951749960581,
      0.5520502249399821,
      0.5387203256289165,
      0.5525876502195994,
      0.5421436270078023,
      0.542941681543986,
      0.5364990731080373,
      0.5277241269747416,
      0.5302978157997131,
      0.5297078589598337,
      0.5238148887952169,
      0.5265870690345764,
      0.5196601967016856,
      0.5235471765200297,
      0.5190961678822835,
      0.5166300594806671,
      0.5218272686004639,
      0.5211416125297547,
      0.5081004679203034,
      0.5183819611867269,
      0.5183919668197632,
      0.5083222448825836,
      0.5009840607643128,
      0.5231424570083618,
      0.518746676047643,
      0.5340257922808329,
      0.5059832453727722,
      0.5142911116282145,
      0.5116319874922435,
      0.5129956940809886,
      0.5106090764204662,
      0.517986398935318,
      0.507208776473999,
      0.5144334733486176,
      0.5044334272543589,
      0.5095148066679637,
      0.5077921489874522,
      0.4945251286029816,
      0.5198050081729889,
      0.5038856069246928,
      0.4919266859690348,
      0.5099729756514232,
      0.4986578762531281,
      0.49008294343948366,
      0.5258634805679321,
      0.4967943032582601,
      0.49062877893447876,
      0.4898544669151306,
      0.5055058717727661,
      0.501335992415746,
      0.48814274271329244,
      0.5070340991020202,
      0.4916857063770294,
      0.49731250206629435,
      0.5012637992699941,
      0.48863837122917175,
      0.4946487446626027,
      0.502708504597346,
      0.48888320724169415,
      0.4814545392990112,
      0.4998399198055267,
      0.4966055989265442,
      0.49002227385838826,
      0.5059544622898102,
      0.48244065244992573,
      0.4935720225175222,
      0.495085742076238,
      0.47288028995196024,
      0.4770072360833486,
      0.46125953396161395,
      0.4660504082838694,
      0.47023921012878417,
      0.4559607485930125,
      0.4611002206802368,
      0.4554779589176178,
      0.4614047706127167,
      0.4777868966261546,
      0.46763889392217,
      0.4512330909570058,
      0.4610966622829437,
      0.4372603158156077,
      0.43814308047294614,
      0.46123475035031636,
      0.44086875120798746,
      0.46113587816556295,
      0.44265591303507484,
      0.4527406136194865,
      0.4430245816707611,
      0.4407220264275869,
      0.4493972361087799,
      0.44757330417633057,
      0.4572707732518514,
      0.42820216019948326,
      0.4413188358147939,
      0.4478903273741404
    ],
    "train_acc": [
      5.125529090433538,
      5.455527218190867,
      5.872824107974411,
      6.148137159527456,
      6.409450576248115,
      6.410896351244267,
      6.5323580308330085,
      6.641582445284727,
      6.491057923645256,
      6.662346342283949,
      6.614535798246283,
      6.716756527019909,
      6.702648734377777,
      6.696940490328169,
      6.748564759325392,
      6.82188985082083,
      6.8101783887988026,
      6.812037171661998,
      6.777328414250281,
      6.882844650327544,
      6.780717951534073,
      6.834998059702465,
      6.76975398233374,
      6.954923933522914,
      6.757074197881815,
      6.795142465627411,
      6.929859053571631,
      7.0564298561171075,
      6.772167663062332,
      6.839662721370288,
      6.608259755961445,
      6.884874569180301,
      6.824336419722201,
      6.884674279257378,
      6.850613548860926,
      6.844881514412506,
      6.741300826965791,
      6.933185014723115,
      6.786555589551155,
      6.9335261415576195,
      6.945347279871229,
      6.995853985492601,
      7.250720875555323,
      6.838884570120691,
      6.9788705445852095,
      7.1780767889481885,
      6.942026652771013,
      7.069512927832639,
      7.2564136581025975,
      6.6971958837428645,
      7.0094681580952445,
      7.1567304005149,
      7.176065976536215,
      6.933672558899926,
      7.003249871666654,
      7.173083692673919,
      6.954433412417782,
      7.096283714018821,
      7.05935459546907,
      6.962795719178395,
      7.152619768296545,
      7.194043288874217,
      7.0187347571399075,
      7.118580496329742,
      7.279310431485987,
      7.088139955727652,
      7.0231917773741825,
      7.138103955582066,
      6.910488765613311,
      7.208741659024968,
      7.189097578732272,
      7.064908247543702,
      7.34587492126555,
      7.310135918223734,
      7.43625908022912,
      7.466514298171098,
      7.341284429115509,
      7.5521475413481625,
      7.486182984405695,
      7.546092964436072,
      7.4646745789157505,
      7.2186345427259715,
      7.3760466577149515,
      7.500244613021684,
      7.3638680651895205,
      7.804975442464259,
      7.759204521765481,
      7.509327927294183,
      7.7566432268451875,
      7.43033359851406,
      7.655868008073932,
      7.450554937536531,
      7.693094619329075,
      7.7497404814248565,
      7.643541624918779,
      7.626530508166255,
      7.550656185244902,
      7.901655618629304,
      7.7320612356725515,
      7.61745828394967
    ],