{
  "config": {
    "seed": 42,
    "bs_train": 16,
    "bs_test": 4,
    "batches": 100,
    "epochs": 100,
    "early_stopping": 10,
    "checkpoints": null,
    "lr": 0.0005,
    "print_every": 100,
    "h_dim": 512,
    "z_dim": 20,
    "betas": [
      0.1,
      0.1
    ],
    "kw": {},
    "RTplot": false,
    "out_dir": "./results/Res3/",
    "run_name": "MEGA_RUNbs_16lr_0.0005h_512z_20s_0.9",
    "x_sigma2": 0.9
  },
  "results": {
    "num_epochs": 0,
    "train_loss": [
      0.9447117249170939,
      0.3444232185681661,
      0.3347847372293472,
      0.32660626818736394,
      0.32426468034585315,
      0.33270050485928854,
      0.3234482874472936,
      0.31804700593153634,
      0.3288359075784683,
      0.3159435197710991,
      0.31883467932542164,
      0.31164096941550573,
      0.3158993601799011,
      0.31829428573449453,
      0.31195908387502036,
      0.3165820106863976,
      0.3169920459389687,
      0.3090588351090749,
      0.30857213735580447,
      0.3075645287831624,
      0.30942927996317543,
      0.30509745677312217,
      0.30840424398581184,
      0.30347239623467126,
      0.3039833168188731,
      0.29826378424962363,
      0.2896706506609917,
      0.2928303013245265,
      0.2822812487681707,
      0.28652592450380326,
      0.28425830602645874,
      0.2783405914902687,
      0.27108449935913087,
      0.2736751769979795,
      0.2696995481848717,
      0.2674352357784907,
      0.27126320749521254,
      0.2626542533437411,
      0.2657709429661433,
      0.25984642207622527,
      0.2689517726500829,
      0.2698215986291567,
      0.2576658219099045,
      0.2586165870229403,
      0.25788330733776094,
      0.2574131339788437,
      0.252557602028052,
      0.2611684262752533,
      0.24846867173910142,
      0.2660363808274269,
      0.25339868366718293,
      0.25476559102535246,
      0.2556125099460284,
      0.25990363011757533,
      0.25511902074019116,
      0.24980343282222747,
      0.2538264070947965,
      0.25227654973665875,
      0.25310602635145185,
      0.24957264413436253,
      0.24998588860034943,
      0.24800726771354675,
      0.25050947566827136,
      0.24922175953785577,
      0.24700959424177807,
      0.24706482936938604,
      0.25675270706415176,
      0.24967802713314693,
      0.24612579892079037,
      0.24382861604293188,
      0.24983041634162267,
      0.23785672585169473,
      0.2376355215907097,
      0.24176198144753774,
      0.2360397438208262,
      0.24141298433144887,
      0.23569965859254202,
      0.24451200564702352,
      0.24070593118667602,
      0.23571726630131404,
      0.23677944093942643,
      0.2336514120300611,
      0.23510798464218777,
      0.2260755255818367,
      0.23440693765878678,
      0.23400271981954573,
      0.2351680522163709,
      0.2358178436756134,
      0.2375921035806338,
      0.2386446515719096,
      0.23161254276831944,
      0.23007409622271854,
      0.2349806527296702,
      0.2324091374874115,
      0.23240212400754293,
      0.22793352554241816,
      0.23125918954610825,
      0.2297726700703303,
      0.23230374306440355,
      0.22804392079512278
    ],
    "train_acc": [
      19.069280967268057,
      21.40910137162055,
      21.640473488038243,
      22.600095309150117,
      22.547271619711168,
      21.880005000638366,
      22.43903538876747,
      23.294160581557236,
      22.501298482747742,
      23.199953560458127,
      23.213597497902438,
      23.346102397348833,
      23.391962373234232,
      23.14490598431651,
      23.543684214381337,
      22.936594016531323,
      23.136893009895775,
      24.072924467190784,
      23.485390644854032,
      23.582935964969963,
      23.754153598369573,
      24.063419897654434,
      23.655849234804467,
      24.25926773261283,
      24.271989339131732,
      24.33905350465148,
      25.18280392303209,
      24.919169020805622,
      25.649464455920246,
      25.516713567743068,
      25.465982198746286,
      25.933077659039235,
      26.412450091616428,
      26.203092549307918,
      26.35816917969243,
      26.95361802415309,
      26.38247353041576,
      26.865931671518823,
      26.81467779113941,
      27.208177592951717,
      26.199995447027543,
      26.72832085355064,
      27.3740396111463,
      26.99828860966135,
      27.07377404012254,
      27.18561932576198,
      27.424583239242786,
      26.884454916702246,
      27.786241997893928,
      26.185538200634188,
      27.439081521802827,
      27.523336690080075,
      27.57214799925847,
      26.771942309125727,
      27.120268386670137,
      27.9205082166584,
      27.32986370962457,
      27.61484745604247,
      27.110189616789054,
      27.95753810141059,
      27.92186964376867,
      27.819346634851847,
      27.57139580776843,
      27.596664301089543,
      28.144648935751878,
      27.925179079562735,
      27.120440621338133,
      27.527984842800652,
      27.939512796462665,
      28.72172940019238,
      27.779991837746188,
      29.08433262710083,
      29.050086013537594,
      28.83897398669506,
      29.254591663923325,
      28.913563464867707,
      29.311152871248527,
      28.668674936268097,
      28.825599755344108,
      29.253288583553708,
      29.11015838055703,
      29.42669284032767,
      29.396672146980194,
      30.350905671567773,
      29.569105487706867,
      29.30935755067959,
      29.134950216670443,
      29.02518632452535,
      28.978850290385413,
      28.85751294851554,
      29.579830261989986,
      29.712683669125088,
      29.308824262315287,
      29.690247214076553,
      29.57682809801232,
      29.973791152246324,
      30.069322793944743,
      29.810187947662648,
      29.377771300592038,
      29.946121535479467
    ],