{
  "config": {
    "seed": 42,
    "bs_train": 16,
    "bs_test": 4,
    "batches": 100,
    "epochs": 100,
    "early_stopping": 10,
    "checkpoints": null,
    "lr": 0.005,
    "print_every": 100,
    "h_dim": 512,
    "z_dim": 2,
    "betas": [
      0.1,
      0.1
    ],
    "kw": {},
    "RTplot": false,
    "out_dir": "./results/Res3/",
    "run_name": "MEGA_RUNbs_16lr_0.005h_512z_2s_0.9",
    "x_sigma2": 0.9
  },
  "results": {
    "num_epochs": 0,
    "train_loss": [
      1.6966279139121374,
      0.6559914867083232,
      0.5064852893352508,
      0.4402228246132533,
      0.41483198006947836,
      0.4298826922972997,
      0.39343564013640087,
      0.38516273697217307,
      0.37206427156925204,
      0.3722332259019216,
      0.3636425862709681,
      0.3588771680990855,
      0.34867112537225087,
      0.35146394073963166,
      0.35086561044057213,
      0.34824751714865365,
      0.3429052184025447,
      0.3414149483044942,
      0.3412333140770594,
      0.33807282745838163,
      0.33829741974671684,
      0.3371056397755941,
      0.33617484867572783,
      0.33297959665457405,
      0.33092547158400215,
      0.32849397758642834,
      0.32822182178497317,
      0.3287719994783401,
      0.3249500274658203,
      0.3255194087823232,
      0.326085764169693,
      0.3250515719254812,
      0.32229439715544383,
      0.32545508941014606,
      0.322209969162941,
      0.3246515214443207,
      0.32066377997398376,
      0.32213897903760275,
      0.3198551853497823,
      0.32010695536931355,
      0.3179345627625783,
      0.31986170808474224,
      0.31859058936436974,
      0.31806506514549254,
      0.3172242452700933,
      0.31743321220080056,
      0.31762115756670634,
      0.31644847691059114,
      0.31509005824724834,
      0.31589130163192747,
      0.3141578957438469,
      0.3139943877855937,
      0.3151624411344528,
      0.3145717680454254,
      0.31426423986752827,
      0.3139525592327118,
      0.3135684182246526,
      0.31195035378138225,
      0.3123178432385127,
      0.3138522803783417,
      0.31390465795993805,
      0.31287903189659116,
      0.31121029605468115,
      0.3121824661890666,
      0.31082994043827056,
      0.31146683394908903,
      0.31140891114870706,
      0.30938376287619274,
      0.310413721203804,
      0.3104812602202098,
      0.30969180663426715,
      0.310249263048172,
      0.3102068826556206,
      0.3110797554254532,
      0.3094128866990407,
      0.30890327592690786,
      0.30930073459943136,
      0.30927831729253136,
      0.30912270744641623,
      0.30888747572898867,
      0.30856493512789407,
      0.3079112629095713,
      0.3076386014620463,
      0.3080032646656036,
      0.30842089305321374,
      0.3077831288178762,
      0.3081802472472191,
      0.30703817307949066,
      0.30911911924680074,
      0.3084792842467626,
      0.3082614948352178,
      0.3077938184142113,
      0.30795320371786755,
      0.30728195707003275,
      0.3069288005431493,
      0.30717873920996985,
      0.3067145546277364,
      0.30632753173510235,
      0.30662829081217446,
      0.3067160815000534
    ],
    "train_acc": [
      13.126349502194975,
      18.722675477831228,
      19.70304050853271,
      19.821300489528657,
      20.092744318447114,
      20.060767860858693,
      20.33363016894892,
      20.19454015522511,
      20.565922062325654,
      20.551122470963215,
      20.54561889876826,
      20.525188369449012,
      20.745350098587302,
      20.64564257371701,
      20.589706545844788,
      20.60122106826112,
      20.67199473321307,
      20.664029127096644,
      20.634402781243285,
      20.865671942043146,
      20.61160807887249,
      20.75732119460248,
      20.63247983146232,
      20.81435483604293,
      20.681868871844312,
      20.78341070357091,
      20.848451933847844,
      20.828239472057312,
      20.767104571991467,
      20.827725867743318,
      20.7912991100904,
      20.806753029422243,
      20.962045105359564,
      20.899437251753834,
      20.968449697770026,
      20.65638601804224,
      20.96810019692622,
      20.777537922431826,
      20.837842493582798,
      20.79306034073983,
      20.846200087862016,
      20.806948501127263,
      20.973136345447397,
      20.798507487335925,
      20.861902761178662,
      20.857074024276944,
      20.894613571203635,
      20.88325517299158,
      20.93515081965052,
      20.85855831371558,
      20.996116444963658,
      21.07152157194546,
      20.883437128812457,
      20.8562431225443,
      21.024696972457463,
      20.89651806202183,
      20.884417914783896,
      20.912475345424657,
      20.815144830743677,
      20.904942581915684,
      20.80212839841277,
      20.80433685622165,
      20.972765726248625,
      20.904257217537356,
      20.882601092767526,
      20.858154741807812,
      20.90571745537594,
      21.023061892324872,
      20.847481199581036,
      20.85165445979976,
      20.88761968547505,
      20.869466101869353,
      20.94223101595667,
      20.906238547205888,
      20.927934962247665,
      20.93824780170073,
      20.864259201436287,
      20.905255181927714,
      20.940297974079055,
      21.034899051412435,
      20.966059782666782,
      21.03526640782321,
      20.945954455800283,
      20.928824836375377,
      20.964113423456745,
      20.946582482289166,
      20.969525722035748,
      21.04480182245685,
      20.863346490391105,
      20.899616638557475,
      20.893610255057972,
      20.964156747672316,
      20.96480103273528,
      20.92236733304056,
      20.932608957290483,
      21.001899678174052,
      21.013956995040132,
      20.986316206339986,
      20.912488385894758,
      20.95039748025966
    ],