{
  "config": {
    "seed": 42,
    "bs_train": 32,
    "bs_test": 8,
    "batches": 100,
    "epochs": 100,
    "early_stopping": 10,
    "checkpoints": null,
    "lr": 0.0005,
    "print_every": 100,
    "h_dim": 512,
    "z_dim": 20,
    "betas": [
      0.1,
      0.1
    ],
    "kw": {},
    "RTplot": false,
    "out_dir": "./results/Res3/",
    "run_name": "MEGA_RUNbs_32lr_0.0005h_512z_20s_0.9",
    "x_sigma2": 0.9
  },
  "results": {
    "num_epochs": 0,
    "train_loss": [
      1.4998017032941182,
      0.39026927947998047,
      0.34760175744692484,
      0.33803515632947284,
      0.33278114994366964,
      0.32876987059911095,
      0.3338444471359253,
      0.3322535177071889,
      0.3296660244464874,
      0.32293167114257815,
      0.31703722874323526,
      0.3225651403268178,
      0.3206418673197428,
      0.32244070370992023,
      0.32294978300730387,
      0.3269646247227987,
      0.3177080551783244,
      0.3142621199289958,
      0.3104826629161835,
      0.31205647985140483,
      0.3215172747770945,
      0.31113357047239937,
      0.3131377895673116,
      0.3168492575486501,
      0.3128725190957387,
      0.31256987651189166,
      0.3245814124743144,
      0.30926647981007893,
      0.31747254729270935,
      0.30957284371058147,
      0.3157871186733246,
      0.3097041587034861,
      0.31496635675430296,
      0.3072361965974172,
      0.30698697566986083,
      0.30562907457351685,
      0.30431605378786725,
      0.31543638507525124,
      0.3136044144630432,
      0.302813329299291,
      0.3234538733959198,
      0.30544769565264385,
      0.30669248501459756,
      0.307734485467275,
      0.3113004336754481,
      0.3067482610543569,
      0.3104792257150014,
      0.29980912804603577,
      0.3055994788805644,
      0.30430696805318197,
      0.3047560522953669,
      0.3040631492932638,
      0.29790663917859395,
      0.299241891503334,
      0.30664931039015453,
      0.29467106858889264,
      0.28610264261563617,
      0.28083469172318776,
      0.2777569691340129,
      0.28081237971782685,
      0.2703742374976476,
      0.27253749867280325,
      0.26649299363295237,
      0.27864406208197273,
      0.27053641676902773,
      0.26297772030035654,
      0.2602962553501129,
      0.2749016135931015,
      0.2656268209218979,
      0.26538100043932594,
      0.2731291423241297,
      0.2870048423608144,
      0.2610297560691833,
      0.2707565079132716,
      0.2686265508333842,
      0.26023797194163006,
      0.2614006042480469,
      0.2612335950136185,
      0.2633094280958176,
      0.2532327632109324,
      0.27376447518666586,
      0.2675235033035278,
      0.26568084458510083,
      0.26784698069095614,
      0.274385878443718,
      0.25980680286884306,
      0.2719462235768636,
      0.2585751255353292,
      0.2607662002245585,
      0.26611384451389314,
      0.27936147451400756,
      0.2618035674095154,
      0.26188013752301537,
      0.2517863204081853,
      0.2703759878873825,
      0.2605344742536545,
      0.26440737545490267,
      0.25288702646891276,
      0.2625559131304423,
      0.26221138536930083
    ],
    "train_acc": [
      9.218712921163592,
      9.899476629680537,
      10.339195639955014,
      10.66807959451817,
      10.881059121641183,
      10.881804279687584,
      10.849970183850461,
      10.933039985950346,
      11.176756939733401,
      11.129674962851588,
      11.29002516462846,
      11.427875825594512,
      11.469860241899633,
      11.511210102578504,
      11.488854502101155,
      11.281929718790735,
      11.418292624478067,
      11.411558866446903,
      11.632841467191968,
      11.548546948023565,
      11.237803299776605,
      11.699760445564953,
      11.730279326516538,
      11.394354215208603,
      11.505113538667857,
      11.578244459374385,
      11.597586714047265,
      11.885481767038552,
      11.5094663496482,
      11.809217962694696,
      11.588807018212497,
      11.747353160805277,
      11.649132724156916,
      11.852639363960977,
      11.800930454776228,
      11.78250531749425,
      11.994280857933546,
      11.594420076511573,
      11.693041430914745,
      11.838056837657415,
      11.215188099010744,
      12.072336821049566,
      11.940912812889707,
      12.04685898374369,
      11.738529897659246,
      11.865691137725813,
      11.675836865620315,
      12.257011593607867,
      11.839782874601683,
      11.96543341999613,
      12.042516636829076,
      11.871874667906535,
      12.185481203175334,
      12.338695582037777,
      12.016478633505866,
      12.089723690663341,
      12.76483583876829,
      12.767202417944103,
      12.924754430877279,
      12.723725546254165,
      13.208212563928157,
      13.155217320130829,
      13.410075923945161,
      12.75838652233072,
      13.181465558495796,
      13.4793160441723,
      13.612819789239115,
      13.069147391693797,
      13.30469756595844,
      13.377901021430194,
      13.007606076560485,
      12.626917677447956,
      13.65786415863795,
      13.131948010146827,
      13.098990978096355,
      13.47471302237304,
      13.381188204588613,
      13.473451066532311,
      13.278731391555528,
      13.815000821243979,
      12.979057702644035,
      13.201095803149057,
      13.124304364152014,
      13.064402331830639,
      12.81376610449536,
      13.405304427987529,
      13.050418239288264,
      13.406066506292674,
      13.557427219251819,
      13.269965893422784,
      12.80936869673202,
      13.389597685547617,
      13.212779783559542,
      13.78932473021982,
      13.09051423743926,
      13.384902283960573,
      13.294836172831607,
      13.809947718332598,
      13.487445857739374,
      13.228633300577265
    ],