{
  "config": {
    "seed": 42,
    "bs_train": 32,
    "bs_test": 8,
    "batches": 100,
    "epochs": 100,
    "early_stopping": 10,
    "checkpoints": null,
    "lr": 0.0005,
    "print_every": 100,
    "h_dim": 256,
    "z_dim": 2,
    "betas": [
      0.1,
      0.1
    ],
    "kw": {},
    "RTplot": false,
    "out_dir": "./results/Res3/",
    "run_name": "MEGA_RUNbs_32lr_0.0005h_256z_2s_0.9",
    "x_sigma2": 0.9
  },
  "results": {
    "num_epochs": 0,
    "train_loss": [
      0.47101475795110065,
      0.3328814208507538,
      0.3164009610811869,
      0.3099569280942281,
      0.30871423880259197,
      0.3074424962202708,
      0.3067016820112864,
      0.306347930431366,
      0.30085944732030234,
      0.3163081506888072,
      0.3045997887849808,
      0.308625316619873,
      0.3074590464433034,
      0.31156666576862335,
      0.2974256863196691,
      0.3233078449964523,
      0.3037526289621989,
      0.2970236599445343,
      0.3041566570599874,
      0.2935605059067408,
      0.3164090275764465,
      0.30722438792387646,
      0.28235129415988924,
      0.3076251914103826,
      0.29183488388856255,
      0.28139118949572245,
      0.2815519789854685,
      0.28366275827089943,
      0.2776736209789912,
      0.2870447138945262,
      0.27577780385812123,
      0.27811285952727,
      0.2816333363453547,
      0.27684958279132843,
      0.2733240783214569,
      0.2736525466044744,
      0.27282066345214845,
      0.2698348800341288,
      0.2766441951195399,
      0.27519741654396057,
      0.2765107095241547,
      0.26935915648937225,
      0.2626566648483276,
      0.2835116187731425,
      0.25739541252454123,
      0.2698652098576228,
      0.2702216267585754,
      0.26360170940558114,
      0.26153017977873483,
      0.27590172986189526,
      0.25857393542925516,
      0.2628918250401815,
      0.2612171212832133,
      0.25818052093187965,
      0.2566688746213913,
      0.2614226092894872,
      0.2548613448937734,
      0.258127772808075,
      0.25979075332482654,
      0.26312151551246643,
      0.2506982356309891,
      0.2461109757423401,
      0.2611199637254079,
      0.2599513878424962,
      0.26260785361131034,
      0.2552731861670812,
      0.26155696908632914,
      0.248149702946345,
      0.2520582050085068,
      0.2555448045333227,
      0.24977569381395975,
      0.24742496013641357,
      0.23847629725933076,
      0.25890233119328815,
      0.26063392162322996,
      0.242452938357989,
      0.26913258532683054,
      0.23983981013298034,
      0.24526345233122507,
      0.2622071474790573,
      0.24282382925351462,
      0.24254771073659262,
      0.2479090064764023,
      0.24573865632216135,
      0.24636341134707132,
      0.2529669801394145,
      0.24115282793839773,
      0.2494457443555196,
      0.24578176538149515,
      0.2470437318086624,
      0.2419953246911367,
      0.24157635966936747,
      0.2465444286664327,
      0.25085033078988395,
      0.23777354657649993,
      0.2536122272411982,
      0.23950273295243582,
      0.23455043335755665,
      0.24288957913716633,
      0.22919818858305613
    ],
    "train_acc": [
      9.375912676614249,
      10.023779244558948,
      10.568906493380368,
      10.733184864045288,
      10.776317266217829,
      10.87118917686331,
      10.892165125878837,
      10.907600205979005,
      11.163693466682911,
      10.879983659458714,
      11.1336432738775,
      11.061976882914108,
      11.322264761318845,
      11.420127333987548,
      11.690065767143675,
      11.095244286682494,
      11.542521802774193,
      11.85744816317838,
      11.883227533544611,
      12.115759600090136,
      11.249295256306976,
      11.81913738268978,
      12.465652130283527,
      11.760727742186601,
      11.989703974821182,
      12.32069200493175,
      12.452304803624283,
      12.370220270504404,
      12.452176255105162,
      12.14915612082596,
      12.751738148612656,
      12.498906008381718,
      12.408834081495307,
      12.603226620415555,
      12.719269548205625,
      13.084741716529997,
      12.714955878635337,
      12.717570450716646,
      12.607124393960325,
      12.700828541926741,
      12.44852536802333,
      12.825261453525494,
      13.005733062241825,
      12.261895258386597,
      13.427752196793241,
      12.54816423244342,
      12.780863668573723,
      12.970598377184588,
      12.950877789136237,
      12.694195888270103,
      13.134478768706467,
      12.894162714951094,
      13.07667375442888,
      13.022742200371656,
      13.24830619418517,
      13.14499063280869,
      13.292951331051324,
      13.19201493758776,
      13.084734265700353,
      12.939153609311665,
      13.562399955575033,
      13.684859144079875,
      12.963287440772232,
      12.951218523518529,
      12.938651330348216,
      13.212045935817507,
      13.022813838377356,
      13.7170183133039,
      13.43344595677972,
      13.13538449674784,
      13.610337418164715,
      13.828192498391028,
      14.131009964665198,
      13.183501872008,
      13.039036169409849,
      14.050855697263643,
      12.95172787838142,
      14.023075519375396,
      13.953777110520898,
      12.995320659048664,
      13.983055231775847,
      13.846860212785677,
      13.577630433290587,
      13.737626561607337,
      13.7307368893181,
      13.34619199839778,
      14.096464444418888,
      13.74752547889273,
      13.729617263752273,
      13.795593566046911,
      13.96912273501466,
      14.051707781258514,
      13.778545596265387,
      13.570092035240236,
      14.112474282339093,
      13.399751278202377,
      14.106560145531134,
      14.292610865851788,
      13.872873030383948,
      14.68462449053815
    ],