{
  "config": {
    "seed": 42,
    "bs_train": 16,
    "bs_test": 4,
    "batches": 100,
    "epochs": 100,
    "early_stopping": 10,
    "checkpoints": null,
    "lr": 0.01,
    "print_every": 100,
    "h_dim": 512,
    "z_dim": 5,
    "betas": [
      0.1,
      0.1
    ],
    "kw": {},
    "RTplot": false,
    "out_dir": "./results/Res3/",
    "run_name": "MEGA_RUNbs_16lr_0.01h_512z_5s_0.9",
    "x_sigma2": 0.9
  },
  "results": {
    "num_epochs": 0,
    "train_loss": [
      2.821556051572164,
      0.9228846073150635,
      0.8016346007585525,
      0.7395943343639374,
      0.716732927163442,
      0.6971894224484761,
      0.6930112103621165,
      0.6729287266731262,
      0.6555148253838221,
      0.6384610533714294,
      0.6316487491130829,
      0.6317388077576955,
      0.6331161737442017,
      0.6302962104479471,
      0.6314085056384404,
      0.6311903913815816,
      0.6310392657915751,
      0.6294148375590642,
      0.6296729723612468,
      0.6295014808575312,
      0.6310052086909612,
      0.6305483162403107,
      0.6299967487653096,
      0.6307081709305445,
      0.6306050340334575,
      0.6298026661078135,
      0.6297103583812713,
      0.6303352018197378,
      0.630951405564944,
      0.6300971786181132,
      0.6297149300575257,
      0.6296712517738342,
      0.6315208464860916,
      0.6304133693377177,
      0.6302663296461105,
      0.6308112899462383,
      0.6304479440053304,
      0.6301726897557577,
      0.6297620058059692,
      0.6303275962670644,
      0.6301474273204803,
      0.6298757394154867,
      0.6301777134339015,
      0.6307222574949265,
      0.6297392060359319,
      0.6301717768112819,
      0.6300264368454616,
      0.6296911557515462,
      0.6296263078848521,
      0.6299836685260137,
      0.6290845026572546,
      0.6299293160438537,
      0.6299061785141628,
      0.6299013376235962,
      0.62979756295681,
      0.6301468491554261,
      0.6309786647558212,
      0.6303717076778412,
      0.6305018424987793,
      0.6289841890335083,
      0.6299119432767232,
      0.6302278975645701,
      0.6304606288671494,
      0.6301415224870046,
      0.6300822933514912,
      0.6296864151954651,
      0.6292251487572987,
      0.6293469289938609,
      0.6291535049676895,
      0.6296562771002452,
      0.628702911734581,
      0.6299001306295395,
      0.6302931845188141,
      0.6291400194168091,
      0.6301848103602727,
      0.6295428196589152,
      0.6289929608503978,
      0.62890365421772,
      0.6298583130041758,
      0.630192698041598,
      0.6297931611537934,
      0.6306831359863281,
      0.6305886626243591,
      0.6296068171660105,
      0.6297310123840968,
      0.6301529228687286,
      0.6293625563383103,
      0.6298243016004562,
      0.629182564218839,
      0.6301065713167191,
      0.6293498714764912,
      0.6297477136055628,
      0.628842149178187,
      0.6300788849592209,
      0.6306897024313609,
      0.6297240873177846,
      0.6292599221070607,
      0.6299176494280497,
      0.6300268252690633,
      0.6298551072676977
    ],
    "train_acc": [
      10.639881725546932,
      10.087421232665363,
      10.19783138799999,
      10.214293927507605,
      10.108049380005498,
      10.094663552384366,
      10.13680313315332,
      10.153263045470315,
      10.099352550726143,
      10.13438095411277,
      10.126610403516564,
      10.152202016585056,
      10.114947663363838,
      10.123721996394252,
      10.157551926960654,
      10.089742193394985,
      10.12230419200581,
      10.202911925569847,
      10.142667344062813,
      10.222386343150262,
      10.17057943249766,
      10.117689707716806,
      10.177344928125338,
      10.105745130633524,
      10.148550491653278,
      10.130405736759949,
      10.136083928141428,
      10.114832809678854,
      10.098300328909641,
      10.105969983317488,
      10.11823478387825,
      10.155059369308015,
      10.178114031804427,
      10.114298798829678,
      10.151192852612601,
      10.118188006595568,
      10.135440459625983,
      10.181406699969052,
      10.106868410347612,
      10.134865057685102,
      10.151875444840877,
      10.138073351247046,
      10.222994625338917,
      10.100520218253612,
      10.177444182498933,
      10.154152989348566,
      10.162485418279013,
      10.07675132688587,
      10.206926733426762,
      10.14961424578338,
      10.117004362738266,
      10.106899610751546,
      10.124364606562382,
      10.128970984407136,
      10.147543267032678,
      10.152078251272675,
      10.214093103088096,
      10.140004738634513,
      10.090069633951861,
      10.192162059568407,
      10.06833032307992,
      10.13900718193654,
      10.19447018474928,
      10.17180434457032,
      10.181200465212585,
      10.196763741010775,
      10.111003810379398,
      10.129492077348912,
      10.195777848672073,
      10.133675749446219,
      10.215183486412384,
      10.113940469640351,
      10.177387992049411,
      10.13066022852112,
      10.195297445948999,
      10.146432222629794,
      10.203998157832546,
      10.18897527721523,
      10.119427509370748,
      10.162261746601457,
      10.172470636927251,
      10.075330037741784,
      10.152557448988865,
      10.089177228294645,
      10.223596418976843,
      10.202491438770734,
      10.144533233596421,
      10.224091329126137,
      10.16310070152868,
      10.122573155196749,
      10.140194144446749,
      10.201223430574695,
      10.134543930310318,
      10.1318214811822,
      10.188091912020177,
      10.148467594271233,
      10.158495373383717,
      10.088211479969006,
      10.14085926277646,
      10.142026005541661
    ],