{
  "config": {
    "seed": 42,
    "bs_train": 32,
    "bs_test": 8,
    "batches": 100,
    "epochs": 100,
    "early_stopping": 10,
    "checkpoints": null,
    "lr": 0.0005,
    "print_every": 100,
    "h_dim": 256,
    "z_dim": 20,
    "betas": [
      0.1,
      0.1
    ],
    "kw": {},
    "RTplot": false,
    "out_dir": "./results/Res3/",
    "run_name": "MEGA_RUNbs_32lr_0.0005h_256z_20s_0.5",
    "x_sigma2": 0.5
  },
  "results": {
    "num_epochs": 0,
    "train_loss": [
      2.5497363567352296,
      0.6776360988616943,
      0.6024762431780497,
      0.5932776689529419,
      0.5882103403409322,
      0.5705010970433553,
      0.5817102372646332,
      0.5787199060122172,
      0.5602689206600189,
      0.5712072432041169,
      0.5595563809076946,
      0.5625880161921183,
      0.5406733135382334,
      0.5692321042219798,
      0.5709740142027537,
      0.5662076930205028,
      0.5551636755466461,
      0.5526513238747914,
      0.5568830947081248,
      0.5427382866541545,
      0.5359987437725067,
      0.5574914813041687,
      0.5563752830028534,
      0.5371588190396627,
      0.5411822736263275,
      0.5490499099095663,
      0.5242179453372955,
      0.5447817067305247,
      0.530797827243805,
      0.5325754741827647,
      0.5347915987173716,
      0.537562362353007,
      0.5572746634483338,
      0.5233595073223114,
      0.5211786349614461,
      0.4914326628049215,
      0.49555439750353497,
      0.49150928457578025,
      0.5005013763904571,
      0.4817066391309102,
      0.4906835436820984,
      0.4615540246168772,
      0.4825412730375926,
      0.49583781162897744,
      0.48159908056259154,
      0.45925165017445885,
      0.47311744292577107,
      0.47120797634124756,
      0.4640207091967265,
      0.47319145798683165,
      0.4612222254276276,
      0.4743165910243988,
      0.45107014377911886,
      0.4916167199611664,
      0.46346076925595603,
      0.46579765280087787,
      0.46312360366185507,
      0.45720338026682533,
      0.4615664819876353,
      0.4595177710056305,
      0.4511136293411255,
      0.46371520360310875,
      0.43891640901565554,
      0.4610930363337199,
      0.4605324864387512,
      0.45144786437352497,
      0.4501297732194265,
      0.4615546425183614,
      0.4515466531117757,
      0.44273170828819275,
      0.4396761178970337,
      0.4414260149002075,
      0.45361111958821615,
      0.44363968769709267,
      0.4340894182523092,
      0.4306400895118713,
      0.450402428706487,
      0.4473001698652903,
      0.43293686509132384,
      0.43745357592900597,
      0.4350607136885325,
      0.4451254367828369,
      0.43048004309336346,
      0.43413756489753724,
      0.42707216342290244,
      0.436855153242747,
      0.4276010851065318,
      0.4445678532123566,
      0.4268041888872782,
      0.4281095465024312,
      0.44997637867927553,
      0.42227306763331096,
      0.4311037520567576,
      0.4263147711753845,
      0.43540784319241843,
      0.420915553967158,
      0.4396722952524821,
      0.43283601601918537,
      0.41965203086535136,
      0.41668317119280496
    ],
    "train_acc": [
      4.986996682393308,
      5.21444272624879,
      5.67302414518458,
      5.815810440137864,
      5.823904755031885,
      6.054164131041282,
      6.024254954333463,
      6.071556280305046,
      6.313491076209073,
      6.230062105744753,
      6.1955633091173725,
      6.311881813212188,
      6.5687381358502215,
      6.33775631074642,
      6.264613827965151,
      6.344307795951039,
      6.3169776652326455,
      6.494421634520123,
      6.492144380202676,
      6.582507277001911,
      6.632095120077713,
      6.450890517613037,
      6.419252998755916,
      6.635610776410961,
      6.602796075599079,
      6.435790002036527,
      6.7474659254075435,
      6.6076889308605535,
      6.7421482882830155,
      6.7316860380877745,
      6.668717062698086,
      6.772418239192876,
      6.612414830306077,
      6.753698372372854,
      6.616014498774685,
      7.095876847154231,
      7.066856865984326,
      7.130838891350782,
      6.925223020084479,
      7.301090844498798,
      7.126664322866468,
      7.491273116988294,
      7.263397297935691,
      7.050805729423729,
      7.24222339806975,
      7.605852402676455,
      7.3881244701737785,
      7.415941097531337,
      7.45214035263929,
      7.373417744097332,
      7.539624515433113,
      7.266525524903447,
      7.6645647068963285,
      7.086850769729015,
      7.423804382660367,
      7.454884780541017,
      7.421729688540979,
      7.521910605924002,
      7.566909872238919,
      7.448871620914326,
      7.622339635421374,
      7.510181371732241,
      7.72082959071456,
      7.5661264351248505,
      7.527557885286806,
      7.644143337936516,
      7.644585132690269,
      7.461561550658638,
      7.60070820975718,
      7.709081886987846,
      7.791546962631551,
      7.679536046632272,
      7.5593378688469555,
      7.683434647026452,
      7.875355581046139,
      7.903890742652018,
      7.554170863492539,
      7.691393292757801,
      7.926281096884363,
      7.858714069426253,
      7.83495936984114,
      7.685457027967559,
      7.933928764280696,
      7.833682597342877,
      8.012388686309997,
      7.822647360378581,
      8.02966831047615,
      7.829323196616092,
      8.024410005760876,
      7.935953273063698,
      7.691421225069332,
      8.037399543230352,
      7.961229988965865,
      7.99536709337798,
      7.905880520919809,
      8.034464630040846,
      7.80780783927679,
      7.870331947822669,
      8.132257715738568,
      8.18182755983456
    ],