{
  "config": {
    "seed": 42,
    "bs_train": 32,
    "bs_test": 8,
    "batches": 100,
    "epochs": 100,
    "early_stopping": 10,
    "checkpoints": null,
    "lr": 0.0005,
    "print_every": 100,
    "h_dim": 128,
    "z_dim": 50,
    "betas": [
      0.1,
      0.1
    ],
    "kw": {},
    "RTplot": false,
    "out_dir": "./results/Res3/",
    "run_name": "MEGA_RUNbs_32lr_0.0005h_128z_50s_0.5",
    "x_sigma2": 0.5
  },
  "results": {
    "num_epochs": 0,
    "train_loss": [
      1.7096630811691285,
      0.8536707202593485,
      0.7144726753234864,
      0.642827860514323,
      0.629958434899648,
      0.6038283129533132,
      0.5806069393952688,
      0.5738859911759694,
      0.5769611954689026,
      0.5692701081434886,
      0.5778194348017375,
      0.5593961477279663,
      0.5589286108811696,
      0.5503847221533458,
      0.5461791932582856,
      0.530712874730428,
      0.5559450566768647,
      0.5567199369271596,
      0.5323131382465363,
      0.5280296782652537,
      0.5379530390103658,
      0.5278977612654369,
      0.5327229777971904,
      0.523836467663447,
      0.51469699939092,
      0.5220770557721456,
      0.5033781309922536,
      0.5360434432824452,
      0.519203253587087,
      0.5249747991561889,
      0.5102334956328074,
      0.5149887541929881,
      0.5022498349348704,
      0.49670915603637694,
      0.5022499223550161,
      0.4928557654221853,
      0.49092819492022194,
      0.4865942974885305,
      0.49098005493481955,
      0.4792477826277415,
      0.4813680748144786,
      0.48024818698565164,
      0.485892911752065,
      0.48851516445477805,
      0.471372660001119,
      0.4642093996206919,
      0.4753819704055786,
      0.46266254782676697,
      0.46526885628700254,
      0.4658078968524933,
      0.4637308875719706,
      0.46639057795206706,
      0.45461706320444745,
      0.4494642078876495,
      0.45329956809679667,
      0.46260637044906616,
      0.4357731819152832,
      0.44334707260131834,
      0.43866419792175293,
      0.45416949192682904,
      0.44604370594024656,
      0.4540287892023722,
      0.43671614726384483,
      0.4530983368555705,
      0.41960519750912983,
      0.4284285406271617,
      0.4332570254802704,
      0.4245698014895121,
      0.42385961214701334,
      0.4219988763332367,
      0.42424474557240804,
      0.41627999941507976,
      0.4231486837069193,
      0.4195197920004527,
      0.41606407761573794,
      0.41693812410036724,
      0.40524236957232157,
      0.42776261965433754,
      0.41512826283772786,
      0.41465301712354025,
      0.4121312141418457,
      0.4062245269616445,
      0.4098656078179677,
      0.41120304067929586,
      0.4085890690485636,
      0.40063347220420836,
      0.4072587807973226,
      0.41579218904177345,
      0.4107755204041799,
      0.4022743086020152,
      0.3992471476395925,
      0.4085600018501282,
      0.41258001724878945,
      0.3981025238831838,
      0.41454769372940065,
      0.4099346021811167,
      0.3962932050228119,
      0.4117188970247904,
      0.3927831689516703,
      0.38330227732658384
    ],
    "train_acc": [
      5.132019524409674,
      5.424343554659992,
      5.59806800965936,
      5.991944633665982,
      6.13485560801641,
      6.225548934873236,
      6.486217721622572,
      6.529056575742235,
      6.49931959547845,
      6.628140349255927,
      6.314837779438002,
      6.607589610427165,
      6.548951427795695,
      6.704485200411062,
      6.700383017052953,
      6.860474312795758,
      6.57907985046606,
      6.506168910649531,
      6.796437383152265,
      6.979014188747531,
      6.674263241040327,
      6.8956792267421765,
      6.820253432771799,
      6.954570076860255,
      6.988928206740904,
      6.958925489979493,
      7.103887475596155,
      6.766938688181538,
      6.853363748151605,
      6.878330377880839,
      6.9876246175458405,
      6.976440100789621,
      7.106758498663416,
      7.171604221358017,
      7.122494701189796,
      7.238601689402277,
      7.208881464106731,
      7.210555664550028,
      7.233854778146026,
      7.409784581195016,
      7.305573400931832,
      7.284425731587057,
      7.256660659097386,
      7.264299291325166,
      7.457347122109393,
      7.604410465264707,
      7.419235018320692,
      7.596464017692172,
      7.524760193441669,
      7.499009558452728,
      7.587540032353354,
      7.487939594169218,
      7.656074197406894,
      7.781300538241543,
      7.695318262337395,
      7.593858408739341,
      8.025765113740267,
      7.887725647524334,
      7.9923882858263084,
      7.700481338837391,
      7.827258656287777,
      7.79961086896863,
      8.020154107893026,
      7.719231957175379,
      8.328046949648645,
      8.156315193637946,
      8.251944876383552,
      8.220026766430836,
      8.295812510453011,
      8.281769091057011,
      8.347325388560435,
      8.420128625679911,
      8.337647909506416,
      8.316760084218984,
      8.412495653290332,
      8.44308547621022,
      8.644029401532258,
      8.263494545030866,
      8.45727893268695,
      8.552717048774104,
      8.44854944698297,
      8.662406760692834,
      8.616486684975317,
      8.616844515304921,
      8.678536730978069,
      8.760328112514957,
      8.609900687248832,
      8.36811395312903,
      8.521038553989861,
      8.753384323796237,
      8.766919185484154,
      8.596700900949402,
      8.578362043478581,
      8.822073022571805,
      8.542055507896668,
      8.491975690164068,
      8.83427462378264,
      8.546565627506993,
      8.859583324527442,
      9.115225263733922
    ],