{
  "config": {
    "seed": 42,
    "bs_train": 32,
    "bs_test": 8,
    "batches": 100,
    "epochs": 100,
    "early_stopping": 10,
    "checkpoints": null,
    "lr": 0.005,
    "print_every": 100,
    "h_dim": 512,
    "z_dim": 5,
    "betas": [
      0.1,
      0.1
    ],
    "kw": {},
    "RTplot": false,
    "out_dir": "./results/Res3/",
    "run_name": "MEGA_RUNbs_32lr_0.005h_512z_5s_0.9",
    "x_sigma2": 0.9
  },
  "results": {
    "num_epochs": 0,
    "train_loss": [
      1.719064231713613,
      1.1257975101470947,
      0.7664377252260844,
      0.6262611607710521,
      0.5446361800034841,
      0.5584580699602762,
      0.44807599584261576,
      0.43687936862309773,
      0.42567206819852194,
      0.40971238215764366,
      0.40955972075462344,
      0.39385997255643207,
      0.3847632090250651,
      0.3874281108379364,
      0.37958674430847167,
      0.36821725567181907,
      0.3936459541320801,
      0.37871472040812176,
      0.37152221202850344,
      0.36466606259346007,
      0.3602315326531728,
      0.35384857654571533,
      0.3563213030497233,
      0.35478203296661376,
      0.35159151752789813,
      0.3543997287750244,
      0.3485531985759735,
      0.3464119116465251,
      0.3435103237628937,
      0.34498605132102966,
      0.34388084610303243,
      0.3464765230814616,
      0.34407636324564617,
      0.3406567335128784,
      0.3405656556288401,
      0.3379281222820282,
      0.3391029715538025,
      0.3399495402971903,
      0.3393271565437317,
      0.3359775483608246,
      0.3342117786407471,
      0.3335697074731191,
      0.3354925036430359,
      0.33528507550557457,
      0.333452045917511,
      0.3298329909642537,
      0.33073771794637047,
      0.3276449223359426,
      0.3278121590614319,
      0.32875407934188844,
      0.32773630023002626,
      0.32671016653378804,
      0.3253791848818461,
      0.3248827397823334,
      0.32368941108385724,
      0.32410618861516316,
      0.3233590483665466,
      0.325456972916921,
      0.3247687617937724,
      0.32348851958910624,
      0.3233308096726735,
      0.32045528292655945,
      0.32390967607498167,
      0.3207772135734558,
      0.3207676410675049,
      0.3192079822222392,
      0.32183281779289247,
      0.32011642257372536,
      0.3218993286291758,
      0.32016550898551943,
      0.31989718675613404,
      0.3200738370418549,
      0.31922415892283124,
      0.3198181768258413,
      0.3206948161125183,
      0.3190346459547679,
      0.3191129704316457,
      0.31929542422294616,
      0.31856035590171816,
      0.31960904200871787,
      0.3203450679779053,
      0.3187492708365122,
      0.3186144212881724,
      0.31843594908714296,
      0.31835565765698753,
      0.3175578157107035,
      0.3185306449731191,
      0.31661984920501707,
      0.31810763279596965,
      0.3181718428929647,
      0.3177537759145101,
      0.31592458685239155,
      0.31807390650113426,
      0.31767162680625916,
      0.31657145818074545,
      0.31546451648076373,
      0.3151939531167348,
      0.3156427264213562,
      0.31740943193435667,
      0.3151558578014374
    ],
    "train_acc": [
      5.211702161013778,
      6.186437684233859,
      7.339986470179172,
      8.477727757814764,
      8.742076077217881,
      8.81238982281264,
      9.917322881350467,
      9.943422860896085,
      9.826822167324456,
      10.167520490243424,
      10.108453564591688,
      10.281338839612644,
      10.455141103517095,
      10.283592457446082,
      10.40799326136121,
      10.636260173764358,
      9.987282641066287,
      10.050432921241097,
      10.115347214417909,
      10.141307430828457,
      10.220638434182492,
      10.270238886991336,
      10.292713423884695,
      10.341803713683166,
      10.282956333182524,
      10.208604421008024,
      10.314767940791883,
      10.323227579923552,
      10.365512032650578,
      10.340266331476894,
      10.357580873183467,
      10.346167229924596,
      10.334725373780378,
      10.402750855364356,
      10.333926812379755,
      10.35557952187173,
      10.35598789823227,
      10.328817439330798,
      10.370090997001986,
      10.362408093090872,
      10.427433822103254,
      10.370560106024655,
      10.359418131704235,
      10.371668871229195,
      10.386192278063865,
      10.411443594612866,
      10.35823737287546,
      10.423762910519423,
      10.393101196447665,
      10.405572527774556,
      10.392587317794975,
      10.323772936361662,
      10.416633941299098,
      10.408187899641067,
      10.441341263242304,
      10.38576469991364,
      10.448995036937978,
      10.44001622985165,
      10.415500251134139,
      10.396072893312253,
      10.416416831630203,
      10.440718933035269,
      10.359913281483278,
      10.42120461825383,
      10.454696072958896,
      10.4295946814531,
      10.369598935904152,
      10.404184330789057,
      10.398070004207609,
      10.453627920121596,
      10.416661806267458,
      10.430937044227457,
      10.440765709929257,
      10.39709492456363,
      10.416031458029364,
      10.40597493234955,
      10.393257779567376,
      10.401449501908688,
      10.435914260405676,
      10.418957693689542,
      10.39503867219988,
      10.434959708702031,
      10.401977395586997,
      10.481209765831004,
      10.441520757049958,
      10.393423025596027,
      10.409218122242317,
      10.430528346171801,
      10.3950974245569,
      10.407691461817581,
      10.402598006901368,
      10.435669196283728,
      10.390872292321074,
      10.411605078810846,
      10.414264845921199,
      10.427077497978862,
      10.465097053920239,
      10.422364310530224,
      10.401042988341096,
      10.482574244145368
    ],