{
  "config": {
    "seed": 42,
    "bs_train": 16,
    "bs_test": 4,
    "batches": 100,
    "epochs": 100,
    "early_stopping": 10,
    "checkpoints": null,
    "lr": 0.005,
    "print_every": 100,
    "h_dim": 512,
    "z_dim": 5,
    "betas": [
      0.1,
      0.1
    ],
    "kw": {},
    "RTplot": false,
    "out_dir": "./results/Res3/",
    "run_name": "MEGA_RUNbs_16lr_0.005h_512z_5s_0.5",
    "x_sigma2": 0.5
  },
  "results": {
    "num_epochs": 0,
    "train_loss": [
      1.717364219824473,
      0.8244429230690002,
      0.7637672980626424,
      0.7133911073207855,
      0.6925216217835745,
      0.6752080142498016,
      0.6661920030911763,
      0.6514376839001973,
      0.646801745891571,
      0.6384826183319092,
      0.6304159919420879,
      0.6262290120124817,
      0.6231343587239583,
      0.6169697513182958,
      0.6141820847988129,
      0.6058674852053324,
      0.6094453056653341,
      0.6059512297312418,
      0.6070936600367228,
      0.597594432036082,
      0.6013930400212606,
      0.5988076984882355,
      0.5974761754274368,
      0.5956038395563762,
      0.5949931929508845,
      0.5931610743204753,
      0.5930508583784103,
      0.5910915225744248,
      0.5928873519102732,
      0.592598099509875,
      0.5923532903194427,
      0.5890394409497579,
      0.5908371428648631,
      0.5875977555910746,
      0.5873393525679906,
      0.5850342015425364,
      0.5838806509971619,
      0.5854090551535288,
      0.581848684946696,
      0.5845478783051173,
      0.5824251472949982,
      0.5830215245485306,
      0.583178699016571,
      0.5818848500649134,
      0.580126033226649,
      0.5827923595905304,
      0.5804150700569153,
      0.5804267466068268,
      0.5795749018589655,
      0.5790629297494888,
      0.5787904322147369,
      0.5780620485544204,
      0.5798254022995631,
      0.5790691783030828,
      0.5805464863777161,
      0.578664560119311,
      0.5787359237670898,
      0.5795750508705775,
      0.5793424169222514,
      0.5768863081932067,
      0.5778204888105393,
      0.5782867054144541,
      0.5764553189277649,
      0.5787495742241542,
      0.5788086851437887,
      0.5771255135536194,
      0.5759308447440465,
      0.5748584528764089,
      0.577481190363566,
      0.5743457585573196,
      0.5763640850782394,
      0.5761671086152395,
      0.5770857224861781,
      0.5745267351468404,
      0.5752455949783325,
      0.574185065428416,
      0.5756102820237478,
      0.5752401053905487,
      0.5737646708885829,
      0.5754609853029251,
      0.5746397117773692,
      0.5752977967262268,
      0.5734976728757223,
      0.5724051356315613,
      0.5733781367540359,
      0.5726653834184011,
      0.5721177806456884,
      0.5717884590228398,
      0.5709842483202616,
      0.5721772621075313,
      0.5714046965042751,
      0.5694807211558024,
      0.5703691750764847,
      0.5716812223196029,
      0.5731354971726735,
      0.5712992231051127,
      0.5725026706854502,
      0.5684927503267924,
      0.569647753238678,
      0.5680441339810689
    ],
    "train_acc": [
      7.998307758209082,
      10.634755821798267,
      10.761791751656236,
      10.92717189745339,
      10.924590131418986,
      11.0251175979583,
      10.977398590011596,
      11.018257899454069,
      11.016389876723803,
      11.017001164677916,
      11.038953475611926,
      11.066678249410094,
      11.092760426210834,
      11.171630019928273,
      11.062343316076737,
      11.139362075325142,
      11.103201005212139,
      11.093822249551176,
      11.105795461496642,
      11.219919349778936,
      11.101323003155182,
      11.123653206943093,
      11.173304402239221,
      11.126281341573224,
      11.172334142695355,
      11.14407840585673,
      11.158663783070452,
      11.161627034897505,
      11.195618169660355,
      11.14583496765624,
      11.091782720551079,
      11.194877406154601,
      11.095376712588344,
      11.173859969264532,
      11.197289584783235,
      11.104454753166968,
      11.18853619066111,
      11.152383460484579,
      11.144717400754608,
      11.133591345572661,
      11.150892184731289,
      11.136682608441207,
      11.198760680346592,
      11.148568111748263,
      11.222725667454979,
      11.113311663404941,
      11.20895672846086,
      11.13991650055806,
      11.21261679573989,
      11.193223202463473,
      11.163435277692992,
      11.232624357225355,
      11.167654125419745,
      11.1925997307666,
      11.125341011903792,
      11.204972801127868,
      11.161472551172697,
      11.138013716379433,
      11.128731635986004,
      11.186237758964147,
      11.158003674678378,
      11.131107293687535,
      11.194608805356557,
      11.148152377361043,
      11.1224657492568,
      11.180923732734964,
      11.224750327775471,
      11.265139634650657,
      11.169208162712092,
      11.223061030978563,
      11.182896825757936,
      11.156077939025828,
      11.168869414075466,
      11.165436237792095,
      11.17182498893725,
      11.159345395830604,
      11.161944714161013,
      11.14898901086901,
      11.218724134507411,
      11.149485866064188,
      11.146098958552438,
      11.140722305209168,
      11.18486413274553,
      11.161596560364046,
      11.19610958365842,
      11.138101663052183,
      11.187683979961593,
      11.221277595269935,
      11.214906597492412,
      11.180056774239743,
      11.206122435421083,
      11.22451626961179,
      11.249003227809155,
      11.144575146077708,
      11.132940012819319,
      11.13472592027968,
      11.162602848129456,
      11.191773164118892,
      11.14330236545661,
      11.212913298094556
    ],