{
  "config": {
    "seed": 42,
    "bs_train": 32,
    "bs_test": 8,
    "batches": 100,
    "epochs": 100,
    "early_stopping": 10,
    "checkpoints": null,
    "lr": 0.01,
    "print_every": 100,
    "h_dim": 512,
    "z_dim": 2,
    "betas": [
      0.1,
      0.1
    ],
    "kw": {},
    "RTplot": false,
    "out_dir": "./results/Res3/",
    "run_name": "MEGA_RUNbs_32lr_0.01h_512z_2s_0.9",
    "x_sigma2": 0.9
  },
  "results": {
    "num_epochs": 0,
    "train_loss": [
      1.829675018787384,
      1.0493755658467612,
      0.8065720637639363,
      0.834903085231781,
      0.8173921147982279,
      0.7733282327651978,
      0.7522236784299214,
      0.7366438468297323,
      0.7693106730779012,
      0.7319347063700358,
      0.7171845595041911,
      0.7123943249384562,
      0.7029332081476848,
      0.7034269173940023,
      0.6924109697341919,
      0.6938378175099691,
      0.6821844657262166,
      0.6829711318016052,
      0.6776922543843588,
      0.6776102701822917,
      0.6757241368293763,
      0.6738823254903158,
      0.6700621167818706,
      0.6706825296084086,
      0.6699748357137044,
      0.6679145455360412,
      0.6660350759824117,
      0.6632437984148661,
      0.6585148016611735,
      0.6616984883944194,
      0.6570821483929952,
      0.654906439781189,
      0.6521925131479899,
      0.6535986185073852,
      0.6512060562769572,
      0.6509803533554077,
      0.648389482498169,
      0.6493730068206787,
      0.6481659094492594,
      0.6480809251467387,
      0.648427160580953,
      0.6468242963155111,
      0.6457904179890951,
      0.647575851281484,
      0.6461493094762166,
      0.6452305674552917,
      0.6453879912694295,
      0.6449214378992717,
      0.6448686917622884,
      0.6455326716105143,
      0.6434599161148071,
      0.6441586335500081,
      0.6422731081644694,
      0.6437387188275655,
      0.6417126377423604,
      0.641568390528361,
      0.6410888314247132,
      0.6415389498074849,
      0.6417881369590759,
      0.6420763492584228,
      0.6406265576680501,
      0.6403047720591227,
      0.6401084383328756,
      0.6394126693407695,
      0.6399795214335123,
      0.6392682830492655,
      0.6389281670252482,
      0.6389827132225037,
      0.6381266434987386,
      0.6395639459292094,
      0.6385026375452677,
      0.6379199783007304,
      0.6383812467257182,
      0.6376307964324951,
      0.6381975015004476,
      0.6374361713727316,
      0.6363067626953125,
      0.6365567286809285,
      0.6364961862564087,
      0.6360264619191488,
      0.6353477835655212,
      0.6356890837351481,
      0.6352523525555929,
      0.6352303504943848,
      0.6360845963160197,
      0.6362822810808818,
      0.6349716265996297,
      0.6353180527687072,
      0.6347774147987366,
      0.6349628845850627,
      0.634620479742686,
      0.6337758143742879,
      0.6339627544085185,
      0.6341296792030334,
      0.6346245169639587,
      0.634598978360494,
      0.6335282286008199,
      0.6342153628667195,
      0.6327509760856629,
      0.6336750189463297
    ],
    "train_acc": [
      4.422569517924842,
      5.02709358058278,
      5.01442748075306,
      5.0585175866556105,
      5.034483100435365,
      5.031999479925351,
      5.035080579078253,
      5.06723741335151,
      5.053529484991911,
      5.044732960503042,
      5.022710267457533,
      5.053425692188052,
      5.072631637626611,
      5.024863390995162,
      5.035427907317943,
      5.03071259025982,
      5.056044951843706,
      5.031427518515907,
      5.043503826266446,
      5.031727731997747,
      5.0313176427095385,
      5.040846399129275,
      5.026923115206738,
      5.021110146559205,
      5.039436913574445,
      5.021457672841964,
      5.066016703327466,
      5.038934032742361,
      5.0380137108815415,
      5.023323389410769,
      5.050264888582227,
      5.041101382871603,
      5.026378078794782,
      5.027712396405796,
      5.041982051210424,
      5.015824084182207,
      5.023340623971263,
      5.046514915550829,
      5.037160322170128,
      5.021668469296854,
      5.061739317721865,
      5.020060842718791,
      5.036453489140788,
      5.026085828574546,
      5.007621270045493,
      5.029354327918839,
      5.034586859842676,
      5.016585333559788,
      5.031688224060612,
      5.059358186561239,
      5.038165872305445,
      5.031655932330395,
      5.028476083019613,
      5.041376836030377,
      5.03068193752733,
      5.080212522393132,
      5.043485036410458,
      5.0343807425712725,
      5.033551825876272,
      5.029665521364238,
      5.038275389972719,
      5.045022816465253,
      5.023949861527319,
      5.064597476709184,
      5.026304006960317,
      5.047831746420208,
      5.020932213617359,
      5.0416473277249985,
      5.031633335419823,
      5.0350050777212445,
      5.037132860043779,
      5.040744874947182,
      5.036195791286907,
      5.036777350358229,
      5.018856277009078,
      5.063319157888839,
      5.041844667306543,
      5.024068254748457,
      5.031292568034818,
      5.011421154045391,
      5.042372790865226,
      5.063451520431907,
      5.046218786068279,
      5.038919031664653,
      5.038416669170553,
      5.021856758873237,
      5.0370556560018205,
      5.056669331866264,
      5.031868151574337,
      5.034684948427627,
      5.042548676353386,
      5.058608188664722,
      5.036084301216386,
      5.050556394804548,
      5.018499870044424,
      5.040829712793913,
      5.027998695506874,
      5.043168484143946,
      5.039005729688154,
      5.021864700889531
    ],