{
  "config": {
    "seed": 42,
    "bs_train": 32,
    "bs_test": 8,
    "batches": 100,
    "epochs": 100,
    "early_stopping": 10,
    "checkpoints": null,
    "lr": 0.001,
    "print_every": 100,
    "h_dim": 128,
    "z_dim": 10,
    "betas": [
      0.1,
      0.1
    ],
    "kw": {},
    "RTplot": false,
    "out_dir": "./results/Res3/",
    "run_name": "MEGA_RUNbs_32lr_0.001h_128z_10s_0.5",
    "x_sigma2": 0.5
  },
  "results": {
    "num_epochs": 0,
    "train_loss": [
      1.0133565505345663,
      0.6759342352549235,
      0.6261105219523112,
      0.6264339367548625,
      0.6063985546429952,
      0.5970714449882507,
      0.5755216360092164,
      0.5765499671300253,
      0.5817119479179382,
      0.5788153648376465,
      0.5677891453107198,
      0.5653134981791178,
      0.5713420033454895,
      0.5619290848573049,
      0.5763917783896129,
      0.5914567093054454,
      0.550381871064504,
      0.6004608611265818,
      0.5755289594332377,
      0.5668152630329132,
      0.6170682410399119,
      0.5536907255649567,
      0.5828623791535695,
      0.5494843383630117,
      0.5617836197217305,
      0.5532508174578349,
      0.5622211972872416,
      0.5224468489487966,
      0.5248939613501231,
      0.5286599576473237,
      0.5163213352362315,
      0.5129156986872355,
      0.5059074183305104,
      0.5007862468560537,
      0.4871099273363749,
      0.49946811397870383,
      0.5240622818470001,
      0.4730275551478068,
      0.5112753450870514,
      0.49028987089792886,
      0.47141842047373456,
      0.4955904960632324,
      0.5243300477663676,
      0.4838619629542033,
      0.489677631855011,
      0.4762034853299459,
      0.46072913010915123,
      0.47444851994514464,
      0.48767307798067727,
      0.48668797612190245,
      0.4764107306798299,
      0.480242923895518,
      0.4711883306503296,
      0.46623522639274595,
      0.47160398761431377,
      0.47938648064931233,
      0.45200301210085553,
      0.4714039206504822,
      0.4448837439219157,
      0.4591263155142466,
      0.4741744021574656,
      0.46917242407798765,
      0.4636057555675507,
      0.46466368436813354,
      0.4386490762233734,
      0.4309843420982361,
      0.4638865868250529,
      0.4555003345012665,
      0.43858976165453595,
      0.4537330528100332,
      0.44586525360743207,
      0.47023850679397583,
      0.459229185183843,
      0.46077961723009747,
      0.4769302546977997,
      0.45341015259424844,
      0.4562405546506246,
      0.43861632943153384,
      0.43308123548825583,
      0.4391901930173238,
      0.435905522108078,
      0.43704371253649393,
      0.43883288304011026,
      0.44160841703414916,
      0.4265920261542002,
      0.42235886851946514,
      0.44955838521321617,
      0.42504499554634095,
      0.4568072001139323,
      0.4489479184150696,
      0.4452344119548798,
      0.43974715868631997,
      0.439621114730835,
      0.42373691002527875,
      0.43942260344823203,
      0.4577587842941284,
      0.4232551912466685,
      0.410792471965154,
      0.440212885538737,
      0.4253832737604777
    ],
    "train_acc": [
      4.825168344626526,
      5.297457507504855,
      5.657141819582488,
      5.680030954824082,
      5.8156400972600695,
      5.778860739769889,
      6.015904410997552,
      5.971736959354186,
      5.984418912032353,
      6.003888019609798,
      6.050954026625511,
      6.050927494849516,
      6.04950490660031,
      6.134122423528259,
      6.101620188595955,
      6.093105231887308,
      6.325293727273303,
      6.108618797182638,
      6.156383519275537,
      6.339715827038761,
      6.132626637054295,
      6.58988835126838,
      6.372886659931089,
      6.470372749110392,
      6.487319344388907,
      6.479949290812475,
      6.642929478949267,
      6.854834029323715,
      6.8164635374991045,
      6.7818533358160495,
      6.885572874783595,
      6.809588539472528,
      7.014441135905485,
      6.954060699616255,
      7.301033515655404,
      6.960384243246687,
      6.852814644327429,
      7.380879659529866,
      7.1598017802577285,
      7.139584928611135,
      7.350864608654075,
      7.114155264292976,
      6.964975402170813,
      7.218655060210921,
      7.285605750792606,
      7.327365290003569,
      7.515501601431041,
      7.340289029212406,
      7.196402774664667,
      7.101366272928283,
      7.362109240474953,
      7.163850203344312,
      7.40434789412932,
      7.416325757168491,
      7.406203914894702,
      7.327803451409035,
      7.582447006626092,
      7.303614904611123,
      7.648630882844339,
      7.517287362700228,
      7.574414953893625,
      7.424299167216754,
      7.3921027410798725,
      7.5030549589946185,
      7.827900641788778,
      7.892242043453478,
      7.439565141332778,
      7.58728201553068,
      7.812996552283636,
      7.520224213938252,
      7.770406591259543,
      7.397915120266013,
      7.607384970387184,
      7.460181792169852,
      7.648333726669604,
      7.509864230554207,
      7.584628310563077,
      7.743508238730626,
      7.895315473146263,
      7.779785833898558,
      7.925243757754173,
      7.808051336610617,
      7.781802820772313,
      7.945534305599035,
      8.024700941913304,
      8.128725659000729,
      7.673432375576836,
      7.931394885960196,
      7.616366547939968,
      7.6446749752739045,
      7.898232746512338,
      7.688245760991961,
      7.758540007751281,
      8.020445226230123,
      7.811546536425795,
      7.824236991236775,
      8.029824550277338,
      8.181536894153663,
      7.783823371093865,
      7.939095421678334
    ],