{
  "config": {
    "seed": 42,
    "bs_train": 16,
    "bs_test": 4,
    "batches": 100,
    "epochs": 100,
    "early_stopping": 10,
    "checkpoints": null,
    "lr": 0.01,
    "print_every": 100,
    "h_dim": 256,
    "z_dim": 2,
    "betas": [
      0.1,
      0.1
    ],
    "kw": {},
    "RTplot": false,
    "out_dir": "./results/Res3/",
    "run_name": "MEGA_RUNbs_16lr_0.01h_256z_2s_0.9",
    "x_sigma2": 0.9
  },
  "results": {
    "num_epochs": 0,
    "train_loss": [
      2.505391643444697,
      0.7226959029833476,
      0.6795726348956426,
      0.6664220094680786,
      0.6577734371026357,
      0.6556098014116287,
      0.6519917150338491,
      0.6469450304905574,
      0.6459528545538584,
      0.6439239501953125,
      0.6413574119408926,
      0.638991794983546,
      0.6366201559702556,
      0.6356588582197825,
      0.6346090267101924,
      0.633637277285258,
      0.6328404784202576,
      0.6326255619525909,
      0.6321111033360164,
      0.6299926072359086,
      0.62831791639328,
      0.6294854134321213,
      0.6285319924354553,
      0.6288105487823487,
      0.6293897211551667,
      0.6283130665620168,
      0.629728623231252,
      0.628771980603536,
      0.629647453625997,
      0.6295790632565816,
      0.6286206622918447,
      0.6285863777001699,
      0.6293179333209992,
      0.6293880313634872,
      0.6290701886018117,
      0.6283855100472768,
      0.6288265685240427,
      0.6282026072343191,
      0.6278779049714406,
      0.6278095960617065,
      0.6286299983660381,
      0.6282699038585027,
      0.6287485748529434,
      0.6293150007724762,
      0.6290035158395767,
      0.6290960381428401,
      0.6288043161233267,
      0.6294946769873301,
      0.6291846632957458,
      0.6285517394542695,
      0.6291382441918055,
      0.6292546888192495,
      0.6292937695980072,
      0.6298621237277985,
      0.6283499379952748,
      0.6289340317249298,
      0.6296914696693421,
      0.6284182300170262,
      0.6287564754486084,
      0.6288440704345704,
      0.6288899709781011,
      0.6300730228424072,
      0.6284124255180359,
      0.6284651676813762,
      0.6294465959072113,
      0.6296924660603206,
      0.6286330401897431,
      0.6289904137452443,
      0.6287088920672734,
      0.6289718747138977,
      0.6285612285137177,
      0.6281962513923645,
      0.6293456027905147,
      0.6282831947008769,
      0.6294603884220124,
      0.6284942855437596,
      0.6281846046447754,
      0.6290362715721131,
      0.6289090047279994,
      0.6286446322997411,
      0.6290636181831359,
      0.628851040204366,
      0.6282079209884007,
      0.6288252433141073,
      0.6277684479951858,
      0.6286471267541249,
      0.6288145502408345,
      0.6282566318909327,
      0.6292212178309758,
      0.6289830863475799,
      0.6286512355009715,
      0.628478866815567,
      0.6280393004417419,
      0.6280992408593495,
      0.6292515377203624,
      0.6278925130764643,
      0.6281099855899811,
      0.6292411386966705,
      0.628312877813975,
      0.6286944955587387
    ],
    "train_acc": [
      10.386609914156526,
      10.236742887884422,
      10.12673864429507,
      10.169192511080292,
      10.153277483666361,
      10.174896173488248,
      10.119100449498339,
      10.19911917565011,
      10.146301809694041,
      10.083648421529203,
      10.058713306266519,
      10.2040900202619,
      10.1956432780901,
      10.109378415261045,
      10.123177404953879,
      10.148994462936562,
      10.167469956963604,
      10.098094784304497,
      10.19813328637792,
      10.157304196019684,
      10.19927534185445,
      10.107616490343961,
      10.154353509942975,
      10.156662495439798,
      10.15998394031351,
      10.14141392706594,
      10.161945451537514,
      10.089983785379326,
      10.094413856096972,
      10.123567104422472,
      10.101237473641952,
      10.143690867888735,
      10.128086934319992,
      10.138618918018931,
      10.102676533579583,
      10.134233270490087,
      10.21141688225544,
      10.14613489165552,
      10.209999756322885,
      10.1354058383121,
      10.13765103917006,
      10.17328926701208,
      10.185637848797066,
      10.154172395615431,
      10.165245859174943,
      10.14340422149221,
      10.113774163707195,
      10.192470172283409,
      10.121294435831487,
      10.138506959683701,
      10.16446758575115,
      10.115697362286811,
      10.180100991516458,
      10.180524142849992,
      10.129898788452863,
      10.17428093173153,
      10.13611535866947,
      10.153229500961764,
      10.111887334115329,
      10.150083300853424,
      10.140351700329553,
      10.193425032269438,
      10.13086356827152,
      10.159202692454485,
      10.106931658603154,
      10.148429164779087,
      10.172990271579481,
      10.136902893949458,
      10.211157348102201,
      10.138346574176222,
      10.201038549211018,
      10.156478061503266,
      10.162876971752516,
      10.14023857265514,
      10.121978173840294,
      10.172045967941607,
      10.156750899912758,
      10.177458559912123,
      10.120606258998336,
      10.149134859186317,
      10.100462271141938,
      10.192377859041752,
      10.121624136740376,
      10.109673287042193,
      10.131245514724405,
      10.156797263685002,
      10.155958586246863,
      10.158086417675753,
      10.122673153768453,
      10.132720458884313,
      10.159124718565346,
      10.156561507615432,
      10.235929803186682,
      10.166590447718034,
      10.147193900639788,
      10.143103090502334,
      10.21962382776977,
      10.12178826224723,
      10.161572374616826,
      10.147051613844996
    ],