{
  "config": {
    "seed": 42,
    "bs_train": 32,
    "bs_test": 8,
    "batches": 100,
    "epochs": 100,
    "early_stopping": 10,
    "checkpoints": null,
    "lr": 0.0005,
    "print_every": 100,
    "h_dim": 128,
    "z_dim": 2,
    "betas": [
      0.1,
      0.1
    ],
    "kw": {},
    "RTplot": false,
    "out_dir": "./results/Res3/",
    "run_name": "MEGA_RUNbs_32lr_0.0005h_128z_2s_0.5",
    "x_sigma2": 0.5
  },
  "results": {
    "num_epochs": 0,
    "train_loss": [
      0.9101654728253682,
      0.5910594264666239,
      0.5716297229131063,
      0.5673037429650625,
      0.5678111712137858,
      0.560618374745051,
      0.5518572330474854,
      0.5580523153146107,
      0.5640129665533702,
      0.5429765959580739,
      0.5586253901322683,
      0.5202082296212515,
      0.5273039897282918,
      0.545870719353358,
      0.5237656593322754,
      0.519320942958196,
      0.5293992499510447,
      0.5274370392163594,
      0.5041938265164693,
      0.5158158898353576,
      0.5002786338329315,
      0.5204367121060689,
      0.4976703643798828,
      0.5029098014036815,
      0.502639643351237,
      0.5150576591491699,
      0.49562012354532875,
      0.5045104781786601,
      0.49951287508010866,
      0.4941045145193736,
      0.4950389305750529,
      0.4953240076700846,
      0.4957185308138529,
      0.49110774596532186,
      0.4855517009894053,
      0.4933167656262716,
      0.4842835247516632,
      0.4778060793876648,
      0.4926992396513621,
      0.5054750303427379,
      0.515538748105367,
      0.4846549650033315,
      0.49775902430216473,
      0.4751679023106893,
      0.4885161856810252,
      0.4691176176071167,
      0.473083887497584,
      0.4828749239444733,
      0.4710865000883738,
      0.4865755955378214,
      0.471087904771169,
      0.46725718180338544,
      0.4842025876045227,
      0.4684835890928904,
      0.48500812451044717,
      0.4614678164323171,
      0.4632955590883891,
      0.46738531986872356,
      0.4786004324754079,
      0.4664259374141693,
      0.4748990078767141,
      0.5146109163761139,
      0.4711735824743907,
      0.4708420097827911,
      0.4903058926264445,
      0.45655357241630556,
      0.46269127130508425,
      0.4576156457265218,
      0.46253435413042704,
      0.4741261502106984,
      0.4495676517486572,
      0.4804333825906118,
      0.46653194427490235,
      0.47169267336527504,
      0.4439466734727224,
      0.44079267978668213,
      0.428294308980306,
      0.46453216870625813,
      0.491450172662735,
      0.459712419907252,
      0.4499204138914744,
      0.4390958746274312,
      0.43345692157745364,
      0.44995759924252826,
      0.45894649624824524,
      0.44369717240333556,
      0.43402059078216554,
      0.4982084155082703,
      0.45029308994611106,
      0.44674443602561953,
      0.45094921986262004,
      0.4332411746184031,
      0.4506010770797729,
      0.43823370337486267,
      0.44202664693196614,
      0.4379352827866872,
      0.4339029630025228,
      0.45281275113423664,
      0.4536867598692576,
      0.42672787308692933
    ],
    "train_acc": [
      5.052862620523165,
      5.572133331159324,
      5.82286510782487,
      5.957198460007829,
      6.013984178488643,
      6.119190760576255,
      6.294302951568386,
      6.229295030914411,
      6.34278875840018,
      6.481277211501198,
      6.416656042335471,
      6.721533029143034,
      6.641916699242232,
      6.4070191929139115,
      6.630512621391777,
      6.853512516019514,
      6.581232853032354,
      6.5770817893802045,
      6.979966215188445,
      6.737583498923128,
      6.943051950218801,
      6.807030089235985,
      7.00042206010016,
      6.907220716923951,
      7.027231217061481,
      6.857357554139806,
      7.019851371963406,
      6.952240937102283,
      6.975639123865279,
      7.049806257133742,
      7.099682657633536,
      7.065418188920894,
      7.014861678912401,
      7.139450687974229,
      7.127621437331126,
      7.050874185737069,
      7.187706620196011,
      7.216151831498491,
      7.0057255613022065,
      7.133024568911793,
      6.884345597458632,
      7.124943801421722,
      6.9329361944622985,
      7.238460285316177,
      7.128879478189787,
      7.3313825596800655,
      7.300543835954339,
      7.184512904626859,
      7.18847043089695,
      7.038531407520437,
      7.249094334815341,
      7.252126669046266,
      7.1867051673525655,
      7.429045294522841,
      7.120918261537299,
      7.360370836219034,
      7.271720300661842,
      7.293290601671976,
      7.120955552067531,
      7.273835298802912,
      7.157155433335403,
      6.975727995373438,
      7.279120572880235,
      7.2370882809539605,
      7.07828894724697,
      7.417246057999051,
      7.420705724769078,
      7.376500000603935,
      7.387605378722309,
      7.1374579386258885,
      7.484499424245366,
      7.145726107564163,
      7.325236297725426,
      7.280805468333402,
      7.627487401085293,
      7.723299978623699,
      7.831849478036072,
      7.361562959828716,
      6.977678756913829,
      7.329350114586931,
      7.554903128464031,
      7.639344115094795,
      7.743523267529643,
      7.438183898902624,
      7.518862577190678,
      7.556578159453799,
      7.689850181031924,
      7.027996303989898,
      7.53863773589093,
      7.605212327458891,
      7.607580841970719,
      7.774464943514731,
      7.546193608198419,
      7.702619074988106,
      7.703907832511256,
      7.717147336722853,
      7.783043666332012,
      7.450765911380305,
      7.463451567842225,
      7.911351369784242
    ],