{
  "config": {
    "seed": 42,
    "bs_train": 32,
    "bs_test": 8,
    "batches": 100,
    "epochs": 100,
    "early_stopping": 10,
    "checkpoints": null,
    "lr": 0.005,
    "print_every": 100,
    "h_dim": 128,
    "z_dim": 20,
    "betas": [
      0.1,
      0.1
    ],
    "kw": {},
    "RTplot": false,
    "out_dir": "./results/Res3/",
    "run_name": "MEGA_RUNbs_32lr_0.005h_128z_20s_0.5",
    "x_sigma2": 0.5
  },
  "results": {
    "num_epochs": 0,
    "train_loss": [
      2.076195502281189,
      1.2718941609064738,
      1.2481715043385824,
      1.0065078099568685,
      0.9117624600728352,
      0.8604308406511942,
      0.8401017626126607,
      0.806183930238088,
      0.7806380391120911,
      0.7762462536493937,
      0.7365638375282287,
      0.7503095904986063,
      0.7145949482917786,
      0.7202722032864889,
      0.7120006283124288,
      0.7194490273793538,
      0.7401254653930665,
      0.6966806650161743,
      0.6948167045911153,
      0.6906525095303854,
      0.6753198424975078,
      0.7048479080200195,
      0.6951567133267721,
      0.6970028003056844,
      0.6830380519231161,
      0.6826338648796082,
      0.7207056681315104,
      0.6710923333962758,
      0.6629081904888153,
      0.6531417528788249,
      0.6482220987478892,
      0.6413580417633057,
      0.6239518404006958,
      0.6345877885818482,
      0.6344650904337565,
      0.6264116207758585,
      0.6338723023732503,
      0.5999863088130951,
      0.616539184252421,
      0.6193288246790568,
      0.6002305189768473,
      0.5747525771458943,
      0.5804386377334595,
      0.5878602723280589,
      0.5977885822455088,
      0.5819440265496572,
      0.5664749244848887,
      0.5929567217826843,
      0.5701809008916219,
      0.5712651232878367,
      0.5842635273933411,
      0.5564570645491282,
      0.5661535541216532,
      0.5716250439484915,
      0.5565720677375794,
      0.5542079329490661,
      0.5337193389733632,
      0.566200214624405,
      0.5681018610795339,
      0.5462019205093384,
      0.5318300187587738,
      0.5059111018975576,
      0.5122150838375091,
      0.5162156482537588,
      0.5197188516457876,
      0.5114201168219249,
      0.5218184987703959,
      0.5321853041648865,
      0.5162534356117249,
      0.4960536698500315,
      0.5193157533804575,
      0.5055551330248514,
      0.504110982020696,
      0.5027051389217376,
      0.5034489055474599,
      0.4926909625530243,
      0.5010052224000295,
      0.48335360089937845,
      0.4777833958466848,
      0.49138424793879193,
      0.49252206087112427,
      0.48751314481099445,
      0.4878793517748515,
      0.46861613988876344,
      0.46760031779607136,
      0.4879578987757365,
      0.47416410644849144,
      0.4810978631178538,
      0.49402414162953695,
      0.48824379245440164,
      0.5286365807056427,
      0.4802589515844981,
      0.48186456561088564,
      0.49236359596252444,
      0.48605563839276633,
      0.45944111545880634,
      0.46764312585194906,
      0.4749248683452606,
      0.4866472582022349,
      0.4967107594013214
    ],
    "train_acc": [
      3.7412453575862212,
      4.729213881152793,
      4.682503168179237,
      5.209677530194782,
      5.472278764576866,
      5.537223127316181,
      5.549455574695994,
      5.592343000328749,
      5.55380208777785,
      5.58552893620751,
      5.575700263862899,
      5.6907539741758315,
      5.677583511802834,
      5.652095433861512,
      5.6791233971190405,
      5.561423859264842,
      5.440520269936175,
      5.677116979812281,
      5.673003364971097,
      5.740575022405766,
      5.676988819731117,
      5.53707885181321,
      5.642621768365632,
      5.574224188337844,
      5.72217198159855,
      5.664111319500907,
      5.4877546374037145,
      5.848196204708577,
      5.853686526677722,
      5.888759206585247,
      5.992052844906485,
      6.110962418635965,
      6.200992108322172,
      6.028783955654772,
      6.075579487509278,
      6.176550270381903,
      6.158693351431513,
      6.302454891929973,
      6.116621686318463,
      6.163774986917945,
      6.216819095558998,
      6.431688370619298,
      6.380801140256897,
      6.260393525256974,
      6.270420462080524,
      6.270186166221615,
      6.419340647806823,
      6.215147691223217,
      6.378881397913628,
      6.384905411464908,
      6.216635088701372,
      6.630262947560559,
      6.403915003020722,
      6.360888756541957,
      6.6308763236420445,
      6.6848573907065125,
      6.861857951188879,
      6.440238369497016,
      6.382158923852772,
      6.642502654563174,
      6.677381731082906,
      7.1170229121380775,
      6.9798306275186635,
      6.938109304302868,
      7.027827976790853,
      7.070412024444211,
      6.9767042903418695,
      6.874747893673336,
      6.985937478375494,
      7.137687919208633,
      6.9456505006405855,
      7.03272705196789,
      7.050660008142614,
      7.074735544412992,
      6.968130533063288,
      7.087042683072565,
      7.109369766263637,
      7.287712380867771,
      7.328351448935698,
      7.156101654699871,
      7.169420517828932,
      7.197943004486962,
      7.173673996914849,
      7.449884112404813,
      7.460184976735197,
      7.140374946912,
      7.419585305105528,
      7.293495011153577,
      7.098015722627157,
      7.293296132235526,
      7.024689446214997,
      7.384251530367795,
      7.335906551263583,
      7.2038916501931345,
      7.286796301723555,
      7.576945930627251,
      7.450498106273175,
      7.352576060060371,
      7.290046776360954,
      7.047920833929173
    ],