{
  "config": {
    "seed": 42,
    "bs_train": 16,
    "bs_test": 4,
    "batches": 100,
    "epochs": 100,
    "early_stopping": 10,
    "checkpoints": null,
    "lr": 0.005,
    "print_every": 100,
    "h_dim": 256,
    "z_dim": 5,
    "betas": [
      0.1,
      0.1
    ],
    "kw": {},
    "RTplot": false,
    "out_dir": "./results/Res3/",
    "run_name": "MEGA_RUNbs_16lr_0.005h_256z_5s_0.5",
    "x_sigma2": 0.5
  },
  "results": {
    "num_epochs": 0,
    "train_loss": [
      1.7222797532876333,
      0.862776647011439,
      0.7405404369036357,
      0.6942212204138438,
      0.6814279993375142,
      0.660873285929362,
      0.659254135688146,
      0.6489476223786672,
      0.6369719783465068,
      0.6271715998649597,
      0.6269952833652497,
      0.6179414172967275,
      0.6131767431894938,
      0.6162600497404734,
      0.6123334864775339,
      0.6079741299152375,
      0.606146565079689,
      0.6012753228346507,
      0.6005910724401474,
      0.5974410444498062,
      0.5994059622287751,
      0.5959544658660889,
      0.5961552490790685,
      0.5949964274962743,
      0.5972605009873708,
      0.5935976455609003,
      0.5925214231014252,
      0.5934968739748001,
      0.5895843466122945,
      0.5894405464331309,
      0.5878191033999125,
      0.5864084084828695,
      0.5864190171162288,
      0.5857366919517517,
      0.5854330480098724,
      0.585565772652626,
      0.5830306549866994,
      0.5840007702509562,
      0.5822165260712305,
      0.5843849877516428,
      0.5821760674317678,
      0.581979638338089,
      0.5829819788535436,
      0.5808710018793742,
      0.5798661669095357,
      0.5814000944296519,
      0.5819526980320613,
      0.5806768298149109,
      0.5811627606550852,
      0.579916587471962,
      0.5791798988978069,
      0.5791559626658758,
      0.5781105478604635,
      0.5785219093163808,
      0.5788838724295299,
      0.577254127462705,
      0.5787014911572138,
      0.5780841112136841,
      0.5786220669746399,
      0.5769068082173665,
      0.5768018851677577,
      0.5775348862012227,
      0.5760926634073258,
      0.5772471189498901,
      0.577974392970403,
      0.5751277615626653,
      0.5761027564605077,
      0.5750845541556676,
      0.5754714181025823,
      0.5741443276405335,
      0.5747804294029871,
      0.5786204238732656,
      0.5759078095356623,
      0.5749359627564748,
      0.5746646414200465,
      0.5730869114398957,
      0.5744156450033188,
      0.5734080294768016,
      0.5724034488201142,
      0.5744653930266698,
      0.5757938146591186,
      0.5726658920447032,
      0.5731113016605377,
      0.573415603240331,
      0.5731962064901988,
      0.5716547052065531,
      0.5720709174871444,
      0.5706127127011617,
      0.5728209376335144,
      0.5735711564620336,
      0.5736116280158361,
      0.5716011176506678,
      0.5754322320222854,
      0.5703625480333964,
      0.5732357571522395,
      0.5717061032851537,
      0.5724908103545506,
      0.5729354351758957,
      0.5694809973239898,
      0.5714879741271337
    ],
    "train_acc": [
      6.85919548042026,
      10.531836746165288,
      10.893756999432743,
      10.887033136761678,
      10.921579427747824,
      10.957753656248842,
      11.002338803389891,
      11.032292123775646,
      11.002310022148169,
      11.053768779723562,
      11.069023709035372,
      11.089674513933845,
      11.081173499505315,
      11.041842388868258,
      11.053554293045243,
      11.059968793174466,
      11.104154504578755,
      11.14879363509215,
      11.13920362676786,
      11.099963026998315,
      11.116321125030613,
      11.122450707683607,
      11.140040333550063,
      11.125167402889625,
      11.082744863262938,
      11.165551492203097,
      11.109678557665886,
      11.177249974510865,
      11.154536370056876,
      11.160646476967802,
      11.161657581434548,
      11.119641206050925,
      11.154971762466017,
      11.119096863390249,
      11.089159497985012,
      11.151825633690903,
      11.180133667642457,
      11.15800897767247,
      11.17005973484216,
      11.140573373630778,
      11.14640501603514,
      11.154657964321,
      11.15330934986511,
      11.164816612262527,
      11.216390421744524,
      11.192634500270415,
      11.154625574185722,
      11.130318627367513,
      11.138007568761648,
      11.165933017531488,
      11.149116596623156,
      11.147381031514271,
      11.170933561415113,
      11.204437935248928,
      11.198184641826705,
      11.171262702136568,
      11.144089722275517,
      11.164119682555723,
      11.171242683117082,
      11.167147742644055,
      11.162681254913156,
      11.15454348240531,
      11.177584815656047,
      11.14163682576136,
      11.097901833904663,
      11.204899732139614,
      11.223159811862022,
      11.22709545578777,
      11.164403653430707,
      11.18906503290622,
      11.17744004204642,
      11.083448640567967,
      11.160203169070328,
      11.155870805371357,
      11.211808679456977,
      11.236111526294183,
      11.237697088699226,
      11.222577686399111,
      11.196832473539931,
      11.175035963621811,
      11.169054699901091,
      11.173176006536693,
      11.203284988030457,
      11.15074795616209,
      11.176190812612823,
      11.257076905717057,
      11.20952456822147,
      11.250201521133693,
      11.209670519170169,
      11.169819934146071,
      11.126104495619595,
      11.258166489968499,
      11.165236199776253,
      11.195393487496297,
      11.2085062530327,
      11.18899392687576,
      11.157456609724145,
      11.13890882556296,
      11.204524449789195,
      11.183404507562011
    ],