{
  "config": {
    "seed": 42,
    "bs_train": 32,
    "bs_test": 8,
    "batches": 100,
    "epochs": 100,
    "early_stopping": 10,
    "checkpoints": null,
    "lr": 0.005,
    "print_every": 100,
    "h_dim": 256,
    "z_dim": 20,
    "betas": [
      0.1,
      0.1
    ],
    "kw": {},
    "RTplot": false,
    "out_dir": "./results/Res3/",
    "run_name": "MEGA_RUNbs_32lr_0.005h_256z_20s_0.5",
    "x_sigma2": 0.5
  },
  "results": {
    "num_epochs": 0,
    "train_loss": [
      2.282312019666036,
      1.6079878687858582,
      1.2613386909166973,
      1.163360337416331,
      1.0935737411181132,
      0.8596453070640564,
      0.8247827569643656,
      0.7845326503117879,
      0.7658120354016622,
      0.7396654764811198,
      0.7508961121241252,
      0.7169066150983174,
      0.7288482785224915,
      0.7259315331776937,
      0.7131327867507935,
      0.6941508213678996,
      0.6851413567860921,
      0.6763619581858317,
      0.6702588438987732,
      0.6707299987475077,
      0.6636338432629904,
      0.6665569186210633,
      0.6497534990310669,
      0.664741051197052,
      0.661375884215037,
      0.6431726296742757,
      0.6623043100039164,
      0.6429899056752523,
      0.6286883274714152,
      0.6677905738353729,
      0.6296154181162517,
      0.6249912063280741,
      0.6774707794189453,
      0.6447122971216838,
      0.6507338762283326,
      0.6582213163375854,
      0.6199025511741638,
      0.6110214432080586,
      0.6271892686684927,
      0.6296129743258159,
      0.6188661257425944,
      0.6145858724912008,
      0.6190011421839396,
      0.6070686539014181,
      0.5681654890378316,
      0.5978140195210775,
      0.5982826332251231,
      0.6015334765116374,
      0.5651137928167979,
      0.6029371718565623,
      0.5988644619782766,
      0.5949045360088349,
      0.5665647029876709,
      0.5796752194563548,
      0.6064057807127635,
      0.5951244235038757,
      0.5858624319235484,
      0.5797426740328471,
      0.5492426117261251,
      0.5893350521723429,
      0.5594523410002391,
      0.5466054419676463,
      0.5341662764549255,
      0.545293531815211,
      0.5387350976467132,
      0.5369495153427124,
      0.5506182471911113,
      0.5326563795407613,
      0.5414960960547129,
      0.5534098883469899,
      0.53052938580513,
      0.5124887824058533,
      0.5149348457654317,
      0.5153816878795624,
      0.5214772542317708,
      0.5083854873975118,
      0.4891550878683726,
      0.5450744171937306,
      0.49475623965263366,
      0.5226459980010987,
      0.5009534955024719,
      0.5386357188224793,
      0.5115016957124074,
      0.5109535853068033,
      0.5203009923299153,
      0.4858946780363719,
      0.5183202405770619,
      0.4952854812145233,
      0.520551590124766,
      0.48346061309178673,
      0.47911993265151975,
      0.4878856003284454,
      0.48784897923469545,
      0.4827716608842214,
      0.4820110261440277,
      0.4845763425032298,
      0.49957497119903566,
      0.504491533835729,
      0.5003613670667012,
      0.4807598570982615
    ],
    "train_acc": [
      2.697481808896873,
      3.543975310688785,
      4.338300571440434,
      4.208217154307238,
      4.7885940542574845,
      5.2124973147757965,
      5.442612641249524,
      5.561955267901292,
      5.566337981626398,
      5.598054058021086,
      5.5216028310510366,
      5.641728800188664,
      5.544238914756442,
      5.54319313260058,
      5.633913360143763,
      5.63592127362412,
      5.619200680319319,
      5.600352435565148,
      5.6281249509979565,
      5.681767164194744,
      5.640097321411185,
      5.58016950247854,
      5.70211901133287,
      5.542181621865243,
      5.582079419137322,
      5.697436184415753,
      5.526329754768281,
      5.691457782249702,
      5.786253216426689,
      5.551992341455782,
      5.696208967829577,
      5.74601366593182,
      5.484185179073159,
      5.699438302632615,
      5.767138311631807,
      5.578704830833292,
      5.743336224203296,
      5.947176426170967,
      5.856203650045506,
      5.662013724129135,
      5.796974501207166,
      5.852254613609491,
      5.809420056337508,
      5.953575894655632,
      6.282105272581802,
      6.024587250862596,
      6.07863372520335,
      6.087881436435209,
      6.3393625615834,
      6.108827615115428,
      6.051641728056157,
      6.061930856891978,
      6.283560763583506,
      6.132572655242115,
      5.8675485294841065,
      6.227608195923825,
      6.1500209564559425,
      6.214279320855261,
      6.463230034732051,
      6.211706065385575,
      6.362178558571891,
      6.475914962659133,
      6.530401412938602,
      6.433505221079148,
      6.525455297432169,
      6.474439871067381,
      6.283451508125796,
      6.52411202401955,
      6.599769418945353,
      6.476847498842974,
      6.606000809886597,
      6.703645630182924,
      6.696637729460254,
      6.690485686031904,
      6.72807717234757,
      6.823889268098792,
      7.042220578468508,
      6.444813121194861,
      6.999989416358986,
      6.62954295051515,
      6.951428800710953,
      6.5670817144623435,
      6.7468789041790105,
      6.993053835614825,
      6.652361150454013,
      7.147531915085242,
      6.793410522834529,
      6.958527491514927,
      6.685657476479895,
      7.1352320297779155,
      7.22046036147385,
      7.024691751404771,
      7.110871302644971,
      7.220924729646376,
      7.229893712093868,
      7.153333764524349,
      7.016411878083637,
      6.853876841243699,
      7.123901230002486,
      7.124275527452466
    ],