{
  "config": {
    "seed": 42,
    "bs_train": 16,
    "bs_test": 4,
    "batches": 100,
    "epochs": 100,
    "early_stopping": 10,
    "checkpoints": null,
    "lr": 0.005,
    "print_every": 100,
    "h_dim": 128,
    "z_dim": 50,
    "betas": [
      0.1,
      0.1
    ],
    "kw": {},
    "RTplot": false,
    "out_dir": "./results/Res3/",
    "run_name": "MEGA_RUNbs_16lr_0.005h_128z_50s_0.5",
    "x_sigma2": 0.5
  },
  "results": {
    "num_epochs": 0,
    "train_loss": [
      1.9919554988543193,
      1.1910830159982047,
      0.893961759408315,
      0.7768091678619384,
      0.7446663022041321,
      0.7388544718424479,
      0.725669926404953,
      0.6828362226486206,
      0.6726464847723643,
      0.6615130762259166,
      0.6509007632732391,
      0.6507711788018544,
      0.637963330745697,
      0.6338702201843261,
      0.633485562602679,
      0.6197756807009379,
      0.6480185548464458,
      0.646924247344335,
      0.6284194151560466,
      0.6364003449678421,
      0.6289008875687917,
      0.6381867269674937,
      0.6202574203411738,
      0.619397301475207,
      0.6315141161282857,
      0.5970016141732534,
      0.5850320786237717,
      0.5901762574911118,
      0.5909379661083222,
      0.5626892586549123,
      0.5997501293818156,
      0.5723666856686275,
      0.5689342230558395,
      0.5638105104366938,
      0.5600563138723373,
      0.5460640211900075,
      0.5428587973117829,
      0.5470207830270132,
      0.5418983509143194,
      0.5336078117291133,
      0.5285571287075679,
      0.5428846587737401,
      0.5216088503599167,
      0.5258242110411326,
      0.5138316829999288,
      0.5158147851626078,
      0.5110681116580963,
      0.5323859502871832,
      0.5154485901196798,
      0.511213039358457,
      0.5133979966243108,
      0.5036339034636815,
      0.5037413348754247,
      0.49451024532318116,
      0.5265419652064641,
      0.4922338664531708,
      0.4867722411950429,
      0.47981256047884624,
      0.5052964270114899,
      0.4798836718002955,
      0.47930233081181844,
      0.49490315119425454,
      0.49274877905845643,
      0.4902802586555481,
      0.48627009987831116,
      0.5031422317028046,
      0.4819760352373123,
      0.49522994458675385,
      0.48166382014751435,
      0.484502375125885,
      0.48811709781487783,
      0.48360101878643036,
      0.4676972915728887,
      0.47044434944788616,
      0.48546714584032696,
      0.47119518419106804,
      0.4811722973982493,
      0.4698742320140203,
      0.47777842581272123,
      0.4694862365722656,
      0.45875157217184703,
      0.4658296416203181,
      0.46622634331385293,
      0.45332111219565074,
      0.4586799244085948,
      0.45541624426841737,
      0.46046193738778435,
      0.46616653899351757,
      0.4469634344180425,
      0.46367262105147045,
      0.4588481307029724,
      0.454689285159111,
      0.4510220319032669,
      0.45450878838698067,
      0.45688916444778443,
      0.4533106525739034,
      0.44661536713441213,
      0.45254628360271454,
      0.4558533271153768,
      0.4455551495154699
    ],
    "train_acc": [
      6.446936403316591,
      8.561553158611538,
      10.387151864675099,
      10.964547607404414,
      11.116382586265539,
      11.078394860268016,
      11.024844070009003,
      11.152037976312357,
      11.249691734249604,
      11.322323960389879,
      11.371458224555314,
      11.228708665705541,
      11.349331241234296,
      11.40806458396276,
      11.339418136885223,
      11.422497155006239,
      11.20900239818348,
      11.222010123407136,
      11.488664342838522,
      11.396135543358701,
      11.354929143048427,
      11.28707186002343,
      11.553005937757483,
      11.394650360106011,
      11.522644557876733,
      11.751118222865658,
      12.091544967537773,
      12.162562333492819,
      12.014318641867751,
      12.724931409282929,
      12.090814203346474,
      12.431511423086361,
      12.641648888952632,
      12.632228928648932,
      12.649529815837921,
      13.190501569857995,
      13.085887920562568,
      13.06087811266159,
      13.288429771890439,
      13.4530772397354,
      13.56775727752785,
      13.393627174498857,
      13.590307550111897,
      13.597373262703954,
      14.010276861613228,
      13.807305158528724,
      13.952107076566477,
      13.638872638416998,
      13.967151463032035,
      14.069744381732422,
      13.928752399403862,
      13.975890080942067,
      14.105035572372238,
      14.166965208690312,
      13.888976734752315,
      14.343878088999817,
      14.467718316151311,
      14.674264971397708,
      14.134214573013956,
      14.617407826962314,
      14.566010901353387,
      14.231105993840307,
      14.272613992833316,
      14.336021603726728,
      14.330866347879454,
      14.089546233945484,
      14.616752129158751,
      14.247875716528414,
      14.514411289985757,
      14.426485176516906,
      14.368230549641902,
      14.356957024197637,
      14.70114110959819,
      14.792394824500867,
      14.362642742494511,
      14.765480241344987,
      14.512283353685643,
      14.684856902875875,
      14.48423611996183,
      14.990531249160277,
      15.046813400146995,
      14.884431441753224,
      14.748133419225354,
      15.251939924830033,
      15.109161829514244,
      15.240625515041641,
      14.930188923241971,
      14.812783747307305,
      15.477440532460282,
      15.00235528534466,
      15.174684329946057,
      15.120741231425214,
      15.135672128556678,
      15.223949412457003,
      15.087272568853317,
      15.135843311578903,
      15.390112990058446,
      15.209252237319978,
      15.1268509225484,
      15.402576443024675
    ],