{
  "config": {
    "seed": 42,
    "bs_train": 32,
    "bs_test": 8,
    "batches": 100,
    "epochs": 100,
    "early_stopping": 10,
    "checkpoints": null,
    "lr": 0.001,
    "print_every": 100,
    "h_dim": 256,
    "z_dim": 10,
    "betas": [
      0.1,
      0.1
    ],
    "kw": {},
    "RTplot": false,
    "out_dir": "./results/Res3/",
    "run_name": "MEGA_RUNbs_32lr_0.001h_256z_10s_0.9",
    "x_sigma2": 0.9
  },
  "results": {
    "num_epochs": 0,
    "train_loss": [
      1.1084733347098032,
      0.44726643363634744,
      0.3723503311475118,
      0.3743062337239583,
      0.3765056888262431,
      0.36273141503334044,
      0.3587482730547587,
      0.3587738255659739,
      0.36108840703964235,
      0.35721101562182106,
      0.3557243287563324,
      0.35365562041600546,
      0.3477737287680308,
      0.3485101620356242,
      0.33952216704686483,
      0.34440911213556924,
      0.34663048982620237,
      0.3407066782315572,
      0.33825328151384987,
      0.3368657688299815,
      0.33950323263804116,
      0.33448166052500405,
      0.3320981283982595,
      0.3310936510562897,
      0.3356388787428538,
      0.334500910838445,
      0.32576261162757875,
      0.32821112473805747,
      0.33340309262275697,
      0.3335561176141103,
      0.33245325485865274,
      0.3461999197800954,
      0.3398006161053975,
      0.3241583247979482,
      0.326941845814387,
      0.3221823553244273,
      0.3277740399042765,
      0.3223200380802155,
      0.3260691305001577,
      0.3274596134821574,
      0.3256373127301534,
      0.3408958872159322,
      0.33595513701438906,
      0.3316679100195567,
      0.3136996785799662,
      0.3164016087849935,
      0.3207542767127355,
      0.31990585128466287,
      0.3085119982560476,
      0.3067122141520182,
      0.2841941356658936,
      0.30870429674784344,
      0.29612646798292797,
      0.29202540616194406,
      0.298563027381897,
      0.30123084286848706,
      0.29349625706672666,
      0.2972621301809947,
      0.27538898984591165,
      0.2834390779336294,
      0.28432510693868,
      0.27834363182385763,
      0.2918867866198222,
      0.281506418188413,
      0.28644649088382723,
      0.28539646963278453,
      0.2756242940823237,
      0.2750474413235982,
      0.28548232714335126,
      0.2736581315596898,
      0.2781880388657252,
      0.2506372849146525,
      0.29065855145454406,
      0.2782049189011256,
      0.27486309011777244,
      0.26858776807785034,
      0.2727959076563517,
      0.2753118216991425,
      0.27043196856975554,
      0.27392645279566447,
      0.2538604199886322,
      0.2597891608874003,
      0.28082206745942434,
      0.2911061773697535,
      0.26476689577102663,
      0.2665824890136719,
      0.27477034032344816,
      0.24873446424802145,
      0.25810515085856117,
      0.2768608053525289,
      0.2631765256325404,
      0.26789850493272144,
      0.24959105749924979,
      0.2623261660337448,
      0.2669010063012441,
      0.26398887832959494,
      0.2604679544766744,
      0.25755297144254047,
      0.27140181660652163,
      0.2699732889731725
    ],
    "train_acc": [
      8.87696477493712,
      9.250981055636107,
      10.367724889204625,
      10.471727167428371,
      10.502938678012567,
      10.71471499259999,
      10.763561561629656,
      10.728507887380145,
      10.744448030864765,
      10.717723702791028,
      10.711092782743592,
      10.846496927192149,
      10.903178029675225,
      10.873008941287996,
      11.045078683720375,
      10.948804870211875,
      10.924230882631432,
      11.036081411651287,
      11.01092240562512,
      11.009129909436842,
      10.930495312162265,
      11.013134989601014,
      11.07989875271965,
      11.095114835259743,
      11.073321999668197,
      10.97440221487237,
      11.1853851044018,
      11.09523124162204,
      10.968952710987802,
      11.067347934783866,
      11.057213627354878,
      10.753441674306073,
      10.967800303252757,
      11.418096739819614,
      11.180709430153875,
      11.167940511422557,
      11.303945219007481,
      11.447473843611025,
      11.235895499175736,
      11.451791172599895,
      11.445689427090127,
      11.164459246108958,
      11.243723035034906,
      11.078376229543037,
      11.678634925423944,
      11.555758640455775,
      11.481902095577423,
      11.561682995537693,
      11.971754494078386,
      12.145616464106391,
      12.968072104383689,
      11.929205398272988,
      12.325008034235978,
      12.38992603894299,
      12.156420861330997,
      12.529774063629583,
      12.621589397958342,
      12.452672537128809,
      13.182759577010385,
      13.081766892205302,
      12.859433020988376,
      13.174617720433693,
      12.598517963982903,
      13.002831157825161,
      12.797879053678347,
      12.974685601093885,
      13.066929228128531,
      13.191823785587394,
      12.72021473704817,
      13.389547397620506,
      13.026670094412479,
      14.178465942164916,
      12.29613596237075,
      13.170248640125605,
      13.242349465217629,
      13.29604106033592,
      13.191105884360157,
      13.305326614237403,
      13.016319571590639,
      12.93132997535193,
      13.96066006586348,
      13.567331876093736,
      13.000780407310907,
      13.016897983482027,
      13.470510857419255,
      13.354541635674728,
      12.799755416676263,
      14.01985439896903,
      13.525800330614134,
      13.140257130705487,
      13.399385312542549,
      13.355161705393524,
      14.119786112623514,
      13.66511570780916,
      13.182349864496034,
      13.25274447501269,
      13.83124843084141,
      13.730205143840244,
      13.003641259388877,
      13.252067083743292
    ],