{
  "config": {
    "seed": 42,
    "bs_train": 32,
    "bs_test": 8,
    "batches": 100,
    "epochs": 100,
    "early_stopping": 10,
    "checkpoints": null,
    "lr": 0.01,
    "print_every": 100,
    "h_dim": 128,
    "z_dim": 10,
    "betas": [
      0.1,
      0.1
    ],
    "kw": {},
    "RTplot": false,
    "out_dir": "./results/Res3/",
    "run_name": "MEGA_RUNbs_32lr_0.01h_128z_10s_0.9",
    "x_sigma2": 0.9
  },
  "results": {
    "num_epochs": 0,
    "train_loss": [
      1.4998900334040324,
      1.1691348989804586,
      1.0142520705858866,
      0.9606142560640971,
      0.8685473243395487,
      0.5999920845031739,
      0.5502333442370096,
      0.4320334871610006,
      0.4334185361862183,
      0.43458654085795084,
      0.40088226795196535,
      0.39808437625567117,
      0.38747288584709166,
      0.384840734799703,
      0.37626426418622333,
      0.3762400567531586,
      0.3698058545589447,
      0.3736314415931702,
      0.36879414518674214,
      0.3676033814748128,
      0.3663652777671814,
      0.36562061309814453,
      0.36474988659222923,
      0.3657806118329366,
      0.35948938528696694,
      0.38097623189290364,
      0.35994672973950703,
      0.35728304982185366,
      0.35844097336133324,
      0.35805095434188844,
      0.35530215700467427,
      0.35829569697380065,
      0.356440931558609,
      0.35063938101132713,
      0.35360567371050516,
      0.35351168115933734,
      0.35209778348604837,
      0.35365997950236,
      0.35088208119074504,
      0.35291900833447776,
      0.3531667649745941,
      0.34906083941459654,
      0.35072849988937377,
      0.3500550289948781,
      0.3511394540468852,
      0.34694896737734476,
      0.34947898983955383,
      0.34576951861381533,
      0.3459628681341807,
      0.34625057180722557,
      0.3464914282162984,
      0.34520413279533385,
      0.34644668896993003,
      0.34410074750582376,
      0.3438736855983734,
      0.34553197820981346,
      0.3438144008318583,
      0.34152555267016094,
      0.3452404499053955,
      0.3410772780577342,
      0.34377092520395913,
      0.34068355957667035,
      0.33975698351860045,
      0.34165446559588114,
      0.3394467850526174,
      0.34133798281351724,
      0.3393432140350342,
      0.3405438999334971,
      0.3384216765562693,
      0.34242610732714335,
      0.33948059678077697,
      0.3384840865929922,
      0.337649397055308,
      0.3368595619996389,
      0.3360778053601583,
      0.33872671326001486,
      0.33623435298601784,
      0.3389436403910319,
      0.3353432555993398,
      0.3382492482662201,
      0.3371051331361135,
      0.33593855500221254,
      0.3361862858136495,
      0.3372448980808258,
      0.3339010258515676,
      0.33528160651524863,
      0.3349240064620972,
      0.3352890690167745,
      0.33613463044166564,
      0.33405774434407554,
      0.33329525192578635,
      0.3350608388582865,
      0.33410830100377403,
      0.3330714265505473,
      0.33412232995033264,
      0.3338030278682709,
      0.3309963623682658,
      0.33589481314023334,
      0.33131709496180217,
      0.332462086280187
    ],
    "train_acc": [
      4.62066725559791,
      4.763093424624875,
      4.941678350755305,
      4.986048730480515,
      4.872454934037613,
      7.842794493142365,
      9.279071828874146,
      9.769800661940469,
      9.825103804798715,
      9.583669594313038,
      9.736825579594765,
      9.78698619702916,
      9.895069983877821,
      9.908834611564947,
      9.88743488503048,
      9.921247087046183,
      9.91060739019429,
      9.924525256111849,
      9.91772080380331,
      9.961297943071807,
      9.941329624988757,
      9.943406585990331,
      9.919394646399292,
      9.94325348142799,
      9.920456436326596,
      9.600794441024414,
      10.013468726088767,
      9.994488469282159,
      9.977520722960564,
      9.928261470695992,
      9.94596940094576,
      9.959277367018924,
      9.914262230329456,
      9.995452606963982,
      9.932236252781315,
      9.960717204177223,
      9.943631865745798,
      9.999107715277512,
      9.98162616415466,
      9.905627537250053,
      9.953732662442745,
      9.990544075809687,
      9.993697013773442,
      9.93918416774281,
      9.949505904420347,
      10.00646687412542,
      9.988349214480538,
      9.989356426165124,
      10.028758178003713,
      9.953840403624636,
      9.97856637900123,
      9.972535090595883,
      10.022248613430524,
      10.012173383715899,
      10.008635505233617,
      9.955861224099342,
      9.981404354024008,
      9.999982319872304,
      9.985625933455111,
      9.99488373175795,
      9.940027529565581,
      9.990991426676045,
      10.02127662223467,
      10.001295675376777,
      10.01968589711685,
      9.972434182743665,
      10.002434708828833,
      9.978522497759652,
      9.989554785157353,
      9.975850384652801,
      9.989494201618601,
      10.04634997751038,
      10.00370945441953,
      10.004763710845914,
      10.047852993479415,
      10.006849395102916,
      9.9820789430198,
      9.94995333100558,
      10.020298069211456,
      9.977275408104253,
      10.033185199805823,
      9.961398540357482,
      10.024989412538917,
      9.989250206873864,
      10.017456694720131,
      9.986131177417418,
      9.979512198665567,
      9.992125633442397,
      9.946682227307136,
      10.01906426466018,
      9.965490439007585,
      10.003715355924653,
      9.977143609556672,
      9.983301664201893,
      9.991318180771177,
      9.972827184205064,
      10.036635438487375,
      9.907313557879329,
      10.005121092918028,
      9.96904425989798
    ],