{
  "config": {
    "seed": 42,
    "bs_train": 32,
    "bs_test": 8,
    "batches": 100,
    "epochs": 100,
    "early_stopping": 10,
    "checkpoints": null,
    "lr": 0.001,
    "print_every": 100,
    "h_dim": 512,
    "z_dim": 2,
    "betas": [
      0.1,
      0.1
    ],
    "kw": {},
    "RTplot": false,
    "out_dir": "./results/Res3/",
    "run_name": "MEGA_RUNbs_32lr_0.001h_512z_2s_0.9",
    "x_sigma2": 0.9
  },
  "results": {
    "num_epochs": 0,
    "train_loss": [
      0.6826185623804728,
      0.4145790000756582,
      0.3927142421404521,
      0.38127453327178956,
      0.38115708033243817,
      0.37265870968500775,
      0.36766747434933983,
      0.36270673871040343,
      0.363640171289444,
      0.35582285523414614,
      0.3536817530790965,
      0.3494048535823822,
      0.35350958903630575,
      0.34721012314160665,
      0.34511245290438336,
      0.3372814158598582,
      0.3399975419044495,
      0.33784351746241253,
      0.3385222375392914,
      0.3335629304250081,
      0.33541762828826904,
      0.3312504569689433,
      0.33225875298182167,
      0.3303964376449585,
      0.32639183004697164,
      0.3267421106497447,
      0.32370477318763735,
      0.32307775219281515,
      0.3243609666824341,
      0.31801835894584657,
      0.3247744123140971,
      0.32172353665033976,
      0.3214078446229299,
      0.31724955439567565,
      0.32042757868766786,
      0.3157422423362732,
      0.3167284588019053,
      0.3160518924395243,
      0.3195383767286936,
      0.313206946849823,
      0.3179606815179189,
      0.31434768040974936,
      0.3144586106141408,
      0.3110186537106832,
      0.31241341630617775,
      0.31335647304852804,
      0.31036964257558186,
      0.3096912364164988,
      0.31024423241615295,
      0.3086080034573873,
      0.31033579508463544,
      0.3066441098848979,
      0.309704864025116,
      0.30728073318799337,
      0.3079349915186564,
      0.3055938263734182,
      0.30623353521029156,
      0.3101982494195302,
      0.3051007608572642,
      0.30440438389778135,
      0.32561208208402,
      0.3158789445956548,
      0.3093483209609985,
      0.30633525252342225,
      0.3066171487172445,
      0.30558921694755553,
      0.3221819043159485,
      0.31976639926433564,
      0.3066618084907532,
      0.3164017458756765,
      0.3143505920966466,
      0.3137953778107961,
      0.30794876217842104,
      0.3081724981466929,
      0.30866517225901285,
      0.31901233494281767,
      0.3136315335830053,
      0.30923400819301605,
      0.3145973026752472,
      0.3111328641573588,
      0.30782445867856345,
      0.3065678417682648,
      0.305166761080424,
      0.30058613717556,
      0.2977546374003092,
      0.3148020068804423,
      0.30482452114423114,
      0.29938974579175315,
      0.3197308878103892,
      0.3068767656882604,
      0.2959763119618098,
      0.3030965228875478,
      0.3086349825064341,
      0.29058547914028166,
      0.2912343919277191,
      0.2855711877346039,
      0.29341100454330443,
      0.284342888991038,
      0.29558638532956444,
      0.2846442570288976
    ],
    "train_acc": [
      9.09504609192083,
      9.70846179306717,
      10.341653288469345,
      10.416573611818974,
      10.550249717627773,
      10.650048057356202,
      10.805933927106803,
      10.738518508244354,
      10.715072722962843,
      10.788019491267946,
      10.907783873693738,
      10.97313406488624,
      10.899753431392961,
      10.854084589640088,
      10.99056276351901,
      10.973208467259667,
      10.995303374856832,
      10.992508248043913,
      11.008470994573312,
      10.989865380465684,
      10.99620973493288,
      11.033857451730775,
      11.074008241273491,
      11.08444475260142,
      11.1224077130335,
      11.126527127138639,
      11.14628791326372,
      11.132467234764771,
      11.054268851405512,
      11.157846513596487,
      11.026685865053082,
      11.139948729624603,
      11.125663252811842,
      11.152391272099687,
      11.101886717931198,
      11.139166934317482,
      11.161157624210652,
      11.159589501699886,
      11.08845500141941,
      11.193667727945908,
      11.126232560017804,
      11.189102820364543,
      11.222680281383266,
      11.22607540164786,
      11.215439403445343,
      11.142900659505576,
      11.183115275736064,
      11.129677779155605,
      11.224667915625917,
      11.21601257813351,
      11.221610601425303,
      11.235853362885281,
      11.210504599839634,
      11.20271914392958,
      11.22968420338586,
      11.299406375403855,
      11.25281566352221,
      11.061153966276517,
      11.279719758055897,
      11.44981502846265,
      10.819655301781344,
      11.161127616932992,
      11.22678669451588,
      11.384650386563749,
      11.337682897873254,
      11.287239990550795,
      11.16875387516635,
      10.948981700113109,
      11.322437793816738,
      11.246837469315375,
      11.42860337605235,
      11.495583033059313,
      11.415945410464426,
      11.197109772932183,
      11.32609444052312,
      11.465270108669912,
      11.192759683499107,
      11.394112438034764,
      11.296107695539988,
      11.31393914961828,
      11.478755390996813,
      11.69936882426131,
      11.581405435845564,
      11.695239992878886,
      11.845476044005148,
      11.601543452787242,
      11.810093679475072,
      11.720503033112257,
      11.600970698171905,
      11.69442611783056,
      12.272737989735626,
      12.103777594846333,
      11.591668494644335,
      12.175018932986033,
      12.040646274950813,
      12.25865041940391,
      12.073505100600801,
      12.247863699636541,
      12.239567906834072,
      12.257603780145542
    ],