{
  "config": {
    "seed": 42,
    "bs_train": 32,
    "bs_test": 8,
    "batches": 100,
    "epochs": 100,
    "early_stopping": 10,
    "checkpoints": null,
    "lr": 0.0005,
    "print_every": 100,
    "h_dim": 512,
    "z_dim": 50,
    "betas": [
      0.1,
      0.1
    ],
    "kw": {},
    "RTplot": false,
    "out_dir": "./results/Res3/",
    "run_name": "MEGA_RUNbs_32lr_0.0005h_512z_50s_0.9",
    "x_sigma2": 0.9
  },
  "results": {
    "num_epochs": 0,
    "train_loss": [
      1.4804643551508585,
      0.410063628355662,
      0.356441209713618,
      0.337846299012502,
      0.32379764715830484,
      0.3300379117329915,
      0.3260957936445872,
      0.32070102691650393,
      0.3229875008265177,
      0.3270537336667379,
      0.3157159090042114,
      0.31726112763086955,
      0.3148303945859273,
      0.31451639731725056,
      0.31056446631749474,
      0.3072538475195567,
      0.3237302780151367,
      0.3080864280462265,
      0.30661248167355853,
      0.30745169321695964,
      0.3063614308834076,
      0.30914561947186786,
      0.30594010651111603,
      0.30568405985832214,
      0.30382355650266013,
      0.31186425884564717,
      0.3018355925877889,
      0.3078387796878815,
      0.29456057250499723,
      0.3086543381214142,
      0.3037608335415522,
      0.3039850115776062,
      0.3042131205399831,
      0.2999676465988159,
      0.3006730705499649,
      0.3093745489915212,
      0.2959260165691376,
      0.30706590513388315,
      0.3000802755355835,
      0.29915077884991964,
      0.30087226231892905,
      0.29649189511934915,
      0.30145285129547117,
      0.29416858951250713,
      0.3071256617705027,
      0.2968642512957255,
      0.3018409530321757,
      0.2980076014995575,
      0.29343404769897463,
      0.30366081595420835,
      0.2985329528649648,
      0.28916539053122203,
      0.2963912884394328,
      0.29582131107648213,
      0.2971400221188863,
      0.299784904718399,
      0.29360487858454387,
      0.2918254256248474,
      0.290386426448822,
      0.2928453226884206,
      0.2901412049929301,
      0.29706787268320717,
      0.2879375954469045,
      0.29366831680138905,
      0.29016632636388145,
      0.2936131397883097,
      0.29368909597396853,
      0.29506066838900247,
      0.28861307303110756,
      0.28787191907564796,
      0.29448189238707223,
      0.29168654084205625,
      0.28953946232795713,
      0.2958181063334147,
      0.2953747679789861,
      0.28564681907494865,
      0.2873193522294362,
      0.27866572240988413,
      0.29290619095166526,
      0.280507222811381,
      0.2783395707607269,
      0.2785077591737111,
      0.2686383068561554,
      0.2637342045704524,
      0.27018307050069174,
      0.2631056616703669,
      0.26970944305260974,
      0.2649310727914174,
      0.2625921070575714,
      0.2698410828908285,
      0.26307957569758095,
      0.25354083875815075,
      0.26519031127293907,
      0.2510622411966324,
      0.25242188076178235,
      0.26309509873390197,
      0.26441964209079744,
      0.262450381120046,
      0.26148839195569357,
      0.257964888215065
    ],
    "train_acc": [
      9.233824123328386,
      9.877140819459859,
      10.406094638410876,
      10.928314658389304,
      11.27469713792513,
      11.25726566960528,
      11.236127695317323,
      11.345883555820444,
      11.452623655361993,
      11.380259370944474,
      11.68785252695215,
      11.628720495652141,
      11.599423802105994,
      11.64376923923487,
      11.781129428840488,
      12.1064684436247,
      11.445242798488751,
      11.864754745687621,
      11.792818706970168,
      11.965090794464363,
      11.928562160690442,
      11.852227125282136,
      12.030125134601978,
      11.926189634001656,
      12.149156116538567,
      11.735572817221245,
      12.078538803980868,
      11.794558083716117,
      12.298157587238643,
      12.025508699099271,
      12.05048698642118,
      11.869485018282004,
      11.865122664030572,
      12.151674224840026,
      12.068266094653989,
      11.685386775328794,
      12.371093055944971,
      11.892186377377627,
      12.085586382904745,
      12.10937301602673,
      12.12609069910341,
      12.362145292021072,
      12.27565595452182,
      12.45864649717736,
      12.022801173638534,
      12.330116568061017,
      12.000704882984197,
      12.191175622671713,
      12.52501028744022,
      11.979483375344639,
      12.210553281244426,
      12.435374186143045,
      12.354168973581128,
      12.225806888587709,
      12.300282384166376,
      12.196290640715961,
      12.400256377086855,
      12.579830592500604,
      12.33232825809621,
      12.354689013668963,
      12.45637939242948,
      12.230619921770984,
      12.59425328230918,
      12.353977991715794,
      12.678686816521802,
      12.320349328195222,
      12.343409288764024,
      12.222606432833086,
      12.539240981729462,
      12.645967154221355,
      12.478563859112981,
      12.411773496809573,
      12.371516652005933,
      12.329342280975577,
      12.231694319580935,
      12.645808478362545,
      12.47740863681793,
      12.959116710159455,
      12.150694080924248,
      12.635053417359831,
      12.789174841381161,
      12.91298624058033,
      13.055612727144064,
      13.418381375482076,
      13.058337050111907,
      13.370340990265566,
      13.201267968565334,
      13.272176676060893,
      13.359791523406756,
      13.207824633069986,
      13.267635462099882,
      13.989190139719161,
      13.17015456526588,
      13.8934440249745,
      13.878233587758746,
      13.233820871752846,
      13.25498000396159,
      13.396883806420671,
      13.324344049770273,
      13.524567400618484
    ],