{
  "config": {
    "seed": 42,
    "bs_train": 32,
    "bs_test": 8,
    "batches": 100,
    "epochs": 100,
    "early_stopping": 10,
    "checkpoints": null,
    "lr": 0.005,
    "print_every": 100,
    "h_dim": 128,
    "z_dim": 10,
    "betas": [
      0.1,
      0.1
    ],
    "kw": {},
    "RTplot": false,
    "out_dir": "./results/Res3/",
    "run_name": "MEGA_RUNbs_32lr_0.005h_128z_10s_0.9",
    "x_sigma2": 0.9
  },
  "results": {
    "num_epochs": 0,
    "train_loss": [
      1.2550050059954325,
      0.7324516852696736,
      0.6506809830665589,
      0.6370160162448884,
      0.5649177233378092,
      0.4947582264741262,
      0.45951606035232545,
      0.47229180137316384,
      0.44639323552449545,
      0.41094507177670797,
      0.4042681316534678,
      0.3981457034746806,
      0.39582981864611305,
      0.3873946011066437,
      0.3878453632195791,
      0.38247308135032654,
      0.381073800722758,
      0.37474507888158165,
      0.37207491397857667,
      0.36993898351987203,
      0.36879701018333433,
      0.3664452373981476,
      0.3678485075632731,
      0.3599446793397268,
      0.36490200757980346,
      0.3613902966181437,
      0.3594518800576528,
      0.35378366311391196,
      0.35342949628829956,
      0.3504813392957052,
      0.348884250720342,
      0.3500523308912913,
      0.3444751977920532,
      0.332576322555542,
      0.3295663813749949,
      0.32699057857195535,
      0.3161076883474986,
      0.3192169487476349,
      0.31356067260106407,
      0.3151116887728373,
      0.3149112780888875,
      0.3144135495026906,
      0.31445166071256003,
      0.3150652160247167,
      0.31185088952382406,
      0.3100466231505076,
      0.31197672088940936,
      0.3086187481880188,
      0.30934609373410543,
      0.3188831051190694,
      0.3165289700031281,
      0.3104882061481476,
      0.30617947975794474,
      0.3026894787947337,
      0.31161088148752847,
      0.3148272732893626,
      0.3075408885876338,
      0.3030846804380417,
      0.2900068630774816,
      0.31582631468772887,
      0.30165603558222454,
      0.3022839059432348,
      0.3062887748082479,
      0.29711716373761493,
      0.28894819418589274,
      0.30049548546473187,
      0.2918251246213913,
      0.30891415079434714,
      0.2914745052655538,
      0.3142364740371704,
      0.3019552816947301,
      0.3008707990248998,
      0.29696872433026633,
      0.29014152387777964,
      0.2831071654955546,
      0.29791870415210725,
      0.2860018382469813,
      0.2802830278873444,
      0.2970946192741394,
      0.2881519039471944,
      0.2890100836753845,
      0.2864326188961665,
      0.29862517217795054,
      0.29653854469458263,
      0.29724155863126117,
      0.2906301736831665,
      0.2945939520994822,
      0.2862608869870504,
      0.28451911608378094,
      0.28793924550215405,
      0.2901514818271001,
      0.29053117632865905,
      0.27536526223023733,
      0.279522305727005,
      0.27493718862533567,
      0.29878753125667573,
      0.2851445347070694,
      0.2721599996089935,
      0.26751788854599,
      0.2891092598438263
    ],
    "train_acc": [
      7.312054632112548,
      9.242258049044716,
      9.013688784280921,
      9.35299274092689,
      9.636863277339451,
      9.811409976644857,
      9.879967680453957,
      9.897551464449489,
      9.910014510929095,
      9.997877696585949,
      9.993255556193276,
      9.957802620241976,
      10.033189132264146,
      10.054291256136406,
      10.026425828225973,
      10.099176941823684,
      10.038793159008495,
      10.061305244403199,
      10.038036366449917,
      10.060363205654028,
      10.07019497697166,
      10.048127814418038,
      10.038452306708566,
      10.09670107104238,
      10.070414323429112,
      10.032295278513319,
      10.159293266355437,
      10.14255201959608,
      10.12631340661573,
      10.072771817978364,
      10.065772676267558,
      10.105511806944126,
      10.133414110367674,
      10.465584355849428,
      10.55912814379628,
      10.749591064728097,
      10.890985709016524,
      10.928570216133492,
      11.003926202998104,
      10.9453821258518,
      11.014596833213995,
      10.962964829331728,
      10.984648061570006,
      10.992178507689664,
      11.043229481403694,
      11.092059334892829,
      11.056089119467336,
      11.124050656953514,
      11.113460411532863,
      10.91840977676782,
      10.934295690509671,
      11.183501147688679,
      11.542984897999716,
      11.49001863321106,
      11.500640726463445,
      11.45140344148463,
      11.576711545273406,
      11.946053866727194,
      12.424953465500803,
      11.77904451583529,
      12.084896235065104,
      11.91071929493118,
      11.829667074000662,
      12.064048251292759,
      12.414704593858973,
      12.10090016192813,
      12.178423836626484,
      11.715295742638498,
      12.303383650570158,
      11.574472884643614,
      11.95348131631569,
      12.015226693799498,
      11.957622986574115,
      12.434087696898,
      12.246674573826093,
      11.836773858658043,
      12.403766190757716,
      12.691070984719623,
      11.935489852036664,
      12.062997927986057,
      12.127187853437562,
      12.327416240503773,
      12.03090117427761,
      12.055241794163253,
      12.127255588390158,
      12.066284653406184,
      11.97874975887038,
      12.108035331427278,
      12.270735696581436,
      12.203282614081415,
      12.083575654782111,
      11.968774996197824,
      12.587326079209793,
      12.35912232611025,
      12.598407187701048,
      11.811701014019427,
      12.102027770360234,
      12.829551678146764,
      13.049190838878841,
      12.035887965364086
    ],