{
  "config": {
    "seed": 42,
    "bs_train": 64,
    "bs_test": 16,
    "batches": 100,
    "epochs": 100,
    "early_stopping": 10,
    "checkpoints": null,
    "lr": 0.005,
    "print_every": 100,
    "h_dim": 128,
    "z_dim": 2,
    "betas": [
      0.1,
      0.1
    ],
    "kw": {},
    "RTplot": false,
    "out_dir": "./results/Res3/",
    "run_name": "MEGA_RUNbs_64lr_0.005h_128z_2s_0.9",
    "x_sigma2": 0.9
  },
  "results": {
    "num_epochs": 0,
    "train_loss": [
      8.07461003959179,
      0.8939682394266129,
      1.1637331992387772,
      0.8225361779332161,
      0.7229105047881603,
      0.5030726045370102,
      0.5628133080899715,
      0.49432504177093506,
      0.5056275576353073,
      0.4379242956638336,
      0.45853737741708755,
      0.40825262665748596,
      0.42453616484999657,
      0.39929234236478806,
      0.38323578238487244,
      0.379474401473999,
      0.3709133602678776,
      0.43356241285800934,
      0.39296212047338486,
      0.37377630546689034,
      0.38233768194913864,
      0.37862594053149223,
      0.3690960705280304,
      0.3708387352526188,
      0.36330273374915123,
      0.3672979213297367,
      0.3610950633883476,
      0.35752423480153084,
      0.358970507979393,
      0.3576337732374668,
      0.35241957381367683,
      0.352703008800745,
      0.34535228461027145,
      0.3472241796553135,
      0.34367746487259865,
      0.34951938688755035,
      0.34382985904812813,
      0.34353819116950035,
      0.3444485254585743,
      0.3409944884479046,
      0.34164272621273994,
      0.339016642421484,
      0.33964941278100014,
      0.3345072902739048,
      0.3383634425699711,
      0.3379054367542267,
      0.3334490656852722,
      0.33233050256967545,
      0.33643876388669014,
      0.33054007589817047,
      0.33053454756736755,
      0.3316899240016937,
      0.3292665667831898,
      0.33377961441874504,
      0.33065851777791977,
      0.3267749436199665,
      0.3303072564303875,
      0.3283882923424244,
      0.3303559683263302,
      0.3281935304403305,
      0.3258856162428856,
      0.3315144255757332,
      0.32905227318406105,
      0.3288183845579624,
      0.3337792567908764,
      0.32734206691384315,
      0.3280698321759701,
      0.3309193290770054,
      0.32401785254478455,
      0.3263595961034298,
      0.32655490562319756,
      0.32465772330760956,
      0.3255096934735775,
      0.32207581028342247,
      0.324581079185009,
      0.3216989114880562,
      0.3220023773610592,
      0.3219817206263542,
      0.32511308789253235,
      0.326849352568388,
      0.32346009090542793,
      0.3218204751610756,
      0.323395524173975,
      0.3223448731005192,
      0.32187826558947563,
      0.3238115943968296,
      0.3204268664121628,
      0.3217182829976082,
      0.322114460170269,
      0.32021835818886757,
      0.32227441668510437,
      0.31995106488466263,
      0.3242386691272259,
      0.3203986920416355,
      0.31754200905561447,
      0.32129666209220886,
      0.32147523015737534,
      0.31840062886476517,
      0.3224523402750492,
      0.3174959644675255
    ],
    "train_acc": [
      3.9415176723568757,
      4.316785241833589,
      4.954751579277,
      4.893297304558385,
      4.78624850583821,
      4.714764563813822,
      4.931585121970241,
      5.332512694004193,
      5.235815268956332,
      5.352044769353399,
      5.543141975157718,
      5.479295490598238,
      5.70552257569818,
      5.594432410995812,
      5.8199061443504005,
      5.770713086347356,
      5.785995352629997,
      5.6930661042911685,
      5.27564114373943,
      5.359073377505489,
      5.371958986856107,
      5.355419484423882,
      5.465739474692295,
      5.464024078233131,
      5.492740452475461,
      5.398041315545833,
      5.456142935055211,
      5.484942837477113,
      5.437952401344158,
      5.400769508674213,
      5.440191201227904,
      5.460237274168963,
      5.525074018021823,
      5.495463578236735,
      5.498651396280784,
      5.4258554870956655,
      5.4795149775327054,
      5.497156336608818,
      5.478338555523414,
      5.473456541267484,
      5.476946668324834,
      5.5107905377774085,
      5.472871451704794,
      5.549807998535353,
      5.460824880232623,
      5.450056786324751,
      5.535039585083463,
      5.548017129287175,
      5.488436618338846,
      5.523283366906593,
      5.550621215213929,
      5.518683265109792,
      5.525692515868257,
      5.481722441883297,
      5.518718293475296,
      5.565776138204706,
      5.517474139616305,
      5.530185077562426,
      5.495899559459475,
      5.541778111461953,
      5.575963023254204,
      5.473952497282038,
      5.508609376240152,
      5.521024860957551,
      5.439189058200437,
      5.542438555544417,
      5.517024179935543,
      5.467623038116045,
      5.572307610980548,
      5.520654166131202,
      5.532125020394631,
      5.5429743423905435,
      5.548330447195798,
      5.611756649328381,
      5.524984668697523,
      5.580607853800461,
      5.579730844876678,
      5.589978729920868,
      5.5294992086867385,
      5.501175351020391,
      5.536231785148981,
      5.592422285955685,
      5.540393696542802,
      5.531871345989389,
      5.565917784271428,
      5.520738599825236,
      5.590431371945282,
      5.5337560264200985,
      5.542449958643541,
      5.578782401039231,
      5.528225682998184,
      5.558850224424423,
      5.511583114682855,
      5.55380582086614,
      5.593688497828511,
      5.5188870207091645,
      5.503874049531572,
      5.578706730461684,
      5.500818295965766,
      5.5685539702860325
    ],