{
  "config": {
    "seed": 42,
    "bs_train": 32,
    "bs_test": 8,
    "batches": 100,
    "epochs": 100,
    "early_stopping": 10,
    "checkpoints": null,
    "lr": 0.005,
    "print_every": 100,
    "h_dim": 256,
    "z_dim": 5,
    "betas": [
      0.1,
      0.1
    ],
    "kw": {},
    "RTplot": false,
    "out_dir": "./results/Res3/",
    "run_name": "MEGA_RUNbs_32lr_0.005h_256z_5s_0.9",
    "x_sigma2": 0.9
  },
  "results": {
    "num_epochs": 0,
    "train_loss": [
      1.547650400797526,
      1.1368523557980856,
      0.677481476465861,
      0.590200674533844,
      0.510018116235733,
      0.4426348547140757,
      0.43997573256492617,
      0.4230145434538523,
      0.4152218739191691,
      0.4221416513125102,
      0.4076631426811218,
      0.3950545827547709,
      0.3962101956208547,
      0.3909802158673604,
      0.3833392282327016,
      0.3776801327864329,
      0.37570906678835553,
      0.36993423104286194,
      0.3681360681851705,
      0.36830174724260967,
      0.36642322937647503,
      0.3618608832359314,
      0.36320204138755796,
      0.3633761624495188,
      0.3620971898237864,
      0.3619074066480001,
      0.3585042754809062,
      0.35796860853830975,
      0.3587107121944427,
      0.3573058287302653,
      0.35560436447461446,
      0.3563992460568746,
      0.355263356367747,
      0.3513006945451101,
      0.3554178198178609,
      0.3512002487977346,
      0.3530926644802094,
      0.3502788762251536,
      0.3513253847757975,
      0.34985804557800293,
      0.3499059716860453,
      0.3481716791788737,
      0.34617696007092796,
      0.3459858556588491,
      0.34659754832585654,
      0.34177387952804567,
      0.34459203680356343,
      0.34373336235682167,
      0.34315380255381267,
      0.34150047302246095,
      0.34196584224700927,
      0.3403256913026174,
      0.34038681387901304,
      0.3389916161696116,
      0.33717273275057474,
      0.34091585675875347,
      0.33867685397466024,
      0.3368566612402598,
      0.3376094957192739,
      0.33706621527671815,
      0.33708218137423196,
      0.337013304233551,
      0.33752682407697043,
      0.3365278700987498,
      0.33539062142372134,
      0.3356785317262014,
      0.3339865247408549,
      0.33482648730278014,
      0.33365538318951926,
      0.3334465940793355,
      0.33279545505841573,
      0.3330385188261668,
      0.3337063233057658,
      0.33245517214139303,
      0.3312954982121786,
      0.33245558937390646,
      0.33171661297480265,
      0.33069462577501935,
      0.3315630594889323,
      0.331248805920283,
      0.3303570508956909,
      0.3295730292797089,
      0.3312353253364563,
      0.33037556807200114,
      0.33029820521672565,
      0.33110500971476237,
      0.3288973391056061,
      0.3289451857407888,
      0.32981303135553997,
      0.32839405337969463,
      0.3298501988252004,
      0.32743057211240134,
      0.329869814713796,
      0.3263488252957662,
      0.3282772362232208,
      0.32856510678927103,
      0.32880279421806335,
      0.3276292383670807,
      0.3275470534960429,
      0.32648972074190774
    ],
    "train_acc": [
      4.948293765252016,
      5.851672365534224,
      8.232370348880817,
      8.701123519743208,
      9.390169671457945,
      9.719379657078706,
      9.74694047581092,
      9.825822747755778,
      9.81520722281229,
      9.826071208587102,
      9.877050818130373,
      9.863079567782892,
      9.911560610690849,
      9.849254558611012,
      9.886700800380225,
      9.88509813108387,
      9.942443514355087,
      9.947776955765937,
      9.94684191124827,
      9.927990095762155,
      9.920510500557551,
      9.97066432966895,
      9.949415448528026,
      9.934798061856158,
      9.976341171646814,
      9.942501556472415,
      9.960351805808926,
      9.919856303497276,
      9.960127194783698,
      9.936310739804338,
      9.987723779114344,
      9.946112292414439,
      9.995407399617381,
      9.999726408422164,
      9.945866423793795,
      9.973972837759009,
      9.963408808714677,
      10.025134106165044,
      9.993942781115575,
      9.985509448806926,
      9.964324000865306,
      9.98880359962412,
      9.987260549248218,
      9.96863181684184,
      9.982424304076567,
      10.002833892679984,
      10.004018283028687,
      9.940156462068025,
      9.963565341622363,
      9.987410363504996,
      10.019553268998463,
      10.01750107526527,
      10.002087568540235,
      10.008142328824972,
      10.009006375498595,
      9.946963546518182,
      10.00759742541193,
      9.977322330288601,
      9.981810768559635,
      10.01289679753942,
      9.965958743817929,
      10.012702375595172,
      10.004372051062862,
      9.988900716734452,
      10.022313442514893,
      10.010462954091532,
      10.042348630518848,
      9.978138653253659,
      10.036037004618965,
      10.021716533406568,
      10.034438441270817,
      10.012296873554927,
      9.992854013537332,
      10.033199259544556,
      10.01575702533201,
      10.019377821954654,
      10.02953547048097,
      10.026834467867634,
      9.99283083510166,
      10.044830166339048,
      10.072021106002083,
      10.022235904846347,
      10.01702400831532,
      10.015884404927096,
      10.007459873479267,
      10.02202163602674,
      10.05081640753999,
      10.031780685317374,
      10.02297895733931,
      10.011647919096388,
      10.010870758718426,
      10.014623170882892,
      10.013507978943945,
      10.0492437921785,
      10.00940197639137,
      9.999951153343217,
      10.02595490019277,
      10.049527224907743,
      10.038790965884576,
      10.02129165880195
    ],