{
  "config": {
    "seed": 42,
    "bs_train": 32,
    "bs_test": 8,
    "batches": 100,
    "epochs": 100,
    "early_stopping": 10,
    "checkpoints": null,
    "lr": 0.01,
    "print_every": 100,
    "h_dim": 512,
    "z_dim": 5,
    "betas": [
      0.1,
      0.1
    ],
    "kw": {},
    "RTplot": false,
    "out_dir": "./results/Res3/",
    "run_name": "MEGA_RUNbs_32lr_0.01h_512z_5s_0.5",
    "x_sigma2": 0.5
  },
  "results": {
    "num_epochs": 0,
    "train_loss": [
      2.1714059511820474,
      1.6121389547983804,
      1.4467170715332032,
      1.4019190231959024,
      1.3038389960924783,
      1.2886455297470092,
      1.2500484784444172,
      1.2427254994710286,
      1.226145625114441,
      1.2263438701629639,
      1.2191647291183472,
      1.2090817928314208,
      1.20816175142924,
      1.2022331595420837,
      1.2003490487734476,
      1.1964664618174234,
      1.1878143866856894,
      1.1909223079681397,
      1.1873878796895345,
      1.187380584081014,
      1.18201687335968,
      1.1831396182378133,
      1.1768858075141906,
      1.1754565954208374,
      1.1744104941685996,
      1.1730110406875611,
      1.1730855425198874,
      1.1726190805435182,
      1.171134356657664,
      1.1686580061912537,
      1.1685388763745626,
      1.1634766976038615,
      1.1649329344431558,
      1.1632835507392882,
      1.1630980889002482,
      1.1634202003479004,
      1.1615660985310872,
      1.158196457227071,
      1.1568020343780518,
      1.1598952054977416,
      1.1555166125297547,
      1.157753872871399,
      1.1561171929041545,
      1.1545895655949912,
      1.1537269949913025,
      1.1551499446233113,
      1.153604221343994,
      1.1543225566546123,
      1.1544434070587157,
      1.1539559682210287,
      1.1539900620778403,
      1.1521864891052247,
      1.152195425828298,
      1.1502785523732504,
      1.1485509792963664,
      1.14932169119517,
      1.1484745899836222,
      1.1446783343950908,
      1.1456572612126668,
      1.1457435170809427,
      1.1470909039179484,
      1.1468543807665508,
      1.1460203448931376,
      1.145123871167501,
      1.1459685961405437,
      1.145160448551178,
      1.1456053415934244,
      1.1451504866282145,
      1.1443862318992615,
      1.144051988919576,
      1.1441700458526611,
      1.144099195798238,
      1.144403831164042,
      1.1454341252644857,
      1.1433039387067159,
      1.1451945463816324,
      1.1441709717114767,
      1.143895184993744,
      1.142873466014862,
      1.1420851945877075,
      1.142440430323283,
      1.142890171209971,
      1.1425150712331136,
      1.141367824872335,
      1.140711736679077,
      1.1411664565404256,
      1.1406564950942992,
      1.1406084934870402,
      1.1402640779813131,
      1.1416289567947389,
      1.140751838684082,
      1.1407155354817708,
      1.1411235491434732,
      1.1411924322446187,
      1.1405277848243713,
      1.1405538201332093,
      1.1406590859095256,
      1.1398052096366882,
      1.1397029161453247,
      1.1388123234113057
    ],
    "train_acc": [
      2.8816267559359314,
      2.8026741820154046,
      2.7981829847001936,
      2.801628336612272,
      2.7893714187372516,
      2.79867661163983,
      2.8010909431099313,
      2.7893771341629647,
      2.7910015464101456,
      2.7938240617254104,
      2.7945994343992346,
      2.799553855507213,
      2.7924275702399632,
      2.8124257109112403,
      2.8178749216024843,
      2.7930735591153013,
      2.799642323102024,
      2.793606913348807,
      2.788465789149512,
      2.7948632938669298,
      2.7926529985001896,
      2.793192486446731,
      2.8050934884030774,
      2.804992115608084,
      2.8008817249135456,
      2.7944665644459645,
      2.80074164803418,
      2.7928175612004495,
      2.810614188107139,
      2.7997604742523943,
      2.808029887966221,
      2.8025665518953393,
      2.790951918668086,
      2.8003396792294075,
      2.797365553542617,
      2.809381514499228,
      2.799235831926896,
      2.7952318623468315,
      2.8015159287342533,
      2.79427824809641,
      2.7969152765965735,
      2.802949189451941,
      2.803759694237436,
      2.79322253054153,
      2.814331354488858,
      2.7931484455540994,
      2.798930955058417,
      2.8026911748536167,
      2.7859710121112626,
      2.7885060437486913,
      2.8062670420622258,
      2.7935885048697875,
      2.7987103773030744,
      2.7905694598298436,
      2.8105616110247715,
      2.796908047572838,
      2.8030480249924543,
      2.7997800162827637,
      2.7919280354346365,
      2.7938968921664915,
      2.803880846374651,
      2.8003124721368406,
      2.8027755948534057,
      2.796408995764217,
      2.792228274911407,
      2.8240639912521153,
      2.7919743133770374,
      2.794582315983641,
      2.802704850260236,
      2.795737109227994,
      2.792162825556087,
      2.787945631656969,
      2.7853524538179864,
      2.7966348365412625,
      2.806284724472194,
      2.801112333383876,
      2.796183997954806,
      2.7949453266835893,
      2.7928464833600097,
      2.7976571438596416,
      2.7925832007751983,
      2.800476320733831,
      2.8083586044708073,
      2.796681155516078,
      2.7928135876494697,
      2.8002384548362205,
      2.795629240861089,
      2.79557042017119,
      2.805926539543824,
      2.796360378683629,
      2.7910510315761736,
      2.797475541551406,
      2.7991671679483434,
      2.8026432541015156,
      2.799299070737417,
      2.816739595198992,
      2.8109402380837354,
      2.7944636280771533,
      2.799508935669746,
      2.811245100973792
    ],