{
  "config": {
    "seed": 42,
    "bs_train": 16,
    "bs_test": 4,
    "batches": 100,
    "epochs": 100,
    "early_stopping": 10,
    "checkpoints": null,
    "lr": 0.005,
    "print_every": 100,
    "h_dim": 512,
    "z_dim": 50,
    "betas": [
      0.1,
      0.1
    ],
    "kw": {},
    "RTplot": false,
    "out_dir": "./results/Res3/",
    "run_name": "MEGA_RUNbs_16lr_0.005h_512z_50s_0.9",
    "x_sigma2": 0.9
  },
  "results": {
    "num_epochs": 0,
    "train_loss": [
      1.3004060039917629,
      0.7876071880261103,
      0.579897803068161,
      0.5273642947276433,
      0.492879988749822,
      0.4686295062303543,
      0.4417023648818334,
      0.4250923186540604,
      0.4166296452283859,
      0.4059642791748047,
      0.4042679280042648,
      0.39440810879071553,
      0.38630408346652984,
      0.3810639977455139,
      0.37542924284935,
      0.37442542910575866,
      0.3663772761821747,
      0.3651414622863134,
      0.375330396493276,
      0.3652766078710556,
      0.3663664410511653,
      0.36043719152609505,
      0.36251629094282783,
      0.35758661925792695,
      0.35361845294634503,
      0.35281178057193757,
      0.3467168668905894,
      0.34146926800409955,
      0.3467479467391968,
      0.36855624516805013,
      0.3668331424395243,
      0.3646432965993881,
      0.36612040400505064,
      0.33552410304546354,
      0.34454988141854603,
      0.34780536542336143,
      0.3594844082991282,
      0.3429265201091766,
      0.34190573990345,
      0.3584038525819778,
      0.3496868302424749,
      0.3485484510660172,
      0.3554434418678284,
      0.33967016339302064,
      0.343595098455747,
      0.33554140528043114,
      0.3576305329799652,
      0.3588972548643748,
      0.34617145856221515,
      0.3550588428974152,
      0.3494691779216131,
      0.3253278518716494,
      0.32134077946345013,
      0.331524969637394,
      0.3299647619326909,
      0.34687576691309613,
      0.3271516700585683,
      0.36100181341171267,
      0.3286311149597168,
      0.34248927533626555,
      0.3377930422623952,
      0.31779599835475286,
      0.3311092406511307,
      0.34236901501814526,
      0.32933129370212555,
      0.33014631470044453,
      0.33590977390607196,
      0.3460968395074209,
      0.3241630494594574,
      0.32417418460051217,
      0.3257423023382823,
      0.3302200863758723,
      0.32230547765890755,
      0.322444682319959,
      0.3193546712398529,
      0.3325922816991806,
      0.3179127166668574,
      0.32467302481333415,
      0.3191764314969381,
      0.31575021942456566,
      0.3196892857551575,
      0.31916611790657046,
      0.3164723535378774,
      0.3156901439030965,
      0.31496100425720214,
      0.3139868219693502,
      0.31421277225017546,
      0.31196872691313426,
      0.31181250711282094,
      0.3132013817628225,
      0.3114977806806564,
      0.3119918574889501,
      0.3092450171709061,
      0.3114218900601069,
      0.3112543890873591,
      0.31071125765641533,
      0.3095419650276502,
      0.30980544884999595,
      0.3094273929794629,
      0.3095319579044978
    ],
    "train_acc": [
      12.40875295523972,
      17.49938136737222,
      19.677107720387628,
      19.8519076581201,
      19.133503527973247,
      19.658859613039038,
      20.01878611129659,
      20.015689524339688,
      19.892925637643405,
      20.124655183532997,
      19.383146401548967,
      19.877371670045704,
      20.03208036983896,
      20.159923512365676,
      20.182776067586563,
      20.118089782839853,
      20.40164206036327,
      20.340780786501952,
      19.977767875291864,
      20.315860260777008,
      20.16689946628057,
      20.329338913569323,
      20.55018305615564,
      20.646374347213747,
      20.629668147777537,
      20.59344554161677,
      20.652441243810436,
      20.895110275540763,
      20.41768084127355,
      20.28110160487074,
      20.12370950081311,
      20.257732639768818,
      20.690280725520456,
      21.763475771318323,
      21.27256967983206,
      20.951788434814866,
      20.563056906930566,
      21.399861666173557,
      21.370355814063494,
      20.23128529354802,
      20.23143594250077,
      20.420122989055837,
      20.32714730180816,
      20.830135310215336,
      20.67880847328315,
      21.177499759822197,
      20.831581475733184,
      20.68358075580303,
      20.99983226324069,
      21.035208633993324,
      20.69545221922351,
      21.659119394852564,
      22.06570606778233,
      21.588344974931392,
      21.655217179061633,
      21.1110769946502,
      21.329729979542577,
      20.221736531289967,
      21.42592040863404,
      20.91813933378992,
      20.98479668435499,
      21.69753965154477,
      21.230573877923618,
      21.211870884479445,
      20.950204500424764,
      20.55199777855744,
      20.43047038506464,
      20.43049173715455,
      20.992284649382714,
      20.821077088487094,
      20.720866233766706,
      20.464339388701536,
      20.67238028930877,
      20.727502636940596,
      20.913490564477943,
      20.429739848175213,
      20.851017812860654,
      20.80651540886235,
      20.790337250282995,
      20.91285349781049,
      20.73446839298979,
      20.73972219223679,
      20.83294603172678,
      20.821528451456874,
      20.790870081684762,
      20.78776382405163,
      20.803451259284817,
      20.858372055574108,
      20.925970463468463,
      20.96564214921896,
      20.874078452017073,
      20.832323037079025,
      20.97279860700842,
      20.85752925299421,
      20.8641531943181,
      20.91568454990681,
      20.948379954681982,
      20.8805567473502,
      20.938912504386064,
      20.935179401541713
    ],