{
  "config": {
    "seed": 42,
    "bs_train": 32,
    "bs_test": 8,
    "batches": 100,
    "epochs": 100,
    "early_stopping": 10,
    "checkpoints": null,
    "lr": 0.001,
    "print_every": 100,
    "h_dim": 512,
    "z_dim": 10,
    "betas": [
      0.1,
      0.1
    ],
    "kw": {},
    "RTplot": false,
    "out_dir": "./results/Res3/",
    "run_name": "MEGA_RUNbs_32lr_0.001h_512z_10s_0.5",
    "x_sigma2": 0.5
  },
  "results": {
    "num_epochs": 0,
    "train_loss": [
      1.2907381574312846,
      0.6861055692036947,
      0.6541651129722595,
      0.6350436051686604,
      0.6287103255589803,
      0.621178940931956,
      0.6186626036961873,
      0.6003027002016703,
      0.6110191424687703,
      0.6056158343950907,
      0.6018420696258545,
      0.5918510377407074,
      0.6060913701852163,
      0.5933395604292552,
      0.5972633163134257,
      0.5842236677805582,
      0.5776037673155466,
      0.5731714924176534,
      0.5808510621388753,
      0.5935330351193746,
      0.5818148573239644,
      0.6075783650080363,
      0.5890566070874532,
      0.5682149330774943,
      0.5680060446262359,
      0.5777524590492249,
      0.5710485378901163,
      0.5661669452985127,
      0.5686324536800385,
      0.574714869260788,
      0.5689323405424754,
      0.5595289925734203,
      0.5525858918825786,
      0.5914337575435639,
      0.5874905228614807,
      0.5575220962365468,
      0.5483657519022623,
      0.5476996541023255,
      0.5628035922845205,
      0.5239422976970672,
      0.5381506025791168,
      0.5245969732602437,
      0.5269724547863006,
      0.5001909375190735,
      0.5177393913269043,
      0.5168384869893392,
      0.5421514431635539,
      0.517567616701126,
      0.5134468456109365,
      0.5072300036748251,
      0.5190354903539022,
      0.48979180455207827,
      0.5082203427950541,
      0.5005045553048452,
      0.5039068380991618,
      0.487913570801417,
      0.48847784996032717,
      0.4811983029047648,
      0.4836803456147512,
      0.4747227629025777,
      0.49846078356107076,
      0.4913413643836975,
      0.47541122833887733,
      0.5098616242408752,
      0.465158079067866,
      0.47241401076316836,
      0.4846361537774404,
      0.520433102051417,
      0.4767066061496735,
      0.4709335426489512,
      0.4660251537958781,
      0.4637418568134308,
      0.4957818190256755,
      0.4488311807314555,
      0.4719875713189443,
      0.44552382628122966,
      0.4863244593143463,
      0.466769403219223,
      0.47291141748428345,
      0.46391958196957905,
      0.47252551913261415,
      0.4726216197013855,
      0.46294703483581545,
      0.45812259515126547,
      0.4511816362539927,
      0.449786780277888,
      0.4492004573345184,
      0.4465260922908783,
      0.4451130012671153,
      0.45696914394696553,
      0.46198557217915853,
      0.4496807297070821,
      0.4402016262213389,
      0.4200792113939921,
      0.4462220350901286,
      0.4382502814133962,
      0.4388451397418976,
      0.43601919611295065,
      0.4470969676971436,
      0.4332898835341136
    ],
    "train_acc": [
      4.775739007092681,
      5.484658417731623,
      5.621716246379697,
      5.771545586445665,
      5.862867134226016,
      5.868431104468878,
      5.850268238334658,
      6.002997284799886,
      5.991965608768696,
      5.9931470292271705,
      6.066795468485489,
      6.05049143865843,
      6.013625356474781,
      6.026643591753624,
      5.942906346602235,
      6.087487314643242,
      6.100392643684449,
      6.1980408172236165,
      6.0594744684015005,
      5.998830637558916,
      6.005959558803773,
      6.044361849637825,
      6.014505547410888,
      6.088947892389506,
      6.177473466890546,
      6.100066904434825,
      6.1162633162250115,
      6.248458211714336,
      6.321264164028225,
      6.145727085342602,
      6.132738928249248,
      6.261249989398301,
      6.390188866051322,
      6.236910433504011,
      6.32618706641005,
      6.542042212257544,
      6.538574099659422,
      6.726956832778087,
      6.389754841277013,
      6.815103856822237,
      6.818494130305448,
      6.866893036637103,
      6.889143533161143,
      7.152388056574679,
      6.870114651871315,
      6.982466490734505,
      6.791705593207285,
      6.876927304724386,
      6.878051561041284,
      7.022670703397507,
      7.0283358836921215,
      7.305942416934885,
      7.14989902676752,
      7.147514803742683,
      7.081003991306331,
      7.244616617441575,
      7.204843547392889,
      7.393488321750618,
      7.214563843290632,
      7.525050954902976,
      7.21228778150049,
      7.154938589151347,
      7.42910014432399,
      7.102214135667851,
      7.593206482447507,
      7.365248493951969,
      7.261465467598842,
      6.9524973729870405,
      7.318906579842861,
      7.329066888592008,
      7.5009171009377065,
      7.4378986801775655,
      7.1400665871623685,
      7.7024132309433515,
      7.271447383482243,
      7.65793413137597,
      7.1399627079122805,
      7.418148331580033,
      7.3776617747146584,
      7.444458240755831,
      7.390266908791456,
      7.442412380867655,
      7.488764735283465,
      7.628479231956671,
      7.64695282440141,
      7.7346607998427785,
      7.800531057434262,
      7.637661053520449,
      7.911068635024528,
      7.633225947447802,
      7.659731112910179,
      7.8429572649492165,
      7.903804715657973,
      8.173555839100858,
      7.630593470597121,
      7.891709891156551,
      7.845021940448313,
      8.06965279879685,
      7.767879006815796,
      7.953974783315896
    ],