{
  "config": {
    "seed": 42,
    "bs_train": 32,
    "bs_test": 8,
    "batches": 100,
    "epochs": 100,
    "early_stopping": 10,
    "checkpoints": null,
    "lr": 0.005,
    "print_every": 100,
    "h_dim": 512,
    "z_dim": 2,
    "betas": [
      0.1,
      0.1
    ],
    "kw": {},
    "RTplot": false,
    "out_dir": "./results/Res3/",
    "run_name": "MEGA_RUNbs_32lr_0.005h_512z_2s_0.5",
    "x_sigma2": 0.5
  },
  "results": {
    "num_epochs": 0,
    "train_loss": [
      2.7825539827346804,
      1.476406498750051,
      1.051845872402191,
      0.9246583739916484,
      0.7777820944786071,
      0.7524810791015625,
      0.6982279022534689,
      0.6747892657915752,
      0.6844072540601095,
      0.6589792450269063,
      0.6516100724538167,
      0.6401262640953064,
      0.6419013500213623,
      0.6277874112129211,
      0.6228411753972372,
      0.612828807036082,
      0.6128491481145223,
      0.6045477787653605,
      0.608985710144043,
      0.6008057276407878,
      0.6046706438064575,
      0.604890235265096,
      0.6027004241943359,
      0.5949052015940348,
      0.5983260194460551,
      0.5941176335016887,
      0.6007154782613119,
      0.5878527998924256,
      0.5922869086265564,
      0.5822063465913137,
      0.5892189105351766,
      0.5857277592023213,
      0.5890535155932108,
      0.5816998322804768,
      0.5872500379880269,
      0.579423185189565,
      0.5797344605127971,
      0.5813281655311584,
      0.5863025685151418,
      0.5796685099601746,
      0.5819426616032918,
      0.5758964697519938,
      0.580800716082255,
      0.5785182158152262,
      0.5757957617441813,
      0.5776644865671794,
      0.578061052163442,
      0.5726419568061829,
      0.5739519635836283,
      0.5720914483070374,
      0.573103662331899,
      0.5767673969268798,
      0.5726867934068044,
      0.5690292994181315,
      0.5739742279052734,
      0.5693423986434937,
      0.5714260538419088,
      0.5702965021133423,
      0.5671563029289246,
      0.5665991087754567,
      0.5664884924888611,
      0.5673305829366048,
      0.5649266719818116,
      0.5689124822616577,
      0.566021740436554,
      0.5630710840225219,
      0.5631791969140371,
      0.5637649456659953,
      0.566759181022644,
      0.5635586778322855,
      0.5605403522650401,
      0.5609548250834148,
      0.5622212608655294,
      0.5622289756933848,
      0.5584938804308573,
      0.5660579403241476,
      0.5609311759471893,
      0.5608238259951274,
      0.5595880170663198,
      0.5593324740727742,
      0.5597615838050842,
      0.5595704515775045,
      0.5634302238623301,
      0.5577414592107137,
      0.5585813721021017,
      0.558612726132075,
      0.5595974008242289,
      0.5576504111289978,
      0.557646644115448,
      0.5583067099253337,
      0.5586004336675008,
      0.5577386498451233,
      0.5569830020268758,
      0.5561500271161397,
      0.5568365255991617,
      0.5557432452837626,
      0.5559510270754496,
      0.5576258500417074,
      0.5568409085273742,
      0.5586769739786784
    ],
    "train_acc": [
      2.8635457403117397,
      4.061293674327396,
      4.915957269763147,
      4.9660236528591195,
      5.440768135644309,
      5.5399771243701865,
      5.555720858172352,
      5.644687179820779,
      5.570837842295622,
      5.649831074707342,
      5.71576676708824,
      5.688770312505554,
      5.687956524311033,
      5.682714971617367,
      5.691686890682462,
      5.708201989066546,
      5.711759653472445,
      5.745910547117156,
      5.731081322010488,
      5.745644956327877,
      5.704209945517917,
      5.693340690983436,
      5.7302642302494595,
      5.7554774821628625,
      5.697830477328109,
      5.754784124226612,
      5.685277922314282,
      5.770874088112703,
      5.723159287295176,
      5.76909776312212,
      5.736561303395085,
      5.761033240878382,
      5.730846562659184,
      5.770650187160185,
      5.717813515486916,
      5.755887841843973,
      5.77146465684125,
      5.74508609607916,
      5.698118893016313,
      5.753060264625818,
      5.719663067838582,
      5.774014601143243,
      5.744620246319432,
      5.735222972006684,
      5.767016902624319,
      5.754013957276499,
      5.729476988233355,
      5.751878134446566,
      5.777109152358258,
      5.761478758065144,
      5.78135489679059,
      5.721195995094071,
      5.778267513284519,
      5.785834512319762,
      5.755842327861158,
      5.795764890833528,
      5.761787592707099,
      5.741266892984993,
      5.790665970370857,
      5.769604681924364,
      5.78479392889146,
      5.789300217999909,
      5.782401637714749,
      5.728944496244683,
      5.7722090315304655,
      5.796530219463935,
      5.786341702349385,
      5.763524574185907,
      5.7336040457020205,
      5.768373926780632,
      5.817954130432498,
      5.816776725991108,
      5.771344560042427,
      5.7761295456885,
      5.8049392958824475,
      5.723067003167556,
      5.81263483996783,
      5.781649170702252,
      5.786360490529556,
      5.786345960862034,
      5.7925031347885625,
      5.797690806689231,
      5.752424450652592,
      5.8074767436718755,
      5.7978357052909155,
      5.799264680290482,
      5.790827129026177,
      5.8016126696856345,
      5.795000683270462,
      5.781700432765719,
      5.790755318025274,
      5.799024498308411,
      5.8029538388598,
      5.788129108567196,
      5.784767959462093,
      5.7971736973482155,
      5.7923723114376005,
      5.7730932769062,
      5.790380661794353,
      5.7482383326424555
    ],