{
  "config": {
    "seed": 42,
    "bs_train": 16,
    "bs_test": 4,
    "batches": 100,
    "epochs": 100,
    "early_stopping": 10,
    "checkpoints": null,
    "lr": 0.005,
    "print_every": 100,
    "h_dim": 256,
    "z_dim": 2,
    "betas": [
      0.1,
      0.1
    ],
    "kw": {},
    "RTplot": false,
    "out_dir": "./results/Res3/",
    "run_name": "MEGA_RUNbs_16lr_0.005h_256z_2s_0.9",
    "x_sigma2": 0.9
  },
  "results": {
    "num_epochs": 0,
    "train_loss": [
      0.668287917971611,
      0.4348036557435989,
      0.37603070338567096,
      0.3463578601678213,
      0.3343597302834193,
      0.3443654785553614,
      0.3366624186436335,
      0.3303038477897644,
      0.3258156567811966,
      0.32365009387334187,
      0.31937860151131947,
      0.3184368828932444,
      0.32090211609999336,
      0.32009551823139193,
      0.31922378540039065,
      0.31704900960127513,
      0.315154696504275,
      0.3131458560625712,
      0.3148961345354716,
      0.31442288905382154,
      0.3139479994773865,
      0.31232040176788967,
      0.31107915143171944,
      0.3129994750022888,
      0.31013794243335724,
      0.3103433887163798,
      0.31053585807482403,
      0.3085133055845896,
      0.30855838060379026,
      0.3091641495625178,
      0.308260906736056,
      0.30905238091945647,
      0.3088984216252963,
      0.30887835373481115,
      0.30806246101856233,
      0.30758887430032095,
      0.3079749753077825,
      0.3069939682881037,
      0.30737950404485065,
      0.3062165915966034,
      0.3073657895127932,
      0.30711222887039186,
      0.3069162617127101,
      0.3071405962109566,
      0.3071911389629046,
      0.30626955727736155,
      0.3061535735925039,
      0.30648563206195834,
      0.3070265859365463,
      0.304229611158371,
      0.30576032896836597,
      0.3059050063292185,
      0.30571728348731997,
      0.3050602853298187,
      0.30542604525883993,
      0.30523656656344733,
      0.3052037626504898,
      0.30539401272932687,
      0.3041857461134593,
      0.3057675570249557,
      0.3044493724902471,
      0.30442579040924705,
      0.30423368712266285,
      0.30489020943641665,
      0.30441315869490304,
      0.3043663203716278,
      0.30372993449370067,
      0.3038537800312042,
      0.30430992841720583,
      0.3043149173259735,
      0.3041701763868332,
      0.30323477238416674,
      0.30344823747873306,
      0.30284132858117424,
      0.3037267416715622,
      0.3031018460790316,
      0.30287230710188545,
      0.3048552870750427,
      0.3032341808080673,
      0.30357478360335033,
      0.3043483813603719,
      0.30372746735811235,
      0.30253330717484156,
      0.3027329906821251,
      0.3029906402031581,
      0.30257810801267626,
      0.3033025880654653,
      0.3022583802541097,
      0.30303705036640166,
      0.30306995709737145,
      0.30262142171462375,
      0.30226642489433286,
      0.3029998650153478,
      0.3023806005716324,
      0.3029537618160248,
      0.30293471614519757,
      0.30305536786715187,
      0.3028915494680405,
      0.30178544322649636,
      0.30213993092377983
    ],
    "train_acc": [
      15.874738270418653,
      19.647712077445178,
      20.5008958066054,
      20.85084455438878,
      21.15695742549555,
      19.983459466531826,
      20.285298623701753,
      20.51633829477143,
      20.503374293056606,
      20.576878134070082,
      20.720835986143662,
      20.809125831415688,
      20.57047144566232,
      20.62404965122685,
      20.658168155864082,
      20.726335088645868,
      20.849977980445946,
      20.900471481496616,
      20.819282524917337,
      20.766723905195306,
      20.795374548221236,
      20.85105057265523,
      20.781420415637047,
      20.677150681114167,
      20.83386577029534,
      20.910203378778327,
      20.86206152219158,
      20.933797907276794,
      20.86026188332953,
      20.857257345743598,
      20.89635686201606,
      20.81005212260389,
      20.8332803853402,
      20.86305794880365,
      20.88268050997399,
      20.88565310873351,
      20.917376472929384,
      20.959818628366985,
      20.952404158439386,
      20.869723169167425,
      20.894302530108565,
      20.899017125508507,
      20.92417722057227,
      20.94206967365088,
      20.89913310679176,
      20.980909925263727,
      20.880830912298133,
      20.91172468848411,
      20.845719271797513,
      21.036620287666615,
      20.96230587689351,
      20.927957642192382,
      20.937019345542474,
      21.0709909632764,
      20.898294785541314,
      21.067155271951666,
      20.913715515510802,
      20.860046718620115,
      20.951582225438475,
      20.808854356533857,
      20.94534268458863,
      20.994746458876605,
      20.95719209572594,
      20.91874315111874,
      20.877735854139495,
      20.939741539484906,
      20.893365754110913,
      20.957769981769157,
      20.88774289062083,
      20.881610281777807,
      20.896585074247636,
      21.00089303380831,
      21.029642775221188,
      20.94685066484474,
      20.946538990990152,
      21.056739051862998,
      20.96624790016215,
      20.872806366722212,
      20.90103564808715,
      20.91440508343688,
      20.836444423151207,
      21.009784913088843,
      21.060033163502023,
      20.956332639415518,
      20.918041140745057,
      21.051685279390156,
      20.940392790053096,
      21.08252633503389,
      20.988155061961095,
      20.987911244050515,
      20.95230737244566,
      21.050826236474013,
      20.947306335399446,
      20.97996097199467,
      20.916321729872617,
      20.971776573534203,
      20.971815036383234,
      21.019197445927404,
      21.14830170809717,
      21.018444486632692
    ],