{
  "config": {
    "seed": 42,
    "bs_train": 32,
    "bs_test": 8,
    "batches": 100,
    "epochs": 100,
    "early_stopping": 10,
    "checkpoints": null,
    "lr": 0.005,
    "print_every": 100,
    "h_dim": 512,
    "z_dim": 10,
    "betas": [
      0.1,
      0.1
    ],
    "kw": {},
    "RTplot": false,
    "out_dir": "./results/Res3/",
    "run_name": "MEGA_RUNbs_32lr_0.005h_512z_10s_0.9",
    "x_sigma2": 0.9
  },
  "results": {
    "num_epochs": 0,
    "train_loss": [
      1.3903737743695577,
      1.6310369789600372,
      1.150720379749934,
      0.9139460186163585,
      0.7104578932126363,
      0.6906802733739217,
      0.5371761838595073,
      0.5740591009457906,
      0.5014288524786631,
      0.48460115989049274,
      0.49800243973731995,
      0.4551180422306061,
      0.46308704018592833,
      0.4419997215270996,
      0.43900367816289265,
      0.42112231651941934,
      0.4226356128851573,
      0.40642371972401936,
      0.40309123396873475,
      0.3923583924770355,
      0.3976087987422943,
      0.39409456253051756,
      0.40597315231959025,
      0.3769479135672251,
      0.3783057451248169,
      0.35902889172236124,
      0.35773614843686424,
      0.3531844258308411,
      0.3561497469743093,
      0.34673842986424763,
      0.3462968071301778,
      0.34030001163482665,
      0.33843799034754435,
      0.3366227706273397,
      0.3351652483145396,
      0.3363267362117767,
      0.328432951370875,
      0.3343202571074168,
      0.32781151731808983,
      0.3322118282318115,
      0.3291887442270915,
      0.3279731492201487,
      0.3293547809123993,
      0.3260396142800649,
      0.32359294493993124,
      0.32364225188891094,
      0.3248636742432912,
      0.3211357494195302,
      0.3245018720626831,
      0.3244151572386424,
      0.32338553468386333,
      0.3209495703379313,
      0.32420658667882285,
      0.32194355328877766,
      0.32052637537320455,
      0.3211514115333557,
      0.3175951659679413,
      0.3165566305319468,
      0.3199302633603414,
      0.31702950994173684,
      0.31816571752230327,
      0.34177791078885394,
      0.3326533595720927,
      0.31782719294230144,
      0.33486927350362145,
      0.3239692946275075,
      0.3240125834941864,
      0.3300299803415934,
      0.3281905670960744,
      0.32467895150184634,
      0.33643488883972167,
      0.33223488330841067,
      0.3371097346146901,
      0.32352374990781146,
      0.3391132553418477,
      0.33606427907943726,
      0.34917696515719093,
      0.3352500995000203,
      0.3336604297161102,
      0.3347671926021576,
      0.32882505853970845,
      0.3306937277317047,
      0.33193313479423525,
      0.3322779575983683,
      0.33265135288238523,
      0.3315182546774546,
      0.3279314537843068,
      0.33065943121910096,
      0.3299605309963226,
      0.32884058554967244,
      0.3273183047771454,
      0.3281721214453379,
      0.3274776498476664,
      0.3283404548962911,
      0.3259142597516378,
      0.3265388011932373,
      0.3254813452561696,
      0.32730190952618915,
      0.32566372156143186,
      0.32778418660163877
    ],
    "train_acc": [
      6.7523166972508495,
      7.834449561375664,
      8.821257968756541,
      9.529355698674545,
      9.616359564190388,
      9.776960404508841,
      9.749169298346283,
      9.598220599960447,
      9.926204929203859,
      9.991291477389858,
      9.806757614905314,
      10.105719338857428,
      9.867845034486724,
      9.9222296661029,
      10.053390556419352,
      10.207048700796516,
      10.200878471653542,
      10.246578625157513,
      10.276350276302109,
      10.265260889648536,
      10.07970936306845,
      9.97903675702461,
      9.980052966430483,
      10.201393856983046,
      10.244586579595131,
      10.666103195936826,
      10.475307818136061,
      10.715523432595369,
      10.645684159076698,
      10.804252739894082,
      10.810239383154787,
      11.039984910550203,
      10.899762398013188,
      11.041969261205299,
      11.075205670519253,
      11.030368635509337,
      11.063797061724598,
      11.135353800851451,
      11.112773945685076,
      10.947549699051086,
      11.12859579128501,
      11.129829342314963,
      11.162910112194565,
      11.102331839273845,
      11.170953158000396,
      11.10137242790242,
      11.119820229258723,
      11.191874749787592,
      11.106903857756073,
      11.12797107400734,
      11.088967559115398,
      11.176031080482085,
      11.014031452792942,
      11.151269626646428,
      11.13448315137434,
      11.169127363721053,
      11.209623969133961,
      11.21387345393458,
      11.1103105474378,
      11.177692054827713,
      11.077288278142458,
      10.286186933108896,
      10.53717634279458,
      11.078410172890376,
      10.93432204905749,
      10.947575522247748,
      10.905679291106518,
      10.550921427108499,
      10.643635399217837,
      10.959416616871144,
      10.793254926854745,
      10.455286392757762,
      10.345378918084528,
      10.651518949029377,
      10.314581185711038,
      10.300016094104075,
      10.12092981203804,
      10.30874251261091,
      10.343445779992832,
      10.330843387872177,
      10.41239400525347,
      10.3768859368695,
      10.368381964684971,
      10.326673840544004,
      10.305875878661519,
      10.322431072067898,
      10.383492500937075,
      10.328026583491187,
      10.352840674521882,
      10.434754872096036,
      10.37254473888318,
      10.390719129620043,
      10.382962398719636,
      10.409295717345042,
      10.389719196521458,
      10.419106545482858,
      10.413298115462279,
      10.362328095609639,
      10.388221748346393,
      10.361597846671925
    ],