{
  "config": {
    "seed": 42,
    "bs_train": 32,
    "bs_test": 8,
    "batches": 100,
    "epochs": 100,
    "early_stopping": 10,
    "checkpoints": null,
    "lr": 0.001,
    "print_every": 100,
    "h_dim": 512,
    "z_dim": 50,
    "betas": [
      0.1,
      0.1
    ],
    "kw": {},
    "RTplot": false,
    "out_dir": "./results/Res3/",
    "run_name": "MEGA_RUNbs_32lr_0.001h_512z_50s_0.9",
    "x_sigma2": 0.9
  },
  "results": {
    "num_epochs": 0,
    "train_loss": [
      1.079148499170939,
      0.42279011209805806,
      0.39703810811042783,
      0.3700065314769745,
      0.35835739970207214,
      0.3747379720211029,
      0.3486002544562022,
      0.35297092199325564,
      0.34293249249458313,
      0.34622368812561033,
      0.3473628600438436,
      0.3419478158156077,
      0.34017077485720315,
      0.33213595549265545,
      0.35255663792292274,
      0.3463038464387258,
      0.33462270100911456,
      0.33585604230562843,
      0.3450051506360372,
      0.3356450041135152,
      0.3322170476118724,
      0.36190617084503174,
      0.3392777194579442,
      0.3381644368171692,
      0.3315461238225301,
      0.33351900378863014,
      0.34938021103541056,
      0.34508350094159446,
      0.34162262280782063,
      0.3270258903503418,
      0.3351769844690959,
      0.325606640179952,
      0.3569368968407313,
      0.3339977562427521,
      0.32520251075426737,
      0.3601238548755646,
      0.33303340474764503,
      0.32479148308436073,
      0.342261936267217,
      0.32865788141886393,
      0.3191655745108922,
      0.3161118944485982,
      0.308471949895223,
      0.31978257099787394,
      0.3128314077854156,
      0.2828709840774536,
      0.30125205020109813,
      0.30168695052464806,
      0.28622146844863894,
      0.27895985543727875,
      0.2858820050954819,
      0.2764394988616308,
      0.2930674413839976,
      0.2788625439008077,
      0.2895773708820343,
      0.2705534835656484,
      0.27378743986288706,
      0.2776063988606135,
      0.30741945604483284,
      0.26888402303059894,
      0.28598646918932596,
      0.2675542573134104,
      0.2830945690472921,
      0.2771283358335495,
      0.27168414294719695,
      0.2843166202306747,
      0.27665433486302693,
      0.27330171763896943,
      0.2656475861867269,
      0.269597135980924,
      0.28008819222450254,
      0.2652313510576884,
      0.2675059050321579,
      0.2840463181336721,
      0.26552583575248717,
      0.26140901347001394,
      0.27605688671271006,
      0.2600557078917821,
      0.262778635819753,
      0.2696625490983327,
      0.2707940608263016,
      0.26216392616430917,
      0.2645403941472371,
      0.26497356096903485,
      0.263133497039477,
      0.2608557403087616,
      0.2617211063702901,
      0.2543367405732473,
      0.25740797420342765,
      0.2551578919092814,
      0.25855129063129423,
      0.25871196687221526,
      0.24782226582368214,
      0.2584394832452138,
      0.25328948100407916,
      0.27379900713761646,
      0.2531825880209605,
      0.24843722879886626,
      0.2526570161183675,
      0.25622043311595916
    ],
    "train_acc": [
      8.766378035352364,
      9.105335824509615,
      9.7542027001686,
      10.246126661914415,
      10.422278251428704,
      10.110489425273766,
      10.649216420960254,
      10.454757002258981,
      10.775171712983198,
      10.708682111876424,
      10.617958586120452,
      10.863612239329086,
      10.831281542709359,
      11.070876038288235,
      10.584387647033491,
      10.653844389643506,
      10.828414117332965,
      11.017925131866182,
      10.925483423275253,
      10.943294769799015,
      11.11996468910688,
      10.737919264821027,
      11.223254897433184,
      10.986746535466299,
      11.120277292443822,
      11.234925986444852,
      11.016584759031275,
      10.894364126960518,
      10.81240499893104,
      11.277928835632638,
      11.277858028833531,
      11.388031873609465,
      10.969003542780875,
      11.288593947439901,
      11.478954625544015,
      11.036896149307541,
      11.383309417678214,
      11.577924200917662,
      11.132372671500287,
      11.280037319734303,
      11.644960752078187,
      11.546364517118818,
      11.73562169562524,
      11.778490139235961,
      12.095261759674752,
      12.826180420683796,
      12.14865920730402,
      12.54745602139047,
      12.903724953992267,
      12.933098769487854,
      12.769853288494412,
      13.400292471654012,
      12.587690351369737,
      13.069351673731525,
      12.796447485981595,
      13.469226344702621,
      13.391624415905559,
      12.946671235821038,
      12.090872270539414,
      13.381172752221971,
      12.80296848492202,
      13.438113404578177,
      13.210509512501872,
      13.143072409286813,
      13.39609589048751,
      12.757435766799682,
      13.187945529772618,
      13.080341683671636,
      13.559071216201483,
      13.510165253551504,
      12.773528327941591,
      13.487553189291663,
      13.432794310476865,
      12.860539216776257,
      13.587369266052407,
      13.832761682286508,
      13.157439881014655,
      13.77871636379867,
      13.629350883187014,
      13.483703689165917,
      13.369830505665988,
      13.547712813908191,
      13.584233166824434,
      13.542935307884736,
      13.488552212301462,
      13.80901647965401,
      13.618629183152914,
      14.143447509084176,
      13.932137349947437,
      14.017979852102982,
      13.88714727259604,
      13.86262269612853,
      14.470607593111245,
      13.890373824188812,
      14.289177767866665,
      13.380447087623025,
      14.104495822272135,
      14.332660756710666,
      14.46116491460017,
      13.86120319116674
    ],