{
  "config": {
    "seed": 42,
    "bs_train": 16,
    "bs_test": 4,
    "batches": 100,
    "epochs": 100,
    "early_stopping": 10,
    "checkpoints": null,
    "lr": 0.001,
    "print_every": 100,
    "h_dim": 256,
    "z_dim": 20,
    "betas": [
      0.1,
      0.1
    ],
    "kw": {},
    "RTplot": false,
    "out_dir": "./results/Res3/",
    "run_name": "MEGA_RUNbs_16lr_0.001h_256z_20s_0.9",
    "x_sigma2": 0.9
  },
  "results": {
    "num_epochs": 0,
    "train_loss": [
      0.9965434322754542,
      0.4109241932630539,
      0.3902956167856852,
      0.3777048230171204,
      0.37007623811562856,
      0.3718402832746506,
      0.3556308607260386,
      0.35783819754918417,
      0.3510731339454651,
      0.34539454579353335,
      0.346418496966362,
      0.34153762459754944,
      0.3385067025820414,
      0.3368333265185356,
      0.33597998321056366,
      0.3309158523877462,
      0.3298669616381327,
      0.3297426700592041,
      0.33006694267193476,
      0.3247328966856003,
      0.3271710157394409,
      0.32549034953117373,
      0.31927459438641864,
      0.3197389940420787,
      0.31835575550794604,
      0.3162580857674281,
      0.32018440117438635,
      0.31713086167971294,
      0.3226910923918088,
      0.3144576688607534,
      0.3184591576457024,
      0.3162263328830401,
      0.3086337144176165,
      0.29878907750050226,
      0.30038714210192363,
      0.2920405442516009,
      0.2869008387128512,
      0.287273142238458,
      0.28846228271722796,
      0.2808978115518888,
      0.29160013298193616,
      0.27870572010676065,
      0.2827924117445946,
      0.2800171380241712,
      0.2699296802282333,
      0.2760286713639895,
      0.27608252068360645,
      0.2659365524848302,
      0.26555469781160357,
      0.26478415975968045,
      0.2717116559545199,
      0.2587526738643646,
      0.26425466885169346,
      0.26857340782880784,
      0.2647610897819201,
      0.2557286043961843,
      0.2695986290772756,
      0.25967728942632673,
      0.25903211534023285,
      0.2555742879708608,
      0.25410943031311034,
      0.2597329686085383,
      0.2528601109981537,
      0.24906744360923766,
      0.2583644131819407,
      0.24951084852218627,
      0.2489291990796725,
      0.25308324694633483,
      0.25318829516569774,
      0.24377297063668568,
      0.2460123375058174,
      0.24598765820264817,
      0.24394179781277975,
      0.2509552389383316,
      0.24083609481652576,
      0.2471916824579239,
      0.24396578818559647,
      0.2389142562945684,
      0.24086191405852636,
      0.23717558880647024,
      0.2395276541511218,
      0.23881210933128993,
      0.24141590148210526,
      0.23995949029922486,
      0.24022218883037566,
      0.24014069388310114,
      0.23658744742472967,
      0.24468757311503092,
      0.2350326657295227,
      0.23578330874443054,
      0.239142548541228,
      0.23268381804227828,
      0.2355066180229187,
      0.23516991138458251,
      0.23477399746576946,
      0.23062812834978103,
      0.23526977002620697,
      0.2342319369316101,
      0.23518858055273692,
      0.23400871455669403
    ],
    "train_acc": [
      17.54683717470284,
      19.509756503728443,
      20.506258656220187,
      21.11672853158579,
      21.790907844930835,
      21.191734694605838,
      21.668376314658047,
      21.612326338486927,
      21.855900453132346,
      22.047980675490685,
      22.0174811205364,
      21.955353218593018,
      22.069879883738142,
      22.270204879589194,
      21.922465106397944,
      22.37500605419873,
      22.612936612731765,
      22.22272917202766,
      22.29287399710425,
      22.36470608466525,
      22.188952403942796,
      22.410888947833293,
      22.275332276007525,
      22.427906435693796,
      22.457663194776686,
      22.80815726639486,
      22.33862256086997,
      22.677864821226116,
      22.547425956021385,
      22.749703172493472,
      22.882580903341143,
      23.40598265213051,
      23.7654845950422,
      24.70320728028813,
      24.366370113416323,
      25.27189406079466,
      25.65896335218899,
      25.570138585838567,
      25.80244571436444,
      26.166250575571123,
      25.672692650493353,
      26.493683472396537,
      26.096720687241564,
      26.150646789595466,
      26.782943295933535,
      26.812165839595593,
      26.534159579867126,
      27.110707066034525,
      26.979554184196687,
      26.81608213557429,
      26.85510878677508,
      27.45193543406307,
      27.33712113453578,
      26.607644076664023,
      26.94693177166868,
      28.005780137305834,
      26.81181285853996,
      27.37312223651372,
      27.375683879210488,
      27.825467771688253,
      27.904321877395876,
      27.295041528917103,
      27.5374701819693,
      28.000550568669535,
      27.129320861077417,
      27.927070207911658,
      28.067611713899666,
      27.712992309568566,
      27.66183599553387,
      28.310736234733465,
      28.54023442165274,
      28.162968102676302,
      28.714317508661782,
      28.08149207210455,
      28.628765960845424,
      28.76723908994883,
      28.48373282332461,
      29.318619153505868,
      28.67669734372842,
      29.261936082275984,
      28.89021087577359,
      29.13762366635071,
      28.677284352462202,
      28.79397258394011,
      28.8436676879537,
      28.88588104782812,
      29.21966044054155,
      28.387120601460413,
      29.41245352496257,
      29.39355386097046,
      28.987725416280576,
      29.505369092553146,
      29.339083296676886,
      29.618924250134256,
      29.57647904733896,
      29.721240278565432,
      29.39305794018663,
      29.69781519695716,
      29.466137743933622,
      29.39634752878131
    ],