{
  "config": {
    "seed": 42,
    "bs_train": 16,
    "bs_test": 4,
    "batches": 100,
    "epochs": 100,
    "early_stopping": 10,
    "checkpoints": null,
    "lr": 0.005,
    "print_every": 100,
    "h_dim": 256,
    "z_dim": 10,
    "betas": [
      0.1,
      0.1
    ],
    "kw": {},
    "RTplot": false,
    "out_dir": "./results/Res3/",
    "run_name": "MEGA_RUNbs_16lr_0.005h_256z_10s_0.9",
    "x_sigma2": 0.9
  },
  "results": {
    "num_epochs": 0,
    "train_loss": [
      1.152660114566485,
      0.816185137629509,
      0.6167009045680364,
      0.5213201363881429,
      0.48063261806964874,
      0.44560710787773133,
      0.43224310874938965,
      0.4345853279034297,
      0.4139882584412893,
      0.3916173885265986,
      0.38034893572330475,
      0.3678119401137034,
      0.3666595717271169,
      0.3598529110352198,
      0.36318335235118865,
      0.3591500808795293,
      0.3508803794781367,
      0.36432308653990425,
      0.3529757688442866,
      0.3413554439942042,
      0.341305743654569,
      0.3380238791306814,
      0.3378366529941559,
      0.33663022220134736,
      0.3364899158477783,
      0.33488072554270426,
      0.33326610227425896,
      0.33458875517050424,
      0.3335849662621816,
      0.33335483173529307,
      0.3314461439847946,
      0.3299503356218338,
      0.3305130660533905,
      0.3283624490102132,
      0.3275914986928304,
      0.32767489552497864,
      0.3276612311601639,
      0.32711995343367256,
      0.3232315128048261,
      0.3249756425619125,
      0.3232731918493907,
      0.3225338270266851,
      0.3225286881128947,
      0.3227084199587504,
      0.32095482846101125,
      0.3225073536237081,
      0.32075363794962564,
      0.3201642910639445,
      0.3197462886571884,
      0.3193533142407735,
      0.3201961413025856,
      0.31656139294306435,
      0.31874457001686096,
      0.31615761717160545,
      0.3162510802348455,
      0.31628388464450835,
      0.3154793838659922,
      0.3150093992551168,
      0.3164124776919683,
      0.3148670693238576,
      0.31498559067646664,
      0.3139087587594986,
      0.3145129938920339,
      0.3128091375033061,
      0.31286704291899997,
      0.31283900688091915,
      0.3120625813802083,
      0.31147376000881194,
      0.31092853943506876,
      0.31156510710716245,
      0.3107013612985611,
      0.3109741707642873,
      0.3100044995546341,
      0.3089372565348943,
      0.3102857520182927,
      0.3079548050959905,
      0.30787074665228525,
      0.3080388014515241,
      0.3074873884518941,
      0.3078372369209925,
      0.3057850917180379,
      0.30569340884685514,
      0.3051827480395635,
      0.30539610981941223,
      0.3049191921949387,
      0.30424665808677676,
      0.30464214384555816,
      0.30410204231739046,
      0.30380373299121854,
      0.3029486099878947,
      0.3030714958906174,
      0.30269593695799507,
      0.30381619880596794,
      0.30300171275933585,
      0.303088104724884,
      0.3029010196526845,
      0.30326182693243026,
      0.3028577630718549,
      0.30203415751457213,
      0.30229828755060834
    ],
    "train_acc": [
      12.537864505460066,
      15.88326228678079,
      17.19155117439388,
      19.120818492787897,
      19.931543122154505,
      20.28691244556178,
      20.243716564656854,
      20.29565301655209,
      20.21250840992955,
      20.619541391253918,
      20.548496449914413,
      20.66318623606233,
      20.25196019321639,
      20.472795952153366,
      20.60063810709555,
      20.687590467602885,
      20.670415696780587,
      20.42796964187782,
      20.51057557821265,
      20.78497094867746,
      20.74025357898266,
      20.781453761945144,
      20.859648223750934,
      20.698322085929878,
      20.7888988943584,
      20.81746517989464,
      20.792414062103532,
      20.826918643706524,
      20.896403575381356,
      20.78252693429194,
      20.847977845619614,
      20.82647732734589,
      20.774906822816458,
      20.82691760938494,
      20.936160589622936,
      20.931119687932906,
      20.87509384783412,
      20.745095037248912,
      20.96361197107358,
      20.899509020478835,
      20.95191225555043,
      21.03233976293271,
      20.919526207895895,
      20.87592272446464,
      20.995730238842402,
      20.84016408618161,
      20.812270971223356,
      20.887567581939564,
      20.938339015456464,
      20.864859669991635,
      20.919139876149487,
      20.90212509798095,
      20.91941678556521,
      21.029567163616996,
      20.965091227202088,
      20.89261596848011,
      20.89901130544514,
      20.88424463205027,
      20.862718349978184,
      20.889045525371554,
      20.999586416828265,
      20.92990218702885,
      20.958362363008884,
      20.88575964441298,
      20.94721759117948,
      21.024836073085506,
      20.910224875726836,
      20.887264203366527,
      20.958168838421752,
      20.860309398258835,
      20.99444233539844,
      20.973499602631613,
      20.962477754640297,
      20.963046632912786,
      20.79007872571778,
      21.03372453137184,
      20.92788381472598,
      20.941962952137196,
      20.90532115121058,
      20.926928099802808,
      21.093784104729757,
      21.114637627555016,
      20.990271052163905,
      20.989416957217117,
      20.98786855412499,
      20.876798523353564,
      20.991524687816508,
      20.94251236974811,
      20.93436711269486,
      21.053846580337925,
      20.975202719547628,
      21.018979841764157,
      21.04343803339166,
      20.90827587160943,
      21.014427771087828,
      21.00344914373958,
      21.01106006144215,
      20.973331304490355,
      21.02279439221865,
      20.992239614663315
    ],