{
  "config": {
    "seed": 42,
    "bs_train": 64,
    "bs_test": 16,
    "batches": 100,
    "epochs": 100,
    "early_stopping": 10,
    "checkpoints": null,
    "lr": 0.0005,
    "print_every": 100,
    "h_dim": 128,
    "z_dim": 2,
    "betas": [
      0.1,
      0.1
    ],
    "kw": {},
    "RTplot": false,
    "out_dir": "./results/Res3/",
    "run_name": "MEGA_RUNbs_64lr_0.0005h_128z_2s_0.5",
    "x_sigma2": 0.5
  },
  "results": {
    "num_epochs": 0,
    "train_loss": [
      1.1446890905499458,
      0.6109101101756096,
      0.5894332751631737,
      0.5822955220937729,
      0.5725544355809689,
      0.573302336037159,
      0.5528390966355801,
      0.5591139458119869,
      0.5598026216030121,
      0.5619807541370392,
      0.5393240824341774,
      0.5766858756542206,
      0.555573794990778,
      0.541225541383028,
      0.553255058825016,
      0.5488573387265205,
      0.5558227002620697,
      0.5409636944532394,
      0.556391503661871,
      0.5107328221201897,
      0.540932908654213,
      0.5328387320041656,
      0.5326358154416084,
      0.5631651841104031,
      0.5017418749630451,
      0.5723447352647781,
      0.5423989854753017,
      0.5730927027761936,
      0.5254021696746349,
      0.5155916102230549,
      0.524912141263485,
      0.5615397915244102,
      0.49327919632196426,
      0.5457093790173531,
      0.5149577893316746,
      0.5235259011387825,
      0.49855007976293564,
      0.5082175061106682,
      0.49242598190903664,
      0.5245764926075935,
      0.5010304898023605,
      0.5142351910471916,
      0.5002068839967251,
      0.48887117952108383,
      0.5014645978808403,
      0.5366947650909424,
      0.4982382506132126,
      0.4973849318921566,
      0.5119903273880482,
      0.5075987093150616,
      0.48505647480487823,
      0.4968147426843643,
      0.515839722007513,
      0.49994228407740593,
      0.4948684759438038,
      0.49226778373122215,
      0.5132737793028355,
      0.4904710128903389,
      0.5355313345789909,
      0.46872150897979736,
      0.5485072918236256,
      0.47368092462420464,
      0.5059768967330456,
      0.48089591786265373,
      0.4881800375878811,
      0.4711056798696518,
      0.4921810030937195,
      0.47154728323221207,
      0.49976861849427223,
      0.479805126786232,
      0.517940241843462,
      0.4906376488506794,
      0.4882587157189846,
      0.5015928335487843,
      0.4509717784821987,
      0.49226585030555725,
      0.5212961696088314,
      0.46556567400693893,
      0.5008023530244827,
      0.5061461329460144,
      0.4806229919195175,
      0.45874086767435074,
      0.4981701336801052,
      0.5221340022981167,
      0.48635488376021385,
      0.5178384073078632,
      0.47116220369935036,
      0.4815858155488968,
      0.4979004003107548,
      0.49100319668650627,
      0.4696624167263508,
      0.48692550137639046,
      0.4715971276164055,
      0.5023249424993992,
      0.48978428542613983,
      0.48407042399048805,
      0.4838693365454674,
      0.4542715847492218,
      0.5143019407987595,
      0.47723889723420143
    ],
    "train_acc": [
      2.598917177640798,
      2.947605175492774,
      3.0083221030885476,
      3.069224914021804,
      3.1060424253256125,
      3.071604535726217,
      3.222681141514729,
      3.2047686599808776,
      3.262968182540719,
      3.233865079964049,
      3.368157266452679,
      3.2603760202625676,
      3.287243062478567,
      3.390005756626674,
      3.4297799432738567,
      3.3212581603641267,
      3.3588006305548124,
      3.3953624463756906,
      3.319911134119298,
      3.6186421017902224,
      3.4033839137303423,
      3.4920686776529912,
      3.527617267897788,
      3.466084111522589,
      3.8219022905298163,
      3.3926857320396917,
      3.4990115154989008,
      3.38904052399813,
      3.561769807294587,
      3.6671011026494047,
      3.588123159212595,
      3.3834672987260173,
      3.824805957916877,
      3.5151064075935006,
      3.5913660052970244,
      3.643354202905427,
      3.68681645788744,
      3.630270375878768,
      3.7696161047444368,
      3.695592520035377,
      3.6903510147089684,
      3.6090511859686076,
      3.6934605279233166,
      3.814956181479644,
      3.746904292804287,
      3.534216700630315,
      3.7718366108498715,
      3.7437732682572067,
      3.623312768186523,
      3.687365480838335,
      3.8332603143607686,
      3.7956589389462607,
      3.68363168389078,
      3.7006571060486495,
      3.722793540467128,
      3.779942118589805,
      3.710114297998214,
      3.721950489707486,
      3.643876570853837,
      3.917763158830695,
      3.4127927023047975,
      3.8335495353299374,
      3.653024924454014,
      3.8413820470206783,
      3.8106434052114126,
      3.8611883941526797,
      3.762423086639523,
      3.899198846769467,
      3.708800460060857,
      3.891603477119245,
      3.6678134800645545,
      3.765369538127971,
      3.8002530387294366,
      3.7187873375292635,
      4.071358403872726,
      3.8225212581889605,
      3.5194051254539724,
      3.9596287335928326,
      3.6454611660913154,
      3.7662104897582735,
      3.8284198723621072,
      3.9368687656772523,
      3.68910235515904,
      3.5684956694485273,
      3.7636507240131243,
      3.663331877465767,
      3.9015838182642173,
      3.83867945120493,
      3.7992031355778226,
      3.774162915590714,
      3.8862162669498255,
      3.805560090487793,
      3.886510025380147,
      3.6666633272727727,
      3.7763023584666238,
      3.7796936548821645,
      3.784019529638203,
      4.012896703700637,
      3.68929604362263,
      3.7920755655653178
    ],