{
  "config": {
    "seed": 42,
    "bs_train": 16,
    "bs_test": 4,
    "batches": 100,
    "epochs": 100,
    "early_stopping": 10,
    "checkpoints": null,
    "lr": 0.01,
    "print_every": 100,
    "h_dim": 512,
    "z_dim": 2,
    "betas": [
      0.1,
      0.1
    ],
    "kw": {},
    "RTplot": false,
    "out_dir": "./results/Res3/",
    "run_name": "MEGA_RUNbs_16lr_0.01h_512z_2s_0.9",
    "x_sigma2": 0.9
  },
  "results": {
    "num_epochs": 0,
    "train_loss": [
      1.4626381079355875,
      0.9609186887741089,
      0.9287002742290497,
      0.9339369376500447,
      0.9079505403836569,
      0.8887840608755747,
      0.8730552057425182,
      0.8654931048552196,
      0.8587058643500011,
      0.8489313801129659,
      0.8434140642484029,
      0.838914809624354,
      0.8339660962422689,
      0.8306032379468282,
      0.8287945667902629,
      0.8253152072429657,
      0.8210218966007232,
      0.8186961273352306,
      0.8186891178290049,
      0.8173542280991872,
      0.815876857439677,
      0.8148212691148122,
      0.8129651784896851,
      0.8124394416809082,
      0.809540166457494,
      0.8099502464135487,
      0.8078670859336853,
      0.8076569437980652,
      0.8044806857903798,
      0.8059815049171448,
      0.8052016794681549,
      0.8048770944277446,
      0.8031888941923777,
      0.802103465795517,
      0.8020432154337566,
      0.8006838579972585,
      0.8006085991859436,
      0.8005101164182027,
      0.7998701135317484,
      0.79911536971728,
      0.7987574160099029,
      0.7982597430547078,
      0.7970932404200236,
      0.7971083740393321,
      0.7966729362805685,
      0.7965627570947011,
      0.7959138631820679,
      0.7966462751229604,
      0.7960262060165405,
      0.7951339741547903,
      0.7952645182609558,
      0.7947722295920054,
      0.7948905646800994,
      0.7943605701128642,
      0.7939856211344402,
      0.7936314245065054,
      0.7936207195123036,
      0.793276971578598,
      0.7929091115792593,
      0.7927745203177134,
      0.7927410384019216,
      0.7920817414919535,
      0.7923197428385417,
      0.7916741907596588,
      0.7917251090208689,
      0.7918912470340729,
      0.7917437573273977,
      0.7918034195899963,
      0.7916283826033275,
      0.792013923327128,
      0.7916492998600007,
      0.7923447887102762,
      0.7913289109865824,
      0.7916070659955342,
      0.791839337348938,
      0.7919139981269836,
      0.7917294124762217,
      0.791573844353358,
      0.7920011639595032,
      0.7923986117045084,
      0.7919151345888774,
      0.7922232886155446,
      0.7919563313325246,
      0.7919403413931528,
      0.7915914952754974,
      0.7916951199372609,
      0.792345666885376,
      0.7917614916960398,
      0.792058132092158,
      0.7917054176330567,
      0.7917042811711629,
      0.792306117216746,
      0.7914133071899414,
      0.7921990891297658,
      0.79161589940389,
      0.791817323366801,
      0.7914923767248789,
      0.7918613056341807,
      0.7918994824091593,
      0.7923276086648305
    ],
    "train_acc": [
      8.26774217126031,
      7.966584915009026,
      7.965619267154004,
      7.9669766137677245,
      7.955992960552941,
      7.962111704862445,
      7.962987438617926,
      7.9604277226290625,
      7.967391589531321,
      7.960369322802472,
      7.969879007274206,
      7.965071268214521,
      7.965917088778911,
      7.973985353313624,
      7.960957190792852,
      7.956120766529545,
      7.960337973411334,
      7.964160966616671,
      7.956116635993272,
      7.9602285987404535,
      7.95120377703576,
      7.9605306476927655,
      7.960176627750449,
      7.965273937222773,
      7.955282059852759,
      7.953451642134682,
      7.963695740555359,
      7.965386381180054,
      7.965115323543819,
      7.957007149363121,
      7.960443348077495,
      7.95579731361557,
      7.964005042678575,
      7.972297313998697,
      7.9590625273952496,
      7.960407089103128,
      7.974078359695091,
      7.96335512539054,
      7.957196720084176,
      7.961426830730448,
      7.953138399628303,
      7.9623038185935,
      7.969523562059814,
      7.9602216658879055,
      7.967889933361496,
      7.9589293936811,
      7.954454874340541,
      7.962570440226872,
      7.963179085936645,
      7.967046066641569,
      7.968086095874395,
      7.96986232931911,
      7.9527142907941695,
      7.956694941994022,
      7.969841988113444,
      7.960416267891798,
      7.965970803978954,
      7.964795755554898,
      7.9544523510632015,
      7.963592931775556,
      7.955914842557931,
      7.960447347357587,
      7.9599492155074065,
      7.966705940208306,
      7.958557582138261,
      7.957081280827225,
      7.96110685247225,
      7.96598139052908,
      7.958625095713334,
      7.9559104063120065,
      7.955915018795311,
      7.9518561984871665,
      7.9642506966636315,
      7.973657946287599,
      7.959230865439509,
      7.958850102842877,
      7.956010037250429,
      7.9587609996004165,
      7.959500451415015,
      7.966053400058112,
      7.955298326372854,
      7.966048992835356,
      7.956107721978847,
      7.958396567298829,
      7.964481784691895,
      7.957775653813935,
      7.959615500039119,
      7.9714271461184705,
      7.957875225004652,
      7.959893508857684,
      7.962048024769978,
      7.961802295375172,
      7.96047756265344,
      7.956867951367523,
      7.960273200472274,
      7.959106493407825,
      7.963666232013842,
      7.958836667146512,
      7.956409722161206,
      7.961396714720652
    ],