{
  "config": {
    "seed": 42,
    "bs_train": 16,
    "bs_test": 4,
    "batches": 100,
    "epochs": 100,
    "early_stopping": 10,
    "checkpoints": null,
    "lr": 0.01,
    "print_every": 100,
    "h_dim": 256,
    "z_dim": 10,
    "betas": [
      0.1,
      0.1
    ],
    "kw": {},
    "RTplot": false,
    "out_dir": "./results/Res3/",
    "run_name": "MEGA_RUNbs_16lr_0.01h_256z_10s_0.5",
    "x_sigma2": 0.5
  },
  "results": {
    "num_epochs": 0,
    "train_loss": [
      65.53940167029698,
      1.609926736354828,
      1.3889793316523233,
      1.3781600952148438,
      1.262546678384145,
      0.7620372573534647,
      0.7159085512161255,
      0.6944922188917796,
      0.6700846592585246,
      0.6515485405921936,
      0.645608056584994,
      0.6406150380770366,
      0.6317537109057109,
      0.6292529841264088,
      0.6273835023244222,
      0.6247648477554322,
      0.6235953370730082,
      0.6203450262546539,
      0.6207911868890127,
      0.6163694649934769,
      0.6172598620255788,
      0.6125648121039072,
      0.6135904272397359,
      0.6132645507653555,
      0.6129160046577453,
      0.6100426971912384,
      0.6110901316006978,
      0.6101587196191152,
      0.6070722927649815,
      0.6044746259848277,
      0.6049241264661153,
      0.6023940414190292,
      0.6035159309705098,
      0.602949873606364,
      0.6014217038949331,
      0.6023617525895436,
      0.6016278058290482,
      0.6007377564907074,
      0.598340689142545,
      0.6001560310522716,
      0.5982470015684763,
      0.5978966762622198,
      0.5962936520576477,
      0.5967589616775513,
      0.5957599699497222,
      0.5953822731971741,
      0.5949877957503001,
      0.5951175153255462,
      0.5953445235888163,
      0.5928091059128443,
      0.5943447063366573,
      0.5922416031360627,
      0.5945881923039754,
      0.5920755565166473,
      0.5908321142196655,
      0.5913290669520695,
      0.5912559986114502,
      0.5903347790241241,
      0.5908867339293162,
      0.5904019504785538,
      0.5908712685108185,
      0.5898024410009384,
      0.5904852986335755,
      0.5894493937492371,
      0.5883054216702779,
      0.5885271012783051,
      0.5878336091836294,
      0.5879281202952067,
      0.5893117109934489,
      0.5880009253819783,
      0.5885949085156122,
      0.5879450688759486,
      0.588285489877065,
      0.5871617863575618,
      0.5878112037976583,
      0.5863522489865621,
      0.5871101299921672,
      0.5873754858970642,
      0.5867144604523976,
      0.5864998996257782,
      0.5852186759312947,
      0.5860767960548401,
      0.5854572047789891,
      0.5851300150156021,
      0.5845887005329132,
      0.5850702524185181,
      0.5848278780778249,
      0.5846395313739776,
      0.5841580390930176,
      0.5836324393749237,
      0.5842379470666249,
      0.5825392117102941,
      0.5831194112698237,
      0.5836633384227753,
      0.5835570931434632,
      0.5828772674004237,
      0.5822116146485011,
      0.5827404350042343,
      0.5810240546862284,
      0.5814491907755533
    ],
    "train_acc": [
      5.733399116786017,
      5.644955328354602,
      5.6338427620594995,
      5.54420143000281,
      6.298933552568541,
      10.661014321700042,
      10.969603851161821,
      11.022004422652126,
      11.00130664734157,
      10.998586037776398,
      11.00180974724421,
      11.031427549835842,
      11.006529260010877,
      10.985447631661925,
      11.032024701252464,
      11.031826330003758,
      11.005512869733533,
      11.010741321626021,
      11.031351038262692,
      11.016653062400326,
      11.021511752088037,
      11.032530409177966,
      11.007595745677103,
      10.989487345435908,
      11.002324293461813,
      11.01995603160704,
      11.012342113865138,
      10.996545688920644,
      11.035108974857286,
      11.016314357501557,
      11.001674422054757,
      11.014040701540347,
      11.005600519842263,
      10.986256398380624,
      11.024617590859169,
      11.006851828983436,
      11.024424965245826,
      10.987678625780253,
      11.025075176614546,
      11.01102400117016,
      11.02880417400242,
      11.051346797242466,
      11.010497306690594,
      10.99666958108018,
      11.038822418655378,
      11.007613919495133,
      10.978147778670193,
      11.00485097641758,
      11.0193647304636,
      11.010923919342172,
      11.034472718250978,
      10.981808631708992,
      10.9907929749044,
      11.028145365056647,
      11.04566061820518,
      11.012352586159764,
      10.986814999731804,
      10.991731405275345,
      11.005721255124419,
      10.983492598669171,
      11.04316035168931,
      11.029885019432951,
      11.035329319310826,
      10.989639172328454,
      11.029162716910445,
      11.043269056419224,
      11.004088014050357,
      10.989579857324609,
      11.004717382950634,
      10.975300201628777,
      11.038444550615495,
      11.031679181723671,
      11.011494479972338,
      11.029790643046733,
      10.975935586652357,
      11.033522216290242,
      10.982180899547965,
      11.004333554796547,
      10.985086557722825,
      11.029520866457108,
      11.059759181696394,
      11.074966023480284,
      11.016665948722057,
      11.031336347522283,
      11.034518323922457,
      10.966084671717981,
      11.052692066175752,
      10.995156161254851,
      10.997752868371203,
      11.030831430158479,
      10.991731563470053,
      11.030581095452389,
      11.043324657284861,
      10.966348472758686,
      11.025898220596126,
      11.00741292158579,
      11.033585759151503,
      11.005448988119456,
      11.019543865124085,
      11.009322628823643
    ],