{
  "config": {
    "seed": 42,
    "bs_train": 16,
    "bs_test": 4,
    "batches": 100,
    "epochs": 100,
    "early_stopping": 10,
    "checkpoints": null,
    "lr": 0.0005,
    "print_every": 100,
    "h_dim": 256,
    "z_dim": 10,
    "betas": [
      0.1,
      0.1
    ],
    "kw": {},
    "RTplot": false,
    "out_dir": "./results/Res3/",
    "run_name": "MEGA_RUNbs_16lr_0.0005h_256z_10s_0.9",
    "x_sigma2": 0.9
  },
  "results": {
    "num_epochs": 0,
    "train_loss": [
      0.9707848916451136,
      0.34344427088896434,
      0.3395188813408216,
      0.32679248799880345,
      0.3306420584519704,
      0.3227243493000666,
      0.3252019872268041,
      0.32477998932202656,
      0.3191396122177442,
      0.3190192977587382,
      0.3141994118690491,
      0.3125396380821864,
      0.3186055396993955,
      0.3131062964598338,
      0.30531795223553976,
      0.3124094436566035,
      0.30651257981856667,
      0.29823643614848455,
      0.2938260957598686,
      0.2816498542825381,
      0.29259759485721587,
      0.2798958862821261,
      0.2745507419109344,
      0.27275931437810264,
      0.27555318027734754,
      0.2770816206932068,
      0.26867280950148903,
      0.26012742867072425,
      0.2722915475567182,
      0.26081422915061314,
      0.2581978539625804,
      0.2651728242635727,
      0.255444731314977,
      0.2514918481310209,
      0.2622196520368258,
      0.2593789060910543,
      0.26332116524378457,
      0.25251112282276156,
      0.2517104546229045,
      0.25315549423297246,
      0.2553777307271957,
      0.2483554517229398,
      0.2514255846540133,
      0.24560851951440174,
      0.24683441420396168,
      0.24931201140085857,
      0.24622896711031597,
      0.24657274186611175,
      0.2463339572151502,
      0.2427190825343132,
      0.2470445548494657,
      0.24186085015535355,
      0.2478674481312434,
      0.24116339683532714,
      0.24635867178440093,
      0.24406692783037823,
      0.24903765668471653,
      0.24213685244321823,
      0.2408723533153534,
      0.2428524966041247,
      0.2397118459145228,
      0.23769652992486953,
      0.24162976145744325,
      0.23914225647846857,
      0.2363866612315178,
      0.23910640180110931,
      0.2347117284933726,
      0.24295108517011008,
      0.23796231547991434,
      0.2320454776287079,
      0.2321466604868571,
      0.23260048727194468,
      0.24066072851419448,
      0.2284694418311119,
      0.23469897359609604,
      0.23084527651468914,
      0.23347809612751008,
      0.22885666489601136,
      0.22545143216848373,
      0.22588449319203693,
      0.2275678962469101,
      0.22104892283678054,
      0.22981834957997005,
      0.2247050439318021,
      0.22287810643513997,
      0.22376958678166073,
      0.2229133278131485,
      0.2235381618142128,
      0.22040061404307684,
      0.22516205956538518,
      0.22312425424655277,
      0.21870314925909043,
      0.22146344830592474,
      0.22005543907483419,
      0.21963949451843898,
      0.21849436014890672,
      0.21518840342760087,
      0.2171256199479103,
      0.21697586973508198,
      0.21022526025772095
    ],
    "train_acc": [
      19.14395840337174,
      21.28123160153531,
      21.587732620110902,
      22.339757834466326,
      22.270798999432387,
      22.429037119792557,
      22.39745973059244,
      22.368246244759167,
      22.70674636468407,
      22.593608160015417,
      23.018292028856393,
      23.20141873689832,
      23.10173856969353,
      23.34642888087231,
      23.985295931549878,
      23.67098719775916,
      24.00541510058425,
      24.245760369344215,
      24.816592037509157,
      25.686537763070643,
      25.021644303913675,
      26.11071424487411,
      26.054568694492307,
      26.132224554166317,
      25.417288602213688,
      25.69781088250757,
      26.075886072055194,
      27.233038861564015,
      26.266052732328184,
      27.245554309467042,
      27.18404570471374,
      26.74884652101412,
      27.16666153289194,
      28.236770544262786,
      26.82592440125334,
      27.26102062686684,
      26.998142330775245,
      27.46761751677191,
      27.643134048147363,
      27.64045688467284,
      27.094125664386247,
      27.638344900290253,
      27.385411541619238,
      27.908761378746455,
      27.821894967193277,
      27.647938804948918,
      28.028506748092067,
      27.689227514176352,
      27.80462974976089,
      28.26213904274714,
      27.768014456285275,
      28.129264783703306,
      27.501447099866688,
      28.298863281388268,
      27.75203108976312,
      28.200278300566193,
      27.65507720293251,
      28.201913321226986,
      28.349874520165493,
      28.475969871743462,
      28.46185829217156,
      28.692672044841565,
      28.601530603240786,
      28.380480719899452,
      28.924776585032543,
      28.634589731291705,
      29.140182462604347,
      28.36739345195712,
      28.8366380372754,
      29.364514241497986,
      29.288619530876137,
      29.51674430461187,
      28.300433485117424,
      29.66342713841336,
      29.019209077268325,
      29.725296067314886,
      29.046770973416322,
      29.67831080048383,
      30.296235179008566,
      30.065434557680792,
      29.845615826801396,
      30.925091637035898,
      29.487336126421784,
      30.302916317540806,
      30.424740256130423,
      30.477473045930406,
      30.612693580079167,
      30.250403842075247,
      30.831065763453225,
      30.094186228452596,
      30.439171310878272,
      30.831595795749266,
      30.58505459811972,
      30.93139403820212,
      30.9515572197649,
      31.096542926426796,
      31.574420262248516,
      31.29193966011775,
      30.98684764934707,
      32.07819085120251
    ],