{
  "config": {
    "seed": 42,
    "bs_train": 32,
    "bs_test": 8,
    "batches": 100,
    "epochs": 100,
    "early_stopping": 10,
    "checkpoints": null,
    "lr": 0.005,
    "print_every": 100,
    "h_dim": 512,
    "z_dim": 5,
    "betas": [
      0.1,
      0.1
    ],
    "kw": {},
    "RTplot": false,
    "out_dir": "./results/Res3/",
    "run_name": "MEGA_RUNbs_32lr_0.005h_512z_5s_0.5",
    "x_sigma2": 0.5
  },
  "results": {
    "num_epochs": 0,
    "train_loss": [
      2.6315967798233033,
      1.315783445040385,
      1.0498944123586018,
      0.8876151839892069,
      0.8135390281677246,
      0.770053764184316,
      0.7085891405741374,
      0.6941802104314169,
      0.6988822937011718,
      0.723662543296814,
      0.6707936088244121,
      0.6595792770385742,
      0.6503920276959737,
      0.6322710037231445,
      0.6361593008041382,
      0.626257312297821,
      0.622471026579539,
      0.6259322881698608,
      0.6125017682711283,
      0.6079100767771403,
      0.6146370967229208,
      0.6039937257766723,
      0.6293763220310211,
      0.6004163543383281,
      0.6111388047536214,
      0.6375428716341655,
      0.6022972345352173,
      0.6175071676572164,
      0.6008344729741414,
      0.5983644723892212,
      0.5939850091934205,
      0.6117636640866597,
      0.5930932641029358,
      0.586207898457845,
      0.5867797374725342,
      0.5864481349786123,
      0.5848163207372029,
      0.5837281266848247,
      0.5817231416702271,
      0.5781635920206706,
      0.579943839708964,
      0.5767972469329834,
      0.5815114935239156,
      0.5783549745877584,
      0.5781927903493246,
      0.5745055099328359,
      0.5748109221458435,
      0.5729021430015564,
      0.5711889266967773,
      0.5730896671613057,
      0.5756360967954,
      0.5723350683848063,
      0.5707377632459004,
      0.5719962616761526,
      0.5723216990629832,
      0.5713248769442241,
      0.5692330519358317,
      0.5748607317606608,
      0.5715541283289591,
      0.5709864139556885,
      0.5733084042867025,
      0.5678588112195333,
      0.5734017570813497,
      0.567778718471527,
      0.5680963476498921,
      0.5665064056714376,
      0.5701951742172241,
      0.5685621698697408,
      0.5669151226679484,
      0.5662684321403504,
      0.5666480819384258,
      0.5645456870396932,
      0.5632294138272603,
      0.5637332975864411,
      0.5662490924199423,
      0.5633256753285726,
      0.5653961777687073,
      0.5631774028142293,
      0.5618547936280568,
      0.5638903061548869,
      0.5649839957555135,
      0.5633965055147807,
      0.5615504542986552,
      0.5635002414385478,
      0.5611884832382202,
      0.5604853550593059,
      0.5624250531196594,
      0.5604552308718364,
      0.5613375544548035,
      0.5617666979630788,
      0.5616891702016195,
      0.5607303460439046,
      0.5629082202911377,
      0.5620322545369466,
      0.5613692561785381,
      0.560006841023763,
      0.5605675756931305,
      0.5592684785525004,
      0.5607604265213013,
      0.5584039529164632
    ],
    "train_acc": [
      2.8868987509788027,
      4.236681825399137,
      4.7237647323598155,
      5.068032769019837,
      5.29986551707455,
      5.191144525602973,
      5.47468166096646,
      5.56195685869854,
      5.540632028565725,
      5.144995217736578,
      5.607866544917272,
      5.555876811154547,
      5.618437266033798,
      5.691640706805062,
      5.628060904061187,
      5.745343359821621,
      5.67422544987012,
      5.682771441842798,
      5.743055729994407,
      5.756993982741451,
      5.716112227626938,
      5.777142682717753,
      5.626774827691018,
      5.813734978770008,
      5.673572275779847,
      5.545243516977967,
      5.7496252614636845,
      5.732691396254641,
      5.704357879479893,
      5.684215829611343,
      5.700325401642739,
      5.613127905260937,
      5.706889768764907,
      5.760989939160231,
      5.7200649461614885,
      5.722145649982381,
      5.735604942318482,
      5.725661535726052,
      5.753506092447492,
      5.760207438426965,
      5.7639853273693555,
      5.74801087796526,
      5.73067752967011,
      5.759234655880877,
      5.755869239095652,
      5.773144960642313,
      5.7486461698206215,
      5.780528357688989,
      5.770057872039226,
      5.780257157579257,
      5.74252648174631,
      5.746492739924766,
      5.796823252139889,
      5.7811516043064035,
      5.785563621864618,
      5.771717296032769,
      5.812034381638694,
      5.781049765794657,
      5.773784629276662,
      5.766726928902008,
      5.767895288475223,
      5.7783778204751375,
      5.737929335261672,
      5.775474655282453,
      5.7930597068494185,
      5.768232106971507,
      5.73972073433928,
      5.7545785479240354,
      5.779539137993029,
      5.7901628676692605,
      5.767253811995209,
      5.78417450325285,
      5.802568846268893,
      5.786435457284624,
      5.779600664254579,
      5.78078518650352,
      5.7586308903284,
      5.783932868623901,
      5.798089408053389,
      5.793074452735647,
      5.776883780053434,
      5.7934185414239225,
      5.7938692729820715,
      5.810388482044704,
      5.797880173808685,
      5.783284772943624,
      5.7888567197509,
      5.785855867723193,
      5.785635180565633,
      5.789961175898185,
      5.789705364355188,
      5.78976101399007,
      5.771385001316544,
      5.783697966421495,
      5.777073483469405,
      5.784854364145545,
      5.797898334986572,
      5.7927886188702225,
      5.790652300409897,
      5.831924939637751
    ],