{
  "config": {
    "seed": 42,
    "bs_train": 16,
    "bs_test": 4,
    "batches": 100,
    "epochs": 100,
    "early_stopping": 10,
    "checkpoints": null,
    "lr": 0.0005,
    "print_every": 100,
    "h_dim": 128,
    "z_dim": 50,
    "betas": [
      0.1,
      0.1
    ],
    "kw": {},
    "RTplot": false,
    "out_dir": "./results/Res3/",
    "run_name": "MEGA_RUNbs_16lr_0.0005h_128z_50s_0.9",
    "x_sigma2": 0.9
  },
  "results": {
    "num_epochs": 0,
    "train_loss": [
      1.0064392884572346,
      0.4332877486944199,
      0.3783316731452942,
      0.3501807580391566,
      0.3340922772884369,
      0.33027422726154326,
      0.3311613162358602,
      0.3230036795139313,
      0.321038663884004,
      0.3168922245502472,
      0.3101676404476166,
      0.3186897615591685,
      0.30622526407241824,
      0.3081416537364324,
      0.30589670141537983,
      0.30798871964216235,
      0.30579368223746617,
      0.31070220520099007,
      0.2974429503083229,
      0.30356882959604264,
      0.28789620647827785,
      0.29160174628098806,
      0.2864452347159386,
      0.28167752623558046,
      0.28267467170953753,
      0.2775378406047821,
      0.27577796429395673,
      0.2678011159102122,
      0.2670804892977079,
      0.2772570033868154,
      0.27202181071043013,
      0.2757830202579498,
      0.26061069617668786,
      0.2653456722696622,
      0.25539999852577844,
      0.26203418920437493,
      0.2596496413151423,
      0.26220549245675406,
      0.26127032885948814,
      0.2550580014785131,
      0.25822560290495555,
      0.2562530199686686,
      0.2534821401039759,
      0.2559763640165329,
      0.24422546525796254,
      0.2466872344414393,
      0.2432052969932556,
      0.24014029999574024,
      0.250640994310379,
      0.24285171379645665,
      0.24725418239831926,
      0.2393541817863782,
      0.24386314302682877,
      0.23921204109986624,
      0.2422129323085149,
      0.23821534762779872,
      0.23981580535570782,
      0.23492084791262943,
      0.2377254496018092,
      0.2351272776722908,
      0.24095684587955474,
      0.23144465138514836,
      0.23369193623463314,
      0.24101200054089228,
      0.23060250182946523,
      0.2355873425801595,
      0.23320375829935075,
      0.22789476017157237,
      0.23855449706315995,
      0.2292148823539416,
      0.23470044086376826,
      0.23114423205455145,
      0.22858019322156906,
      0.22362995346387227,
      0.22885643740495046,
      0.22623965392510095,
      0.22613232086102167,
      0.22609068751335143,
      0.22532878120740255,
      0.22308895041545232,
      0.2328416585922241,
      0.222927858432134,
      0.2270678942402204,
      0.21511856863896053,
      0.22073348065217335,
      0.22438107778628666,
      0.21962773849566777,
      0.2233116313815117,
      0.21774687965710957,
      0.21710846622784932,
      0.2229546661178271,
      0.2229382241765658,
      0.21657593349615734,
      0.22017260193824767,
      0.21888033499320347,
      0.21698397099971772,
      0.2178550218542417,
      0.21839005748430887,
      0.21515865077575047,
      0.2223701094587644
    ],
    "train_acc": [
      19.127539413703712,
      20.8011034204986,
      21.492576276349357,
      22.48070506912595,
      23.19956803174659,
      23.29259976505103,
      22.73314019299517,
      23.521654121718257,
      23.41561387720977,
      23.630449686962223,
      24.010787589300378,
      23.658688880965947,
      24.387864956495573,
      24.16245417354004,
      24.28819021016172,
      24.177086710059136,
      24.34030544711334,
      23.91011046033935,
      24.953092341817143,
      24.612212804890188,
      25.484472560636963,
      25.136122989625818,
      25.691625658448167,
      25.859797056385958,
      25.981364502919355,
      26.25781325355453,
      26.434745036818693,
      27.094495415873826,
      27.240915232207566,
      26.463759985123524,
      26.759793387252895,
      26.188460476266055,
      27.43473972552053,
      26.978110627249762,
      27.888120980084324,
      27.469717262502467,
      27.605511893463213,
      27.526561247742087,
      27.807590396041864,
      28.154471313291335,
      27.75071386416785,
      28.2892566404927,
      28.404383681169872,
      28.0255325747973,
      29.209210193582514,
      28.646908198043352,
      29.256496463441188,
      29.930462176313693,
      28.4671810370449,
      29.166699337343402,
      28.92066727018562,
      29.63735362320178,
      29.30258501432309,
      29.93511910589811,
      29.200087536922123,
      30.109525057665163,
      29.64427979528881,
      30.185725030158395,
      30.183508110499144,
      30.379688845827516,
      29.729260586643868,
      30.71647094710828,
      30.67286316799902,
      29.85199440674034,
      30.662354084472952,
      30.341605324262837,
      30.544843320682496,
      31.260407619720407,
      29.80469920070832,
      31.140356645673677,
      30.61839709172245,
      30.831696488381482,
      31.4849999634517,
      31.913241604893933,
      30.954154137378108,
      31.625522846852302,
      31.555016840654538,
      31.34996954596457,
      31.5155142085513,
      31.627846393919658,
      30.271034943859778,
      31.917903301445936,
      31.170307711025906,
      32.86358863745413,
      31.840692081435627,
      31.79816825055762,
      32.26654560208919,
      32.06621796966602,
      32.351847340755825,
      32.58679801551426,
      31.606001801481383,
      32.00871404491205,
      33.160356449530454,
      32.37334524600995,
      32.08417333959825,
      32.422437428561416,
      32.630251034840654,
      32.44534916431691,
      32.944891473866555,
      31.72683482632483
    ],