{
  "config": {
    "seed": 42,
    "bs_train": 32,
    "bs_test": 8,
    "batches": 100,
    "epochs": 100,
    "early_stopping": 10,
    "checkpoints": null,
    "lr": 0.001,
    "print_every": 100,
    "h_dim": 128,
    "z_dim": 20,
    "betas": [
      0.1,
      0.1
    ],
    "kw": {},
    "RTplot": false,
    "out_dir": "./results/Res3/",
    "run_name": "MEGA_RUNbs_32lr_0.001h_128z_20s_0.5",
    "x_sigma2": 0.5
  },
  "results": {
    "num_epochs": 0,
    "train_loss": [
      2.0097083965937297,
      0.7696571866671245,
      0.6986925164858501,
      0.6663272698720296,
      0.6364063064257304,
      0.6409583369890849,
      0.605165155728658,
      0.6377208391825359,
      0.6118462721506754,
      0.5998167435328166,
      0.6140937447547913,
      0.6051553964614869,
      0.5994748989741008,
      0.600212558110555,
      0.5952477733294169,
      0.5866249322891235,
      0.5904059509436289,
      0.5945565740267436,
      0.5908052722613016,
      0.5956404447555542,
      0.5766524195671081,
      0.584141206741333,
      0.5858798782030742,
      0.5942825714747111,
      0.57113476395607,
      0.5848196824391683,
      0.5828548669815063,
      0.5761475821336111,
      0.5802567740281422,
      0.5951485395431518,
      0.5778587341308594,
      0.6029453059037526,
      0.5690879185994466,
      0.5837935785452525,
      0.5710926791032155,
      0.5775191187858582,
      0.5784752170244852,
      0.5731776714324951,
      0.5723378380139669,
      0.566135174036026,
      0.5474688033262889,
      0.5094033698240916,
      0.5330446044603984,
      0.5420401096343994,
      0.5146890640258789,
      0.5286248544851939,
      0.5136679649353028,
      0.49893166025479635,
      0.5096663971741994,
      0.5006995558738708,
      0.5168905258178711,
      0.48705506722132363,
      0.5330160756905874,
      0.47721348802248637,
      0.4730548838774363,
      0.4757233917713165,
      0.4898453931013743,
      0.516774966319402,
      0.5087936659653981,
      0.477968959013621,
      0.4843665142854055,
      0.4862625559171041,
      0.47630446155865985,
      0.4826262414455414,
      0.4640381554762522,
      0.45877174735069276,
      0.45992345213890073,
      0.46071860392888386,
      0.47859633167584736,
      0.4768126348654429,
      0.46172469258308413,
      0.4765208641688029,
      0.45387043158213297,
      0.4620035747687022,
      0.4371599654356639,
      0.46822420954704286,
      0.4631524085998535,
      0.46380111972490945,
      0.43322994709014895,
      0.5111715455849966,
      0.44009804328282676,
      0.4581971844037374,
      0.4577801605065664,
      0.46369359095891316,
      0.4546470324198405,
      0.4444886843363444,
      0.4588917056719462,
      0.4549188752969106,
      0.4716798524061839,
      0.46057610511779784,
      0.4551002661387126,
      0.44726802508036295,
      0.44045024116834003,
      0.46126113732655843,
      0.4409317870934804,
      0.43099900484085085,
      0.4784635504086812,
      0.44961466590563454,
      0.45220458308855693,
      0.449414587020874
    ],
    "train_acc": [
      4.809817979711117,
      5.042097857921569,
      5.386965765827013,
      5.6497144144994405,
      5.706408516306505,
      5.789092257077346,
      5.956021762911343,
      5.802554387902945,
      5.926664710627004,
      5.97096284888716,
      5.873412326048497,
      5.961140106692159,
      6.0059237739257325,
      5.895766466416057,
      6.012987244553776,
      6.079024767700359,
      6.010483635227719,
      5.989527836995128,
      6.033921119088917,
      5.988815666063852,
      6.161094393764542,
      6.135876827848391,
      6.08601024117545,
      6.014725462018985,
      6.199861527518453,
      6.131377221537574,
      6.1327291597556,
      6.2262946295846575,
      6.218468155398995,
      6.03137149626058,
      6.273306897834327,
      6.133233876858186,
      6.354180280927186,
      6.397296858360424,
      6.311237088890999,
      6.355522616283196,
      6.463554976463298,
      6.314117118945534,
      6.424645117144545,
      6.664061518720039,
      6.714534855169578,
      7.258997768526755,
      6.845069190218695,
      6.6983580193299055,
      7.089460194445983,
      6.983256008576246,
      7.074579057454601,
      7.2554895050790185,
      7.132946052469145,
      7.12230562016978,
      6.979128420919464,
      7.310085741634773,
      6.927141594744264,
      7.501271586170825,
      7.504213415332954,
      7.4404141704127795,
      7.3073071013268,
      7.210184807665053,
      7.055397022711195,
      7.616151469920183,
      7.29379431944354,
      7.352484532301251,
      7.493479454646797,
      7.452878919742286,
      7.704636206534513,
      7.847522979418459,
      7.668216838940005,
      7.6938531160862995,
      7.463591191913422,
      7.613332036160963,
      7.668893184908161,
      7.606818048602342,
      7.915396310903502,
      7.711433772940172,
      8.114902397698197,
      7.603070501605742,
      7.5992881296775865,
      7.756045093705412,
      8.065231782479934,
      7.333132352334786,
      8.167498832233473,
      7.761724761080366,
      7.764001011905366,
      7.6416787040052965,
      7.681378934802921,
      7.853604812336042,
      7.665607943783038,
      7.77397257302947,
      7.538862585158428,
      7.720107770403851,
      7.886407361097323,
      7.849187863171418,
      7.890595064383201,
      7.66026332131191,
      7.941338838901354,
      8.087230249350519,
      7.691527530867266,
      7.7417994970872455,
      7.821693279498902,
      7.878544273099691
    ],