{
  "config": {
    "seed": 42,
    "bs_train": 32,
    "bs_test": 8,
    "batches": 100,
    "epochs": 100,
    "early_stopping": 10,
    "checkpoints": null,
    "lr": 0.001,
    "print_every": 100,
    "h_dim": 128,
    "z_dim": 2,
    "betas": [
      0.1,
      0.1
    ],
    "kw": {},
    "RTplot": false,
    "out_dir": "./results/Res3/",
    "run_name": "MEGA_RUNbs_32lr_0.001h_128z_2s_0.5",
    "x_sigma2": 0.5
  },
  "results": {
    "num_epochs": 0,
    "train_loss": [
      0.8582547505696615,
      0.6662804325421651,
      0.6311115781466167,
      0.6060989618301391,
      0.6069009820620219,
      0.5980144242445627,
      0.6029367546240488,
      0.5897258679072063,
      0.5786866943041483,
      0.572316336631775,
      0.5702423989772797,
      0.5874674578507741,
      0.5894477248191834,
      0.5913422286510468,
      0.5641576608022054,
      0.5670365790526072,
      0.5503728946050008,
      0.5825716217358907,
      0.5665573100248973,
      0.5529772102832794,
      0.5400467852751414,
      0.5536924203236898,
      0.5459772328535716,
      0.5219139734903971,
      0.5381162802378336,
      0.5709643661975861,
      0.5166216512521108,
      0.5521634797255198,
      0.5377010385195414,
      0.5224264125029247,
      0.5509495258331298,
      0.5297650595506033,
      0.5231964508692424,
      0.5231139143308003,
      0.49713178873062136,
      0.5150211234887441,
      0.5750658075014751,
      0.5199539184570312,
      0.499489426612854,
      0.5369827191034953,
      0.5468084514141083,
      0.4928148627281189,
      0.5024948835372924,
      0.4919771214326223,
      0.5317881842454274,
      0.49143228530883787,
      0.4907145142555237,
      0.5080541670322418,
      0.47505311568578085,
      0.5533573071161906,
      0.4922484596570333,
      0.49078654249509174,
      0.4993764897187551,
      0.5288117984930675,
      0.4898888905843099,
      0.48833515246709186,
      0.49778995911280316,
      0.4780748089154561,
      0.5172016580899557,
      0.4962413171927134,
      0.4821632742881775,
      0.5351279596487681,
      0.4708379805088043,
      0.4771190603574117,
      0.48014525373776756,
      0.46644460360209145,
      0.47548571626345315,
      0.47961029211680095,
      0.48995404640833534,
      0.5195612092812856,
      0.46351654529571534,
      0.48915858268737794,
      0.4919219195842743,
      0.47747235695521034,
      0.4742140690485636,
      0.438038037220637,
      0.4433277448018392,
      0.4894845724105835,
      0.4927563110987345,
      0.4676992654800415,
      0.4678221066792806,
      0.4575530767440796,
      0.45663598577181497,
      0.46589768926302594,
      0.4852336823940277,
      0.4763099332650503,
      0.4541154702504476,
      0.47332963347435,
      0.46822887659072876,
      0.46644486983617145,
      0.46333632071812947,
      0.462719988822937,
      0.4705812712510427,
      0.47922334472338357,
      0.4587556858857473,
      0.4481667180856069,
      0.4611315031846364,
      0.4585110267003377,
      0.47301514546076456,
      0.44428630272547404
    ],
    "train_acc": [
      4.88134186995864,
      5.40307511871525,
      5.619701369876217,
      5.911271537944512,
      5.821952310906612,
      5.839448714684485,
      5.819880601331876,
      5.90422950747954,
      5.974915625218065,
      6.02668952371009,
      6.1123834483020545,
      5.982153751897601,
      6.075859611670973,
      6.049688946515559,
      6.167904749079855,
      6.1614166500250365,
      6.424553401512866,
      6.092877962462651,
      6.394276829316071,
      6.378469602291702,
      6.516622254992049,
      6.622314898184267,
      6.524433664009737,
      6.705941826854269,
      6.584431255599822,
      6.6097840739894735,
      6.86356941188919,
      6.702950995040704,
      6.59895551842215,
      6.740483309505605,
      6.702197348773927,
      6.784898336456235,
      6.751794894745716,
      6.8454688215907575,
      6.990730982178694,
      6.836541300236319,
      6.677803480881062,
      6.869046463602878,
      7.05533077715082,
      6.894990838027333,
      6.482478488002384,
      7.073525505343303,
      6.97788316561111,
      7.148496080642543,
      6.733424694368364,
      7.158172633148061,
      7.153017494641351,
      6.993572680376756,
      7.213834924078324,
      6.507898284115882,
      7.00563660099974,
      7.069186960022635,
      7.084127551910918,
      6.748575667250035,
      7.1882322299795325,
      7.124402746460572,
      7.065092141228356,
      7.249481396225256,
      7.056882463553311,
      7.08756821391116,
      7.167655366785751,
      6.69862417492721,
      7.265213502792313,
      7.1166648427045125,
      7.172077837062757,
      7.291980470586997,
      7.14293464649244,
      7.143240634225924,
      7.219753901244997,
      6.861753410592033,
      7.383325260217931,
      7.213584260421922,
      6.95668857117062,
      7.245388888530623,
      7.247339849824337,
      7.6977028702040355,
      7.677313682595244,
      7.106850674533628,
      6.971891525266518,
      7.2835675396939585,
      7.339501121032988,
      7.408651771109881,
      7.444933461082911,
      7.2791361455309795,
      7.123638686580499,
      7.173347366388174,
      7.453918463290013,
      7.179206455800395,
      7.356815985417664,
      7.381499784015616,
      7.495259022421161,
      7.40856247292877,
      7.346053086024849,
      7.223610968071131,
      7.541969255775616,
      7.591117514086679,
      7.447968121773435,
      7.446080939890248,
      7.1434862686323495,
      7.726818598811043
    ],