{
  "config": {
    "seed": 42,
    "bs_train": 16,
    "bs_test": 4,
    "batches": 100,
    "epochs": 100,
    "early_stopping": 10,
    "checkpoints": null,
    "lr": 0.001,
    "print_every": 100,
    "h_dim": 128,
    "z_dim": 50,
    "betas": [
      0.1,
      0.1
    ],
    "kw": {},
    "RTplot": false,
    "out_dir": "./results/Res3/",
    "run_name": "MEGA_RUNbs_16lr_0.001h_128z_50s_0.5",
    "x_sigma2": 0.5
  },
  "results": {
    "num_epochs": 0,
    "train_loss": [
      1.1348229904969533,
      0.7727054278055827,
      0.7151639223098755,
      0.6812896112600962,
      0.6378068546454112,
      0.6353675335645675,
      0.60771191517512,
      0.616731075445811,
      0.5961609999338786,
      0.5825310120979945,
      0.594736197590828,
      0.5780539274215698,
      0.5756543040275574,
      0.5512023786703746,
      0.541976750890414,
      0.5298845022916794,
      0.5262063264846801,
      0.5050189584493637,
      0.5067675371964773,
      0.5127459079027176,
      0.4933116247256597,
      0.47741582691669465,
      0.4953456004460653,
      0.47476393381754556,
      0.48113114535808565,
      0.4608644932508469,
      0.4670122047265371,
      0.470445583264033,
      0.4497443358103434,
      0.45826271971066795,
      0.458604633808136,
      0.45299507677555084,
      0.45242908398310344,
      0.4463751326004664,
      0.4598284333944321,
      0.445040554801623,
      0.44056179920832317,
      0.44053101936976113,
      0.43125362594922384,
      0.442575736840566,
      0.443854413429896,
      0.44115515450636544,
      0.43233563999334973,
      0.4308887084325155,
      0.44398417870203655,
      0.4391612887382507,
      0.4265697767337163,
      0.43110673626263935,
      0.4211046655972799,
      0.42677244544029236,
      0.43192421495914457,
      0.42141280670960746,
      0.411741570631663,
      0.42656718492507933,
      0.4197462300459544,
      0.40357022285461425,
      0.40787425339221955,
      0.4213149140278498,
      0.4071900298198064,
      0.4153936336437861,
      0.415820907553037,
      0.41259845495224,
      0.4161221832036972,
      0.40290751854578655,
      0.4054694175720215,
      0.40253126323223115,
      0.40650017162164054,
      0.40631216565767925,
      0.40102123518784843,
      0.41227637231349945,
      0.4012410372495651,
      0.4044354289770126,
      0.399585896730423,
      0.4099355230728785,
      0.4040278047323227,
      0.3915564646323522,
      0.40269231994946797,
      0.39684287905693055,
      0.3985258142153422,
      0.40262556076049805,
      0.3984792520602544,
      0.3928847958644231,
      0.39497480491797127,
      0.3879603147506714,
      0.39915458063284553,
      0.39703760544459027,
      0.38542953034241995,
      0.39423183699448905,
      0.40321115056673684,
      0.383100692431132,
      0.3863585561513901,
      0.3853916674852371,
      0.38812762598196665,
      0.3903522272904714,
      0.38802401125431063,
      0.3918751468261083,
      0.38521782954533895,
      0.38955188790957135,
      0.3817774107058843,
      0.38696752389272054
    ],
    "train_acc": [
      9.944554096408991,
      11.028057442783979,
      11.344168178597977,
      11.402157494460612,
      12.094675669761905,
      12.161755241596278,
      12.34058303028034,
      12.359450958665608,
      12.501750278872732,
      12.840676041495874,
      12.480408950035843,
      12.889504741868913,
      13.069506869703956,
      13.632758996019799,
      13.635127863490526,
      14.047481581121371,
      14.082584465463196,
      14.293042151420403,
      14.340661459066842,
      14.15049976130348,
      14.436717158032042,
      15.004433596023667,
      14.606584528199877,
      15.122467189114722,
      14.840339782196018,
      15.430025383126717,
      15.421986666350044,
      15.16602751381209,
      15.817396998590725,
      15.504786738109559,
      15.555705157408026,
      15.807995561446228,
      15.68362858045513,
      16.009332068398223,
      15.689019851968796,
      16.16175186889646,
      16.249766348001934,
      16.24170293432714,
      16.54529801562265,
      16.08307989070595,
      16.147581246071923,
      16.141287156733437,
      16.508930784330513,
      16.479815366882615,
      16.404269469654757,
      16.282616579847435,
      16.637809251582453,
      16.527307554375756,
      16.813494377619936,
      16.599882744630445,
      16.395261706350844,
      16.91316289377852,
      16.986518104355675,
      16.83875457205812,
      17.076416583790333,
      17.5352876392785,
      17.549286133726525,
      16.901721450809582,
      17.352842403190007,
      17.10590192283587,
      17.211961352118934,
      17.275141986120115,
      17.070164350664772,
      17.329049734355227,
      17.42290923256944,
      17.590315226305865,
      17.46298681989995,
      17.326881011132553,
      17.515541530386304,
      17.192211520750647,
      17.523983447700132,
      17.26134477648604,
      17.60224607707524,
      17.31134135143376,
      17.396049894149478,
      17.835523316691912,
      17.494994856294298,
      17.55313338916446,
      17.61851776689064,
      17.181836778045486,
      17.583231592588437,
      17.88112941504404,
      17.57686881442611,
      17.911355862542706,
      17.45684069792207,
      17.712814315124735,
      17.970804510723564,
      17.71736852712863,
      17.37850466726807,
      18.061460141282215,
      17.881539300812598,
      17.996464036111888,
      17.955016252823103,
      17.823053106712013,
      17.74656565175437,
      17.701732310853167,
      17.873859568252097,
      17.781064246416378,
      18.005606402628732,
      17.96636636736142
    ],