{
  "config": {
    "seed": 42,
    "bs_train": 8,
    "bs_test": null,
    "batches": 100,
    "epochs": 100,
    "early_stopping": 10,
    "checkpoints": null,
    "gen_lr": 0.0001,
    "des_lr": 0.0008,
    "print_every": 100,
    "generator_optim": "Adam",
    "dsc_optim": "Adam",
    "h_dim": 256,
    "z_dim": 128,
    "kw": {},
    "RTplot": false,
    "data_label": 1,
    "label_noise": 0.3,
    "out_dir": "./results/Res5/",
    "run_name": "Gan_First_RunDSC_AdamGEN_Adamgenlr_0.0001deslr0.0008"
  },
  "results": {
    "num_epochs": 100,
    "generator_loss": [
      0.974063617441414,
      0.6584351403905757,
      1.0621057689075963,
      1.2277948602558584,
      1.21351142983828,
      0.4082015436197233,
      0.880079818033917,
      0.002774621667496832,
      0.014651344788533008,
      0.16263865167428326,
      0.2505847272841142,
      3.5584860431448922e-09,
      0.1394906586632606,
      7.153920474199842,
      5.329852453766585,
      2.1707965598177554,
      0.8475298036390276,
      1.0761808028568527,
      2.2070134726922905,
      0.9293282080942123,
      0.2594055526127407,
      0.5863446025180786,
      1.9457753395649244,
      0.0,
      2.869028705488935e-08,
      0.23305669702195098,
      0.05563005526487552,
      0.31800339220999785,
      0.0,
      0.014470764268563639,
      0.0,
      0.0,
      0.0726790620008304,
      0.7166213325010936,
      0.00507071277850139,
      3.558485831042583e-09,
      0.0,
      0.0008775579061911393,
      0.17546121906241594,
      0.16822555527758243,
      0.0,
      0.0,
      0.0,
      1.5101279839217256e-07,
      0.3032584056344595,
      0.0019309753015343436,
      0.152753281930866,
      0.06680302277423332,
      0.0,
      0.0,
      0.0,
      0.0,
      0.0006127822242645464,
      0.0,
      0.00048462305970907845,
      0.0,
      0.0,
      0.0,
      0.24466908453138606,
      0.013831045645386425,
      0.238324614603128,
      3.0817276101781808,
      7.416146437562142,
      19.876452039426834,
      16.24329479149918,
      5.201745241212841,
      7.0491239650925595,
      27.070074398126174,
      35.95991290149404,
      22.59904499907992,
      9.107795837210185,
      13.683173992740574,
      14.695616561975053,
      0.2819182899458726,
      0.0,
      24.769394091705777,
      3.508509791609067,
      3.198786536259438,
      18.003186118351156,
      0.0,
      0.0,
      0.0,
      0.0,
      0.0,
      0.0,
      0.0,
      0.0,
      0.0,
      0.0,
      0.0,
      0.0,
      0.0,
      9.797085016160297,
      9.692289149583276,
      20.035097572340895,
      0.18873491055338787,
      0.0,
      0.0,
      0.0,
      0.0
    ],
    "descriminator_loss": [
      1.6011601068190675,
      1.2965851279337015,
      1.327617371705041,
      1.4145829303940731,
      1.4428294354410314,
      0.9469446522086414,
      0.3475224688204367,
      -0.03010288959563668,
      0.056819739348408005,
      0.11733999170029341,
      0.16396295679594153,
      -0.2892431566741929,
      -0.7759421750235913,
      6.592730114709085,
      7.865266917356804,
      4.805925653941595,
      2.0761674624770436,
      1.4098507917639036,
      2.2306059056253575,
      1.2725000279163248,
      0.4332140208180271,
      0.881669091199761,
      2.4834590580926013,
      1.2726401571017594,
      0.6025746217859325,
      0.8599542620967129,
      0.5657643431158208,
      0.33584102165343155,
      0.09689416013546844,
      0.3748451364574148,
      0.4428296481717878,
      0.2596705007686544,
      0.02156556119669729,
      0.6680207990888339,
      -0.0716929006487576,
      0.13851375388565348,
      -1.1263287814695444,
      2.2680099759973698,
      0.5059325464848262,
      0.48707860230065103,
      -0.039234291928917614,
      1.1558386038488417,
      -0.1854946330856921,
      0.13153198450358947,
      0.5480916175379682,
      0.39136210628854695,
      0.3405386205039807,
      0.2235034480690956,
      -0.10576424036008208,
      -0.23701003672026877,
      0.39773636733862894,
      0.5415581174528421,
      0.02343035861849785,
      -0.46153261345713886,
      0.24609277475236066,
      0.24020273104977252,
      -1.147674274811549,
      -0.44724083997642816,
      0.741636904762752,
      -0.5314831722583344,
      -3.074812510120335,
      2.97810677628019,
      9.751291910659022,
      16.834827885698918,
      10.722069475188183,
      3.5393684788871167,
      -3.253831643444389,
      21.748881521509656,
      42.55710977582789,
      22.036831249052018,
      12.738653062884488,
      16.520997728874434,
      12.861027563685802,
      3.4863009844253314,
      0.7345194991733601,
      13.330560044566198,
      -1.2425573174633198,
      -0.31549816589746904,
      4.1708261359538605,
      3.5988899949771254,
      4.291866000018903,
      -2.2238437673493996,
      -4.088687441687085,
      11.229705187589374,
      -3.9623460289257677,
      6.000321986959942,
      3.29946031588227,
      -4.080585507314597,
      -5.5982279777526855,
      -2.880670650903858,
      -4.015301971293208,
      5.145334943016963,
      9.238561735224367,
      10.415094165659662,
      16.119294600700265,
      3.8505081303084077,
      2.30122227455253,
      2.5459558816988075,
      -2.3727383444558328,
      1.0789246808237105
    ]
  }
}