{
  "config": {
    "seed": 42,
    "bs_train": 8,
    "bs_test": null,
    "batches": 100,
    "epochs": 100,
    "early_stopping": 10,
    "checkpoints": null,
    "gen_lr": 0.0001,
    "des_lr": 0.0008,
    "print_every": 100,
    "generator_optim": "SGD",
    "dsc_optim": "SGD",
    "h_dim": 256,
    "z_dim": 128,
    "kw": {},
    "RTplot": false,
    "data_label": 1,
    "label_noise": 0.3,
    "out_dir": "./results/Res5/",
    "run_name": "Gan_First_RunDSC_SGDGEN_SGDgenlr_0.0001deslr0.0008"
  },
  "results": {
    "num_epochs": 100,
    "generator_loss": [
      0.6616995041050128,
      0.6333441325088045,
      0.5912809452014183,
      0.542430279859856,
      0.49425048614615824,
      0.44369530099541393,
      0.40040324961961204,
      0.3631930711554058,
      0.32579097151756287,
      0.29921531410359625,
      0.26483724788943336,
      0.22823200786291664,
      0.2060553191313103,
      0.18496397382287838,
      0.16581701320498737,
      0.15204152931917958,
      0.13822829278547372,
      0.12836383338739624,
      0.11658404378303841,
      0.1113920634362235,
      0.09939782955308459,
      0.09496401617331292,
      0.08660843590302254,
      0.0834000865692523,
      0.0769797942754048,
      0.07199529174770881,
      0.06987232470245504,
      0.06207234529194547,
      0.0557085223940771,
      0.05540242034997513,
      0.0522146689802853,
      0.04715959227352,
      0.04443685554746372,
      0.04453679368789516,
      0.03981891813785283,
      0.03523324299325694,
      0.03229378761529033,
      0.030213758683026726,
      0.031021211685529397,
      0.03156906004939506,
      0.028642592923854713,
      0.02501907483188074,
      0.027084490006316953,
      0.026123840612039637,
      0.02459336280711551,
      0.0259207382019776,
      0.02464474948929317,
      0.027266641133534376,
      0.024468617013363697,
      0.021614105843785984,
      0.02122645433158127,
      0.023345899615269988,
      0.026232049508548495,
      0.023077692197107556,
      0.021218218048339458,
      0.01903140411448123,
      0.017556756025930837,
      0.016792381654924422,
      0.016316066621177232,
      0.016846763498302716,
      0.014978241300516164,
      0.01397905037251871,
      0.014327291065632408,
      0.013197986687074847,
      0.01290328429539257,
      0.012160379439592361,
      0.012079471235733424,
      0.011809527609886518,
      0.011322801195974671,
      0.011541724802731579,
      0.014720719863674533,
      0.01603562580838577,
      0.015987153067740043,
      0.018965811218454767,
      0.02100689456200422,
      0.018438180561052328,
      0.015782354858273,
      0.01439382804474279,
      0.012749288092131045,
      0.010310756640314167,
      0.009661629441569545,
      0.009460424719406153,
      0.008883441179823964,
      0.00896431035153679,
      0.009035605784338801,
      0.009572852333423807,
      0.010776432592477372,
      0.010561759013738205,
      0.009731263756307203,
      0.009599511900833293,
      0.009956563357263803,
      0.008817179455185559,
      0.011217455087757823,
      0.011004013203974091,
      0.009566742551526916,
      0.009080544836930375,
      0.008506172009980056,
      0.008752688994881377,
      0.00817632935802216,
      0.007562365855521231
    ],
    "descriminator_loss": [
      1.3237411370917933,
      1.1987053209276342,
      1.0628963495368389,
      0.9502735991976154,
      0.8658667117802065,
      0.8107702536369438,
      0.7832744303923934,
      0.7548919551408113,
      0.7420596569331724,
      0.7415934765516822,
      0.7233147238617512,
      0.6982427292795323,
      0.6968491588955494,
      0.6902940984982163,
      0.7063413907342883,
      0.6948516101979497,
      0.7136991406554607,
      0.6802649973933377,
      0.7145246596478704,
      0.7152236344209358,
      0.6953500495917762,
      0.7171208035590043,
      0.7081786349638185,
      0.7440958294405866,
      0.7106111116373717,
      0.7339172265422877,
      0.7091188337375869,
      0.7115874357187926,
      0.6929290561533686,
      0.7190274823067794,
      0.7227749597670426,
      0.6939170409494372,
      0.7092900507485689,
      0.7225801321997571,
      0.6753931245697078,
      0.6876435697968326,
      0.6622879869902312,
      0.7109146398394856,
      0.7078475711950615,
      0.6929175835936817,
      0.669844817314575,
      0.714800413864762,
      0.6699611842632294,
      0.6847454772066714,
      0.7053465385045579,
      0.7128112124862955,
      0.7125850866979627,
      0.7134973157697649,
      0.6820087988874806,
      0.670537308970494,
      0.7066743031366548,
      0.7302938655241212,
      0.7067599421116844,
      0.6443429784988289,
      0.7113487426914386,
      0.7041163053085555,
      0.6435508825885716,
      0.662518357163045,
      0.7002498133858638,
      0.6776105467952899,
      0.6462542450250085,
      0.6594925126922664,
      0.6659466521953469,
      0.6785399504561922,
      0.6365262261077539,
      0.6578792511527218,
      0.6586210465253289,
      0.6606419855978951,
      0.6690536105810706,
      0.7240713492258272,
      0.7218412334349618,
      0.6682167266731831,
      0.677054748606326,
      0.7744600643862539,
      0.6882595744595599,
      0.681438900641541,
      0.6711106327042651,
      0.6662646496473853,
      0.6363418818409763,
      0.7050512628768807,
      0.7058769931544119,
      0.6359478132938271,
      0.6619490865451186,
      0.7399757464430226,
      0.6756379657716893,
      0.7063752417244128,
      0.6905083602933741,
      0.6622602134498198,
      0.6261172361338316,
      0.6479147717134276,
      0.663362355819389,
      0.7201834334366357,
      0.7207501272657024,
      0.6513992450130519,
      0.6885277531040248,
      0.6525147477192665,
      0.689825432069266,
      0.6793902249478582,
      0.6312089482350136,
      0.6814968554831263
    ]
  }
}