{
  "config": {
    "seed": 42,
    "bs_train": 8,
    "bs_test": null,
    "batches": 100,
    "epochs": 100,
    "early_stopping": 10,
    "checkpoints": null,
    "gen_lr": 0.0001,
    "des_lr": 0.0005,
    "print_every": 100,
    "generator_optim": "SGD",
    "dsc_optim": "Adam",
    "h_dim": 256,
    "z_dim": 128,
    "kw": {},
    "RTplot": false,
    "data_label": 1,
    "label_noise": 0.3,
    "out_dir": "./results/Res5/",
    "run_name": "Gan_First_RunDSC_AdamGEN_SGDgenlr_0.0001deslr0.0005"
  },
  "results": {
    "num_epochs": 100,
    "generator_loss": [
      0.9040353649587773,
      1.2906989279669974,
      0.24566261471577527,
      0.0017416711068934197,
      0.19212996837091822,
      0.029670444063278702,
      1.3344322264101517e-09,
      0.0,
      0.0017098851176941899,
      0.0014097161793546235,
      0.010799846121761747,
      0.0,
      3.588006975267568,
      0.19511200653972477,
      2.437166065644862,
      0.0,
      0.03688113750028076,
      0.05943842643677299,
      0.0,
      0.0,
      0.01667431810064547,
      0.00011842797073547017,
      0.0,
      0.6746526445016734,
      0.6890855550369832,
      0.23951070128128102,
      0.054055466441288266,
      0.0,
      0.0,
      0.0,
      0.0,
      0.0,
      0.0,
      0.05095116933894523,
      0.0,
      0.0,
      0.0,
      0.0,
      0.0,
      0.0,
      0.0,
      0.0,
      0.0,
      0.0,
      0.0,
      0.0,
      0.0,
      8.896215107862231e-10,
      0.03748456090867246,
      0.0,
      0.0,
      0.00023589374951468693,
      0.15447734995408455,
      0.0,
      0.0,
      0.0,
      0.0,
      0.0,
      0.0,
      0.0,
      0.0,
      0.0,
      0.0,
      0.0,
      0.0,
      0.0,
      0.0,
      0.0,
      0.0,
      0.2410831466984393,
      27.786079840873604,
      45.84526314397356,
      34.142223472025854,
      43.54483026710909,
      26.880940786048548,
      15.688497066497803,
      27.592840048359403,
      3.6860790746422563,
      3.443391114122359,
      2.368369209121412,
      0.0,
      0.0,
      0.0,
      0.0,
      0.0,
      0.0,
      0.0,
      0.0,
      0.0,
      14.96825491948359,
      15.392968896609634,
      0.0,
      0.0,
      0.011031088321956236,
      0.08189048326258033,
      5.421218601625357,
      10.73935440071483,
      0.2326415154436571,
      1.9063484802174924,
      1.4105170009542194
    ],
    "descriminator_loss": [
      0.4144345869435303,
      0.43582154615823904,
      0.3837132449470349,
      0.26649993658065796,
      0.05740427859683535,
      -0.04221369709763954,
      0.15424792357345127,
      0.0029466168871566433,
      -0.025864173894497886,
      0.05989897162166994,
      0.043566186147839275,
      -0.3298361214684017,
      1.4282958342957852,
      -0.9679252342946494,
      1.1372452102490325,
      -2.285191046657847,
      6.030707074635065,
      -2.713224907419575,
      10.35152829316125,
      3.50982532305504,
      -1.0687898806671599,
      2.376547290318048,
      2.36285587567002,
      2.605792950338392,
      0.7543158006312242,
      0.5386318915815496,
      0.20200274462130532,
      0.1577411970095848,
      0.09609321693875897,
      0.40984392210618775,
      0.20036632400840076,
      -0.03991943797958431,
      0.2641443939351324,
      0.2149980263923531,
      -0.031041870588686928,
      -0.1179703909959366,
      -0.9002960284254444,
      0.8498868960053173,
      0.42642392996531814,
      0.15935610746269796,
      -0.31961545259205265,
      0.7770643323215086,
      -0.12985334044961788,
      -0.10700819785915204,
      0.3053437976250008,
      0.09309825367891966,
      0.3639762917561318,
      0.18640731074916783,
      -0.1168447734037442,
      -0.3446654503914847,
      0.258414905462692,
      0.220290313683339,
      -0.038303223118853216,
      -1.4483828028636192,
      0.737015236669512,
      0.33251409788629904,
      -1.4093007009420822,
      -1.4706121629743434,
      1.3551365510741276,
      1.1719070477272147,
      -2.629946651743419,
      -0.07300722065256603,
      -4.463259042198978,
      0.31836047101376663,
      -16.537869624237516,
      -16.3929248923686,
      -15.34857140726118,
      -75.20642236453384,
      34.3032369471308,
      83.50279094923788,
      75.75877956845868,
      94.35300918123615,
      43.80546633699047,
      106.41076159121386,
      64.1962993394083,
      37.4004106379267,
      41.339150382511654,
      9.280223885134085,
      1.9670559252375988,
      10.055437297963385,
      5.347043955281599,
      -10.152338115137015,
      4.38414160885028,
      25.357403299701748,
      -0.08656698376385134,
      9.988143072199465,
      1.8186249644009036,
      2.209909232694711,
      -18.196346179762884,
      34.145140961034976,
      58.2833294939639,
      5.445336060737496,
      -0.4195468407958301,
      -1.1055556678060274,
      8.047027050559201,
      3.289677701779266,
      5.495608707862114,
      3.0944571068037803,
      -3.4469378563895154,
      2.2732752125654647
    ]
  }
}