{
  "config": {
    "seed": 42,
    "bs_train": 8,
    "bs_test": null,
    "batches": 100,
    "epochs": 100,
    "early_stopping": 10,
    "checkpoints": null,
    "gen_lr": 0.0005,
    "des_lr": 0.0008,
    "print_every": 100,
    "generator_optim": "SGD",
    "dsc_optim": "Adam",
    "h_dim": 256,
    "z_dim": 128,
    "kw": {},
    "RTplot": false,
    "data_label": 1,
    "label_noise": 0.3,
    "out_dir": "./results/Res5/",
    "run_name": "Gan_First_RunDSC_AdamGEN_SGDgenlr_0.0005deslr0.0008"
  },
  "results": {
    "num_epochs": 100,
    "generator_loss": [
      0.7852343593293162,
      0.0010307706865232032,
      0.0017684235847626503,
      0.0895091214090462,
      0.11925081871258818,
      0.00012960897544804818,
      5.358331072040015e-05,
      0.00024377862059045345,
      0.0023087288974258,
      0.008017467594737667,
      0.011747789725169473,
      7.214188106783878e-06,
      1.1122702100141932e-05,
      0.0,
      1.542881757298957,
      0.9724656411245673,
      1.9715164253738389,
      5.046376134477445,
      4.420547199783041,
      1.725363355074356,
      1.8926278174813114,
      1.352743210187599,
      1.497858270265447,
      0.6110447609349214,
      0.011011208384290322,
      0.0013852604439144576,
      0.0,
      0.0,
      0.0,
      0.09945169145173147,
      0.0,
      0.0,
      0.0,
      0.0,
      0.0,
      0.0,
      0.0,
      0.0,
      0.0,
      0.0,
      0.0,
      0.0,
      1.040329178632027e-05,
      0.00675590864152616,
      0.0,
      0.0020843399081274107,
      0.0,
      0.004048765047081591,
      0.0,
      0.0,
      0.0,
      0.0,
      0.0,
      0.0,
      0.0,
      0.0,
      0.0,
      0.00013850796307477497,
      0.0,
      0.0,
      0.0,
      0.0,
      0.0,
      6.64448182573959,
      10.499541046014473,
      3.670093527925548,
      11.416181428218955,
      1.0368671053392362,
      1.7400218150508937,
      0.5938653136366482,
      0.013401777441821881,
      0.025869057406032254,
      0.021840367521812665,
      0.0,
      0.004232580982037445,
      0.5197928257498529,
      0.0,
      0.0,
      0.1945008512085943,
      0.019311377311766333,
      0.065304401872763,
      4.899527784603515,
      1.8713072947601774,
      0.0,
      0.0,
      0.0,
      0.0,
      0.055069749924673964,
      0.04306430324994468,
      0.05855295058915829,
      5.151792958602607,
      2.756325957045626,
      0.25972923808105625,
      0.03949929084350814,
      0.01514730291130779,
      2.4527666393053638,
      6.668558506378487,
      0.003987458408784135,
      2.1372239810901994,
      0.0
    ],
    "descriminator_loss": [
      0.5570113251903164,
      0.037035271525382996,
      0.0037162401782932565,
      0.23020600861133034,
      0.06933449064172915,
      0.02442865479570716,
      0.027677115442147897,
      -0.08338038033958692,
      -0.01054218011115914,
      0.17148046084304355,
      0.26100865351175195,
      0.16102871087504855,
      0.7251774561938955,
      -8.261471356028942,
      135.9258018073751,
      4.950985263087857,
      3.4788833651969684,
      19.644257118452842,
      16.280058318109656,
      2.760648096786506,
      1.1036619944358939,
      5.27604022933476,
      5.2848411593864215,
      3.1866272389888763,
      2.1733895208853395,
      2.2730643243264796,
      1.4781713621385062,
      2.2706347345861038,
      -1.9361762978247743,
      5.29390990556176,
      1.5192394034186405,
      1.1181937465027196,
      1.8492533938208622,
      1.0596385766098748,
      -1.753291611351184,
      -0.4727765873296937,
      -2.806502947222386,
      8.192569898135627,
      0.5609290670992723,
      3.191491292483771,
      -1.776929927850837,
      5.908400371893128,
      -1.3284701015522231,
      -0.8272588671143375,
      0.3158359296286284,
      0.30824371749785406,
      3.684372448209506,
      0.8537078731095613,
      -0.3072436956772164,
      -2.385572889847542,
      3.6907599710706456,
      0.7097260863033693,
      -1.1942134650785532,
      -14.853401180523544,
      11.126773569121289,
      2.014879262269433,
      -8.491116039788546,
      -5.8673748293919346,
      10.491459476414011,
      2.8331501430539943,
      -19.961130319246607,
      4.66695387327849,
      -8.436898485938116,
      152.64658558546608,
      33.75385803251124,
      3.954130332638968,
      31.963178748515116,
      10.558600222330485,
      5.049982949868957,
      2.5600147282899317,
      1.751698911190033,
      0.21933358462888802,
      2.1371960453133085,
      2.8061967754541937,
      0.5528376069086701,
      2.383156618075584,
      1.60641990624257,
      0.7523283662635889,
      -0.17931675910949707,
      1.5567988143928015,
      1.7165876397890831,
      8.175360523053069,
      12.575759512275013,
      3.9501737596383735,
      1.0938466151258839,
      2.7953432300197543,
      0.5157709508689482,
      -2.0489956354027363,
      -3.5029336238530147,
      -4.563447959387481,
      17.681972240334126,
      5.808377306852767,
      3.776723294894197,
      0.46608622661277427,
      1.4452503363587963,
      6.448544312768908,
      11.424776513185074,
      2.99781129031039,
      1.643501167866721,
      2.899261937212588
    ]
  }
}