{
  "config": {
    "seed": 42,
    "bs_train": 8,
    "bs_test": null,
    "batches": 100,
    "epochs": 100,
    "early_stopping": 10,
    "checkpoints": null,
    "gen_lr": 0.0008,
    "des_lr": 0.0001,
    "print_every": 100,
    "generator_optim": "SGD",
    "dsc_optim": "Adam",
    "h_dim": 256,
    "z_dim": 128,
    "kw": {},
    "RTplot": false,
    "data_label": 1,
    "label_noise": 0.3,
    "out_dir": "./results/Res5/",
    "run_name": "Gan_First_RunDSC_AdamGEN_SGDgenlr_0.0008deslr0.0001"
  },
  "results": {
    "num_epochs": 100,
    "generator_loss": [
      0.25746323354542255,
      0.028260812733726274,
      0.14424806870548657,
      0.0,
      9.041932368856761e-05,
      0.00011907659591005585,
      5.649096104331566e-08,
      2.141763282679464e-07,
      9.39805428169002e-05,
      0.024897355146318637,
      1.2482373154640913e-05,
      0.0,
      0.0,
      0.0,
      0.0,
      0.0,
      0.0,
      0.0,
      0.0,
      0.0,
      0.0,
      0.0,
      0.0,
      9.51498324733498e-05,
      0.00031363139625794847,
      0.0009806225568414128,
      0.0006066258187330581,
      0.00021883562462171187,
      6.672161198332729e-10,
      0.0002539990079327852,
      0.0007398843690651722,
      3.985406783629051e-07,
      2.2885235131817683e-07,
      0.0007103610910927396,
      0.00014841611942114326,
      4.821067510840494e-05,
      3.7078080319750526e-06,
      3.536241813469418e-08,
      3.469518214352581e-08,
      0.0011737997171280131,
      3.068880211238657e-05,
      6.672161330896673e-10,
      1.804517679062413e-05,
      0.00020548770472625667,
      8.417037477967362e-05,
      0.003000983299090822,
      0.0012682729462920098,
      0.0035070371545839066,
      4.2211032020155305e-05,
      1.7592247907846762e-07,
      5.275331477825561e-06,
      0.00567880378350052,
      0.004255448159724369,
      0.00018086942226623997,
      0.000125113284214951,
      3.932119670935208e-05,
      9.356304687818425e-05,
      0.20282390151826515,
      0.8544490690249249,
      0.0,
      4.5100207518163754e-07,
      0.00018251053432920085,
      0.0,
      0.0,
      0.0,
      0.0,
      3.3669931638799953e-07,
      9.090447636096505e-05,
      0.8927199951939683,
      1.0557596987085556,
      0.17001010027953856,
      0.0013693735670687547,
      0.0018487338032295456,
      0.20208349788288668,
      0.0,
      0.00016038524292741704,
      0.0,
      0.0,
      0.0,
      0.0006734415777583621,
      0.4559727431232238,
      0.0,
      0.0,
      0.0,
      0.0,
      1.1313612089703492e-05,
      0.0,
      0.0,
      0.0,
      0.0,
      0.0013853520599763785,
      0.10828633086561265,
      0.5251421192242756,
      0.0,
      0.0,
      1.426962191261221e-06,
      0.0,
      1.4011495512755547e-08,
      0.0,
      0.0
    ],
    "descriminator_loss": [
      0.7576579220259367,
      0.5553010855592898,
      0.1490730530401664,
      0.24710719287395477,
      0.055272827008322103,
      0.021899203422354227,
      0.027208552820913827,
      -0.019925278736584222,
      -0.02984742920345335,
      0.05098554436395417,
      0.013148432458514598,
      -0.2807347219604165,
      -1.4133205295943503,
      0.5314277477228819,
      0.8828920437328851,
      -0.8777082219942293,
      1.276638365281162,
      -2.952968034170457,
      1.707140110321899,
      1.7861048779380855,
      -1.450514802514617,
      1.605671847044532,
      1.8669093624869388,
      2.744012352690768,
      0.10397002412312066,
      0.8570704408990804,
      0.19899960218080834,
      0.35927007291744006,
      -0.1621264383864047,
      0.6861314635668228,
      0.4272106555638029,
      -0.10469523216806241,
      0.043724740174279283,
      0.37287446734175755,
      -0.03619709310691748,
      -0.3037744992926939,
      -0.6913121500566825,
      0.5615192109079503,
      0.13332208546239938,
      0.2815956918161307,
      -0.6618020763592933,
      1.0173193043959674,
      -0.6042382528087986,
      -0.11611319878208104,
      0.3479355916158477,
      -0.22977510450491265,
      1.0167003418527432,
      0.24600778364423495,
      -0.10933934118765504,
      -0.5702201188055437,
      0.25207413777486604,
      0.15969240131662854,
      0.03776251824934091,
      -2.9272477127500434,
      1.4354068209875877,
      0.5232258866082377,
      -2.272926249610844,
      -1.1865280466293222,
      15.472897383704113,
      1.4761711430193774,
      -5.488828694420074,
      1.3967916974380834,
      -6.7632365947339075,
      -3.95705030747314,
      -10.776615851850652,
      -11.077399905270605,
      -13.67274862883696,
      -19.225428339260727,
      4.564858679451159,
      50.37984919903883,
      22.463386265199574,
      5.250048139202061,
      1.9711407845589652,
      16.709981937906637,
      4.920208444318442,
      1.7216872929859517,
      -2.3093644498444315,
      -0.8327881313526808,
      -4.468154224886823,
      12.546844523733677,
      18.15307985846676,
      3.2953860684117275,
      -0.7584502828210148,
      2.920709588300826,
      0.3191839269737699,
      2.851018282459743,
      1.3559481474890638,
      -1.607561439498147,
      -2.117910063311235,
      -1.439263501274052,
      -1.0167172773560482,
      11.558340031042027,
      9.58899752417607,
      2.8901131162002907,
      3.2165010758300325,
      0.767299779315493,
      1.6359816540533036,
      0.009164355584044956,
      -2.4901202966028184,
      0.5536630382733558
    ]
  }
}