{
  "config": {
    "seed": 42,
    "bs_train": 8,
    "bs_test": null,
    "batches": 100,
    "epochs": 100,
    "early_stopping": 10,
    "checkpoints": null,
    "gen_lr": 0.0001,
    "des_lr": 0.0008,
    "print_every": 100,
    "generator_optim": "SGD",
    "dsc_optim": "Adam",
    "h_dim": 256,
    "z_dim": 128,
    "kw": {},
    "RTplot": false,
    "data_label": 1,
    "label_noise": 0.3,
    "out_dir": "./results/Res5/",
    "run_name": "Gan_First_RunDSC_AdamGEN_SGDgenlr_0.0001deslr0.0008"
  },
  "results": {
    "num_epochs": 100,
    "generator_loss": [
      1.212207766166374,
      0.06733479972591759,
      0.005132757759013915,
      0.0790537158800112,
      0.2699511052637514,
      0.008925579945166065,
      0.20084559619819847,
      6.416497586292534e-05,
      3.3205088139783695e-07,
      4.024886559866632e-06,
      0.00018851907729172088,
      0.0,
      0.07422287252109581,
      0.0,
      0.0,
      0.0,
      0.0,
      0.0,
      0.0490555489685998,
      0.17341659452413025,
      0.0,
      0.0,
      0.0,
      0.01255807281582822,
      0.0,
      0.0,
      0.0,
      0.0,
      0.0,
      0.9897273329517512,
      0.07846652030579315,
      0.0,
      0.0,
      0.0,
      0.0,
      0.0,
      0.0,
      0.0,
      0.0,
      0.0,
      0.0,
      0.0,
      0.0,
      0.0,
      0.0,
      0.0,
      0.0,
      0.0,
      0.0,
      0.0,
      0.0,
      0.0,
      0.0,
      0.0,
      0.0,
      0.0,
      3.6718776026367804e-07,
      0.0,
      0.0,
      0.0,
      0.0,
      0.0,
      0.0,
      0.0,
      0.0,
      0.0,
      0.0,
      0.0,
      0.0,
      0.0,
      0.0,
      0.0,
      0.0,
      0.35950544609952306,
      1.4394279910362697,
      0.247949069888859,
      0.0,
      0.0,
      0.0,
      0.0,
      0.0,
      0.0,
      0.0,
      0.0,
      0.0,
      0.0,
      0.0,
      0.0,
      0.0,
      0.0,
      0.0,
      0.0,
      0.0,
      0.0,
      0.0,
      0.0,
      0.0,
      0.0,
      0.0,
      0.0
    ],
    "descriminator_loss": [
      0.574075669105818,
      0.04726549082282764,
      0.012591556604228803,
      0.1543342507819631,
      0.04634183906574747,
      0.005524511101530559,
      0.1397695292287798,
      -0.05657239169327181,
      -0.029977532909877265,
      0.1446944452933411,
      0.1270345887586252,
      -0.15349095370342483,
      -0.5510845469005072,
      -3.728165484186429,
      4.137459737151416,
      -1.828803300857544,
      18.375045910700045,
      -16.574880885988918,
      21.402657021782293,
      7.52418436577071,
      -9.971790811908779,
      11.627884295449329,
      6.9584178212863295,
      7.003248792975696,
      1.1550810345962865,
      0.679848884468648,
      -0.05207438477829321,
      0.14592578962667666,
      -0.41714642208013963,
      1.8761658935404535,
      1.0612801873861855,
      -0.10660106744339216,
      0.36425623253210265,
      0.844505786895752,
      0.17814777769259552,
      -0.33780682264868894,
      -1.6771727284388755,
      1.9359141606003492,
      0.8614044972320101,
      0.5718371974888132,
      -0.8596734893855764,
      1.9530511187083686,
      -0.47908064144760815,
      -0.09219601705892762,
      0.9769909808884806,
      -0.5025505479147185,
      1.8407305897171817,
      0.5038612160220075,
      0.2850001303117667,
      0.16714507430347045,
      0.037241099485710485,
      -0.6011541023183224,
      -0.6777292614552513,
      -2.9735096212643297,
      1.7098325757838007,
      1.6858559935840207,
      -2.1892473768832077,
      -6.048973652853895,
      4.359206598196456,
      5.747278103187902,
      -12.57055825617776,
      10.483210421320218,
      -16.27166685417517,
      3.170486677938433,
      -58.26880520493237,
      -88.66478695086579,
      -177.69786185648903,
      -440.04363865638845,
      320.89311058841537,
      562.4415797902577,
      409.94064672669367,
      -137.02075741895987,
      -121.12740656155259,
      523.3131705326821,
      176.61653066037306,
      -33.29935421872495,
      -36.10048797593188,
      -81.58526461871702,
      -194.55251465982465,
      386.77442735700464,
      98.02091615591476,
      -7.844169901378119,
      -65.53877135177157,
      93.72368636060116,
      45.30157801998195,
      1.3213438898769778,
      9.234114390700611,
      -5.328312678123588,
      -26.9263533620692,
      -18.055554525176092,
      4.280290987954211,
      22.388935601533348,
      32.399582777450334,
      2.0323122223811363,
      -8.05453953458302,
      -27.070719263446865,
      50.36964681966981,
      -20.64497290084611,
      -55.68632772075596,
      30.197513523386487
    ]
  }
}