{
  "config": {
    "seed": 42,
    "bs_train": 8,
    "bs_test": null,
    "batches": 100,
    "epochs": 100,
    "early_stopping": 10,
    "checkpoints": null,
    "gen_lr": 0.0005,
    "des_lr": 0.0001,
    "print_every": 100,
    "generator_optim": "SGD",
    "dsc_optim": "SGD",
    "h_dim": 256,
    "z_dim": 128,
    "kw": {},
    "RTplot": false,
    "data_label": 1,
    "label_noise": 0.3,
    "out_dir": "./results/Res5/",
    "run_name": "Gan_First_RunDSC_SGDGEN_SGDgenlr_0.0005deslr0.0001"
  },
  "results": {
    "num_epochs": 100,
    "generator_loss": [
      0.6551878247688065,
      0.6417198554793401,
      0.629255801884096,
      0.6189415650581246,
      0.6094594384307293,
      0.6027017716151565,
      0.595869026966949,
      0.5906946899285958,
      0.5846292563338777,
      0.5798268958703795,
      0.5726184658150175,
      0.5638335320486951,
      0.5563034940121779,
      0.5480068148072086,
      0.5392556190490723,
      0.533036072752369,
      0.523817932427819,
      0.5161299821156174,
      0.507362935080457,
      0.49958987066994853,
      0.49041531335062055,
      0.48298422969988924,
      0.47479378687801643,
      0.4676111095876836,
      0.45838588832029653,
      0.4507368945363742,
      0.4419061345840568,
      0.4326838971073948,
      0.4238259093974953,
      0.41528624563074823,
      0.40540205275834496,
      0.3946967173868151,
      0.38693808886542247,
      0.37718691042999725,
      0.3666994100186362,
      0.35613567571141824,
      0.34643466214635477,
      0.3355759484554405,
      0.3268095477303462,
      0.317670356426666,
      0.3087149613828801,
      0.2982509598803164,
      0.28968935315288713,
      0.2802072060641958,
      0.2727484676375318,
      0.26224299553614944,
      0.2526067702183083,
      0.2454381260409284,
      0.23639530032428344,
      0.23031826228348176,
      0.220855811861024,
      0.214426051992089,
      0.20746989926295495,
      0.19975755330341965,
      0.19239211171420653,
      0.18502622353496836,
      0.17818448014223753,
      0.16997674685805592,
      0.16380912154468139,
      0.15659284658396422,
      0.14918361048200238,
      0.14320549702466423,
      0.13615208152514785,
      0.1312648553901644,
      0.12517203134832097,
      0.11991089449000003,
      0.1144711477542991,
      0.10964464273915361,
      0.1047891178237858,
      0.1001615726680898,
      0.0963503979702494,
      0.09162980184626224,
      0.08737801482428366,
      0.08352809310404223,
      0.08037367485352416,
      0.07680405576282473,
      0.07305392300459876,
      0.06939066101366015,
      0.06662787580445631,
      0.06298851132837695,
      0.060116237224037965,
      0.05808791028919505,
      0.05486746977514295,
      0.053123288523795,
      0.04999932652311539,
      0.048451378107515736,
      0.046587495717094904,
      0.04424846166772629,
      0.04205187960569538,
      0.0408672039855772,
      0.039177148978211986,
      0.037582276194398086,
      0.03640973428959277,
      0.034636347262717006,
      0.033251858941877065,
      0.03199205889519471,
      0.0308670798566804,
      0.029737275594205997,
      0.028250617183633704,
      0.027192215810515986
    ],
    "descriminator_loss": [
      1.3779154411002772,
      1.3761576894503922,
      1.37626856298589,
      1.3748603667785873,
      1.3725169434476254,
      1.3660515706930587,
      1.3588869055705284,
      1.3489787631960057,
      1.3384557802285721,
      1.3314643137490572,
      1.3213719681127747,
      1.3093785670266223,
      1.3005813858402309,
      1.2897675499987247,
      1.2779731234507774,
      1.2664396513753862,
      1.257026138590343,
      1.2418312190183953,
      1.2331206069063785,
      1.2196347891394772,
      1.205553693557853,
      1.1960176763249868,
      1.1816775425156552,
      1.1723750954243675,
      1.1557343255228072,
      1.145106594953964,
      1.1306001801988972,
      1.117001440987658,
      1.1022276842772072,
      1.095012833823019,
      1.083170018978973,
      1.0679888493979155,
      1.0590039206974542,
      1.0507717755303454,
      1.0313987580697928,
      1.0231093079296512,
      1.0088998604176649,
      1.0101127224182016,
      0.9987140831662648,
      0.9904718683726752,
      0.9772271887579961,
      0.9789476750501945,
      0.9597424829184119,
      0.9549550280642154,
      0.9529662034404811,
      0.945399947130858,
      0.9413660640147195,
      0.931412425503802,
      0.9193708398448888,
      0.9083322473426363,
      0.9094486645798185,
      0.9086473005921093,
      0.8983339106858667,
      0.8761589117904207,
      0.8882941123264939,
      0.881464609459265,
      0.8576730774409735,
      0.854819865369085,
      0.8631225948903098,
      0.8509722013971699,
      0.8344967872349184,
      0.8339660443476776,
      0.8301572328183189,
      0.829494338427017,
      0.8119980995334796,
      0.8140949615791663,
      0.8104980596855506,
      0.8066204670649856,
      0.8044490031342009,
      0.816780686378479,
      0.8114827043974577,
      0.7924317432873285,
      0.7908286407812318,
      0.8204552709166684,
      0.791019493964181,
      0.7826539945246568,
      0.778510040311671,
      0.7727333227200295,
      0.7581401467323303,
      0.7802567393032472,
      0.7776133142300506,
      0.7473870102149337,
      0.7568955101183991,
      0.782830006151057,
      0.7563215387401296,
      0.7652508011504785,
      0.7552239387782652,
      0.745285027062715,
      0.7266557510219404,
      0.7348348289283354,
      0.7389579797858623,
      0.7571396356198326,
      0.7591905487117483,
      0.7280961541987178,
      0.7431074256327614,
      0.7274304984220817,
      0.7395124244156168,
      0.736610855629195,
      0.7157934655004473,
      0.7331478813690926
    ]
  }
}