{
  "config": {
    "seed": 42,
    "bs_train": 8,
    "bs_test": null,
    "batches": 100,
    "epochs": 100,
    "early_stopping": 10,
    "checkpoints": null,
    "gen_lr": 0.0005,
    "des_lr": 0.0001,
    "print_every": 100,
    "generator_optim": "SGD",
    "dsc_optim": "Adam",
    "h_dim": 256,
    "z_dim": 128,
    "kw": {},
    "RTplot": false,
    "data_label": 1,
    "label_noise": 0.3,
    "out_dir": "./results/Res5/",
    "run_name": "Gan_First_RunDSC_AdamGEN_SGDgenlr_0.0005deslr0.0001"
  },
  "results": {
    "num_epochs": 100,
    "generator_loss": [
      0.3129295759153233,
      0.1411971388087633,
      0.05698404967654792,
      1.410047819003514e-07,
      0.003505622468235661,
      0.0034314921587297455,
      8.454428134317579e-06,
      2.7656757798495877e-05,
      8.900563676995538e-07,
      0.012665734581353161,
      0.010308648575179706,
      0.0,
      0.0,
      0.0,
      0.0,
      0.0,
      0.0,
      0.8963457126890975,
      0.0,
      0.0,
      0.0,
      0.0,
      0.0,
      0.0,
      0.0,
      0.0,
      0.00019253781829129467,
      8.202732347912933e-05,
      4.781707564299991e-07,
      0.00044235169954491706,
      0.0004930573862301531,
      1.0826669247887057e-06,
      9.905918074538385e-07,
      0.00019689314391529243,
      3.365665749469433e-05,
      1.6146621358698788e-07,
      0.0,
      0.0,
      0.0,
      0.0,
      0.0,
      0.0,
      0.0,
      0.0,
      0.0,
      6.672161330896673e-10,
      9.563426255221993e-08,
      0.0004974209641621221,
      0.0007412852624200702,
      1.545290969262426e-05,
      3.536454562902745e-06,
      0.0016019079654883504,
      0.012110893614590168,
      0.0019537722809720654,
      0.0003056218063159291,
      0.00020723974370439327,
      2.614386468523472e-05,
      8.455999669577712e-06,
      5.093076380801313e-07,
      7.485878634849233e-06,
      0.0,
      0.0,
      0.0,
      0.0,
      0.0,
      0.0,
      0.0,
      0.0,
      0.0,
      0.0,
      0.0,
      0.0,
      0.0,
      0.0,
      0.0,
      0.0,
      0.0,
      0.0,
      0.0,
      0.0,
      0.0,
      0.0,
      0.0,
      0.0,
      0.0,
      0.0,
      0.0,
      0.0,
      0.0,
      0.0,
      0.0,
      0.0,
      0.0,
      0.0,
      0.0,
      0.0,
      0.0,
      0.0,
      0.0,
      0.0
    ],
    "descriminator_loss": [
      0.7558998372127761,
      0.5014676480595746,
      0.09177028031936332,
      0.28226544741374343,
      0.061006121837825916,
      0.042772541740047396,
      0.03939838471141324,
      -0.04205106309990385,
      -0.02914477679044453,
      0.03684236843194535,
      0.01086906432660658,
      -0.17463296562878053,
      -0.6750796432815381,
      -0.5524719869022938,
      0.832844810699349,
      -0.6871685270053237,
      1.023951918998761,
      8.314891745350254,
      1.2611778916707679,
      1.0299930559165442,
      -0.6921362254156995,
      0.575444454132621,
      0.3217589659477348,
      1.8010702602454085,
      0.14421983218904752,
      0.44799300116389545,
      -0.028384182657768476,
      0.25391308273842084,
      -0.16047115423786107,
      0.3273843550192776,
      0.20033346717037373,
      -0.028358352718068594,
      0.040533841212293996,
      0.10860386490821838,
      -0.03482694946118255,
      -0.10413887963366153,
      -0.24862257947227848,
      0.15315549542654805,
      0.07203982236670024,
      0.03342879841576761,
      -0.1504057612436921,
      0.2726985002631572,
      -0.21379761041989967,
      -0.054809766918865604,
      0.1748310432060441,
      0.037886332442511376,
      0.3430709309542357,
      0.0997253610794224,
      0.023238726738673537,
      -0.0957732266232149,
      0.05516527737699338,
      0.044389373164123565,
      -0.05323700117531108,
      -0.41872297872358294,
      0.25693305948776984,
      0.11338704424117928,
      -0.38702836388082645,
      -0.7297494821806452,
      0.24177450430926992,
      0.6930911207377021,
      -1.6438650835805864,
      0.4835125706089077,
      -1.6330522930444176,
      -0.08173475425634812,
      -3.6144229058009474,
      -4.628182927174355,
      -4.159109724101736,
      -10.637899053630544,
      6.437409066442234,
      11.327284880538485,
      7.8773677971825675,
      -1.2323282227587344,
      -2.4410397223572233,
      11.165179850450203,
      3.660814683828781,
      0.12179353343906688,
      -0.05557453098581798,
      -1.1038480765783965,
      -5.811874987474129,
      7.950914511040075,
      2.0867488811265176,
      -2.6932233999024575,
      -1.056959614824893,
      5.3371243903886025,
      0.239272395176674,
      0.7250266751246666,
      0.8217298344000062,
      -0.2375973676567647,
      -3.063913992091791,
      -4.8112003589744,
      -2.5701286045473015,
      0.29944130733831603,
      1.7976266817370457,
      -1.7015457615923526,
      2.8402781121766387,
      -0.49676257105016,
      2.7055095910136377,
      -0.8433955907821655,
      -2.320540195970393,
      3.3725154853578823
    ]
  }
}