{
  "config": {
    "seed": 42,
    "bs_train": 8,
    "bs_test": null,
    "batches": 100,
    "epochs": 100,
    "early_stopping": 10,
    "checkpoints": null,
    "gen_lr": 0.0008,
    "des_lr": 0.0008,
    "print_every": 100,
    "generator_optim": "Adam",
    "dsc_optim": "Adam",
    "h_dim": 256,
    "z_dim": 128,
    "kw": {},
    "RTplot": false,
    "data_label": 1,
    "label_noise": 0.3,
    "out_dir": "./results/Res5/",
    "run_name": "Gan_First_RunDSC_AdamGEN_Adamgenlr_0.0008deslr0.0008"
  },
  "results": {
    "num_epochs": 100,
    "generator_loss": [
      0.771340030787596,
      0.9147682333701264,
      0.5675269280802644,
      0.006852215564244621,
      0.03966077904342048,
      0.001804413438678049,
      0.0005453656942061353,
      0.002081454781396879,
      0.08088167248026121,
      0.00012781283008763043,
      0.003459223065765943,
      8.913958689855639e-07,
      0.09463656460169619,
      15.94182045780011,
      2.782650928888748,
      27.16505980847487,
      32.318223312719546,
      5.697797542187705,
      0.0,
      0.0,
      0.0,
      1.6697269660323413,
      0.0,
      0.0,
      0.0,
      0.0,
      0.010927347994562405,
      0.0,
      0.0,
      0.0,
      0.0,
      0.0,
      0.0,
      0.13340703185593414,
      0.0,
      0.0,
      0.0,
      0.0,
      0.0,
      0.0,
      0.0,
      0.0,
      0.0,
      0.0,
      0.0,
      0.0,
      0.0,
      0.0,
      0.0,
      0.0,
      0.0,
      0.0,
      0.0196334579542501,
      0.0,
      6.004943858911179e-09,
      0.0,
      0.0,
      0.0,
      0.0,
      0.029146570767929304,
      0.0,
      5.959004739994433,
      23.804149157965362,
      21.042451680596194,
      30.383656549809583,
      46.33135995936038,
      41.68777461817015,
      26.78189215197492,
      16.962277550305892,
      38.20255424727255,
      11.303541201041705,
      0.2763015725719395,
      0.03216120754994119,
      0.28913462374826004,
      0.0,
      17.927856477338878,
      28.857983802681538,
      7.921029025049352,
      0.0,
      0.0,
      0.0,
      0.0,
      0.0,
      0.0,
      0.0,
      0.0,
      1.0906822939417204,
      0.8118223413654702,
      0.0,
      0.0,
      16.21835648835595,
      6.126676874374276,
      0.0,
      0.0,
      0.0,
      0.0,
      0.0,
      0.0,
      0.0,
      0.0
    ],
    "descriminator_loss": [
      1.4550759543233842,
      1.1752871919923753,
      0.20237340933796186,
      0.22916088831513676,
      0.06930849028389845,
      0.03463702546015604,
      0.038433249428201074,
      -0.04072991347135003,
      0.0200729198309023,
      0.13313962975099905,
      0.05257075991648347,
      0.05424160376858356,
      -6.949065585189791,
      17.65727428180068,
      5.814876609773778,
      12.15234795635316,
      1.394112877881349,
      -9.520259323404796,
      12.521938886215437,
      9.827811760688896,
      -1.2884736772793441,
      5.57468018602969,
      4.221609346902192,
      18.601503841912567,
      0.3977146166474072,
      6.344800993577758,
      0.7480185654625964,
      0.9061285470848652,
      0.7426833270201042,
      2.943892027904738,
      1.10963407381257,
      0.8675856701473692,
      0.17422264680933597,
      1.7176807186941603,
      0.002648225915965749,
      -1.0967500957090464,
      -3.3657568826604245,
      2.7448062425229085,
      1.6187752314023118,
      0.5223854729043904,
      -2.842937905396988,
      3.9765101991482634,
      -1.9853475636510707,
      -0.5233975499868393,
      0.9447630261307332,
      1.8382615793996782,
      2.419961466718076,
      0.35746098810167454,
      -0.5038143307415407,
      -0.6708568485815134,
      1.0315003043680049,
      2.0881423756702624,
      -0.5228029400555055,
      -2.140440111729636,
      1.7591106500198592,
      1.3577360751023932,
      -3.49592652783465,
      -3.186752242828483,
      1.358180284500122,
      2.31338153668304,
      -7.845408222568569,
      1.7132418120085304,
      18.954238293775873,
      28.253594814841428,
      10.761239710138804,
      33.69593822422312,
      37.53305318462315,
      17.55130354504087,
      14.644576442775442,
      16.907240903199607,
      4.461651035209201,
      3.806075832737026,
      2.596782561558396,
      9.731516823839785,
      1.115699456698859,
      6.777642085036235,
      8.686483203475156,
      2.36551083379717,
      -10.866773550190143,
      12.04347876826329,
      9.275518919104961,
      -8.420606291116174,
      -8.251557460471766,
      18.157829377188612,
      -3.9305637816884627,
      11.335384142932607,
      2.991725140543126,
      -5.979703999277371,
      -11.323636582538263,
      -6.9062141464717355,
      -9.25365180666767,
      14.927987564855547,
      10.064925172435704,
      -3.179051591389215,
      3.3912427216323455,
      -7.192990998723614,
      5.511443868501862,
      9.318052889695808,
      -7.024323239255307,
      -6.004225709545079
    ]
  }
}