{
  "config": {
    "seed": 42,
    "bs_train": 8,
    "bs_test": null,
    "batches": 100,
    "epochs": 100,
    "early_stopping": 10,
    "checkpoints": null,
    "gen_lr": 0.0001,
    "des_lr": 0.0005,
    "print_every": 100,
    "generator_optim": "Adam",
    "dsc_optim": "SGD",
    "h_dim": 256,
    "z_dim": 128,
    "kw": {},
    "RTplot": false,
    "data_label": 1,
    "label_noise": 0.3,
    "out_dir": "./results/Res5/",
    "run_name": "Gan_First_RunDSC_SGDGEN_Adamgenlr_0.0001deslr0.0005"
  },
  "results": {
    "num_epochs": 100,
    "generator_loss": [
      0.3575588324621542,
      0.3975643315422001,
      0.4784385045962547,
      0.4860511613425924,
      0.45979776978492737,
      0.46430512417608233,
      0.4902496533607369,
      0.5114760719128509,
      0.5027513677504525,
      0.5032773369283818,
      0.5035533873892543,
      0.5019542721670065,
      0.4992064290971898,
      0.4947813566940934,
      0.49194851117347604,
      0.4924513168299376,
      0.49063765113033464,
      0.4915577867137852,
      0.4902537371685256,
      0.49389783304129076,
      0.4925902650427462,
      0.4911167425895805,
      0.4899645011816452,
      0.4903273613595251,
      0.49260867442657696,
      0.49262783998873694,
      0.49172209714775655,
      0.4916365720442872,
      0.4908842818060918,
      0.4912436471056582,
      0.4914754557965407,
      0.49196151966479285,
      0.4932544943112046,
      0.49345017724962376,
      0.49418881891378713,
      0.4951777867416837,
      0.4962620939781417,
      0.49788055757978067,
      0.49820644419584703,
      0.4993967120327167,
      0.5005228906425078,
      0.501125982893047,
      0.5023006512157953,
      0.5028570721398539,
      0.5029167746430012,
      0.5037541113682648,
      0.5037687652146638,
      0.5037607612894542,
      0.5056310500671615,
      0.5062828677803722,
      0.5078794920622413,
      0.5086438709230565,
      0.5095185833190804,
      0.5102610285602399,
      0.5117132992886785,
      0.5130379057642239,
      0.5126809629041758,
      0.5138428424721333,
      0.5140959086702831,
      0.5152578033618073,
      0.5158284262045106,
      0.5171943120102385,
      0.5181841325404039,
      0.5191049629182958,
      0.5208929447985408,
      0.5204057453283623,
      0.5215505548377535,
      0.522054351977448,
      0.5229356902748791,
      0.5232397718216056,
      0.5246459094446096,
      0.5262376719446324,
      0.5262005800631508,
      0.5276652396614872,
      0.5281479812380093,
      0.5294397233137443,
      0.5297592566974128,
      0.5295469582970462,
      0.5301090994877602,
      0.5311073251624605,
      0.5317501256715006,
      0.5324394364855183,
      0.5314546956944821,
      0.5305866688045103,
      0.5315419302057864,
      0.531877750781045,
      0.5317634059422052,
      0.5320817232131958,
      0.5331302632146807,
      0.5336442936712237,
      0.5339589234608323,
      0.5338830147216569,
      0.5336285019988445,
      0.5334109975330865,
      0.5331615191787037,
      0.5335583740205907,
      0.5342870381341052,
      0.5350991558672776,
      0.5363498125503312,
      0.53675120802068
    ],
    "descriminator_loss": [
      1.7280307794684795,
      1.5475783330291064,
      1.4088018812350374,
      1.3728495053390959,
      1.4036157077817775,
      1.407514632637821,
      1.3971955598290287,
      1.3897897538854116,
      1.3887881432006608,
      1.389098229692943,
      1.389342299148218,
      1.3895469281210828,
      1.3895968198776245,
      1.3896361055658824,
      1.389655351638794,
      1.389694527013978,
      1.3896828124772256,
      1.3897282009694114,
      1.3896778021285783,
      1.3896408419110882,
      1.3896631198142892,
      1.3896337498479814,
      1.389645090743677,
      1.389634230243626,
      1.3896292714930292,
      1.3896075006741195,
      1.3896182508610968,
      1.3896194411747491,
      1.3896337640819265,
      1.3896080255508423,
      1.389579287215845,
      1.3896063939848942,
      1.389564051556943,
      1.3895118485635787,
      1.3895190100171673,
      1.3894644281757411,
      1.3894815089097663,
      1.3893995178279592,
      1.389390312024017,
      1.389394007511993,
      1.389383634524559,
      1.389299430064301,
      1.3893317357817692,
      1.3893154966297434,
      1.389293058594661,
      1.3892569595308446,
      1.3892804668910468,
      1.3892287976706206,
      1.3892656742636837,
      1.3892224564481137,
      1.3891570407952836,
      1.3890926072846597,
      1.389097169264039,
      1.3891439082017585,
      1.3890576398194725,
      1.3890488432414496,
      1.3890798803585678,
      1.3890267005607264,
      1.3889658219778716,
      1.3889605073786493,
      1.388945485228923,
      1.3889054077774732,
      1.3888712107245602,
      1.3888606509165977,
      1.3888917912298173,
      1.388840105996203,
      1.3888348518912472,
      1.3888406451068707,
      1.388804232896264,
      1.3887466121075758,
      1.3887167902135138,
      1.3887546791959164,
      1.3887213041533286,
      1.3886244635083782,
      1.3886856694719685,
      1.3886672489678682,
      1.3886480260251173,
      1.3886238105261504,
      1.3886034915696328,
      1.3885525625143478,
      1.3885209346885112,
      1.3885408034965174,
      1.3885278683989795,
      1.3884591131067987,
      1.388498194182097,
      1.3884626822685129,
      1.3884491849301466,
      1.3884339136863821,
      1.3884389596198923,
      1.3884264052803836,
      1.3884079865555266,
      1.3883712487434274,
      1.3883620518357007,
      1.3884054351208814,
      1.3883379591045095,
      1.3883415264869803,
      1.3882944352591216,
      1.3882551175444873,
      1.3882379389520902,
      1.3882052702690237
    ]
  }
}