{
  "config": {
    "seed": 42,
    "bs_train": 8,
    "bs_test": null,
    "batches": 100,
    "epochs": 100,
    "early_stopping": 10,
    "checkpoints": null,
    "gen_lr": 0.0005,
    "des_lr": 0.0005,
    "print_every": 100,
    "generator_optim": "SGD",
    "dsc_optim": "Adam",
    "h_dim": 256,
    "z_dim": 128,
    "kw": {},
    "RTplot": false,
    "data_label": 1,
    "label_noise": 0.3,
    "out_dir": "./results/Res5/",
    "run_name": "Gan_First_RunDSC_AdamGEN_SGDgenlr_0.0005deslr0.0005"
  },
  "results": {
    "num_epochs": 100,
    "generator_loss": [
      0.443465403767664,
      0.5129648569523347,
      0.00045772192852390915,
      0.004672526573328655,
      0.01746724604163319,
      0.0007774293990827364,
      8.791127794393509e-05,
      2.478340424897512e-05,
      0.00019842782962582595,
      0.00038602195701711406,
      0.0007845764922793552,
      1.1120268752263845e-08,
      0.0,
      0.0,
      0.0,
      0.0,
      0.0,
      0.0,
      0.0,
      0.0,
      0.0,
      0.0,
      0.009983588065674056,
      0.3321647235095056,
      0.12692625797361767,
      0.13843815054684033,
      0.0,
      0.0,
      0.0,
      0.0,
      0.0,
      0.0,
      0.0,
      0.011817598485050144,
      0.0,
      0.0,
      0.0,
      0.0,
      0.0,
      0.0,
      0.0,
      0.0,
      0.0,
      0.0,
      0.0,
      0.0,
      0.0,
      1.9686168544329922e-05,
      5.419048630432059e-06,
      0.0,
      0.0,
      0.050862889138341257,
      0.045624105406055444,
      1.4621786168630927e-05,
      0.0,
      0.0,
      0.0,
      0.0,
      0.0,
      0.04549934056210119,
      0.0,
      0.0,
      0.0,
      0.0,
      0.0,
      0.0,
      0.0,
      75.89399871185644,
      1.125156141731631,
      0.8102729743569489,
      1.1320615516725316,
      0.4402437303311092,
      2.086702995335878,
      1.1879269345037973,
      1.105387736612291,
      0.9127496465722484,
      1.7404271664459077,
      0.8248215101054736,
      0.12098585480134472,
      0.20155699985043915,
      1.003451830432306,
      1.0562655448482647,
      2.5975810938806676,
      1.2506366558928987,
      1.0167102758119355,
      0.025857951489185713,
      0.0,
      1.4988153359640302,
      1.0432596680387605,
      0.21520018134153407,
      0.681791565612187,
      0.223886629415652,
      1.3250736229455293,
      1.0084228048327368,
      8.484409680473438e-05,
      0.029562032348900133,
      0.0,
      0.28974565629207105,
      0.2782595405605302,
      0.0
    ],
    "descriminator_loss": [
      0.41816570201138065,
      0.29485314328279066,
      0.04699086648092341,
      0.18621075342395413,
      0.035949291244371614,
      0.011310718675602727,
      0.07999653802878821,
      -0.005953032690197674,
      0.0027448541637676866,
      0.0793791213142338,
      0.07875110742761128,
      -0.15155507979997948,
      -0.7570378698074995,
      -2.1121305458581268,
      1.978822320254881,
      -2.5835219070092954,
      9.340468047270134,
      -11.306104265042205,
      11.033705391100984,
      7.5416231546829,
      -6.605419222988299,
      5.539897413396123,
      7.938695925385205,
      4.104612475010886,
      2.0838184258831083,
      0.8734239384309569,
      0.8970604663464561,
      0.9318217937626055,
      -0.07532338064108322,
      1.6761792709133518,
      0.4095141259369566,
      -0.06526817047773902,
      0.34517937409344,
      0.46861130999985023,
      0.004796944447417757,
      -0.3663775536106594,
      -0.9114254143700671,
      2.2453410216231844,
      0.595692278733894,
      0.7269982597721156,
      -0.5982338012154422,
      2.0935961079241623,
      -0.5510459778024189,
      -0.19364664597964998,
      0.6312196672852359,
      -0.23600662043735163,
      0.9664038366346217,
      0.4786551265574213,
      -0.25125780968523737,
      -0.8568353999906512,
      0.12197403765436429,
      0.05959142855743864,
      -0.12319391876903933,
      -4.5422773752639545,
      2.9137180563229235,
      1.1458984150815366,
      -2.9421264662671445,
      -6.635587165604776,
      2.908518004773268,
      9.89072883840817,
      -11.629114542434465,
      5.5939753660515175,
      -20.376134530821844,
      4.253308096928383,
      -52.11017079139823,
      -69.04802061194805,
      -96.59664609538974,
      4791.151203924151,
      8.878218264722113,
      3.810344379784456,
      2.274146275733834,
      1.9440771341323853,
      2.1451251902687014,
      1.8819485715965727,
      1.0880548673779218,
      1.4442567794180627,
      1.5081814612025646,
      1.6949795720292562,
      0.3834695375677365,
      1.7487124266909129,
      0.8867233969382385,
      0.1049969149614448,
      1.8212836776206742,
      2.6281457890325517,
      3.447346509392582,
      2.2090188976544054,
      1.0377254032376986,
      1.4339470218366652,
      0.568720615621823,
      0.2769608808987176,
      0.10768626963914331,
      1.132714145219148,
      1.2267887263155695,
      0.13148147401525012,
      1.7782164780951257,
      -0.3735675980795675,
      0.503389588487682,
      0.40281763450423286,
      -1.3763161666357695,
      0.4715141462745951
    ]
  }
}