{
  "config": {
    "seed": 42,
    "bs_train": 8,
    "bs_test": null,
    "batches": 100,
    "epochs": 100,
    "early_stopping": 10,
    "checkpoints": null,
    "gen_lr": 0.0001,
    "des_lr": 0.0005,
    "print_every": 100,
    "generator_optim": "Adam",
    "dsc_optim": "Adam",
    "h_dim": 256,
    "z_dim": 128,
    "kw": {},
    "RTplot": false,
    "data_label": 1,
    "label_noise": 0.3,
    "out_dir": "./results/Res5/",
    "run_name": "Gan_First_RunDSC_AdamGEN_Adamgenlr_0.0001deslr0.0005"
  },
  "results": {
    "num_epochs": 100,
    "generator_loss": [
      0.8235341224738192,
      0.82305144196126,
      0.7752166639999556,
      1.2439073181864042,
      0.9900299819576626,
      0.19314530273921252,
      0.9331137803656835,
      0.2952162046958996,
      0.0071726173940879195,
      0.002785680839861034,
      0.0011119315409079946,
      0.0,
      0.0,
      0.2591544078357167,
      13.149296044857909,
      3.8572473526000977,
      2.986041534247238,
      1.099979511096396,
      3.5631961971521173,
      0.9849488220746011,
      0.29349409355156286,
      0.6181514347557714,
      0.011072021186240573,
      0.4467086475689681,
      2.3506017531921612,
      1.1584791265315777,
      0.0,
      0.16838059427717061,
      0.0,
      0.24981281268244504,
      3.0775998908863054e-06,
      0.0,
      0.0,
      2.1164788463806192,
      2.0462784640328766,
      0.0,
      0.0,
      0.0,
      0.058866392879930014,
      7.4894245691708665,
      5.2167934461513275,
      0.36625468398860456,
      0.10054333630337645,
      0.01108601601899926,
      0.14108546978892983,
      3.1610950071698247,
      6.304319851434053,
      0.862496985768601,
      2.4740379924595315,
      0.8658871801931467,
      0.22386310679635843,
      0.13632390168986955,
      0.20978394051620783,
      0.0,
      0.0,
      0.0,
      0.0,
      0.0,
      0.0,
      0.0,
      0.0,
      0.0,
      0.0,
      0.0,
      0.0,
      3.813825683056641,
      35.7717471958986,
      38.36363833875799,
      44.019111435804795,
      11.689602383036677,
      0.0,
      0.0,
      0.0,
      0.0,
      0.0,
      0.0,
      0.0,
      0.0,
      0.0,
      0.0,
      0.0,
      0.0,
      0.0,
      0.0,
      0.0,
      0.0,
      0.0,
      0.0,
      0.0,
      0.0,
      0.0,
      0.0,
      0.16519916324473138,
      0.0,
      0.0,
      0.0,
      0.0,
      0.0,
      0.0,
      0.0
    ],
    "descriminator_loss": [
      1.4544005905514332,
      1.4323615422889369,
      1.2614133500341158,
      1.4662589141682012,
      1.0979013741016388,
      1.0434608697446424,
      0.4276551672660593,
      0.10409757873015617,
      0.04570590596256861,
      0.13615751911455126,
      0.1195708074565254,
      -0.42911602000691995,
      -0.8952127241376621,
      -7.1210476302388885,
      15.289392076321501,
      4.976445975588329,
      4.363389239382388,
      2.149441094540838,
      3.1131386165298633,
      1.566000129304715,
      0.34016008853022733,
      0.9690464126752384,
      0.3757716955533668,
      1.555214795603681,
      2.5523065693342866,
      1.4853838146177691,
      0.5630513348463756,
      1.0792867919402336,
      0.35551144694214437,
      1.6440275331486518,
      0.6904102688405052,
      0.49823397664881464,
      0.5426877572465298,
      2.845138988165713,
      1.9951022117217976,
      -0.8346563484241714,
      -2.0493028050483164,
      3.8814463408580466,
      0.15781152003736637,
      4.6620740187701895,
      1.9538184426613707,
      3.5744661546465175,
      0.9355423065708645,
      0.27477276425308256,
      0.9224988824006781,
      3.2645617051800686,
      8.984404791646929,
      1.8788888681290754,
      2.4406502033347515,
      0.6593201289426035,
      1.579006846271344,
      0.6283750775645474,
      0.8086057910278662,
      -2.5900348638420674,
      1.5225444044639815,
      1.8737040335562691,
      -4.410733897739382,
      -1.0665115364896718,
      1.5682799406905672,
      -0.07437602853152289,
      -3.8525284852332145,
      -2.5603959240130525,
      -2.952442121149889,
      -0.4095621349206611,
      -10.2345717878484,
      -17.289863205667753,
      43.18334879092316,
      34.90231787268795,
      26.321882130494757,
      18.02902931419771,
      4.64122771149251,
      0.5795228605839744,
      -3.116664773492671,
      14.96665494232925,
      3.142380430627225,
      -0.21525490195003907,
      -2.6687582882482612,
      -0.0703093703113385,
      -8.718929084379281,
      10.448195557985732,
      4.029024447967757,
      -5.678716407338185,
      -1.9458774114722637,
      11.408128099877443,
      -1.184306498783738,
      2.7117157676326693,
      -0.07597108029607516,
      -0.845941709938334,
      -10.7527744520956,
      -9.40354395624417,
      -10.30055415808265,
      10.93538519873548,
      10.854752206090671,
      -3.691251722734366,
      9.541463585042242,
      -1.1509781488731725,
      9.564041553593393,
      1.665016601334757,
      -6.3648044226774525,
      5.327112164070357
    ]
  }
}