{
  "config": {
    "seed": 42,
    "bs_train": 8,
    "bs_test": null,
    "batches": 100,
    "epochs": 100,
    "early_stopping": 10,
    "checkpoints": null,
    "gen_lr": 0.0005,
    "des_lr": 0.0001,
    "print_every": 100,
    "generator_optim": "Adam",
    "dsc_optim": "SGD",
    "h_dim": 256,
    "z_dim": 128,
    "kw": {},
    "RTplot": false,
    "data_label": 1,
    "label_noise": 0.3,
    "out_dir": "./results/Res5/",
    "run_name": "Gan_First_RunDSC_SGDGEN_Adamgenlr_0.0005deslr0.0001"
  },
  "results": {
    "num_epochs": 100,
    "generator_loss": [
      0.2112742827009799,
      0.14712508289671655,
      0.2161273589329933,
      0.2681334399020494,
      0.29955395522402295,
      0.3223060809854251,
      0.3496152505056182,
      0.3702566405730461,
      0.3700070029764033,
      0.37000207046964273,
      0.38579681782580133,
      0.4029929548946779,
      0.416408327533238,
      0.4242775960644679,
      0.43073152205837306,
      0.44265819441026716,
      0.4532109454496583,
      0.4525968419082129,
      0.45330738131679704,
      0.4620958531080787,
      0.46754845620980906,
      0.47424269300788197,
      0.48029314893395153,
      0.4878419455307633,
      0.493340698640738,
      0.49550208093515086,
      0.49702056263809774,
      0.4989927780272356,
      0.4973622769562166,
      0.4978652325139117,
      0.5033055855267083,
      0.5049383622496876,
      0.5037480130124448,
      0.5049843886005345,
      0.5069663969438467,
      0.5073229047789503,
      0.5006890123459831,
      0.4978883506646797,
      0.4953513892728891,
      0.49559787627476365,
      0.4947258572080242,
      0.49254822686536986,
      0.4938533137093729,
      0.493085868767838,
      0.4923170102176382,
      0.49168180040459136,
      0.49164048548954636,
      0.48888493518331155,
      0.4879250375192557,
      0.4866537189305718,
      0.4873337781251366,
      0.48788424080877163,
      0.48724029001904956,
      0.4874498933108885,
      0.48715039198078325,
      0.48748076807207136,
      0.4878877472521654,
      0.48870918243678646,
      0.4871174194919529,
      0.4858401555623581,
      0.48475482348185867,
      0.48604068738311085,
      0.4851661586939399,
      0.4847233531190388,
      0.4862955257074157,
      0.48457527649936394,
      0.4854893177302916,
      0.48540289277461035,
      0.48593875009622145,
      0.48640375261876123,
      0.48798411328401137,
      0.48839128239830926,
      0.48711794970640493,
      0.4873583806094839,
      0.4869347325901487,
      0.48812663955474966,
      0.48752792335268275,
      0.4871003814597628,
      0.4862484705092302,
      0.48655313342364864,
      0.4863231991654012,
      0.48575412826751596,
      0.48444147563692347,
      0.4826752579034264,
      0.4828671128002565,
      0.48268961150254774,
      0.48181304557999566,
      0.4820058897360047,
      0.48230970350664054,
      0.4828351793894127,
      0.4832189083099365,
      0.4822138254322223,
      0.48244388290305634,
      0.48276507009321185,
      0.4827268265966159,
      0.48253351316523196,
      0.4828179251791826,
      0.48171591047030776,
      0.48157281439695787,
      0.48197954314858166
    ],
    "descriminator_loss": [
      2.089526692433144,
      1.9905637040067075,
      1.806348734827184,
      1.7044483547780052,
      1.6534841772335678,
      1.6143501908031863,
      1.573660188646459,
      1.5522572229157632,
      1.5558505058288574,
      1.5513560487263238,
      1.5213725299977545,
      1.491915238437368,
      1.469231616205244,
      1.457361226651206,
      1.4477174744677188,
      1.4405796510070117,
      1.4271218420854255,
      1.4323728725091736,
      1.4344362749982236,
      1.4256457161547533,
      1.421860835445461,
      1.4099687942818029,
      1.3969570736386883,
      1.3883665106189784,
      1.3829531794163719,
      1.3759119065839853,
      1.3745045341662507,
      1.374820433445831,
      1.3763533243492467,
      1.3817663690937099,
      1.384022424470133,
      1.3852281677189158,
      1.386287057577674,
      1.3871043795969948,
      1.3876126844491532,
      1.3874016359670838,
      1.3874275524224808,
      1.3874121121506193,
      1.3874787287925607,
      1.387518258237127,
      1.3875387284293104,
      1.3875747260762685,
      1.3876036263223905,
      1.387626525181443,
      1.3876615389069515,
      1.387661755974613,
      1.387684105047539,
      1.3876589020686363,
      1.3877002125355735,
      1.3877159837466568,
      1.387718830535661,
      1.3877342156509855,
      1.3877358578923922,
      1.3878118422494006,
      1.3877686351092893,
      1.38780083407217,
      1.3878683314394595,
      1.387819322187509,
      1.387813801196084,
      1.3878335757042044,
      1.3878386091830126,
      1.3878312021938723,
      1.387831435274722,
      1.3878608052410297,
      1.3878490230930385,
      1.3878521581194294,
      1.3878534445122106,
      1.38788608650663,
      1.387897599988909,
      1.3878710732531192,
      1.3878638833316403,
      1.3878974718834036,
      1.3878892980404753,
      1.3878514642146096,
      1.3879074641128084,
      1.3878941607119433,
      1.3878939009424467,
      1.3879051475382562,
      1.3879188939706604,
      1.387907597556043,
      1.3878864245628244,
      1.3879097878043332,
      1.3879050354459392,
      1.3878760800432803,
      1.387922164219529,
      1.3879078857934297,
      1.3879184669523097,
      1.3879265144689759,
      1.3879446449564463,
      1.3879479952712557,
      1.3879412412643433,
      1.3879329926932036,
      1.3879374408010225,
      1.3879805429657894,
      1.3879433888107984,
      1.3879507673320486,
      1.3879354462694766,
      1.3879484614329551,
      1.3879677413114861,
      1.387966848131436
    ]
  }
}