{
  "config": {
    "seed": 42,
    "bs_train": 8,
    "bs_test": null,
    "batches": 100,
    "epochs": 100,
    "early_stopping": 10,
    "checkpoints": null,
    "gen_lr": 0.0008,
    "des_lr": 0.0005,
    "print_every": 100,
    "generator_optim": "SGD",
    "dsc_optim": "SGD",
    "h_dim": 256,
    "z_dim": 128,
    "kw": {},
    "RTplot": false,
    "data_label": 1,
    "label_noise": 0.3,
    "out_dir": "./results/Res5/",
    "run_name": "Gan_First_RunDSC_SGDGEN_SGDgenlr_0.0008deslr0.0005"
  },
  "results": {
    "num_epochs": 100,
    "generator_loss": [
      0.6593479816593341,
      0.6331962480473874,
      0.5990884446386081,
      0.5619390144276974,
      0.5198495165625615,
      0.4763292501221842,
      0.42791214718747494,
      0.37857135418635696,
      0.32800343766141293,
      0.2828231689645283,
      0.23813696717148397,
      0.1954658229404421,
      0.1642094759353951,
      0.13434119144482398,
      0.11342651930762761,
      0.09596424649900465,
      0.08062245563339832,
      0.07044496581847988,
      0.05934231450308615,
      0.05282392858791707,
      0.04574865391894953,
      0.041558371940210684,
      0.03609794836991759,
      0.03306192290315877,
      0.02933965826323673,
      0.026738626632227827,
      0.025040554299728193,
      0.022070755653861743,
      0.019864388977858558,
      0.01880564537844551,
      0.01745319961389499,
      0.015731438841503947,
      0.014806146955868201,
      0.014129736585848367,
      0.012897169356470678,
      0.011435853706589385,
      0.010642810627373296,
      0.009842052068839322,
      0.009593788145193414,
      0.00950052454344817,
      0.008815378729087203,
      0.00787218286892149,
      0.008133937278067443,
      0.007846706539892884,
      0.0075403896243825775,
      0.0076482361599580564,
      0.007335403385057823,
      0.007821100833478258,
      0.007294280857626182,
      0.006686120314884986,
      0.006520846066301439,
      0.0068882465598854555,
      0.0073932909073113505,
      0.0068129436946960525,
      0.006349757626485914,
      0.005861217552212192,
      0.005468699219289111,
      0.005161918727542038,
      0.005015800276131772,
      0.005004831082396098,
      0.004553022380890464,
      0.004311350657284927,
      0.00428748198214974,
      0.004066100768022128,
      0.003975524004103977,
      0.0036952769133582045,
      0.0036271183730672988,
      0.003545035205003041,
      0.003460296443594036,
      0.003455368186861499,
      0.003987048717855073,
      0.004178945739656242,
      0.004182151970523062,
      0.004627014419981348,
      0.00497614861980303,
      0.004647620665187489,
      0.004240147282939349,
      0.00397993849395816,
      0.003722238722743828,
      0.0032743407281310257,
      0.003116895844325868,
      0.0030873716885307387,
      0.002919347140131824,
      0.002996916371856385,
      0.002937428875645595,
      0.0030576574942792084,
      0.00327840074549304,
      0.0032095651997169896,
      0.003014864226274971,
      0.0029608003044528748,
      0.003066984999146479,
      0.002771510968485208,
      0.003185859697161993,
      0.003070836355075685,
      0.0027725027262497305,
      0.002610814608216508,
      0.002482243559893165,
      0.0025269577432590635,
      0.0024303127559763727,
      0.002294226097804842
    ],
    "descriminator_loss": [
      1.3490036281187143,
      1.295486498234877,
      1.239597745795748,
      1.1789100828455454,
      1.1132951601227719,
      1.0474194902092664,
      0.9937032825911223,
      0.9373112320899963,
      0.895577623772977,
      0.864620984490238,
      0.8304025948937259,
      0.7949067629984955,
      0.7739566778069111,
      0.7539009318422916,
      0.7564426064491272,
      0.7392432262648397,
      0.7453845770501378,
      0.7142554557145532,
      0.737176904482628,
      0.734256945439239,
      0.7143854868056169,
      0.731185995820743,
      0.7206831796845393,
      0.7509814376261696,
      0.720823753235945,
      0.7393136647210192,
      0.7167356227760884,
      0.7190994860521004,
      0.7004223301339505,
      0.7236120033620009,
      0.7275070303411626,
      0.7000274858367976,
      0.7126312198033974,
      0.7242417922660486,
      0.6828126644910272,
      0.6926516272238831,
      0.6717528727517199,
      0.7134319712866598,
      0.7103192205749341,
      0.6959700717854855,
      0.6746536969248929,
      0.717676200528643,
      0.6765009965469588,
      0.687521441658931,
      0.7072837490644028,
      0.7126305734933313,
      0.7127143126815113,
      0.7131266206947725,
      0.68494016999629,
      0.6730257668601933,
      0.7073323099470851,
      0.7278038868263587,
      0.7075021080116728,
      0.6490653459705523,
      0.7108754395548977,
      0.7059263969535259,
      0.6483073105562979,
      0.6662235157703286,
      0.7018007951885906,
      0.6799664012531736,
      0.6524909285467062,
      0.664307491103215,
      0.670487864693599,
      0.6807834835194829,
      0.6446939613392104,
      0.6635568835842076,
      0.6639829504845748,
      0.6667474730690913,
      0.6720326489477015,
      0.7201343401154475,
      0.7185950194721791,
      0.671735165279303,
      0.6799466778982931,
      0.7674826823953372,
      0.6892562344003079,
      0.6828354459200332,
      0.675332566250616,
      0.6705693139958737,
      0.6428325229616307,
      0.7050844266343472,
      0.7039232854522876,
      0.6427165438879782,
      0.6680254905081507,
      0.7366790139853064,
      0.6781635079810868,
      0.704990439450563,
      0.6910401880741119,
      0.6672538879202373,
      0.6348405133432417,
      0.655950296280989,
      0.6668127428239851,
      0.7157090074980437,
      0.7189846585935621,
      0.6551045032579508,
      0.6886245150174668,
      0.6594122385800775,
      0.6894954402944935,
      0.683577158557835,
      0.6443069061236595,
      0.682918282142326
    ]
  }
}