{
  "config": {
    "seed": 42,
    "bs_train": 8,
    "bs_test": null,
    "batches": 100,
    "epochs": 100,
    "early_stopping": 10,
    "checkpoints": null,
    "gen_lr": 0.0008,
    "des_lr": 0.0001,
    "print_every": 100,
    "generator_optim": "SGD",
    "dsc_optim": "SGD",
    "h_dim": 256,
    "z_dim": 128,
    "kw": {},
    "RTplot": false,
    "data_label": 1,
    "label_noise": 0.3,
    "out_dir": "./results/Res5/",
    "run_name": "Gan_First_RunDSC_SGDGEN_SGDgenlr_0.0008deslr0.0001"
  },
  "results": {
    "num_epochs": 100,
    "generator_loss": [
      0.6522232952402599,
      0.6286078389011213,
      0.6074522795961864,
      0.5910268977506837,
      0.5773403724627708,
      0.5686200785992751,
      0.561330405633841,
      0.5575725676408455,
      0.5542930569221725,
      0.5540879413263121,
      0.5491940841745975,
      0.54078568362478,
      0.5345358234732899,
      0.526559319958758,
      0.5185860822449869,
      0.5129566601852873,
      0.5043401224399681,
      0.4971874418543346,
      0.48926890074317136,
      0.48223396424037307,
      0.4741880480033248,
      0.4685883802264484,
      0.46084984959061465,
      0.4548810462453472,
      0.44599451547238367,
      0.43819008122629194,
      0.4318182019155417,
      0.42215896231025013,
      0.4141884486177074,
      0.40737453503395193,
      0.39861283151071464,
      0.3891293264147061,
      0.38252728732664193,
      0.3724848690317638,
      0.3616216680896816,
      0.35112783357278626,
      0.34129861664416183,
      0.331489667518815,
      0.3244851494013374,
      0.31636842507034985,
      0.3076760137259071,
      0.29946581018504814,
      0.29161476822041754,
      0.28231109389618264,
      0.2745795285523827,
      0.2645219324240044,
      0.25439803969504227,
      0.247195711331581,
      0.23869729775991014,
      0.2316400878020187,
      0.22208913271106892,
      0.21498124234711946,
      0.20701318578933603,
      0.19966477867382676,
      0.1909703994864848,
      0.18295161848637595,
      0.1744323010320094,
      0.16547140323404055,
      0.15773572828342666,
      0.14946713376401075,
      0.14060276568825567,
      0.13340975388662138,
      0.12524476658497283,
      0.11891772253299827,
      0.11129480344590856,
      0.10453226039213921,
      0.09889264260210208,
      0.09311229724492599,
      0.08728151546040577,
      0.08244280328056705,
      0.07865408641188892,
      0.07376643136810901,
      0.07018838011061967,
      0.06638950621014211,
      0.0628137184835192,
      0.05979927512469577,
      0.056288113900974615,
      0.05334305390715599,
      0.05100872045132651,
      0.04837543094780908,
      0.04593721604836521,
      0.04421504370089787,
      0.04189142512518968,
      0.04036480010445438,
      0.03786962084583382,
      0.036372810212978675,
      0.03520086101854025,
      0.033109449350567005,
      0.031859780925868164,
      0.030475446481758088,
      0.02964953925293773,
      0.028102912425772467,
      0.027110676823267295,
      0.025907166051998068,
      0.024860545381236433,
      0.02374861528401944,
      0.023020104352218,
      0.022102388039008894,
      0.02098179197133477,
      0.02018096656608048
    ],
    "descriminator_loss": [
      1.3805844748198097,
      1.38867556692949,
      1.3980292241964767,
      1.4030673806347065,
      1.4041266032119295,
      1.3986300746006752,
      1.3904237996286422,
      1.3770120019343361,
      1.362317722235153,
      1.3494714035916684,
      1.337953236565661,
      1.3263008505550784,
      1.3174645616047418,
      1.3070923570376725,
      1.2962195802090772,
      1.2856172536736103,
      1.2769056078213363,
      1.2639180101565461,
      1.2561158048572825,
      1.2441865935254453,
      1.2321432490847004,
      1.222798059235758,
      1.2099624890000074,
      1.2016166928988785,
      1.18663198556473,
      1.1778965743620005,
      1.1654009356427548,
      1.1540176334665782,
      1.1417171261203822,
      1.1372935771942139,
      1.1267278016503177,
      1.1152176002957928,
      1.1080987595800142,
      1.101423687009669,
      1.0861608626237556,
      1.078975953272919,
      1.0680973218448127,
      1.068549004953299,
      1.05998654507879,
      1.0525676234444576,
      1.039904271488759,
      1.040716431034145,
      1.0234917980521472,
      1.0180882758169032,
      1.0148195028305054,
      1.0068990739423838,
      1.00276774434901,
      0.9925522724194313,
      0.9812200674370154,
      0.9706637112062368,
      0.9692268780807951,
      0.9661010806240252,
      0.9556770075612994,
      0.9348519408880774,
      0.9416908016845361,
      0.9321459816462958,
      0.9081661363146198,
      0.9029200521867666,
      0.9056152345529244,
      0.8923462504771218,
      0.8732622417051401,
      0.8702887189922048,
      0.8630141811584359,
      0.8593256580295847,
      0.8411181195458369,
      0.8393747975577169,
      0.8337151470469005,
      0.8270082144594905,
      0.8229415888216958,
      0.8323823685076699,
      0.826014114849603,
      0.8059519289144829,
      0.8023016061355819,
      0.8290955015082857,
      0.8002862254185463,
      0.7908168426200525,
      0.786065358724167,
      0.7793118802469168,
      0.7647175504200494,
      0.7859520405086119,
      0.7823016047477722,
      0.7528112379472647,
      0.7613206728180842,
      0.7865545384919466,
      0.7602033072443151,
      0.767982556748746,
      0.7590110631131414,
      0.7488816104718109,
      0.7307926496463035,
      0.7379170522760989,
      0.7421027199545903,
      0.7582453151247395,
      0.7608357934809443,
      0.7311021205204636,
      0.7453210754181022,
      0.7305823609010497,
      0.7415834985562225,
      0.7382609764141823,
      0.7185576424669864,
      0.7353825155478805
    ]
  }
}