{
  "config": {
    "seed": 42,
    "bs_train": 8,
    "bs_test": null,
    "batches": 100,
    "epochs": 100,
    "early_stopping": 10,
    "checkpoints": null,
    "gen_lr": 0.0005,
    "des_lr": 0.0001,
    "print_every": 100,
    "generator_optim": "Adam",
    "dsc_optim": "Adam",
    "h_dim": 256,
    "z_dim": 128,
    "kw": {},
    "RTplot": false,
    "data_label": 1,
    "label_noise": 0.3,
    "out_dir": "./results/Res5/",
    "run_name": "Gan_First_RunDSC_AdamGEN_Adamgenlr_0.0005deslr0.0001"
  },
  "results": {
    "num_epochs": 100,
    "generator_loss": [
      0.6737329457233201,
      0.6970420706627974,
      0.6875287229890255,
      0.72407096319262,
      0.7608323570848234,
      0.8994855907808211,
      0.4563948846111116,
      0.009538991172392805,
      0.05683023228388925,
      0.019986438961437973,
      0.013882395229351979,
      8.670282384877514e-06,
      0.0,
      0.0,
      0.9087374867443722,
      2.2975889960331703,
      0.8780383595139564,
      0.01983563486369739,
      0.11548016678703954,
      0.7128944763470239,
      0.8568495034609295,
      0.159609074984221,
      0.1565175343360473,
      0.46634337145472377,
      0.00018027326921151736,
      0.03413050911121357,
      0.15437894264470434,
      4.270579276309755e-05,
      0.000532523693096921,
      0.010765215746075403,
      0.006507183377002128,
      1.7792430215724461e-09,
      0.0011334812748313916,
      7.299031370157298e-06,
      1.797033813297832e-07,
      0.0,
      1.2565578357355411e-05,
      0.0007557866727012409,
      0.0,
      1.7792430215724461e-09,
      0.0,
      0.0,
      0.0,
      0.0004104105707966922,
      0.0,
      0.00047958840255313105,
      1.4306998243233098e-06,
      0.0007708280549615017,
      3.709718976982592e-07,
      0.0,
      0.0,
      0.002120987003931079,
      0.005747112909674214,
      4.8031731247733794e-05,
      3.38056168796207e-08,
      0.0,
      0.0,
      0.0,
      1.2521395004100736e-07,
      0.0,
      0.0,
      0.05433839684841841,
      3.7196938536002184,
      8.671530986325285,
      0.0011240790369320063,
      1.90260254330768e-05,
      0.004486124059805695,
      0.03472916108770162,
      0.10389261814632968,
      0.8741421677947454,
      0.1445456616470152,
      0.11035380800620177,
      0.0009045526385050668,
      0.12751580815807878,
      0.9993704472837445,
      0.24336994221813912,
      0.5664860406410949,
      0.89923577899731,
      1.4436739718736107,
      1.9361367225646973,
      3.159308034982254,
      3.1514688267636655,
      1.6778752403472788,
      2.182761641580667,
      2.6886920430767,
      2.583138857314836,
      1.8764253936962305,
      0.6075495060618292,
      0.0,
      0.0,
      0.0,
      0.0,
      0.05778869200409572,
      0.05912332182647808,
      0.02238425884822263,
      0.021869443165854395,
      0.0,
      0.0,
      8.896215107862231e-10,
      0.0
    ],
    "descriminator_loss": [
      1.4098325158233074,
      1.3936605133227449,
      1.0712164137790452,
      1.2302747484463363,
      0.8923639619528357,
      0.9485881553212209,
      1.0684126895755084,
      0.5663537185138731,
      0.16687135287185215,
      0.2064427329755541,
      0.028635943113867916,
      -0.2516616352680904,
      -0.4861254763247362,
      -0.7919736435053064,
      0.22720731639150363,
      0.03790338003813331,
      1.5252643481119355,
      -1.4734140455500404,
      0.5151449570904917,
      1.0207598060369492,
      -0.3965002099302278,
      0.3584981276028192,
      -0.31698019268797406,
      1.2959764372946612,
      0.2262125851503059,
      1.22904909813582,
      0.21841154169680468,
      0.5299115047526004,
      0.16695144249876934,
      0.6310091454591324,
      0.5624749941278749,
      0.0588753627084974,
      0.08309348061013577,
      0.26035699715365224,
      -0.1659169740307687,
      -0.05283940366622227,
      -0.4239581920095344,
      0.2568398885873716,
      0.1521770216858209,
      0.07532717988117417,
      -0.2155404329967143,
      0.4110382921548922,
      -0.13786271748258105,
      -0.013289926545833474,
      0.09508361611793291,
      0.08786636312950903,
      0.3763754932738062,
      0.08740056328364272,
      0.004868343250075383,
      -0.11026123221685637,
      0.19810137130431274,
      0.167774951280053,
      -0.11404023753173316,
      -0.47554029791212793,
      0.19294075111844647,
      0.2475332777891586,
      -0.7591294185883963,
      -0.53709150361481,
      0.39850302596590415,
      0.16384476957036487,
      -1.3199557980049903,
      -0.06124582842214784,
      2.9790285794592615,
      2.546750512585711,
      1.4448095915922479,
      0.24931368832267933,
      -0.06897808066499767,
      -0.059019162528105636,
      -0.011039210789239228,
      0.9299189717467151,
      0.6921336328360572,
      -0.27568002367642386,
      0.11482780704747385,
      1.3125053609707462,
      0.2452466872645848,
      -0.012462665034986255,
      -0.24855756548358432,
      -0.21694224361163467,
      -1.4892142143712115,
      0.7571693407510643,
      0.013641624753154925,
      -0.3295641474759401,
      -0.6816445944914177,
      1.8267255719028301,
      -0.34552207277781927,
      1.270115248747726,
      0.37614065920239065,
      -0.4140445853569614,
      -0.4755174808982593,
      -0.2589804413380907,
      -0.29636047002094895,
      1.3957837588751494,
      0.9571217945707378,
      -0.40562946560667523,
      0.35192352561141127,
      -0.541536832478509,
      0.40986718982458115,
      0.07398614042730474,
      -0.8117601594595767,
      0.06971443944902563
    ]
  }
}