{
  "config": {
    "seed": 42,
    "bs_train": 8,
    "bs_test": null,
    "batches": 100,
    "epochs": 100,
    "early_stopping": 10,
    "checkpoints": null,
    "gen_lr": 0.0008,
    "des_lr": 0.0001,
    "print_every": 100,
    "generator_optim": "Adam",
    "dsc_optim": "Adam",
    "h_dim": 256,
    "z_dim": 128,
    "kw": {},
    "RTplot": false,
    "data_label": 1,
    "label_noise": 0.3,
    "out_dir": "./results/Res5/",
    "run_name": "Gan_First_RunDSC_AdamGEN_Adamgenlr_0.0008deslr0.0001"
  },
  "results": {
    "num_epochs": 100,
    "generator_loss": [
      0.6946089632475554,
      0.7104679693037005,
      0.6401734656807202,
      0.13609973667536987,
      0.03253057614531813,
      0.44848171974282103,
      0.6405726069503269,
      0.893190054430089,
      0.3593679272433719,
      0.42993782268836855,
      0.46175741207024207,
      0.5559563157083143,
      0.3930755895678121,
      0.15374550534717796,
      1.2222261517860151,
      0.10943089063460035,
      0.048421728700035006,
      0.46534416712409443,
      0.028887605607342808,
      3.553439290217121,
      1.2978062234524292,
      0.7590073817429903,
      0.9745415423392056,
      0.8240871151644922,
      4.368526545232799,
      3.083635973396586,
      0.9350860367960004,
      0.9707096788420606,
      0.8151565825761254,
      1.0020820018070846,
      1.0777095778664547,
      1.0728816025292696,
      1.0820360575149308,
      0.9464561245334682,
      0.8884366555000419,
      0.9140990020623848,
      0.9173499986306944,
      1.143552943841735,
      0.8430920732555105,
      0.22562473721857837,
      0.011326498874991354,
      0.20251241747772933,
      0.002992797834618858,
      0.000391754249102999,
      0.0008223395559084498,
      0.008322355495340108,
      0.017850673816569927,
      0.0852434666577115,
      0.08494827391774352,
      0.01124252765369949,
      0.014655378461231603,
      0.8884323209579756,
      1.4643155194040556,
      1.308283261398771,
      1.3578481425100297,
      0.6268965565780206,
      0.015347706939357875,
      0.012286905630199766,
      0.0029049702861811966,
      0.0054376674399002276,
      0.0009403634182096689,
      1.9796296440412634e-05,
      4.965356539226228e-05,
      1.1761375362053893e-05,
      0.176829393414221,
      0.0,
      0.0,
      0.0,
      0.00607472600290727,
      0.0,
      0.01182862045069623,
      0.0,
      0.0,
      0.010453484515620308,
      0.0007267514349620827,
      0.0039657444813880165,
      0.0854699510947092,
      0.03253519135699783,
      0.0,
      0.0,
      0.0,
      0.0005816884561261135,
      0.0,
      0.0,
      0.14115095772951958,
      0.7650695317799691,
      0.5058135062851282,
      2.1053529375538163e-05,
      0.0,
      0.0,
      0.0028292807677874014,
      0.00197999073488894,
      0.07748076568273833,
      1.7792430215724461e-09,
      1.1678315547372682e-06,
      0.0037814200851006966,
      0.0,
      1.051977223474452e-07,
      0.019912627383554805,
      0.0
    ],
    "descriminator_loss": [
      1.402554026290552,
      1.377472872164712,
      1.3754733569586455,
      0.8355067016473458,
      0.6424886063853307,
      0.4018446836453765,
      0.13322812652409965,
      0.013876343618577985,
      -0.004299609296357454,
      0.039915021508932114,
      0.04205762961907173,
      -0.11872047697430227,
      -0.21042796708087422,
      -0.47308260035603794,
      0.3326722305101245,
      -0.3413113302259303,
      0.38016011921772314,
      -1.129775034180328,
      0.5642277238084309,
      2.563392074695274,
      0.7081279937011092,
      0.3652705686973102,
      -0.1204430500962841,
      1.2759182349180997,
      1.3201059036290468,
      0.8237748300072862,
      0.08717699518510655,
      0.18796477055371696,
      0.07611790899910144,
      0.19154946105693704,
      0.14317884451862592,
      0.05402358707540961,
      0.02194660646257116,
      0.11324816753170383,
      -0.05525601357777617,
      -0.0409685825901245,
      -0.16360687664640483,
      0.08559704616443435,
      0.08946989821409111,
      0.019985430053810576,
      -0.0834442869718395,
      0.13982486535808933,
      -0.07298671465311478,
      0.008549777651900676,
      0.11217037933086281,
      0.10661038556205693,
      0.19277500138798756,
      0.06028139513375154,
      0.08759333860518327,
      -0.0031817351926618546,
      0.03893461845703979,
      0.03699943223106327,
      -0.031098521022654292,
      -0.06665527687143924,
      0.0634412609819156,
      0.10106796359837945,
      -0.043186501891755345,
      -0.08056965904004539,
      0.07263370686725004,
      -0.004637354679072081,
      -0.08465699017492694,
      -0.13300718077972754,
      -0.0440821056045703,
      -0.07670972907721106,
      -0.2521392458410405,
      -0.2932031063446358,
      -0.09715639077015777,
      -0.31269296180846085,
      -0.5818871555488501,
      1.2529261032147194,
      0.6399750073454273,
      -0.10378100445021445,
      -0.12803281954864956,
      1.0656862174397084,
      0.0936566822564424,
      0.03449674729091018,
      -0.10180065602953754,
      -0.08466544519387074,
      -0.3707867533858143,
      0.2035879579497807,
      0.15192536231297166,
      -0.1690940727938467,
      -0.1559380883378769,
      0.40613213648546986,
      -0.1386945206505149,
      0.23634136468172073,
      0.11489970203655869,
      -0.06228030506354659,
      -0.28852994831751533,
      -0.10283514434721933,
      -0.2562455697290933,
      0.4709493179819477,
      0.3942221901310024,
      -0.06835420679912638,
      0.1474411042768564,
      -0.07248704268861172,
      0.21112331103033094,
      -0.09712136014183956,
      -0.23597357055144524,
      0.10328397288251279
    ]
  }
}