{
  "config": {
    "seed": 42,
    "bs_train": 8,
    "bs_test": null,
    "batches": 100,
    "epochs": 100,
    "early_stopping": 10,
    "checkpoints": null,
    "gen_lr": 0.0008,
    "des_lr": 0.0008,
    "print_every": 100,
    "generator_optim": "SGD",
    "dsc_optim": "Adam",
    "h_dim": 256,
    "z_dim": 128,
    "kw": {},
    "RTplot": false,
    "data_label": 1,
    "label_noise": 0.3,
    "out_dir": "./results/Res5/",
    "run_name": "Gan_First_RunDSC_AdamGEN_SGDgenlr_0.0008deslr0.0008"
  },
  "results": {
    "num_epochs": 100,
    "generator_loss": [
      0.7886607121266147,
      0.0008895528227960021,
      0.0036946724547987533,
      0.00010449310959132345,
      0.026912057922793373,
      0.9954584774513686,
      0.001965935911357519,
      0.0022730007148726713,
      0.008952911602178787,
      0.000212196661836817,
      0.003281480200074391,
      2.8400735935251113e-05,
      0.0,
      2.162939999308155,
      7.159741541342949,
      5.153127388503931,
      2.87480214660659,
      1.2755681986906635,
      0.7296522564406892,
      1.9980015698377194,
      4.007410832305453,
      1.0428552081730054,
      6.816179736274168,
      1.058590042678629,
      0.9267645518490615,
      1.2498733481364463,
      0.2586541238750506,
      0.8751701096533798,
      0.6982986077443877,
      0.19449330064111295,
      0.0,
      0.0,
      0.0,
      0.0008792561102081369,
      0.0,
      0.0,
      0.0,
      0.0,
      0.0,
      6.894556925374218e-09,
      0.0,
      0.0,
      0.0,
      0.0,
      0.0,
      0.0014027284624425393,
      0.0,
      0.010403447733432953,
      0.0,
      0.0,
      0.0,
      0.001034140010415715,
      0.015395030552723335,
      0.0,
      0.0,
      0.0,
      0.0,
      0.0,
      0.0,
      0.0,
      0.0,
      0.0,
      0.0,
      1.717503255872584,
      1.3834080761715548,
      0.05517510380317916,
      0.004005108306657022,
      9.313620707881984,
      61.912874403284555,
      68.0105577226895,
      35.28993078710428,
      50.666188567432,
      1.1164092786276518,
      26.585613635048936,
      12.453848724712186,
      0.0,
      0.4464062350009804,
      0.5426331894166434,
      0.0,
      0.4944487614418144,
      0.10762929916381836,
      1.4160106724767543,
      0.3289905036591105,
      0.06426028351285565,
      0.062022222289398535,
      0.545648256521811,
      2.2240537769655576e-10,
      0.0,
      17.29192386799033,
      0.0,
      26.28525251061169,
      25.750692531244077,
      3.569505576266724,
      8.82089892430092,
      2.822514453263425,
      0.0,
      0.0,
      0.0,
      0.0,
      4.185671985594194
    ],
    "descriminator_loss": [
      0.6274567020695601,
      0.030490658176479054,
      0.01740424168198856,
      0.1242862513928271,
      0.022584237603109274,
      0.4616309559500929,
      0.02483125108836302,
      -0.02955054825366433,
      -0.06056170165538788,
      0.07798048742671511,
      0.07036893959365674,
      -0.03996844167139993,
      -0.2365902380934402,
      2.2288700754740347,
      13.524002726398297,
      5.886526525020599,
      1.1544300304419959,
      -0.6917617650174382,
      0.4829338248541106,
      2.110163251410669,
      1.968304630535752,
      1.1347476038247792,
      6.411321891777551,
      2.531867658914025,
      1.2958670805639296,
      1.0366747450472704,
      0.8944472421461077,
      1.1783143702282834,
      0.45672975747442957,
      1.060601024151738,
      1.2259385367827629,
      0.2129182937874723,
      -0.17020987841620375,
      0.918229160024159,
      -0.3649098182569689,
      -0.21675998378378242,
      -1.2071330302686833,
      2.0148438190791143,
      0.8056406912518971,
      0.5130241695624679,
      -0.7560218658242652,
      1.6709721889068831,
      -0.5436157814379948,
      -0.06758902166316759,
      0.5020049459009028,
      0.24972070675732486,
      0.8880635646741781,
      0.2968352043361806,
      -0.12617788808559305,
      -0.4615315510265863,
      0.6261702860469249,
      0.5192979747679696,
      -0.03371943488939485,
      -1.8808905682457027,
      1.5129706047808946,
      0.5899752238348349,
      -2.435498699323455,
      -2.847832568768245,
      2.4320872786329755,
      1.9736835120329217,
      -5.341952065923321,
      0.8694718382251796,
      -5.512907280850766,
      7.203599452972412,
      4.82135856285024,
      6.151360211977318,
      11.635303226869498,
      57.58390771097212,
      169.25430747644225,
      129.79957220447596,
      101.9844844590372,
      75.16164893534646,
      17.901257475810265,
      30.866100346864158,
      25.72193437547826,
      1.8370436785826043,
      2.455677142783777,
      -5.708490385938046,
      -32.75258952646113,
      24.269106811551904,
      5.762364344810372,
      -18.450568709800493,
      -7.304932409258031,
      32.47345752858404,
      -1.3547856345105527,
      19.157343145626694,
      4.729601614510835,
      -2.6003151349167326,
      -9.923539809326627,
      -3.5645173556769074,
      -2.494112705339247,
      12.066335706568475,
      11.363070021814375,
      -0.550408630673565,
      6.256325223552647,
      -12.12370065432876,
      5.142351029524162,
      7.892681245483569,
      -10.468834321890304,
      2.244243458135804
    ]
  }
}