{
  "config": {
    "seed": 42,
    "bs_train": 8,
    "bs_test": null,
    "batches": 100,
    "epochs": 100,
    "early_stopping": 10,
    "checkpoints": null,
    "gen_lr": 0.0001,
    "des_lr": 0.0008,
    "print_every": 100,
    "generator_optim": "Adam",
    "dsc_optim": "SGD",
    "h_dim": 256,
    "z_dim": 128,
    "kw": {},
    "RTplot": false,
    "data_label": 1,
    "label_noise": 0.3,
    "out_dir": "./results/Res5/",
    "run_name": "Gan_First_RunDSC_SGDGEN_Adamgenlr_0.0001deslr0.0008"
  },
  "results": {
    "num_epochs": 100,
    "generator_loss": [
      0.41759399958510895,
      0.4667344667128663,
      0.47742232813763974,
      0.46787935495376587,
      0.4491884316971053,
      0.5151957398030296,
      0.5092259120585313,
      0.48767394316730217,
      0.4834382102560641,
      0.48196161549482774,
      0.484218641003566,
      0.4857073599722848,
      0.48508513151709715,
      0.4824923236868275,
      0.48160894148385347,
      0.4882217392102996,
      0.48439336178907705,
      0.4833919054536677,
      0.48398484000519143,
      0.4883238108300451,
      0.4878918706481136,
      0.4882700572262949,
      0.4904896216606026,
      0.4927818748488355,
      0.49399397755736735,
      0.49713686286513487,
      0.49844424626720485,
      0.5011129824083242,
      0.5031815713910914,
      0.5049892850776216,
      0.5065742295179794,
      0.5086400935898966,
      0.5120466342612878,
      0.5128534676423714,
      0.5144080057072995,
      0.5162246058236307,
      0.5187310763259432,
      0.5219716643219563,
      0.5233491863777389,
      0.52560896126192,
      0.5272683510139807,
      0.5280408432234579,
      0.5300606186710187,
      0.5312084866993463,
      0.5328461216456855,
      0.5353521099731103,
      0.5366478215402631,
      0.5372708671128572,
      0.5398665061637536,
      0.5407129045742661,
      0.5426485164841609,
      0.543726405101036,
      0.544641153136296,
      0.5455675872404184,
      0.547311162770684,
      0.5487612797253167,
      0.548542787779623,
      0.5452023308668563,
      0.5403599151924475,
      0.5387170154656937,
      0.5371661017190165,
      0.5370943724219479,
      0.5372479086491599,
      0.5374414004496674,
      0.5383540596534957,
      0.5373371777249806,
      0.5386757770581032,
      0.5386871446424456,
      0.5393610463213565,
      0.5385902105872311,
      0.5398438314893352,
      0.5411767577057454,
      0.5407622118494404,
      0.5423722382801682,
      0.5429738502004253,
      0.5449879124983034,
      0.5453315617433235,
      0.5459293607455581,
      0.5468595107989525,
      0.5482903790118089,
      0.5494472962706837,
      0.5499460572627053,
      0.5505255220541313,
      0.5509761331686333,
      0.5532188335461403,
      0.553829334565063,
      0.5545023252714926,
      0.5551771993067727,
      0.5570412518373177,
      0.558355666808228,
      0.5601950074309734,
      0.5609964915175936,
      0.5616895236186127,
      0.5629369598716053,
      0.5638546392099181,
      0.5652060953538809,
      0.566381761387213,
      0.5673703302198382,
      0.5682189811521502,
      0.56803740583249
    ],
    "descriminator_loss": [
      1.6208357134861733,
      1.4270684096350599,
      1.3231647459428701,
      1.2844353327110631,
      1.396974008474777,
      1.4136098854577364,
      1.3905159466302217,
      1.3907516233956636,
      1.3909981837913172,
      1.3910814986300113,
      1.3912492883739187,
      1.3913695331829696,
      1.391408196136133,
      1.3914423558249402,
      1.3914067834170896,
      1.391412281278354,
      1.3913864662398154,
      1.3914524405749875,
      1.3913393465440664,
      1.3912828395615762,
      1.3913039111379366,
      1.3912195661174718,
      1.3911533996240417,
      1.3910422182794828,
      1.3910556266556924,
      1.3909359156195797,
      1.3908992756658525,
      1.390830719648902,
      1.3908047533746977,
      1.3907405778543274,
      1.3906767528448531,
      1.3906756959744353,
      1.3905913011351627,
      1.3905181706841312,
      1.39052593530114,
      1.39044702586843,
      1.3904446452411252,
      1.3903095846745506,
      1.3902591288979373,
      1.3902272377441178,
      1.3902113259728275,
      1.3900679581200899,
      1.3900781869888306,
      1.3900163031336088,
      1.3899539726883618,
      1.3898805362075122,
      1.3898790914620927,
      1.3897983974485255,
      1.389828004054169,
      1.3897804662362854,
      1.389676336032241,
      1.3895691223998567,
      1.3895633629898527,
      1.3896270065165277,
      1.3895107329781375,
      1.3895126687946604,
      1.3895387382649664,
      1.3895469975115649,
      1.3895856391138106,
      1.3896140607435312,
      1.3896299867487665,
      1.3896098848599105,
      1.3895858704154171,
      1.3895721257622562,
      1.389616761634599,
      1.3895353683784826,
      1.3894954279287537,
      1.3894825817933723,
      1.3894505625340476,
      1.389378353730956,
      1.3893362141367216,
      1.3893871396335202,
      1.3893448488036197,
      1.3892157398053069,
      1.3892963857793097,
      1.3892795683732673,
      1.3892321444269438,
      1.3891897859858042,
      1.3891726091726502,
      1.3891058377365568,
      1.389055387297673,
      1.3890915005954343,
      1.3890391730550509,
      1.3889051675796509,
      1.3889239030097849,
      1.3888402821412726,
      1.3888130401497456,
      1.3887871183566194,
      1.388774206389242,
      1.3887202828677732,
      1.3886612831656613,
      1.3886080695622003,
      1.388589761150417,
      1.3886277301987606,
      1.3885244255635276,
      1.3885315585492262,
      1.388472822175097,
      1.3884339012316804,
      1.3884559460540316,
      1.3884158810572838
    ]
  }
}