{
  "config": {
    "seed": 42,
    "bs_train": 8,
    "bs_test": null,
    "batches": 100,
    "epochs": 100,
    "early_stopping": 10,
    "checkpoints": null,
    "gen_lr": 0.0008,
    "des_lr": 0.0008,
    "print_every": 100,
    "generator_optim": "SGD",
    "dsc_optim": "SGD",
    "h_dim": 256,
    "z_dim": 128,
    "kw": {},
    "RTplot": false,
    "data_label": 1,
    "label_noise": 0.3,
    "out_dir": "./results/Res5/",
    "run_name": "Gan_First_RunDSC_SGDGEN_SGDgenlr_0.0008deslr0.0008"
  },
  "results": {
    "num_epochs": 100,
    "generator_loss": [
      0.657135531973483,
      0.6145608958913319,
      0.5567264396752885,
      0.4893901566071297,
      0.41690810981081494,
      0.34546292717777083,
      0.2765183442119342,
      0.21670407056808472,
      0.16573037674177937,
      0.13073886285966901,
      0.10040450051649293,
      0.07482082874917273,
      0.05909563717779828,
      0.0466402870283198,
      0.0393759111192689,
      0.03317341280739699,
      0.02798572252157019,
      0.025179549245469605,
      0.02128356119701222,
      0.020596777130641154,
      0.017432351638354472,
      0.017188408842949726,
      0.015608729252508327,
      0.01511419029322578,
      0.014343876322147562,
      0.0136640593687545,
      0.013591795256222361,
      0.012103940318547078,
      0.010756127341692127,
      0.010592408102950942,
      0.01033042800793452,
      0.009380971679269379,
      0.008997348707113693,
      0.009110412393599304,
      0.008409629944267112,
      0.007277292553891442,
      0.00651150886942424,
      0.006112343374528547,
      0.006234063433288638,
      0.0064792465696583935,
      0.005866832641968087,
      0.005004443242145118,
      0.0056410888140437316,
      0.0054597743272558966,
      0.005105444869554754,
      0.0055598650238852,
      0.005228672475456747,
      0.005988853205162198,
      0.005285802144390434,
      0.004512620234945372,
      0.0044680610542366305,
      0.005118782117740432,
      0.005979044606158538,
      0.005157066940038062,
      0.004616321700472218,
      0.003987755404034657,
      0.003593950188343427,
      0.003386943208387316,
      0.0032944058401704725,
      0.0033819482057119037,
      0.002943146115502537,
      0.0027031743753034233,
      0.0027991458460855396,
      0.0025345558133810313,
      0.0024793754408219413,
      0.002233733669785199,
      0.0022066398436870814,
      0.002141421219445209,
      0.0020769216891711774,
      0.002135434862115045,
      0.002921067192149696,
      0.0033685716334730387,
      0.003439274136977854,
      0.004400255617254705,
      0.005228593549343632,
      0.0045739635512399585,
      0.0039151563107578165,
      0.003583273728753426,
      0.0031684731765747516,
      0.0024539849098855213,
      0.0023241822534838495,
      0.0022626074635660027,
      0.0021347199243479478,
      0.002218646436943603,
      0.002308207240873086,
      0.0025571826706404116,
      0.0029844792156633157,
      0.002995662147929864,
      0.00271663786634914,
      0.002626961430729325,
      0.0028337600064088603,
      0.002363467319701701,
      0.003199916378136224,
      0.0031050041060783524,
      0.0026170147631539784,
      0.0024151944888950285,
      0.0022191174324852096,
      0.002370690933859615,
      0.002261171636950058,
      0.002085024167769658
    ],
    "descriminator_loss": [
      1.328569351737179,
      1.2261194044084691,
      1.1159877047609927,
      1.0169777425367441,
      0.9334290027618408,
      0.8717155029524618,
      0.833172166525428,
      0.7922238983325104,
      0.7705864835141311,
      0.759031920290705,
      0.7373779140301605,
      0.7092113717278438,
      0.7000829070361693,
      0.690839342661758,
      0.7076049842941228,
      0.6932930630534443,
      0.7119699556436112,
      0.6740044497731906,
      0.7128568371730064,
      0.7128526443865761,
      0.6909278791342208,
      0.7152273877343135,
      0.7040517748291812,
      0.7446912269094097,
      0.7074654889640524,
      0.7321250140666962,
      0.7054170908322975,
      0.7089078506427025,
      0.688110926702841,
      0.7156592878832746,
      0.7208000577207822,
      0.6895648552410638,
      0.7044908706821612,
      0.7184206910097777,
      0.6708186402249692,
      0.6825618592660818,
      0.6581972815207581,
      0.7066450612758522,
      0.7039738146226797,
      0.6875561511338647,
      0.6630669965672848,
      0.7123004384894869,
      0.6651559996960769,
      0.6786426697204362,
      0.7021899850510839,
      0.7070481835016563,
      0.7084677321697349,
      0.7081953304917065,
      0.6766699121069553,
      0.6623410489132155,
      0.701814175986532,
      0.725194923913301,
      0.7013117995724749,
      0.6360112619933798,
      0.7069220213747737,
      0.7008721819564477,
      0.6344551048172054,
      0.6548962904446161,
      0.6959410514404525,
      0.6717499632443955,
      0.6381923133757577,
      0.6526922503514077,
      0.658171345048876,
      0.6723095160811695,
      0.6277118939072338,
      0.649388890657852,
      0.6508978440690396,
      0.6537141991195394,
      0.6619156563459937,
      0.7213959943002729,
      0.7169823499757852,
      0.6590425665698835,
      0.669940253247076,
      0.7742311825503164,
      0.6832827009371857,
      0.6733793255998127,
      0.6642983889401849,
      0.6587806366272827,
      0.624421081881025,
      0.7024374528607326,
      0.6990084203321543,
      0.6246078757207785,
      0.6551206614544143,
      0.7369132095308446,
      0.6671426789974099,
      0.6982367163273826,
      0.6819543767331252,
      0.6521329648459135,
      0.613576568774323,
      0.636969998256484,
      0.651667390741519,
      0.7109464958532533,
      0.7146350109755103,
      0.6389099484059348,
      0.6791261825988542,
      0.6435159667214351,
      0.6800350631350902,
      0.6700254144953258,
      0.6213866570102635,
      0.6700364635951483
    ]
  }
}