{
  "config": {
    "seed": 42,
    "bs_train": 8,
    "bs_test": null,
    "batches": 100,
    "epochs": 100,
    "early_stopping": 10,
    "checkpoints": null,
    "gen_lr": 0.0005,
    "des_lr": 0.0008,
    "print_every": 100,
    "generator_optim": "SGD",
    "dsc_optim": "SGD",
    "h_dim": 256,
    "z_dim": 128,
    "kw": {},
    "RTplot": false,
    "data_label": 1,
    "label_noise": 0.3,
    "out_dir": "./results/Res5/",
    "run_name": "Gan_First_RunDSC_SGDGEN_SGDgenlr_0.0005deslr0.0008"
  },
  "results": {
    "num_epochs": 100,
    "generator_loss": [
      0.6591119268047276,
      0.6225397818124117,
      0.5689762296961315,
      0.5063271406871169,
      0.43966516896859925,
      0.3736591401384838,
      0.31112777697506233,
      0.2544316453720207,
      0.2043350265542073,
      0.16686322595646133,
      0.13049111771049784,
      0.09962811020772848,
      0.08006436433365095,
      0.06395264492550892,
      0.054626368931425154,
      0.04589189277656043,
      0.039231286120058884,
      0.03494412185096029,
      0.03013783237382547,
      0.02898651411506667,
      0.02436718211245181,
      0.023394999775423933,
      0.02108345069547198,
      0.020461060356960367,
      0.019242399608466163,
      0.01811663297686114,
      0.01793327471658365,
      0.015905887764225256,
      0.014167220665336544,
      0.013884504700996983,
      0.013462442098491227,
      0.01225525304786305,
      0.011711094097526216,
      0.011830187235861572,
      0.01089460588991642,
      0.009496046633306724,
      0.008544219824582783,
      0.008017926004284354,
      0.008129888533878683,
      0.008415735166853488,
      0.007639608832437601,
      0.006571582310012917,
      0.007304315747164968,
      0.007083222422915608,
      0.006609277716323511,
      0.007130564551856091,
      0.00673351567516576,
      0.007674626290186572,
      0.006756524492833597,
      0.00584106746393798,
      0.005767915008673028,
      0.006565009792849644,
      0.007588340963389891,
      0.006581459541930191,
      0.005956091744297031,
      0.005206062666960617,
      0.004712611947681254,
      0.0044685520002368225,
      0.004340057615746758,
      0.004458962216862102,
      0.00391186023506322,
      0.0036024884494549746,
      0.0037147562999500713,
      0.0033741473227238924,
      0.0032887721934647704,
      0.0030017538107375602,
      0.0029717479248656266,
      0.002895954148426874,
      0.002781396985415425,
      0.0028407150538944043,
      0.0038254870581371126,
      0.004362943436283229,
      0.0044280060205553005,
      0.005566872802298905,
      0.006506095577809793,
      0.005733698530039235,
      0.004929482582400539,
      0.0044943542539406175,
      0.003990623967916663,
      0.003113233154194791,
      0.002918213762259528,
      0.0028424349008823063,
      0.002682281168066521,
      0.0027627634134755204,
      0.0028398533928583364,
      0.003094865499175529,
      0.0035977386417729196,
      0.0035881704456214585,
      0.0032836235677406412,
      0.0032216324505688096,
      0.003434656142715865,
      0.002920636729990591,
      0.0038779897983672457,
      0.00380104073017502,
      0.0032481910876318147,
      0.0030422048962939143,
      0.002822682897407395,
      0.0029674290623793852,
      0.0028057845323277053,
      0.0026005257873226014
    ],
    "descriminator_loss": [
      1.3265001204476428,
      1.2146511807370541,
      1.0948826119081299,
      0.9921564984677443,
      0.9099978359777536,
      0.8527020963270273,
      0.8203257624782733,
      0.7857486774672323,
      0.7671856150698306,
      0.7584490068812868,
      0.7379717301966539,
      0.7101719321599648,
      0.7019411952637914,
      0.6927397126582131,
      0.7089351384497401,
      0.6948180954847762,
      0.7130771910966333,
      0.6758681815951618,
      0.7132899000573514,
      0.7135648900893197,
      0.6916109087751873,
      0.715530488473266,
      0.7047880060637175,
      0.7448827842278267,
      0.7082496699112565,
      0.7328988175783584,
      0.7062463391183028,
      0.7096115470822177,
      0.6890961456654677,
      0.7165702692608336,
      0.7213795621003678,
      0.6904001400541904,
      0.7057022118746344,
      0.719409390171962,
      0.6714873264974622,
      0.6834748983383179,
      0.6587907271598702,
      0.7074308946951112,
      0.7048807771348241,
      0.6886212821327039,
      0.664254130712196,
      0.7126711869417731,
      0.6656778365818422,
      0.6799422938432267,
      0.7033200579792706,
      0.7081239846215319,
      0.7093150589003492,
      0.7094897098505675,
      0.6780012828200611,
      0.6636234299460454,
      0.7029199097583543,
      0.7265293157812375,
      0.7025437306112318,
      0.6374341040404875,
      0.7079426308176411,
      0.7016467736728156,
      0.636239300023264,
      0.6559830788356155,
      0.6967427379159785,
      0.6728857889104245,
      0.6394627503494719,
      0.6538460939677794,
      0.6593807971299585,
      0.6738177475644581,
      0.6288344637671514,
      0.6510726186766553,
      0.6520440658526634,
      0.6550613459366471,
      0.6633739008832333,
      0.7222981363979738,
      0.7181041049423502,
      0.6607156160162456,
      0.671386841072965,
      0.7751099743060211,
      0.6840429368303783,
      0.6749490130303512,
      0.665621474607667,
      0.6600819643753678,
      0.6264322862696292,
      0.7031416479331344,
      0.7007861871327927,
      0.6267154839501452,
      0.6562151432926975,
      0.7380443673525283,
      0.6691105196725077,
      0.7001544855423828,
      0.6841372505052766,
      0.65426270241168,
      0.6156983611299031,
      0.6389828969293566,
      0.6543818249631284,
      0.7134863240505332,
      0.7162591365735922,
      0.6412585395485607,
      0.6811173936324333,
      0.6450294118318984,
      0.6824363198742938,
      0.6719539023157376,
      0.6229313024834021,
      0.6726126515153629
    ]
  }
}