{
  "config": {
    "seed": 42,
    "bs_train": 8,
    "bs_test": null,
    "batches": 100,
    "epochs": 100,
    "early_stopping": 10,
    "checkpoints": null,
    "gen_lr": 0.0008,
    "des_lr": 0.0005,
    "print_every": 100,
    "generator_optim": "Adam",
    "dsc_optim": "Adam",
    "h_dim": 256,
    "z_dim": 128,
    "kw": {},
    "RTplot": false,
    "data_label": 1,
    "label_noise": 0.3,
    "out_dir": "./results/Res5/",
    "run_name": "Gan_First_RunDSC_AdamGEN_Adamgenlr_0.0008deslr0.0005"
  },
  "results": {
    "num_epochs": 100,
    "generator_loss": [
      0.7345282880227957,
      0.7831564918130023,
      1.583656399623137,
      0.49738191466935805,
      0.035566468009610594,
      1.1565078007033119e-07,
      6.5364716147172e-07,
      0.00014094306530176682,
      4.0922559695791823e-08,
      0.00010529411617686785,
      1.4961564952843945e-05,
      6.605437084867793e-08,
      0.0,
      8.003579509792043,
      5.808326573947675,
      2.630510004598703,
      5.837486878259858,
      7.242185259043279,
      2.3389768510389684,
      0.0,
      0.0,
      0.010704371941175584,
      0.023612407513640073,
      0.0,
      0.0,
      0.0,
      0.0,
      0.0,
      0.0,
      2.9557617376548844e-07,
      0.0028984470465047573,
      0.0,
      0.0,
      9.57137515916502e-05,
      0.0,
      0.0,
      0.0,
      0.0,
      0.0,
      0.0,
      0.0,
      0.0,
      0.0,
      0.0,
      0.0,
      0.012917943854830157,
      0.03157420031667284,
      0.09577624836837861,
      0.0003870350168403408,
      0.0,
      0.0,
      0.0,
      0.00024673024947007244,
      1.3789126741266277e-07,
      0.0,
      0.0,
      0.0,
      0.0,
      0.2446572726397146,
      0.12508233915934672,
      0.2680948912184928,
      0.05633141594552723,
      0.032281448914124954,
      0.0,
      0.0,
      19.0492713039935,
      34.84783573165091,
      32.20413816864811,
      0.3745945496345634,
      27.4694604411054,
      0.29348503686431476,
      0.0,
      0.0,
      0.09865711242418368,
      0.007872505419259344,
      10.315553533497141,
      3.19255250959254,
      0.0,
      0.0,
      0.13776953624033217,
      0.0,
      0.0,
      0.0,
      0.0,
      0.0,
      0.0,
      0.0,
      0.0,
      0.0,
      42.637335709671476,
      55.706459618019764,
      0.0,
      1.0719762969372877,
      0.0,
      0.0,
      0.0,
      0.0,
      0.0,
      0.0,
      0.0
    ],
    "descriminator_loss": [
      1.4009239531275053,
      1.0014380619152268,
      1.1137381460684448,
      0.8235718237597551,
      0.11713106039244292,
      0.016472694255522828,
      0.028122166477477374,
      -0.02692267231976808,
      -0.01042549868128193,
      0.06817711200287092,
      -0.0010988916923750692,
      -0.15608529412924355,
      -2.0604789139174704,
      8.357153037590766,
      11.868551695524756,
      3.1472668056167774,
      3.274815139708234,
      3.389171042215468,
      1.5505650096864843,
      0.411866075734594,
      0.5691643489608124,
      0.7485617125657067,
      0.19117378693685602,
      1.6374118928589039,
      0.25506247902539236,
      0.7969814200899494,
      0.10860310656143658,
      0.12312579410734462,
      0.09174209210410048,
      0.24111916914359846,
      0.04227655047356193,
      0.04016645730876211,
      0.16636335760799806,
      0.1624936691638249,
      -0.10437764071706515,
      0.0068032156620452654,
      -0.632986651538913,
      0.6577402075836017,
      0.4148168420391296,
      0.0008499273168506906,
      -0.4181798903354958,
      0.8086523189028697,
      -0.13281140131736868,
      -0.05451727191458887,
      0.33833577350449207,
      0.3392038667824731,
      0.1793756571723454,
      0.16831982113532165,
      -0.02943038339935132,
      -0.20547826899521388,
      0.27450024736906165,
      0.3565946879671581,
      -0.02767088720157965,
      -0.3610481239521681,
      0.15327868999829933,
      0.20779071392408058,
      -0.645415090469282,
      -0.36513823092873415,
      0.21965952751351825,
      1.4400512511605648,
      -0.9137736634532018,
      -0.4278052448114352,
      -0.656298820985787,
      -0.11457987062966646,
      -3.7307377395345203,
      10.14069184972279,
      27.996520212337153,
      22.831317924741487,
      2.2047713932706348,
      8.824236234177404,
      4.297145473423289,
      -2.471373967270353,
      -1.0399127469133975,
      8.348052113358655,
      1.1060870992603586,
      2.18888575817222,
      -0.2645240741879193,
      -1.7347883964652446,
      -8.917370636961353,
      6.806060188741826,
      1.3990068862687295,
      -5.1940332944713425,
      -2.049725436452609,
      11.549790739123502,
      -1.250773924500195,
      3.974039744530151,
      2.34750092296458,
      -0.8989631044330881,
      -7.2256795047824065,
      -2.452909910856788,
      24.28992420523914,
      7.766268217741554,
      2.904064565452177,
      -2.50820330363601,
      6.047628102017872,
      -1.7809546883426495,
      5.277261219362714,
      2.505572473824914,
      -10.035883668643326,
      3.9525897298286212
    ]
  }
}