{
  "config": {
    "seed": 42,
    "bs_train": 8,
    "bs_test": null,
    "batches": 100,
    "epochs": 100,
    "early_stopping": 10,
    "checkpoints": null,
    "gen_lr": 0.0001,
    "des_lr": 0.0001,
    "print_every": 100,
    "generator_optim": "SGD",
    "dsc_optim": "SGD",
    "h_dim": 256,
    "z_dim": 128,
    "kw": {},
    "RTplot": false,
    "data_label": 1,
    "label_noise": 0.3,
    "out_dir": "./results/Res5/",
    "run_name": "Gan_First_RunDSC_SGDGEN_SGDgenlr_0.0001deslr0.0001"
  },
  "results": {
    "num_epochs": 100,
    "generator_loss": [
      0.659189691294485,
      0.6598304349984696,
      0.660094294975053,
      0.6587273149348017,
      0.6552258925651436,
      0.6510554747794991,
      0.6454604445998349,
      0.6398925283061925,
      0.6339512111535713,
      0.6286758673724844,
      0.6225859763017342,
      0.6155486587268203,
      0.6093000671756801,
      0.6031273692401488,
      0.5956571600330409,
      0.5894896227922013,
      0.5815244281469886,
      0.5749870298513725,
      0.5665007633949394,
      0.5592483219815724,
      0.5519968306840356,
      0.5438961431161681,
      0.5355821625510259,
      0.5275571034915412,
      0.5178999633931402,
      0.5100066270401229,
      0.5021274445661857,
      0.4937973013564722,
      0.48507202783627296,
      0.4758879230983222,
      0.46623933137352785,
      0.4560812080084388,
      0.44769982437589273,
      0.44028108555879164,
      0.4295513229583626,
      0.42040487768045115,
      0.41066324043629776,
      0.4009630257513986,
      0.3925490810799955,
      0.3850300707923832,
      0.37713761827838954,
      0.3653882830890257,
      0.35596187123611794,
      0.3483079974331073,
      0.33915500187162145,
      0.3282265040411878,
      0.3198252298049073,
      0.31304985507210686,
      0.30404112365708424,
      0.29712268398768865,
      0.28744564394452676,
      0.28065347582546635,
      0.27293091345189224,
      0.2644408734431907,
      0.2565851316078385,
      0.2470473004366035,
      0.2402157138532667,
      0.2325007844327101,
      0.22581352738302146,
      0.21962197503047204,
      0.20993531417490832,
      0.20604261755943298,
      0.1983734251403097,
      0.19276334945835286,
      0.1862652722134519,
      0.18070485075907922,
      0.1760170177292468,
      0.17108116109869373,
      0.16510653095458871,
      0.15924633905958774,
      0.15526702977828125,
      0.1509719021729569,
      0.14590149228252583,
      0.14033286495884853,
      0.13566342997017192,
      0.13189989450707365,
      0.12832854588085146,
      0.12312937294369314,
      0.1196140505707086,
      0.11587421040036786,
      0.11226722942804222,
      0.10947877513383751,
      0.10493562048050895,
      0.10317271703214788,
      0.098912694449745,
      0.09628968530181628,
      0.09444874258183722,
      0.09116992298791658,
      0.08762326002565783,
      0.08577955236185843,
      0.08292566862568926,
      0.08135593904932933,
      0.07980680221052312,
      0.07692886066080919,
      0.07507622842468432,
      0.0727074196311965,
      0.07137280218859217,
      0.06966599582958577,
      0.06646430475720719,
      0.06461138500651317
    ],
    "descriminator_loss": [
      1.3743453755307553,
      1.3593273287388816,
      1.3465913462994703,
      1.3353582585035866,
      1.3245329251929896,
      1.3121412085063422,
      1.301258615593412,
      1.2880222067904117,
      1.275464707346105,
      1.2650623303740771,
      1.250275074546017,
      1.2335750576275497,
      1.2207061888566657,
      1.206886649131775,
      1.1929202275489694,
      1.1768481162056994,
      1.1666548501199752,
      1.14823023418882,
      1.137853184742714,
      1.1243577572836805,
      1.1082492408467763,
      1.0984146808510395,
      1.0824921753869128,
      1.0739517122951907,
      1.0562101842752143,
      1.0474931428681558,
      1.0307613201995394,
      1.0182308519064491,
      1.0028812787426051,
      0.9984525335368826,
      0.9880138635635376,
      0.9706067540752354,
      0.9638131447692415,
      0.9581464795923945,
      0.9348874083205835,
      0.9293946178991404,
      0.9147105510555097,
      0.9189040580792214,
      0.9083657389256492,
      0.8996586248056212,
      0.8844643617743877,
      0.890129372255126,
      0.869053993652116,
      0.8671635798553923,
      0.8673016927135524,
      0.8627958093116532,
      0.8594359791100915,
      0.8524594671690642,
      0.8398130722899935,
      0.8302628495799962,
      0.8368658503489708,
      0.8407993209895803,
      0.8293903763614484,
      0.8026921829180931,
      0.8225200069484426,
      0.816851362363616,
      0.7908478174636613,
      0.7918443564158767,
      0.8053535080667752,
      0.7933666510368461,
      0.7770038496202497,
      0.7796079970117825,
      0.7782018531614275,
      0.7805344658111458,
      0.7613444515128633,
      0.7673714810342931,
      0.7661687598299625,
      0.7640495620556732,
      0.7637768912671218,
      0.7805587845062142,
      0.777973556696479,
      0.7578415314653026,
      0.7575489598423687,
      0.7930826758270832,
      0.7596535380206891,
      0.7543674235913291,
      0.750794034395645,
      0.7458505247955891,
      0.7314926795105436,
      0.7577881964284983,
      0.7571897346581986,
      0.7252185847332229,
      0.7360505301560929,
      0.7677455250896624,
      0.7399397358965518,
      0.7499519337469073,
      0.740976193057957,
      0.7306447954320195,
      0.7113339812008302,
      0.7205892280856175,
      0.7268224051639215,
      0.7502749308721343,
      0.749846304530528,
      0.7171979622164769,
      0.7346633979633673,
      0.7174818008693297,
      0.7316917003090702,
      0.7283158008732012,
      0.7055990575854458,
      0.7277050716663475
    ]
  }
}