{
  "config": {
    "seed": 42,
    "bs_train": 16,
    "bs_test": 4,
    "batches": 100,
    "epochs": 40,
    "early_stopping": 10,
    "checkpoints": null,
    "lr": 0.0005,
    "print_every": 100,
    "h_dim": 128,
    "z_dim": 5,
    "betas": [
      0.1,
      0.1
    ],
    "kw": {},
    "RTplot": false,
    "out_dir": "./results/Res5/",
    "run_name": "MEGA_RUNh_128z_5lr_0.0005",
    "x_sigma2": 0.9
  },
  "results": {
    "num_epochs": 0,
    "train_loss": [
      0.7337585081656773,
      0.34307458698749543,
      0.3371067464351654,
      0.334516038497289,
      0.32645215342442196,
      0.3271281197667122,
      0.3252659261226654,
      0.3245322197675705,
      0.32395464976628624,
      0.3213244765996933,
      0.3220846156279246,
      0.3206056093176206,
      0.31307031909624733,
      0.3113109846909841,
      0.3148937498529752,
      0.3080171729127566,
      0.30717611163854597,
      0.3016272932291031,
      0.30538314829270047,
      0.29750352501869204,
      0.2931682964166005,
      0.2848317633072535,
      0.28866228957970935,
      0.2966792702674866,
      0.28561782191197077,
      0.2895880008737246,
      0.28116747786601387,
      0.2884916658202807,
      0.27765606145064037,
      0.2828526422381401,
      0.2820897981524467,
      0.2767436017592748,
      0.2714947521686554,
      0.27689790974060696,
      0.2721998646855354,
      0.2794491539398829,
      0.2845231542984645,
      0.27287481526533763,
      0.2728641927242279,
      0.2779108186562856
    ],
    "train_acc": [
      18.305424809165125,
      21.01246965112268,
      21.313983104236815,
      21.494466369178802,
      21.880225987292373,
      22.03082815210541,
      22.219724856582662,
      22.332784466582307,
      22.42875056513984,
      22.203777953550265,
      22.490989506709408,
      22.293033424625968,
      22.769956677338236,
      23.019262529457805,
      23.08706939422951,
      23.440180625213294,
      23.90013680250124,
      24.4732055879549,
      24.232472638187122,
      24.34415192999748,
      25.100482061642957,
      25.333932894208992,
      25.27606686180463,
      24.6420435763079,
      25.39107145356799,
      25.23648738848868,
      25.69632466972601,
      25.102069280776007,
      26.01673226841845,
      25.485979586207183,
      25.477698459375127,
      25.60123459025916,
      26.05653576045737,
      25.810219153701038,
      26.05657298783032,
      25.624261415253507,
      25.060581342119765,
      25.5726732744796,
      26.579163575207637,
      25.50477627355855
    ],
    "test_loss": [
      0.34773584455251694,
      0.3546268343925476,
      0.3082958161830902,
      0.3147035986185074,
      0.30301549285650253,
      0.32324377447366714,
      0.32102788239717484,
      0.3273499831557274,
      0.33079764246940613,
      0.3225442171096802,
      0.43851451575756073,
      0.3230222165584564,
      0.318781740963459,
      0.30454597622156143,
      0.3309631645679474,
      0.3017154261469841,
      0.2891816943883896,
      0.2954110875725746,
      0.29592154175043106,
      0.29332826286554337,
      0.3188624083995819,
      0.2646516263484955,
      0.3250243552029133,
      0.2784268893301487,
      0.3310448005795479,
      0.34930645674467087,
      0.30244408175349236,
      0.25747499242424965,
      0.323155052959919,
      0.39935680478811264,
      0.2478717938065529,
      0.32177598774433136,
      0.31111670285463333,
      0.2595481090247631,
      0.2542866989970207,
      0.2885715812444687,
      0.25984224677085876,
      0.28667139261960983,
      0.2727586030960083,
      0.3020031601190567
    ],
    "test_acc": [
      25.535320477428655,
      22.90497047672428,
      26.41071404357446,
      27.462008468113343,
      27.16953163319719,
      27.415758912455278,
      27.088227799639796,
      26.111534824197587,
      24.950670911017614,
      25.98364822984929,
      19.93704090917358,
      25.565929059684965,
      25.268264351866588,
      28.114112688634943,
      24.883385262942657,
      28.46744885570559,
      30.429416944220367,
      27.132636552526847,
      29.14677386006941,
      29.726075766781396,
      29.421795317013366,
      30.82893748831612,
      29.139696680426383,
      29.9217489418265,
      26.136636165628005,
      28.86062752994235,
      28.25567662308068,
      31.925273927902765,
      28.453233511612105,
      23.437949025083782,
      32.91004182775722,
      25.13136431575525,
      27.397376038182234,
      30.784780054328706,
      31.791458130356176,
      28.042753730562747,
      31.840487388842433,
      30.3911644149225,
      31.14367938628614,
      28.055001574957856
    ]
  }
}