{
  "config": {
    "seed": 42,
    "bs_train": 16,
    "bs_test": 4,
    "batches": 100,
    "epochs": 40,
    "early_stopping": 10,
    "checkpoints": null,
    "lr": 0.0005,
    "print_every": 100,
    "h_dim": 256,
    "z_dim": 10,
    "betas": [
      0.1,
      0.1
    ],
    "kw": {},
    "RTplot": false,
    "out_dir": "./results/Res5/",
    "run_name": "MEGA_RUNh_256z_10lr_0.0005",
    "x_sigma2": 0.9
  },
  "results": {
    "num_epochs": 0,
    "train_loss": [
      0.9708495835463206,
      0.3339814196030299,
      0.33795107702414195,
      0.332715850075086,
      0.3253380338350932,
      0.32996141612529756,
      0.31967037320137026,
      0.32025379637877144,
      0.32461433907349907,
      0.3149681900938352,
      0.3170312325159709,
      0.3125951608022054,
      0.3110757788022359,
      0.3140654673178991,
      0.31317754586537677,
      0.30957967589298885,
      0.3118580241998037,
      0.3100784718990326,
      0.3038899679978689,
      0.29886936048666635,
      0.2999201888839404,
      0.29043549100557964,
      0.2871514851848284,
      0.2787370522816976,
      0.27907397747039797,
      0.2734088033437729,
      0.27833077907562254,
      0.2817484691739082,
      0.26800294121106466,
      0.28362753093242643,
      0.27116501828034717,
      0.27117488731940587,
      0.270848885178566,
      0.2589961146314939,
      0.2632652645309766,
      0.25965682913859683,
      0.2603997488816579,
      0.2589608937501907,
      0.263166972498099,
      0.25545040567715965
    ],
    "train_acc": [
      19.14617583514818,
      21.637158116141336,
      22.01759428485794,
      22.360189716222564,
      22.547042566167935,
      22.264338124858835,
      22.943627666062245,
      22.94170691190083,
      22.627960016556877,
      23.051142430546403,
      23.432941784886086,
      23.787852083298592,
      23.393704364627496,
      23.47882559995983,
      23.12036846314679,
      23.718776231432564,
      23.21027762711014,
      23.532057096825067,
      23.765684149109003,
      24.369207851894984,
      24.631805546589494,
      25.067398720623206,
      25.182592066138415,
      26.110394082640198,
      25.980617703762608,
      26.17663770339373,
      25.748680397554526,
      25.410630555937026,
      26.5613602141827,
      25.454313506641583,
      25.971005638867982,
      26.41023104050117,
      26.345613297156827,
      26.816474828516807,
      26.811849051979582,
      26.998655503439668,
      26.92818558231064,
      26.871017574375475,
      26.943342447321953,
      27.461492389743594
    ],
    "test_loss": [
      0.33165093511343,
      0.3479643911123276,
      0.3683880344033241,
      0.2880576178431511,
      0.3254491463303566,
      0.3299798220396042,
      0.34170544892549515,
      0.30990875512361526,
      0.2897324189543724,
      0.2811148539185524,
      0.2884491868317127,
      0.3010352626442909,
      0.3037039265036583,
      0.3176913410425186,
      0.3113572672009468,
      0.33371496945619583,
      0.29782674461603165,
      0.3053306117653847,
      0.2925642654299736,
      0.315217025578022,
      0.33893371373414993,
      0.28434622287750244,
      0.2764543518424034,
      0.323888324201107,
      0.294712632894516,
      0.32698047161102295,
      0.32221414893865585,
      0.2979733645915985,
      0.2778216786682606,
      0.2717955857515335,
      0.2643589451909065,
      0.3348064720630646,
      0.25895703956484795,
      0.2791788876056671,
      0.2807006239891052,
      0.2674451619386673,
      0.2541711591184139,
      0.2556900978088379,
      0.2852252684533596,
      0.24822849035263062
    ],
    "test_acc": [
      24.465136955892554,
      26.800353434016824,
      24.416334025833354,
      28.61630266314902,
      27.52045027646513,
      26.926121112912494,
      26.669680045330104,
      27.875741250235723,
      28.892173062706576,
      30.22823811519395,
      29.723084406060796,
      29.25476999378942,
      28.61126455948733,
      26.88670696057311,
      26.89349019060164,
      27.120489071415264,
      29.82836992950958,
      29.202061656106462,
      27.781941958773583,
      26.992607682599946,
      24.79672406593524,
      30.298681092174927,
      31.812540082803658,
      26.013497453281364,
      27.7140334072785,
      24.826838174757466,
      25.524426483070183,
      28.499910504934387,
      29.407819187994104,
      30.337916103457005,
      31.83533874751416,
      26.541899287872372,
      31.307024095876514,
      30.33650971540081,
      29.663103784472053,
      29.844410484100433,
      32.04808100016172,
      31.968859247086023,
      29.088770343156092,
      32.73902337929339
    ]
  }
}