{
  "config": {
    "seed": 42,
    "bs_train": 16,
    "bs_test": 4,
    "batches": 100,
    "epochs": 40,
    "early_stopping": 10,
    "checkpoints": null,
    "lr": 0.01,
    "print_every": 100,
    "h_dim": 128,
    "z_dim": 10,
    "betas": [
      0.1,
      0.1
    ],
    "kw": {},
    "RTplot": false,
    "out_dir": "./results/Res5/",
    "run_name": "MEGA_RUNh_128z_10lr_0.01",
    "x_sigma2": 0.9
  },
  "results": {
    "num_epochs": 0,
    "train_loss": [
      2.0256707966327667,
      0.9755263686180115,
      0.7913832684357961,
      0.748973070581754,
      0.7117752730846405,
      0.7081418216228486,
      0.6922755042711893,
      0.6905638595422109,
      0.6876540978749593,
      0.6909166524807612,
      0.6797017157077789,
      0.6796695480744044,
      0.6756452679634094,
      0.6748602588971456,
      0.6708267807960511,
      0.6696161925792694,
      0.6670220871766408,
      0.6658438225587209,
      0.6641759097576141,
      0.6620034833749135,
      0.6598324418067932,
      0.6589229285717011,
      0.659825615088145,
      0.6592596193154653,
      0.6564233193794886,
      0.6555155078570049,
      0.6530140399932861,
      0.6547715127468109,
      0.6523416717847188,
      0.6517189671595891,
      0.6520707706610361,
      0.649694828192393,
      0.650210968653361,
      0.6494076212247213,
      0.6478604853153229,
      0.6462981323401134,
      0.6479306677977245,
      0.6484377324581146,
      0.6459109127521515,
      0.6461444000403086
    ],
    "train_acc": [
      10.354125854659921,
      10.212043158223246,
      10.106495318458188,
      10.203584902430022,
      10.14156447632453,
      10.148701145079027,
      10.169238761977855,
      10.147169825618073,
      10.145293307896852,
      10.206685359961782,
      10.192669302338729,
      10.19965379925175,
      10.120639961434222,
      10.132801298171012,
      10.135013715036038,
      10.132736239200696,
      10.144036015279541,
      10.119238626818873,
      10.143370694306917,
      10.184302672651487,
      10.13533949858691,
      10.109196909725673,
      10.268881197059686,
      10.148068713582006,
      10.124558078861948,
      10.113293521748684,
      10.173971458940114,
      10.079275018053396,
      10.099767807754752,
      10.23161038077969,
      10.157976907668145,
      10.140610998292814,
      10.102692710084451,
      10.112462578812378,
      10.129000360533722,
      10.226196229908387,
      10.181442464467727,
      10.183072725954304,
      10.155150445122649,
      10.100116596215289
    ],
    "test_loss": [
      0.911646381020546,
      0.8645521551370621,
      0.8196234405040741,
      0.6977842897176743,
      0.8420874625444412,
      0.8110473453998566,
      0.7777323573827744,
      0.7849069982767105,
      0.746843084692955,
      0.6816515773534775,
      0.7603363394737244,
      0.7633793205022812,
      0.7418700754642487,
      0.7558570504188538,
      0.7494031637907028,
      0.7566836029291153,
      0.7185696959495544,
      0.7769139856100082,
      0.7265610992908478,
      0.7283835560083389,
      0.7359812408685684,
      0.7386961430311203,
      0.7551671415567398,
      0.7214987576007843,
      0.7798593193292618,
      0.7473649978637695,
      0.7857803702354431,
      0.7135507315397263,
      0.7439283430576324,
      0.7210140228271484,
      0.7170641720294952,
      0.7154409885406494,
      0.717851534485817,
      0.745541051030159,
      0.7117319107055664,
      0.7335130572319031,
      0.6999113261699677,
      0.7194597125053406,
      0.7205550670623779,
      0.7272700667381287
    ],
    "test_acc": [
      10.378970065997589,
      10.717145002795279,
      10.515214041896312,
      11.244327766168302,
      10.293230954449317,
      10.581848730473576,
      11.042084717976683,
      10.5779945171292,
      10.966734320548081,
      11.868766797471574,
      11.125044720625638,
      10.759328626973021,
      11.031031243903183,
      10.706593916884037,
      10.959246086352792,
      10.576126917233234,
      11.347465890104518,
      10.37802636119279,
      10.898565193679403,
      10.924618551689742,
      10.931961492457658,
      10.638976975420084,
      10.579288281784036,
      11.067818471304077,
      10.471836353895895,
      10.54010799098755,
      10.312541280405176,
      11.05945184988713,
      10.62531222896768,
      10.823843888949106,
      10.896021762472234,
      11.020969701805722,
      10.937384256922183,
      10.724635182572936,
      10.984046223660737,
      10.643586078815613,
      10.893168123093181,
      10.707584498394802,
      10.818193481393202,
      10.755142766739468
    ]
  }
}