{
  "config": {
    "seed": 42,
    "bs_train": 16,
    "bs_test": 4,
    "batches": 100,
    "epochs": 40,
    "early_stopping": 10,
    "checkpoints": null,
    "lr": 0.0005,
    "print_every": 100,
    "h_dim": 512,
    "z_dim": 5,
    "betas": [
      0.1,
      0.1
    ],
    "kw": {},
    "RTplot": false,
    "out_dir": "./results/Res5/",
    "run_name": "MEGA_RUNh_512z_5lr_0.0005",
    "x_sigma2": 0.9
  },
  "results": {
    "num_epochs": 0,
    "train_loss": [
      0.6754039247830709,
      0.33859053353468577,
      0.3261527846256892,
      0.3282276004552841,
      0.3221733997265498,
      0.32321060051520667,
      0.3174975574016571,
      0.32240778505802153,
      0.31762188573678335,
      0.3243594288825989,
      0.3171107987562815,
      0.3193357974290848,
      0.3083503782749176,
      0.3080493946870168,
      0.3117220506072044,
      0.3046429584423701,
      0.302610337237517,
      0.30107383529345194,
      0.30392854859431584,
      0.2989082415898641,
      0.3054956232508024,
      0.2926045204202334,
      0.2919286161661148,
      0.2878842463095983,
      0.2864713360865911,
      0.2802233378092448,
      0.2832763304313024,
      0.27805764228105545,
      0.27308293332656225,
      0.2827218363682429,
      0.2751948376496633,
      0.2733467275897662,
      0.27197178850571313,
      0.2738738546768824,
      0.27017435332139333,
      0.2721284255385399,
      0.26843045502901075,
      0.26250642438729604,
      0.2707331866025925,
      0.27742757499217985
    ],
    "train_acc": [
      18.62334299303783,
      20.99564581231479,
      21.68175189258566,
      21.61691656760152,
      22.005658825264884,
      22.273219296323802,
      22.5496497937538,
      21.974210481765567,
      22.47882416201767,
      22.46165573997027,
      22.847345160235065,
      22.582026493247994,
      23.56758380502496,
      23.42266881748551,
      23.01569275573959,
      23.629410189628672,
      24.209683072523354,
      24.366119838664954,
      24.11448982998509,
      24.07344816603894,
      23.935059211269156,
      24.6643834209985,
      24.615570403446835,
      24.892254936460166,
      25.15932425161409,
      25.693465603040806,
      25.08362716454684,
      25.773999202356237,
      25.887827528683413,
      25.221890820346488,
      25.917402849177957,
      26.2518282790762,
      26.132028267356315,
      25.690253199092695,
      26.273758874576266,
      26.226331102932633,
      26.302401223925052,
      26.637488936195524,
      25.952173341845054,
      26.334781498679405
    ],
    "test_loss": [
      0.34203827381134033,
      0.4189813658595085,
      0.431330643594265,
      0.33867305517196655,
      0.3394601345062256,
      0.2931208536028862,
      0.411068320274353,
      0.3161242678761482,
      0.36159053444862366,
      0.3296380713582039,
      0.30938997119665146,
      0.2998095527291298,
      0.2769090086221695,
      0.5043549537658691,
      0.3033986985683441,
      0.3084929287433624,
      0.273562740534544,
      0.4025316685438156,
      0.35308004170656204,
      0.36351387947797775,
      0.27053314074873924,
      0.2646465450525284,
      0.2841728515923023,
      0.28190723061561584,
      0.26935768499970436,
      0.30138832330703735,
      0.3577105328440666,
      0.26562880724668503,
      0.2627306468784809,
      0.2359078787267208,
      0.28378497809171677,
      0.2871931977570057,
      0.2743726819753647,
      0.27720559760928154,
      0.31425661593675613,
      0.24839835986495018,
      0.2442280277609825,
      0.29056525975465775,
      0.27422112971544266,
      0.29051053524017334
    ],
    "test_acc": [
      25.600302558316343,
      19.471851482716602,
      19.312217909485454,
      23.855041889769417,
      25.285979101287115,
      27.228257769120958,
      20.279188300043796,
      26.260380411324707,
      22.45689482991931,
      27.745895613908157,
      28.3144845351068,
      27.33746830610601,
      29.20308083647737,
      16.654450741965395,
      30.508466691708925,
      27.23398390153432,
      29.774291101717242,
      22.555610539858186,
      24.519073891712996,
      22.68029347593467,
      31.053480060798947,
      31.301826316071622,
      29.9233799852045,
      28.269618377510138,
      31.017125757630563,
      30.139983067077665,
      22.480603432102313,
      31.559150071889466,
      30.945196356321745,
      34.03825176829472,
      29.739889371996224,
      28.64745496002211,
      29.19169767221692,
      30.089692659682367,
      30.02335050845862,
      31.94347932839219,
      32.96106871139208,
      27.399909301478328,
      31.957347756079997,
      28.725614366879512
    ]
  }
}