{
  "config": {
    "seed": 42,
    "bs_train": 16,
    "bs_test": 4,
    "batches": 100,
    "epochs": 40,
    "early_stopping": 10,
    "checkpoints": null,
    "lr": 0.0005,
    "print_every": 100,
    "h_dim": 128,
    "z_dim": 10,
    "betas": [
      0.1,
      0.1
    ],
    "kw": {},
    "RTplot": false,
    "out_dir": "./results/Res5/",
    "run_name": "MEGA_RUNh_128z_10lr_0.0005",
    "x_sigma2": 0.9
  },
  "results": {
    "num_epochs": 0,
    "train_loss": [
      0.6355241457621257,
      0.3345613037546476,
      0.3202136655648549,
      0.3173073614637057,
      0.31980528831481936,
      0.3190076063076655,
      0.3219856212536494,
      0.3129019478956858,
      0.31217982769012453,
      0.3209580659866333,
      0.30982564042011895,
      0.3067170446117719,
      0.30713324894507726,
      0.30502401341994606,
      0.3020311564207077,
      0.30116297950347265,
      0.29947021504243215,
      0.2958943838874499,
      0.28557832290728885,
      0.28296054899692535,
      0.27636321634054184,
      0.28402098814646404,
      0.27349277834097546,
      0.266949371000131,
      0.27478531897068026,
      0.2651171992222468,
      0.2618517105778058,
      0.2684708128372828,
      0.265233613550663,
      0.25932253499825797,
      0.26963293155034385,
      0.25889638712008795,
      0.26472662935654323,
      0.26042103618383405,
      0.2605760668714841,
      0.25452293356259664,
      0.26293424715598424,
      0.2516830742359161,
      0.2548738270998001,
      0.2565289502342542
    ],
    "train_acc": [
      18.737707493774817,
      20.93178558418895,
      21.678488198382844,
      22.30182424136928,
      22.565822129611917,
      22.56163188120957,
      22.36566269833389,
      22.77201323296812,
      22.933235684775852,
      22.567803116837016,
      23.16261634717108,
      23.54319505189492,
      23.606455521181484,
      23.637312847881876,
      23.887877390062837,
      24.03667623936175,
      24.02433107536311,
      24.11795459244231,
      24.926341557433638,
      25.374103788161168,
      25.562974213637958,
      25.19956193622478,
      25.944364232064707,
      26.439469677165594,
      25.774741513966934,
      26.51458123132911,
      26.746689991029935,
      25.91975162871553,
      26.18531092141699,
      26.975497078309793,
      25.753140405969773,
      26.680447500302286,
      26.45155312150542,
      26.534282387997315,
      26.40749838283546,
      27.05266972428189,
      26.691635944450443,
      27.38305763759136,
      26.781299738183183,
      26.75728387121215
    ],
    "test_loss": [
      0.31908804923295975,
      0.32067054510116577,
      0.3086017332971096,
      0.2855468839406967,
      0.3286444917321205,
      0.31267249584198,
      0.31858785450458527,
      0.26729704439640045,
      0.36423053592443466,
      0.2886790260672569,
      0.2856902629137039,
      0.3154742121696472,
      0.32220325618982315,
      0.2832006551325321,
      0.3395238146185875,
      0.3381704092025757,
      0.3604288324713707,
      0.28908422589302063,
      0.31785108149051666,
      0.3123231530189514,
      0.2605458237230778,
      0.29085132852196693,
      0.26658738404512405,
      0.2568781152367592,
      0.2504400610923767,
      0.25213052332401276,
      0.26573455333709717,
      0.25408346205949783,
      0.25273537263274193,
      0.2462366782128811,
      0.25413980707526207,
      0.2624049112200737,
      0.2625293433666229,
      0.25087132677435875,
      0.2501838132739067,
      0.29858801513910294,
      0.25621261447668076,
      0.2416570708155632,
      0.26674460247159004,
      0.2977176383137703
    ],
    "test_acc": [
      25.334027004873576,
      24.578240210199557,
      26.409370751596747,
      30.826588155711217,
      26.560316260380603,
      27.747002499151638,
      25.37366020082092,
      31.364905542880194,
      24.7540284227262,
      28.677851288848203,
      29.209490555748168,
      27.917470063495916,
      26.492114540462154,
      29.79513769606541,
      26.843701743365575,
      23.695319959531364,
      24.8843154980319,
      29.65827601877769,
      25.803245688337167,
      27.638792907492775,
      31.74298518160908,
      28.224773822531276,
      30.381813851314703,
      32.25384758339425,
      33.021270105280394,
      31.8569142710787,
      31.17176015179806,
      33.734270966146504,
      32.10406682216111,
      32.745847563338195,
      32.50250670996466,
      30.969563657956204,
      30.582225992154388,
      31.483860601211262,
      31.805213058116358,
      29.600710026411534,
      30.95030087007025,
      33.53624915464951,
      31.593260005646012,
      28.14053499358813
    ]
  }
}