{
  "config": {
    "seed": 42,
    "bs_train": 16,
    "bs_test": 4,
    "batches": 100,
    "epochs": 40,
    "early_stopping": 10,
    "checkpoints": null,
    "lr": 0.01,
    "print_every": 100,
    "h_dim": 256,
    "z_dim": 50,
    "betas": [
      0.1,
      0.1
    ],
    "kw": {},
    "RTplot": false,
    "out_dir": "./results/Res5/",
    "run_name": "MEGA_RUNh_256z_50lr_0.01",
    "x_sigma2": 0.9
  },
  "results": {
    "num_epochs": 0,
    "train_loss": [
      1.9407026131947835,
      1.0839925130208334,
      0.919418199857076,
      0.8168470720450084,
      0.7950346489747365,
      0.7640561759471893,
      0.742588472366333,
      0.7110033830006918,
      0.7034635255734126,
      0.692678588628769,
      0.6892204840977987,
      0.6871042946974436,
      0.6854467113812764,
      0.685618644952774,
      0.6811545809110006,
      0.6806837280591329,
      0.6736691296100616,
      0.6778599212567011,
      0.6738848308722178,
      0.6735883831977845,
      0.6704139928023021,
      0.6708533525466919,
      0.6716379563013712,
      0.668920244773229,
      0.6687498013178508,
      0.6689818898836771,
      0.6678372770547867,
      0.6635888199011485,
      0.6655519545078278,
      0.6634411752223969,
      0.6623652855555217,
      0.6629315117994944,
      0.6621267974376679,
      0.6603199124336243,
      0.6602988501389822,
      0.6579008638858795,
      0.660084197918574,
      0.6572425127029419,
      0.6563806156317393,
      0.6559924602508544
    ],
    "train_acc": [
      10.34696920921966,
      10.175389139868669,
      10.196513645196765,
      10.12595600415295,
      10.162286696558873,
      10.092429499997344,
      10.127090149372659,
      10.144393516973164,
      10.157148490725213,
      10.061608118728852,
      10.184123433097495,
      10.179331093166711,
      10.146278378970084,
      10.125262696137403,
      10.160558931956473,
      10.12326538475723,
      10.12192391633596,
      10.163686930520377,
      10.175104371205002,
      10.102901112630436,
      10.139273612386056,
      10.125322718684759,
      10.130709811143408,
      10.156784568873906,
      10.195246292978645,
      10.102298712552832,
      10.140707961027973,
      10.14715375922105,
      10.120406569223883,
      10.177938018862307,
      10.095743826301044,
      10.086669193874304,
      10.150998264875874,
      10.136763194112604,
      10.09102195119187,
      10.104585590007295,
      10.103706715037326,
      10.149710271734547,
      10.137162661139978,
      10.113850339597457
    ],
    "test_loss": [
      0.905949130654335,
      1.0523575842380524,
      0.8555919229984283,
      0.7969426959753036,
      0.7425452321767807,
      0.8609097898006439,
      0.7772803902626038,
      0.7696021646261215,
      0.7617968916893005,
      0.7738543152809143,
      0.9428174793720245,
      0.7452378123998642,
      0.7628298848867416,
      0.807600200176239,
      0.7382009774446487,
      0.746585413813591,
      0.7721327245235443,
      0.761537492275238,
      0.7143194228410721,
      0.7440094947814941,
      0.7576081603765488,
      0.7643575519323349,
      0.758383497595787,
      0.7398953884840012,
      0.7556702196598053,
      0.7230561971664429,
      0.7378043830394745,
      0.7630317807197571,
      0.7681184858083725,
      0.7853593081235886,
      0.7780769765377045,
      0.775623619556427,
      0.7496778517961502,
      0.7422701120376587,
      0.7280184179544449,
      0.7566862106323242,
      0.7328977286815643,
      0.7285984754562378,
      0.7629335522651672,
      0.7314817756414413
    ],
    "test_acc": [
      10.804970309652361,
      11.356078917809,
      10.34210934740838,
      11.116168492376856,
      10.547434258409266,
      10.917193774335868,
      10.490749932784192,
      10.537452663112328,
      10.987796841679577,
      10.334739565565494,
      10.622040368739361,
      10.877617022531387,
      10.557165942480152,
      10.31094562810348,
      11.486179288306248,
      10.929280249624812,
      10.566039844560143,
      10.667208745132653,
      11.417283785871458,
      11.063882986347963,
      10.74307629309502,
      10.545120662834051,
      10.572913369906951,
      11.04851153436693,
      10.598761200705493,
      11.178702771007414,
      10.80277103129313,
      10.562539246228436,
      10.48437634308548,
      10.600892197359991,
      10.344153428164,
      10.38090463088648,
      10.707936952933384,
      10.684383055275685,
      10.793304549285073,
      10.562499866908041,
      10.769597978640999,
      10.846951233329268,
      10.534392942447294,
      10.78520850105094
    ]
  }
}