{
  "config": {
    "seed": 42,
    "bs_train": 8,
    "bs_test": 2,
    "batches": 100,
    "epochs": 100,
    "early_stopping": 10,
    "checkpoints": null,
    "lr": 0.0005,
    "print_every": 100,
    "h_dim": 256,
    "z_dim": 128,
    "betas": [
      0.5,
      0.5
    ],
    "kw": {},
    "RTplot": false,
    "out_dir": "./results/Res5/",
    "run_name": "MEGA_RUNSmall_sigma",
    "x_sigma2": 0.5
  },
  "results": {
    "num_epochs": 0,
    "train_loss": [
      1.7138609011967978,
      1.0167478253444036,
      0.7316884259382884,
      0.6117415308952332,
      0.552854098379612,
      0.5183792223532995,
      0.486399761835734,
      0.4762014582753181,
      0.4541262785593669,
      0.44020602852106094,
      0.4361156384150187,
      0.43020053605238595,
      0.41758466710646946,
      0.41204928904771804,
      0.3983644187450409,
      0.39641083826621376,
      0.39865677505731584,
      0.3913115307688713,
      0.3831765433152517,
      0.3800531004865964,
      0.3677858720223109,
      0.3625795399149259,
      0.3644056960940361,
      0.36166335741678873,
      0.3531374370058378,
      0.35245602081219357,
      0.34889202266931535,
      0.3445282503962517,
      0.3411253809928894,
      0.336917411784331,
      0.34105556408564247,
      0.32962048550446826,
      0.32732632011175156,
      0.32398418585459393,
      0.3305353507399559,
      0.322451909383138,
      0.3196095831692219,
      0.3160316988825798,
      0.3162199062605699,
      0.31827989766995113,
      0.310104342798392,
      0.3068133721748988,
      0.2991842073698839,
      0.3019394012788931,
      0.3001585515836875,
      0.29839156568050385,
      0.29444088687499365,
      0.29235519990324976,
      0.28922617907325426,
      0.2889526749650637,
      0.2815367877483368,
      0.28025503853956857,
      0.2862318649888039,
      0.2838625855743885,
      0.2854981263478597,
      0.28059377322594325,
      0.2802184758086999,
      0.2751945286989212,
      0.27698959335684775,
      0.2710342782239119,
      0.2711016456286112,
      0.2665165829161803,
      0.2694619454443455,
      0.2676984667778015,
      0.2643140236536662,
      0.2592097905774911,
      0.2620112217962742,
      0.26113263542453446,
      0.26262494598825775,
      0.25899543886383375,
      0.2534601780275504,
      0.2551835663616657,
      0.2561176441609859,
      0.2571062405904134,
      0.249720761179924,
      0.25094302495320636,
      0.250826566418012,
      0.24849005589882533,
      0.24809781288107235,
      0.24654339204231898,
      0.24608029002944629,
      0.25150591433048247,
      0.2445631148914496,
      0.24803564921021462,
      0.24155554895599682,
      0.2411122346917788,
      0.24314743479092915,
      0.24196168407797813,
      0.23900036662817,
      0.23913892209529877,
      0.24037579496701558,
      0.24166318674882253,
      0.2403953564663728,
      0.23566177512208622,
      0.23644903749227525,
      0.23475981478889782,
      0.2373877579967181,
      0.23340681319435438,
      0.2387070116897424,
      0.23858824446797372
    ],
    "train_acc": [
      26.957391329027594,
      28.867320813087453,
      30.955174321946362,
      32.771362441410496,
      33.64080178315233,
      33.765685014052146,
      35.10735105120573,
      35.169166821283326,
      36.23548015299419,
      36.95471355528817,
      37.236022456990355,
      37.080951886816166,
      38.19702653406189,
      38.45214951277334,
      40.13166184443492,
      39.80431255965593,
      39.57574409757671,
      40.16555624175959,
      40.9816995557682,
      41.42939728677948,
      42.11810236793746,
      42.785725209900825,
      42.69789943921832,
      42.66513710234219,
      43.62221065467137,
      43.724447709856875,
      44.092790883279044,
      44.54102921846724,
      44.50464879725402,
      45.56217489045868,
      44.20921714581048,
      45.98322927096977,
      45.93066769680783,
      46.29177173531263,
      45.48276084487421,
      46.321571339555554,
      46.60282714756989,
      46.85918450380421,
      46.917904546844305,
      46.63896980466576,
      47.48241990478061,
      47.891562893328924,
      49.14519499233968,
      48.41695954918306,
      48.47892770864873,
      48.53861905091419,
      49.37367812606466,
      49.4269207842151,
      49.71627275657667,
      49.6358315565874,
      51.06142014381291,
      51.057885517360916,
      49.75701887301334,
      50.26805461349257,
      49.833783879611175,
      50.257365284853066,
      50.33122260490151,
      51.464155125041266,
      50.59601353566698,
      51.3791266427648,
      51.3055410463955,
      52.58393270499658,
      51.72873756412878,
      52.19919945049821,
      52.583797602265186,
      53.72427557437784,
      52.79302264032387,
      52.78702539144353,
      52.583804843217195,
      52.979466546231635,
      54.53079836982879,
      53.78083408739151,
      53.6340125435169,
      53.34591485449491,
      54.68569939371059,
      54.850685116815576,
      54.50482748808879,
      54.662509560185526,
      55.00938915225613,
      55.14303453993956,
      55.15555983123615,
      53.8741807414666,
      55.724430841536964,
      54.78519012664557,
      56.019617325454554,
      56.252448711892626,
      55.92298211241239,
      55.916944436359756,
      56.527437844982366,
      56.84415999236126,
      56.46244429014334,
      56.11913939949266,
      56.066377638960006,
      57.42894098917591,
      57.29852511313778,
      57.62604964441397,
      56.919635530954295,
      57.785573259857486,
      56.71928409742021,
      56.50745978361481
    ],