{
  "config": {
    "seed": 42,
    "bs_train": 16,
    "bs_test": 4,
    "batches": 100,
    "epochs": 40,
    "early_stopping": 10,
    "checkpoints": null,
    "lr": 0.01,
    "print_every": 100,
    "h_dim": 256,
    "z_dim": 20,
    "betas": [
      0.1,
      0.1
    ],
    "kw": {},
    "RTplot": false,
    "out_dir": "./results/Res5/",
    "run_name": "MEGA_RUNh_256z_20lr_0.01",
    "x_sigma2": 0.9
  },
  "results": {
    "num_epochs": 0,
    "train_loss": [
      1.9945994118849437,
      1.1185506443182627,
      0.9581856826941172,
      0.8301733136177063,
      0.8087372640768687,
      0.7941385209560394,
      0.7773873448371887,
      0.7682001868883769,
      0.7493476092815399,
      0.740007774035136,
      0.7335172216097514,
      0.7265773594379425,
      0.7152834534645081,
      0.7043529937664668,
      0.7020443896452586,
      0.6958054145177205,
      0.6899455348650615,
      0.6909938712914785,
      0.6854814847310384,
      0.6819545507431031,
      0.677825536330541,
      0.6756744086742401,
      0.6742123564084371,
      0.6745480597019196,
      0.668337540825208,
      0.6669627467791239,
      0.6651636719703674,
      0.6635326902071635,
      0.6609156469504038,
      0.6601410528024038,
      0.6581208149592082,
      0.6573885311683019,
      0.6526530265808106,
      0.6541118800640107,
      0.6495757867892583,
      0.6478476385275523,
      0.6455013414223989,
      0.6436601201693217,
      0.6405631323655446,
      0.6377719144026438
    ],
    "train_acc": [
      10.23095260552063,
      10.1887489206485,
      10.165056886577613,
      10.145704672926307,
      10.174206188382337,
      10.12293242006702,
      10.157264755600623,
      10.131044385297631,
      10.072278328097806,
      10.14729932727065,
      10.186948654174193,
      10.115993784293014,
      10.111476698275403,
      10.182440145808469,
      10.154554741351696,
      10.240298165608754,
      10.130572895198602,
      10.183268935186652,
      10.175791405492719,
      10.104485540979873,
      10.179212653027124,
      10.13866843057466,
      10.118640626486627,
      10.15914121361464,
      10.220940993039198,
      10.099025107070723,
      10.163724881068413,
      10.092137854688097,
      10.17221204354528,
      10.148155812874379,
      10.114522558652832,
      10.147161999681604,
      10.15356153717872,
      10.09068680637268,
      10.155397931189501,
      10.165609294623499,
      10.120467279325178,
      10.10322209695748,
      10.09169577659104,
      10.106896908099825
    ],
    "test_loss": [
      1.8049854338169098,
      0.984447106719017,
      0.9037178605794907,
      0.9548195153474808,
      0.883351594209671,
      0.922849640250206,
      0.8720182180404663,
      0.8840595334768295,
      0.8332337141036987,
      0.8242289274930954,
      0.8424045294523239,
      0.8259655386209488,
      0.8316875696182251,
      0.8096763491630554,
      0.7652104049921036,
      0.7883802652359009,
      0.7369454205036163,
      0.727143257856369,
      0.7436642944812775,
      0.794424369931221,
      0.7390263974666595,
      0.774560809135437,
      0.7146643847227097,
      0.7713958621025085,
      0.8040937036275864,
      0.7553113400936127,
      0.7301365435123444,
      0.7575006186962128,
      0.6988891959190369,
      0.7243764847517014,
      0.7501410245895386,
      0.7342015504837036,
      0.7478358447551727,
      0.7398140877485275,
      0.7034447342157364,
      0.7298356294631958,
      0.7052291631698608,
      0.7267360687255859,
      0.7150936722755432,
      0.7230611741542816
    ],
    "test_acc": [
      10.588245833408035,
      11.337868448504214,
      10.830126135458613,
      10.574202801574323,
      10.699986570770108,
      10.685898004759434,
      11.028826185757524,
      10.53021730267206,
      11.480191702024227,
      10.527283112055484,
      10.38045682256646,
      10.600660828878096,
      10.380806083831729,
      10.454453544039424,
      11.111128746866745,
      10.596517243836399,
      11.30274699153817,
      11.346233770564513,
      11.029777854097388,
      10.366410638534997,
      11.11930308501432,
      10.608053532569853,
      11.85989618285405,
      10.491369251595401,
      10.33641397321941,
      10.507647417500475,
      11.063618355552295,
      10.609513599930601,
      11.586581405025717,
      11.058706451109089,
      10.506712218916217,
      10.826878753841328,
      10.58119316957778,
      10.602370761627013,
      11.414042236637608,
      10.685872372964777,
      11.135726334761602,
      10.707953854085337,
      10.8420765038664,
      10.603924407775246
    ]
  }
}