{
  "config": {
    "seed": 42,
    "bs_train": 16,
    "bs_test": 4,
    "batches": 100,
    "epochs": 40,
    "early_stopping": 10,
    "checkpoints": null,
    "lr": 0.01,
    "print_every": 100,
    "h_dim": 128,
    "z_dim": 5,
    "betas": [
      0.1,
      0.1
    ],
    "kw": {},
    "RTplot": false,
    "out_dir": "./results/Res5/",
    "run_name": "MEGA_RUNh_128z_5lr_0.01",
    "x_sigma2": 0.9
  },
  "results": {
    "num_epochs": 0,
    "train_loss": [
      2.0694224576155347,
      1.0824542542298634,
      0.8775840063889822,
      0.7968301633993785,
      0.7637365678946177,
      0.7655704180399577,
      0.7447581946849823,
      0.715782121817271,
      0.723798644542694,
      0.6966291924317678,
      0.6856679697831471,
      0.6762060264746348,
      0.670451448361079,
      0.6588520665963491,
      0.6550840218861897,
      0.6506013482809067,
      0.5538509478171666,
      0.37028425534566245,
      0.39021234114964803,
      0.33456835746765134,
      0.32451985677083334,
      0.31798207610845564,
      0.3102562705675761,
      0.31120400031407675,
      0.3091857632001241,
      0.3089765220880508,
      0.309843768676122,
      0.30735393017530444,
      0.31033359964688617,
      0.3082856411735217,
      0.30888024618228277,
      0.30799911816914877,
      0.30976810057957965,
      0.31101947526137036,
      0.30776698092619575,
      0.30776068766911824,
      0.30673424949248634,
      0.30498483727375664,
      0.30682545006275175,
      0.30652058124542236
    ],
    "train_acc": [
      9.808434876271892,
      10.072461923928337,
      10.098358200510281,
      10.120703473376846,
      10.143904631547896,
      10.127684401736333,
      10.14295723355489,
      10.147562702920053,
      10.190022578441905,
      10.1174109280277,
      10.175307371690026,
      10.180390646521634,
      10.145090699155439,
      10.116157078553536,
      10.118473262989866,
      10.180103695715824,
      12.418042250235697,
      18.0830022455562,
      18.02931336465151,
      19.924212135858273,
      20.11814467290989,
      20.29312490809514,
      20.548026294554333,
      20.502961246798865,
      20.623610593975375,
      20.66149581438402,
      20.529385856610336,
      20.71329717757692,
      20.566551324403505,
      20.762779791228642,
      20.644025088921442,
      20.76898340226076,
      20.667274622677827,
      20.511184807271526,
      20.713120414658086,
      20.69906761748556,
      20.780055310513674,
      20.906637836760517,
      20.765072897002135,
      20.755477654210484
    ],
    "test_loss": [
      1.0267780274152756,
      0.7749455720186234,
      0.7696295380592346,
      0.8735615611076355,
      0.7132497429847717,
      0.848890945315361,
      0.7358167469501495,
      0.7503581345081329,
      0.7130814641714096,
      0.7613307684659958,
      0.7537904381752014,
      0.758401170372963,
      0.6969424337148666,
      0.741784542798996,
      0.7566272169351578,
      0.7172605246305466,
      0.4753352478146553,
      0.32525094598531723,
      0.3991967961192131,
      0.31529031693935394,
      0.37701427936553955,
      0.30564510077238083,
      0.2906019054353237,
      0.3114471361041069,
      0.3078145980834961,
      0.28889695182442665,
      0.31074830144643784,
      0.29732052236795425,
      0.31249894201755524,
      0.32987599074840546,
      0.29982007294893265,
      0.29335399717092514,
      0.3096894398331642,
      0.29817260801792145,
      0.3096262663602829,
      0.29004406183958054,
      0.29599183797836304,
      0.3059598132967949,
      0.3038630932569504,
      0.2986984923481941
    ],
    "test_acc": [
      10.071726779869435,
      10.656022845583523,
      10.712159535981304,
      10.88436657955132,
      11.443710115498913,
      10.503777715176783,
      10.730456330673272,
      11.052906260206894,
      10.889400668375586,
      10.896654866512975,
      10.813148324623448,
      10.874875553300821,
      11.648384577236314,
      10.589297073765566,
      10.418515711819573,
      10.796750629391731,
      16.48976805056377,
      24.412007586589155,
      22.455405443233072,
      24.62111234356041,
      20.560460806630495,
      24.946759526970276,
      26.376869124714716,
      24.69773339195345,
      24.811019459381672,
      26.8974225608062,
      24.417962407282115,
      25.59823307202575,
      24.70955859348033,
      23.181482319537317,
      25.469805983881027,
      25.8780720686424,
      24.672082274837194,
      25.66072522862002,
      24.71379256496459,
      26.911666719159626,
      25.65718326147255,
      24.922622393823225,
      25.16459420515393,
      25.465563006980656
    ]
  }
}