{
  "config": {
    "seed": 42,
    "bs_train": 16,
    "bs_test": 4,
    "batches": 100,
    "epochs": 40,
    "early_stopping": 10,
    "checkpoints": null,
    "lr": 0.0005,
    "print_every": 100,
    "h_dim": 512,
    "z_dim": 10,
    "betas": [
      0.1,
      0.1
    ],
    "kw": {},
    "RTplot": false,
    "out_dir": "./results/Res5/",
    "run_name": "MEGA_RUNh_512z_10lr_0.0005",
    "x_sigma2": 0.9
  },
  "results": {
    "num_epochs": 0,
    "train_loss": [
      0.8506587545077006,
      0.3492639640967051,
      0.34141541868448255,
      0.33821728924910227,
      0.331897180279096,
      0.3267888059218725,
      0.3247605562210083,
      0.33234619051218034,
      0.3268214722474416,
      0.3207083831230799,
      0.3222945113976797,
      0.3357246647278468,
      0.3260355904698372,
      0.3211195349693298,
      0.31843988100687665,
      0.31399439175923666,
      0.3175362139940262,
      0.3151754250129064,
      0.3173348426818848,
      0.30806182473897936,
      0.30117491135994595,
      0.298843910296758,
      0.294847771525383,
      0.2964076285560926,
      0.29470691581567127,
      0.27781202842791874,
      0.28135231087605156,
      0.2781562884648641,
      0.2818543642759323,
      0.2838565627733866,
      0.27582602947950363,
      0.2738226130604744,
      0.27783407270908356,
      0.2742269898454348,
      0.270427239437898,
      0.27000149836142856,
      0.2655654196937879,
      0.26924670139948526,
      0.265648341178894,
      0.2707180480162303
    ],
    "train_acc": [
      18.27230055968153,
      20.854728141756308,
      21.483923339525578,
      21.3629808939236,
      21.391677369138606,
      22.112449641042918,
      22.000984127017045,
      21.811014856860233,
      22.257274398766885,
      22.782545617526118,
      22.637267520530067,
      22.052478529972344,
      22.800461360045098,
      22.67002188888772,
      22.99942439794046,
      22.931229114343253,
      22.44579245073021,
      22.906211573521638,
      23.13252190378114,
      24.430475858198548,
      24.24425663419101,
      24.622187866379672,
      24.999753680512203,
      24.907026578548216,
      24.98114528083605,
      25.936338441495167,
      25.75526918444668,
      25.895780908774633,
      25.78299268407078,
      25.836875571835378,
      25.929070958931398,
      26.14374222834345,
      25.871603771179345,
      25.888019556497873,
      26.474681266405188,
      26.022180845107513,
      26.916049719350237,
      26.43942102889806,
      26.7411075585246,
      26.47752283951093
    ],
    "test_loss": [
      0.3758447617292404,
      0.3471262976527214,
      0.3630244880914688,
      0.37950126826763153,
      0.31264180690050125,
      0.3279014527797699,
      0.34586016833782196,
      0.41825542598962784,
      0.32664475589990616,
      0.322147935628891,
      0.29475802928209305,
      0.3435019254684448,
      0.3218810185790062,
      0.31023910641670227,
      0.3054748475551605,
      0.3291066810488701,
      0.3177085816860199,
      0.2859365865588188,
      0.27846386283636093,
      0.33450280874967575,
      0.28162311762571335,
      0.3117452338337898,
      0.2917429953813553,
      0.3321845680475235,
      0.2817839905619621,
      0.2981996536254883,
      0.29095976427197456,
      0.43275178223848343,
      0.27927931398153305,
      0.2839956060051918,
      0.314369048923254,
      0.2703179568052292,
      0.305072296410799,
      0.26706528291106224,
      0.24119455739855766,
      0.265940148383379,
      0.28574708104133606,
      0.24093058332800865,
      0.3201916143298149,
      0.25643473491072655
    ],
    "test_acc": [
      21.79605450386614,
      25.052700719195215,
      23.532726295586308,
      22.60432371372094,
      29.007848078727548,
      26.18108843232879,
      26.617033966302294,
      20.05115346687436,
      25.795414458469253,
      27.078068661307906,
      27.923799257456885,
      24.25464338942558,
      28.00056564260141,
      26.78690364341212,
      28.872151114617473,
      26.140230481539113,
      26.426845415826914,
      28.310550516278315,
      30.117545212572367,
      26.730320102149463,
      30.23878201327638,
      27.8084805253854,
      28.103993561648196,
      27.388692527811646,
      30.082357591864803,
      29.820017725738204,
      28.29966076392851,
      21.062975641688894,
      28.74259936367183,
      29.040260463932672,
      28.200952697479842,
      30.80849403223674,
      26.86778844231344,
      30.670477469385382,
      34.48061942197905,
      32.261145368637486,
      31.432508952477534,
      33.28254349474501,
      25.824043742161553,
      31.42799211439878
    ]
  }
}