{
  "config": {
    "seed": 42,
    "bs_train": 16,
    "bs_test": 4,
    "batches": 100,
    "epochs": 40,
    "early_stopping": 10,
    "checkpoints": null,
    "lr": 0.0005,
    "print_every": 100,
    "h_dim": 256,
    "z_dim": 50,
    "betas": [
      0.1,
      0.1
    ],
    "kw": {},
    "RTplot": false,
    "out_dir": "./results/Res5/",
    "run_name": "MEGA_RUNh_256z_50lr_0.0005",
    "x_sigma2": 0.9
  },
  "results": {
    "num_epochs": 0,
    "train_loss": [
      0.9521907925605774,
      0.34992859363555906,
      0.33760976294676465,
      0.3265817145506541,
      0.3221777031819026,
      0.3191388020912806,
      0.31506568094094595,
      0.3119518498579661,
      0.31538541068633397,
      0.3109298477570216,
      0.3101531356573105,
      0.31402041713396706,
      0.30544103880723317,
      0.3050517539183299,
      0.30336358298858007,
      0.3042588313420614,
      0.30159711589415866,
      0.2996987923979759,
      0.3035797983407974,
      0.297831725080808,
      0.29903506984313327,
      0.28869819541772207,
      0.29596202274163563,
      0.28779851098855336,
      0.27493378072977065,
      0.2652579590678215,
      0.2640474607547124,
      0.26508346349000933,
      0.26323577513297397,
      0.27157312333583833,
      0.2644939929246902,
      0.2595014199614525,
      0.2601492802302043,
      0.2598223343491554,
      0.25024997293949125,
      0.25262388040622075,
      0.2580977474649747,
      0.2552066822846731,
      0.25723679264386495,
      0.251174550751845
    ],
    "train_acc": [
      18.943823490875634,
      21.383874210889903,
      22.26647634284201,
      22.998772545643316,
      22.887239896071023,
      23.084878274707577,
      23.284816087519584,
      23.599723687030078,
      23.255595716662725,
      23.68732622054623,
      23.851346470119637,
      23.473587823439377,
      24.211675798499922,
      24.18882291942476,
      23.993410533703777,
      24.106348862928,
      24.39207098121594,
      24.537862972851194,
      24.05094818230847,
      24.600894408683615,
      24.558865317989753,
      24.980330782334953,
      24.507228142980875,
      25.047098781961505,
      25.80129004922372,
      26.87820082338809,
      26.726165540989594,
      26.805387226820628,
      26.88671284723876,
      26.156216722843116,
      26.784241900005142,
      27.06920190403817,
      26.853370919272333,
      26.848699793382508,
      28.00359520168475,
      27.797302525526394,
      27.352857607935416,
      27.56902308542444,
      27.545959682500335,
      28.024800545700007
    ],
    "test_loss": [
      0.35787007957696915,
      0.3082001358270645,
      0.3674392029643059,
      0.29043714702129364,
      0.3092389702796936,
      0.3107910305261612,
      0.32911211997270584,
      0.33625882863998413,
      0.30685071647167206,
      0.3158481791615486,
      0.33865202963352203,
      0.29498980939388275,
      0.36233895272016525,
      0.31886016577482224,
      0.31721074879169464,
      0.30366871505975723,
      0.3277558386325836,
      0.3672182038426399,
      0.34276822209358215,
      0.29669129848480225,
      0.28704576194286346,
      0.34532131254673004,
      0.27120714262127876,
      0.25501495599746704,
      0.2770642638206482,
      0.286640428006649,
      0.3422341123223305,
      0.32094547152519226,
      0.271651316434145,
      0.3089463785290718,
      0.28811194375157356,
      0.2814953327178955,
      0.2864395044744015,
      0.27746883034706116,
      0.2736683562397957,
      0.2935757264494896,
      0.26816554740071297,
      0.24719498679041862,
      0.3064190149307251,
      0.2439556084573269
    ],
    "test_acc": [
      25.35948313780364,
      28.03466310721391,
      24.002637320774642,
      29.419702347475152,
      28.022178812593722,
      28.4046248457928,
      25.27667208670834,
      26.387316366805862,
      28.539669911327216,
      27.293391331728365,
      25.045302704397155,
      28.351369496222482,
      24.41418682214865,
      28.055666453017945,
      27.413855070995375,
      28.187087349216174,
      27.267308902760014,
      23.085317101788867,
      25.130386212977122,
      29.12426649404548,
      29.566598552398073,
      25.68773370809179,
      30.262088038058085,
      31.957999292529433,
      31.313375655206233,
      29.290617511484285,
      23.603575540713994,
      26.163363712966884,
      30.511718442774573,
      27.39595729980788,
      29.757840772675202,
      29.091121031024013,
      30.051416806643367,
      29.554714342025164,
      31.248230007443954,
      28.900382763428375,
      31.556892116864898,
      33.387805266149016,
      26.585077234215014,
      33.62781736465111
    ]
  }
}