{
  "config": {
    "seed": 42,
    "bs_train": 8,
    "bs_test": 2,
    "batches": 100,
    "epochs": 100,
    "early_stopping": 10,
    "checkpoints": null,
    "lr": 0.0005,
    "print_every": 100,
    "h_dim": 256,
    "z_dim": 128,
    "betas": [
      0.5,
      0.5
    ],
    "kw": {},
    "RTplot": false,
    "out_dir": "./results/Res5/",
    "run_name": "MEGA_RUNSmall_sigma",
    "x_sigma2": 0.5
  },
  "results": {
    "num_epochs": 0,
    "train_loss": [
      1.3529296378294626,
      0.5942318732539813,
      0.5186616197228432,
      0.479973541200161,
      0.4718907505273819,
      0.4598650003472964,
      0.44937020937601724,
      0.444224181274573,
      0.42841711739699045,
      0.4221874843041102,
      0.4187732771039009,
      0.4148808514078458,
      0.40520565609137216,
      0.4092608441909154,
      0.4035628378391266,
      0.40661580314238865,
      0.39108382562796273,
      0.391416231294473,
      0.3810597742597262,
      0.38408031562964123,
      0.3802284156282743,
      0.3700554569562276,
      0.37496475875377655,
      0.3715305889646212,
      0.3699960321187973,
      0.36855988800525663,
      0.3655666763583819,
      0.3616280610362689,
      0.35743436415990193,
      0.3668918639421463,
      0.3646906539797783,
      0.36070722887913387,
      0.3577852303783099,
      0.35211229423681895,
      0.34857199639081954,
      0.35388161689043046,
      0.3513149360815684,
      0.35505717371900875,
      0.3488220676779747,
      0.34383216003576916,
      0.3448114146788915,
      0.3455437297622363,
      0.3406980330745379,
      0.33733142366011937,
      0.3376827582716942,
      0.3408372258146604,
      0.3352421787877878,
      0.3305584748586019,
      0.3307359181344509,
      0.3347639535864194,
      0.33477181444565457,
      0.3256362741192182,
      0.3293456176916758,
      0.3296446554362774,
      0.3256698134044806,
      0.3217366548875968,
      0.3218380942940712,
      0.32794336254398027,
      0.3278835296630859,
      0.32219916333754856,
      0.3252690854171912,
      0.3187223037083944,
      0.3191620521247387,
      0.31398004045089084,
      0.31647012159228327,
      0.3158583760261536,
      0.31591393252213795,
      0.3118905191620191,
      0.30574144621690114,
      0.3084312910834948,
      0.30800490925709406,
      0.31241164604822796,
      0.30040846293171247,
      0.3028794149557749,
      0.3054030410945415,
      0.30205152903993926,
      0.30304820388555526,
      0.3040604737897714,
      0.3007026121020317,
      0.302759583791097,
      0.29741683825850485,
      0.295757844299078,
      0.29740427657961843,
      0.2955675919850667,
      0.2966286150117715,
      0.2968672660489877,
      0.2920877327521642,
      0.2993657482167085,
      0.2922424621880054,
      0.2921973181267579,
      0.29364866962035496,
      0.2939711953202883,
      0.292504213253657,
      0.2856850405534109,
      0.2897144094109535,
      0.28987825190027555,
      0.28828529044985773,
      0.28674378568927444,
      0.28553227658073105,
      0.28583304608861604
    ],
    "train_acc": [
      47.72847135354634,
      50.60005999975458,
      54.197507022211674,
      57.76010797273751,
      57.84805215646777,
      59.204401724924054,
      60.49723775624458,
      61.477060468989954,
      62.89388317288361,
      64.32088975554302,
      64.93916238129904,
      66.05472057633384,
      67.05345457330877,
      66.44856652299718,
      67.8147306867862,
      68.03879436146676,
      70.32747343688604,
      70.2841907474825,
      71.64779060111883,
      71.0814678294272,
      72.3978559005228,
      73.9830777157852,
      73.24549886167618,
      73.65923328917718,
      74.18982836491983,
      74.79776130653522,
      75.06341495792141,
      75.63426586101684,
      76.8915771464755,
      75.0887890710209,
      75.73372547731518,
      76.34949064736557,
      77.09550517773391,
      78.23904345668429,
      78.52218982282714,
      77.77082302286203,
      78.00568291990943,
      77.47081472216136,
      79.0769296083059,
      80.43705602955677,
      79.73728902206767,
      79.35331072239131,
      80.68196532840547,
      80.79384648449533,
      81.00534338119238,
      80.89143694249029,
      81.93120483389819,
      82.6987872360494,
      82.36668353615535,
      82.26655656962843,
      81.96129255660068,
      84.06519480327836,
      83.2039737995595,
      83.17870139315535,
      84.25134342029699,
      85.58148115405645,
      85.11166318898879,
      83.87725497286127,
      83.78284177051836,
      85.3162003108972,
      84.84745224771379,
      86.16659431059486,
      86.62620681761358,
      87.54522824509833,
      86.61319378473216,
      86.85217860327344,
      86.63118625474553,
      88.03670595147372,
      89.30819468543132,
      89.18853242136977,
      89.2647390984226,
      88.15169966402,
      90.64339521137819,
      90.10701966601778,
      89.76237323187864,
      90.68997508286374,
      90.03973312805778,
      90.22421133516237,
      90.37066985440228,
      90.79740450621232,
      91.94906623350015,
      92.5633018382528,
      91.8481435137518,
      92.71019399795674,
      92.66780090452767,
      91.6194933632439,
      93.23465523660714,
      91.71755411479191,
      93.6987803201438,
      93.43122048261404,
      93.21486300176325,
      92.8499521385414,
      93.43965550996904,
      95.1297455837808,
      94.06522934965164,
      93.79861108914781,
      94.77837124994566,
      95.08269606647399,
      95.44527138367248,
      95.81003278103105
    ],