{
  "config": {
    "seed": 42,
    "bs_train": 16,
    "bs_test": 4,
    "batches": 100,
    "epochs": 40,
    "early_stopping": 10,
    "checkpoints": null,
    "lr": 0.0005,
    "print_every": 100,
    "h_dim": 128,
    "z_dim": 20,
    "betas": [
      0.1,
      0.1
    ],
    "kw": {},
    "RTplot": false,
    "out_dir": "./results/Res5/",
    "run_name": "MEGA_RUNh_128z_20lr_0.0005",
    "x_sigma2": 0.9
  },
  "results": {
    "num_epochs": 0,
    "train_loss": [
      1.4947095066308975,
      0.36909038921197257,
      0.3522503624359767,
      0.3365194926659266,
      0.33521665384372074,
      0.3408208042383194,
      0.3337539022167524,
      0.3263173242410024,
      0.3314026912053426,
      0.3212347696224848,
      0.3251018702983856,
      0.32327060649792355,
      0.32954293141762414,
      0.3211227774620056,
      0.31535757680734,
      0.315582774579525,
      0.3194118599096934,
      0.32046107202768326,
      0.314892503619194,
      0.3150882204373678,
      0.30781039148569106,
      0.3021398196617762,
      0.29231157153844833,
      0.2816510076324145,
      0.2852513204018275,
      0.27652466545502347,
      0.2750030408302943,
      0.28136402865250904,
      0.2723217194279035,
      0.27506419916947683,
      0.2756915748119354,
      0.26681496600310006,
      0.26947807768980664,
      0.26483499507109326,
      0.2656879996260007,
      0.2641384939352671,
      0.2578082392613093,
      0.26969874650239944,
      0.2724137003223101,
      0.26097466399272284
    ],
    "train_acc": [
      18.86508034771703,
      20.587338991497873,
      21.592142182513516,
      22.334231777482625,
      22.46404313540411,
      21.993986848332764,
      22.5298235460337,
      22.57684700871137,
      22.724022040887434,
      22.96918404965913,
      22.99304631731202,
      23.51182946443517,
      22.604840393270475,
      23.13529907274432,
      23.540662570758702,
      23.726504709235407,
      23.061946780589675,
      23.409899096080473,
      23.888863051179158,
      23.55449733784209,
      24.14719645687525,
      24.410691012761756,
      25.18075762004526,
      26.482580065362498,
      25.777189985269228,
      26.365465043393908,
      26.568239391917313,
      26.381956945733812,
      26.946377148701725,
      26.520480076412333,
      26.5573647983511,
      27.243588426227202,
      26.937220518405944,
      27.14626353441831,
      26.91781458764123,
      27.085068976676467,
      27.72437950332006,
      26.705849625306037,
      26.81556660442391,
      27.394031082405718
    ],
    "test_loss": [
      0.41849684715270996,
      0.3245258778333664,
      0.33638572692871094,
      0.34929022192955017,
      0.3367574065923691,
      0.35443655401468277,
      0.3452923968434334,
      0.3420671671628952,
      0.30861860513687134,
      0.3555866703391075,
      0.32034704834222794,
      0.3344772458076477,
      0.29982369393110275,
      0.32057439535856247,
      0.3038681820034981,
      0.32837292551994324,
      0.4239245131611824,
      0.30832385271787643,
      0.3489524945616722,
      0.38690489530563354,
      0.31839191913604736,
      0.4004988744854927,
      0.2962981387972832,
      0.3419824503362179,
      0.2629784122109413,
      0.3125239536166191,
      0.3425319418311119,
      0.27657462656497955,
      0.3034248873591423,
      0.2769990712404251,
      0.27063925936818123,
      0.3033404052257538,
      0.27138567343354225,
      0.2970140501856804,
      0.24768313392996788,
      0.25662899389863014,
      0.2644955739378929,
      0.2592746205627918,
      0.2693981006741524,
      0.2811531722545624
    ],
    "test_acc": [
      24.42515399400291,
      27.642920093166715,
      26.812893718301872,
      27.20707048507794,
      27.17346954213721,
      26.163630334256393,
      26.748035794802277,
      25.330735285809478,
      27.875213841654336,
      25.328714441088557,
      26.76410325714958,
      27.637823331777764,
      29.565777952136674,
      28.23632691096962,
      28.47291054815393,
      25.59255126281866,
      19.891596411320002,
      27.552607511264018,
      27.668037776344985,
      24.339628563869258,
      29.392396809677145,
      23.612062854048435,
      27.846273727300996,
      26.789790898365748,
      31.53489158673113,
      30.183527510194075,
      24.917977397759262,
      31.62936343217187,
      27.10380140128812,
      30.84661136844466,
      30.9794995770572,
      30.440838059761372,
      32.14590647832282,
      30.795641327891392,
      34.81331113838178,
      32.712491282262064,
      31.173614650551173,
      32.39940517713021,
      32.88311760391649,
      29.969967990870707
    ]
  }
}