{
  "config": {
    "seed": 42,
    "bs_train": 16,
    "bs_test": 4,
    "batches": 100,
    "epochs": 40,
    "early_stopping": 10,
    "checkpoints": null,
    "lr": 0.0005,
    "print_every": 100,
    "h_dim": 512,
    "z_dim": 20,
    "betas": [
      0.1,
      0.1
    ],
    "kw": {},
    "RTplot": false,
    "out_dir": "./results/Res5/",
    "run_name": "MEGA_RUNh_512z_20lr_0.0005",
    "x_sigma2": 0.9
  },
  "results": {
    "num_epochs": 0,
    "train_loss": [
      0.9424706608057022,
      0.3461755603551865,
      0.3457322229941686,
      0.33259130915006,
      0.3255446602900823,
      0.3237236559391022,
      0.31960375905036925,
      0.3249991903702418,
      0.3178243100643158,
      0.32578012347221375,
      0.3195563981930415,
      0.3172515074412028,
      0.31869422843058903,
      0.3167811801036199,
      0.3114856431881587,
      0.31488054196039833,
      0.3123783638079961,
      0.3176267072558403,
      0.31479138135910034,
      0.3089801291624705,
      0.30760670602321627,
      0.30604240447282793,
      0.30580511738856636,
      0.31292516738176346,
      0.3007756397128105,
      0.300773457189401,
      0.2980049689610799,
      0.2956855500737826,
      0.29076629479726157,
      0.27583593626817066,
      0.2764679993192355,
      0.2744039123257001,
      0.26838752379020053,
      0.264755945901076,
      0.2652021929621696,
      0.2678437555829684,
      0.2619274094700813,
      0.26421555678049724,
      0.25580118745565417,
      0.2658921380837758
    ],
    "train_acc": [
      19.131766926239955,
      20.889475375176527,
      21.25611038481053,
      21.895159712674243,
      22.432457401720548,
      22.8117382143536,
      22.904982179453917,
      22.70428525458389,
      23.22883359873122,
      22.593877240622447,
      22.918536277849146,
      22.77010798820162,
      23.0079979104049,
      23.184023684365187,
      23.349479437316685,
      23.336990881798783,
      23.681162013354427,
      23.893859953099547,
      23.19430250969567,
      23.72287226221181,
      23.62012325602187,
      23.751376125114664,
      24.004877346106497,
      23.71836690161814,
      24.586452535624666,
      23.880755484104412,
      24.669194461439762,
      24.387110318355052,
      25.095570021754604,
      25.817676673515862,
      26.18037824701266,
      25.673004039889616,
      26.40070155890721,
      26.836005922952136,
      26.20883888879182,
      26.448027512095805,
      26.95742648438818,
      26.741433580521132,
      27.32178839378933,
      26.666396331209757
    ],
    "test_loss": [
      0.3953437954187393,
      0.33567769080400467,
      0.30832144618034363,
      0.3330515921115875,
      0.2992096319794655,
      0.33056168258190155,
      0.39748814702033997,
      0.32145559787750244,
      0.3528856709599495,
      0.30656228214502335,
      0.3531249463558197,
      0.309150829911232,
      0.3345561847090721,
      0.30113183706998825,
      0.2986799478530884,
      0.28557615727186203,
      0.34897227585315704,
      0.28152216225862503,
      0.2956066131591797,
      0.32054075598716736,
      0.30203790217638016,
      0.34288401156663895,
      0.2732902504503727,
      0.3117549419403076,
      0.2933850958943367,
      0.3003173843026161,
      0.2717251554131508,
      0.2728490009903908,
      0.26384212449193,
      0.3070329427719116,
      0.25933393090963364,
      0.26012757048010826,
      0.28699029237031937,
      0.2592431679368019,
      0.26962488144636154,
      0.2611103132367134,
      0.2971411347389221,
      0.27158015966415405,
      0.25171784684062004,
      0.2470346763730049
    ],
    "test_acc": [
      20.65128804394282,
      26.657711480350947,
      27.162880304354985,
      26.544000676338804,
      27.858673397398025,
      27.356392332225678,
      21.86325934949155,
      26.503930511542734,
      27.25958332570514,
      28.05403271897284,
      23.16153791312709,
      26.774029565409403,
      26.686657295263704,
      29.522337105697083,
      28.144402813819003,
      30.052106225262104,
      23.353251460183117,
      29.32102236928111,
      27.814462561188787,
      26.219196546840237,
      27.451078924328733,
      24.792109605796607,
      31.968042044902326,
      29.489221299214584,
      29.682833055243815,
      27.858367831981568,
      30.590927299160846,
      30.721829486402502,
      30.907831656421777,
      29.053227258411567,
      33.0077084725424,
      31.606453418368964,
      29.155332621197438,
      31.288384401042755,
      31.03013044568608,
      31.917218533872678,
      27.407682737775737,
      32.25797234543449,
      32.342006243795,
      32.534031146791776
    ]
  }
}