{
  "config": {
    "seed": 42,
    "bs_train": 16,
    "bs_test": 4,
    "batches": 100,
    "epochs": 40,
    "early_stopping": 10,
    "checkpoints": null,
    "lr": 0.01,
    "print_every": 100,
    "h_dim": 512,
    "z_dim": 5,
    "betas": [
      0.1,
      0.1
    ],
    "kw": {},
    "RTplot": false,
    "out_dir": "./results/Res5/",
    "run_name": "MEGA_RUNh_512z_5lr_0.01",
    "x_sigma2": 0.9
  },
  "results": {
    "num_epochs": 0,
    "train_loss": [
      1.4148410360018413,
      0.9017605801423391,
      0.7782121459643047,
      0.7464458703994751,
      0.7210821827252706,
      0.7075228273868561,
      0.6961069365342458,
      0.6905431667963664,
      0.6779060264428457,
      0.6722873767217,
      0.6656793336073558,
      0.6579296112060546,
      0.6544032295544943,
      0.6450285851955414,
      0.6396484444538753,
      0.632572223742803,
      0.6310184558232625,
      0.6316913038492202,
      0.6306167225042979,
      0.6314938962459564,
      0.6302687128384908,
      0.6297742207845052,
      0.6297347565491994,
      0.6302221099535624,
      0.6304538110891978,
      0.6297388772169749,
      0.6295984188715616,
      0.6298492232958476,
      0.6302099267641703,
      0.6301844447851181,
      0.6296227097511291,
      0.6289967606465022,
      0.6303434530893962,
      0.6305333852767945,
      0.6307490130265554,
      0.6299464215834936,
      0.6293450156847636,
      0.6295688758293788,
      0.6297606488068899,
      0.6292480538288753
    ],
    "train_acc": [
      10.640031358634063,
      10.170428339736548,
      10.194803932042515,
      10.192600368948925,
      10.141555375896319,
      10.114639103769012,
      10.176162813546641,
      10.105431393180465,
      10.13489669931155,
      10.126981525180778,
      10.110902265433214,
      10.110770979301169,
      10.180085154595012,
      10.13331241115878,
      10.233078014644521,
      10.157614400357444,
      10.127456355396662,
      10.150653530238603,
      10.138308159829963,
      10.152525379939517,
      10.112194991227954,
      10.1317108308146,
      10.135803702191634,
      10.152982803156304,
      10.12700011014548,
      10.098048951961395,
      10.18549314940677,
      10.132791761621469,
      10.121649635602518,
      10.116108591493996,
      10.191915704510679,
      10.253513296711146,
      10.115867242681713,
      10.102274332179078,
      10.158151745173756,
      10.155811062455653,
      10.166456034013908,
      10.155779745707225,
      10.08819078441423,
      10.218114097360376
    ],
    "test_loss": [
      0.7551017701625824,
      0.7367312610149384,
      0.8681621849536896,
      0.7912843078374863,
      0.7616971880197525,
      0.8104207515716553,
      0.7431073933839798,
      0.7459397464990616,
      0.756643757224083,
      0.7412958592176437,
      0.700493797659874,
      0.7362140417098999,
      0.7215838134288788,
      0.6862957924604416,
      0.689410999417305,
      0.7261982709169388,
      0.7069921493530273,
      0.7092596888542175,
      0.6541621088981628,
      0.7308062314987183,
      0.697827085852623,
      0.7201147973537445,
      0.7242964506149292,
      0.6943681091070175,
      0.7268690317869186,
      0.7246801555156708,
      0.6974072903394699,
      0.7419595271348953,
      0.7263205051422119,
      0.6775742024183273,
      0.7261718809604645,
      0.6838528215885162,
      0.7212856709957123,
      0.7287950962781906,
      0.6903928220272064,
      0.7359533607959747,
      0.7326980829238892,
      0.714888870716095,
      0.7074665129184723,
      0.7090646326541901
    ],
    "test_acc": [
      10.985808084139936,
      10.629310999506833,
      10.881220893898695,
      10.674793086953423,
      10.718539266958263,
      10.61581252539516,
      11.042651738352479,
      10.784275503160806,
      10.752325307905156,
      10.665969463552104,
      11.445197852128537,
      10.759351821171697,
      10.69541530950287,
      11.29219009526877,
      11.073314818146288,
      10.532216655315043,
      10.883874500979509,
      10.691083241452022,
      12.678474367494573,
      10.449428432844128,
      10.915366988252377,
      10.588874439148192,
      10.61960904619436,
      10.938918268386109,
      10.464783791248577,
      10.541636688546657,
      10.932755767246894,
      10.348997854987987,
      10.481699608824464,
      11.35552371053631,
      10.465451513563787,
      11.225066384087238,
      10.529847110226818,
      10.487114782127824,
      11.133310355972617,
      10.437512427917989,
      10.427695010816958,
      10.604170016800314,
      10.722706951111162,
      10.779275647855025
    ]
  }
}