{
  "config": {
    "seed": 42,
    "bs_train": 16,
    "bs_test": 4,
    "batches": 100,
    "epochs": 40,
    "early_stopping": 10,
    "checkpoints": null,
    "lr": 0.01,
    "print_every": 100,
    "h_dim": 128,
    "z_dim": 50,
    "betas": [
      0.1,
      0.1
    ],
    "kw": {},
    "RTplot": false,
    "out_dir": "./results/Res5/",
    "run_name": "MEGA_RUNh_128z_50lr_0.01",
    "x_sigma2": 0.9
  },
  "results": {
    "num_epochs": 0,
    "train_loss": [
      1.8258799195289612,
      1.0907459954420726,
      1.0370775739351907,
      0.8418040215969086,
      0.8149245997269948,
      0.768937885761261,
      0.7569650689760844,
      0.7446943918863932,
      0.731182740132014,
      0.7180760244528452,
      0.7101779739061992,
      0.710932073990504,
      0.7591581086317698,
      0.669431225458781,
      0.4549905518690745,
      0.39737879037857055,
      0.38605811397234596,
      0.3879704793294271,
      0.38469555179278053,
      0.37205951710542046,
      0.3702909231185913,
      0.369608411192894,
      0.36739498873551685,
      0.3695022831360499,
      0.3603905816872915,
      0.36328683197498324,
      0.36014996071656546,
      0.377082238594691,
      0.36168921093146006,
      0.34951462745666506,
      0.3540851682424545,
      0.3505018840233485,
      0.3523944358030955,
      0.3463695506254832,
      0.34145911832650505,
      0.3422337899605433,
      0.3390848199526469,
      0.3390433967113495,
      0.33971798519293467,
      0.3557478278875351
    ],
    "train_acc": [
      10.330613374881157,
      10.120971552300395,
      9.690080151438098,
      10.126392050799794,
      10.105034700720152,
      10.126835301999936,
      10.114960118368622,
      10.134563216733321,
      10.169675825832309,
      10.150373595826911,
      10.1815892226589,
      10.082380395717676,
      9.764905972755946,
      11.947887598289396,
      17.62617158576193,
      19.586486614569715,
      20.097804629543354,
      20.147095328974082,
      20.207131071559612,
      20.57662584997801,
      20.366485022513594,
      20.268338433046004,
      20.38363572625291,
      20.33205132112906,
      20.471270551352536,
      20.25026189537082,
      20.527097136581894,
      19.863101465891344,
      20.24502418205715,
      20.604445010615155,
      20.444897797165538,
      20.209685266906185,
      20.401940692045887,
      20.600404323789522,
      20.855146925615827,
      20.618190641689598,
      20.68056520735401,
      20.573825330805168,
      20.732577338136025,
      20.495110463212903
    ],
    "test_loss": [
      1.2692005634307861,
      1.097205936908722,
      0.9750734716653824,
      0.8210471272468567,
      0.8630416542291641,
      0.7512985169887543,
      0.8965582698583603,
      0.743012547492981,
      0.8096909075975418,
      0.8020134270191193,
      0.8284692913293839,
      0.7571170032024384,
      0.7356705069541931,
      0.601454883813858,
      0.4145171269774437,
      0.39692026376724243,
      0.3478451520204544,
      0.35384857654571533,
      0.4351401552557945,
      0.4260186702013016,
      0.42634662240743637,
      0.3836172968149185,
      0.38300248235464096,
      0.3140435591340065,
      0.3514532819390297,
      0.3457980677485466,
      0.4697446674108505,
      0.3574008196592331,
      0.35092689096927643,
      0.3752134293317795,
      0.33943551033735275,
      0.34117256104946136,
      0.32026661932468414,
      0.336340494453907,
      0.3413246273994446,
      0.3074498027563095,
      0.3088548481464386,
      0.3228391408920288,
      0.31452731788158417,
      0.301606435328722
    ],
    "test_acc": [
      10.600561371553514,
      10.87242220277802,
      11.446158654976493,
      10.735391108991841,
      10.435523899461751,
      10.556262408321963,
      11.17622611381365,
      10.95419310654309,
      10.77776086707538,
      10.563279396332227,
      10.32501069075714,
      10.503696832342085,
      10.96788078958316,
      14.089009045006199,
      24.121181955413583,
      24.990938727820534,
      27.131935054276603,
      25.959624356015645,
      23.19246013624393,
      20.780462098056372,
      24.12521074839916,
      25.194130257018163,
      24.542652647165713,
      25.765989046941538,
      24.92322377122029,
      25.532706884037363,
      20.328581677158176,
      24.43881516490355,
      25.366462832992937,
      23.820034732458208,
      24.679872677656494,
      24.925758839227992,
      24.990418285131437,
      23.831971348069832,
      26.042874845475602,
      26.919504865975746,
      26.251478118063975,
      25.187806343466757,
      25.951120964779626,
      27.47524599817631
    ]
  }
}