{
  "config": {
    "seed": 42,
    "bs_train": 16,
    "bs_test": 4,
    "batches": 100,
    "epochs": 40,
    "early_stopping": 10,
    "checkpoints": null,
    "lr": 0.01,
    "print_every": 100,
    "h_dim": 512,
    "z_dim": 10,
    "betas": [
      0.1,
      0.1
    ],
    "kw": {},
    "RTplot": false,
    "out_dir": "./results/Res5/",
    "run_name": "MEGA_RUNh_512z_10lr_0.01",
    "x_sigma2": 0.9
  },
  "results": {
    "num_epochs": 0,
    "train_loss": [
      1.739542798201243,
      1.2308922827243804,
      0.9093096077442169,
      0.8562236428260803,
      0.8177011450131734,
      0.7936206380526225,
      0.7677651981512705,
      0.7628399570782979,
      0.7381044785181682,
      0.7207540909449259,
      0.7138142804304759,
      0.7065215011437734,
      0.706160710255305,
      0.695919293165207,
      0.6966800630092621,
      0.6927585323651632,
      0.6854917049407959,
      0.6821316838264465,
      0.6764494548241298,
      0.6796865393718083,
      0.6762983719507853,
      0.6737051010131836,
      0.6717740416526794,
      0.6691164056460063,
      0.668283595641454,
      0.6698706299066544,
      0.6685450216134389,
      0.6666573146979015,
      0.6631463209788004,
      0.6655366788307826,
      0.6638258735338847,
      0.6614975025256474,
      0.6603865385055542,
      0.660286424557368,
      0.658998026450475,
      0.6567853550116222,
      0.6560114701588948,
      0.6561487118403116,
      0.6565588593482972,
      0.6555239975452423
    ],
    "train_acc": [
      10.23917594187058,
      10.091032962789297,
      10.183290794378914,
      10.13331241115878,
      10.081228657010382,
      10.124941052482487,
      10.123515487679212,
      10.164660636275542,
      10.144597573170728,
      10.202356706021114,
      10.110553681718565,
      10.133428468328743,
      10.11914718977162,
      10.147974839447201,
      10.237211716763081,
      10.145565685423149,
      10.109113246904473,
      10.121893549337793,
      10.12594408761804,
      10.21222853279418,
      10.176240859594321,
      10.144367756108888,
      10.148602205404867,
      10.176123041297814,
      10.147992045409936,
      10.182535058258336,
      10.142116092371419,
      10.143656264656626,
      10.118463578904697,
      10.22646045813852,
      10.132647877545912,
      10.118931372809808,
      10.161804616188903,
      10.18035386487386,
      10.151881405433057,
      10.237002504365227,
      10.163533165425562,
      10.151363716416657,
      10.104491522409266,
      10.118428684194727
    ],
    "test_loss": [
      1.2555107772350311,
      0.7932634204626083,
      0.8166459947824478,
      0.7176828384399414,
      0.7783425152301788,
      0.8644386231899261,
      0.905246302485466,
      0.8200739771127701,
      0.7878762185573578,
      0.8041436523199081,
      0.7663383036851883,
      0.8022665232419968,
      0.7992017716169357,
      0.7795917242765427,
      0.7238574326038361,
      0.8270968496799469,
      0.786659762263298,
      0.7615615725517273,
      0.7324352562427521,
      0.7639419287443161,
      0.7818986475467682,
      0.7270799279212952,
      0.7332723736763,
      0.7734200805425644,
      0.8086113184690475,
      0.7399890869855881,
      0.7325934916734695,
      0.7276856005191803,
      0.7061521410942078,
      0.7371610701084137,
      0.7603240460157394,
      0.7015283554792404,
      0.7426826655864716,
      0.7238479256629944,
      0.7177228927612305,
      0.7354855686426163,
      0.7391838282346725,
      0.7338462024927139,
      0.7133283466100693,
      0.7397968918085098
    ],
    "test_acc": [
      10.83472918101288,
      11.01525412950355,
      11.434014450906933,
      11.116665845076682,
      11.121029984775697,
      10.730245625421759,
      10.706559931768508,
      11.066535365117232,
      10.604571530739625,
      10.569148524325882,
      11.460142712899225,
      10.664136881766712,
      10.762552938907941,
      10.881058535037747,
      11.379768948343223,
      10.250621745783233,
      10.590918923101938,
      10.801320500023673,
      11.038806021419543,
      10.591436775016934,
      10.459644542407666,
      11.186759249247856,
      10.94989145175183,
      10.477112745049592,
      10.337220631089863,
      10.852985587295436,
      11.16781887121426,
      11.222474027567014,
      11.778790722335014,
      10.812545858109347,
      10.530916937328604,
      11.60686257479011,
      10.663771885967309,
      10.884242412797393,
      10.970252891166513,
      10.734560220423257,
      10.761348901637227,
      10.659947876788362,
      11.21396237556029,
      10.833849106244726
    ]
  }
}