{
  "config": {
    "seed": 42,
    "bs_train": 16,
    "bs_test": 4,
    "batches": 100,
    "epochs": 60,
    "early_stopping": 10,
    "checkpoints": null,
    "lr": 0.0008,
    "print_every": 100,
    "h_dim": 256,
    "z_dim": 64,
    "betas": [
      0.9,
      0.999
    ],
    "kw": {},
    "RTplot": false,
    "out_dir": "./results/Res1/",
    "run_name": "FINAL_ARCHlr_0.0008s_0.9z_64",
    "x_sigma2": 0.9
  },
  "results": {
    "num_epochs": 0,
    "train_loss": [
      1.133179521560669,
      0.3510222057501475,
      0.3223953793446223,
      0.3030607089400291,
      0.2904154012600581,
      0.3109246919552485,
      0.2881065378586451,
      0.2910319983959198,
      0.28735710978507994,
      0.27471214284499484,
      0.2723664472500483,
      0.2764834766586622,
      0.2565729091564814,
      0.26449408729871116,
      0.2583937366803487,
      0.25883735915025075,
      0.24970345000425975,
      0.2576013555129369,
      0.2507493793964386,
      0.24345621714989343,
      0.24314753860235214,
      0.2395127644141515,
      0.24258446047703425,
      0.24654932419459025,
      0.23883857627709706,
      0.2344976415236791,
      0.23939136117696763,
      0.23699924101432165,
      0.23819946547349294,
      0.23563933322827021,
      0.23717127492030463,
      0.23153577297925948,
      0.22841468801101047,
      0.2314704676469167,
      0.23380910456180573,
      0.2285429244240125,
      0.22768305391073226,
      0.22514688422282536,
      0.22315862675507864,
      0.22421249995628992,
      0.22750975241263707,
      0.2216999481121699,
      0.228055244187514,
      0.2301696757475535,
      0.2249122609694799,
      0.22833706537882487,
      0.23099681188662846,
      0.2244375874598821,
      0.2253405789534251,
      0.22573572794596355,
      0.23053987622261046,
      0.22493593543767929,
      0.2200791229804357,
      0.22394445190827053,
      0.2239245151480039,
      0.22167237798372905,
      0.22224803765614828,
      0.22165619134902953,
      0.22291836192210515,
      0.21691525975863138
    ],
    "train_acc": [
      22.127671501192115,
      25.24525694665391,
      27.099456953353297,
      28.1059848218796,
      29.017476088317583,
      28.720513266034793,
      29.208080262409606,
      29.091775332656983,
      29.242220346349935,
      29.980218945771117,
      30.31984910090518,
      29.731699922438693,
      30.962217630157152,
      31.027409110441443,
      30.952865734020122,
      30.630602429923787,
      31.73209408924065,
      30.800835233939853,
      31.463341588737283,
      31.756112707774697,
      32.03874676167549,
      32.26680316809799,
      32.234982385374146,
      32.49809598419829,
      32.02481009383872,
      32.579380706222786,
      32.22825920120609,
      31.838651930546032,
      31.69779344503861,
      31.912860095725836,
      31.945566418427514,
      32.819775967257094,
      33.01310799634886,
      32.830964621524814,
      32.48178460590921,
      32.85827090700869,
      33.06266344376046,
      33.486342304924946,
      33.33615930170914,
      33.39379411742505,
      33.03799022686958,
      33.56789611814737,
      32.95591617915359,
      32.61073515823955,
      33.00093626043281,
      32.82679310647024,
      32.94670573979122,
      33.45960519873767,
      33.503000114061386,
      33.172580515877954,
      32.46989287968026,
      33.35418173790085,
      33.78348845763563,
      33.29324877709434,
      33.56774890021257,
      33.637509631093465,
      33.57335148834885,
      33.74461481523106,
      33.69223780908429,
      34.443265689298144
    ],
    "test_loss": [
      0.42673075944185257,
      0.3315438777208328,
      0.33911751210689545,
      0.3124866783618927,
      0.3331238403916359,
      0.34498127549886703,
      0.3242119252681732,
      0.29538676142692566,
      0.33575592190027237,
      0.32196880877017975,
      0.32383185625076294,
      0.34321653842926025,
      0.3893119990825653,
      0.34180279821157455,
      0.28330760821700096,
      0.28391291946172714,
      0.3344522751867771,
      0.31486426293849945,
      0.28993574529886246,
      0.29197393357753754,
      0.3421381525695324,
      0.36542003601789474,
      0.2895715907216072,
      0.3415094241499901,
      0.39415279775857925,
      0.2982034459710121,
      0.3438049405813217,
      0.29223185405135155,
      0.33560679852962494,
      0.3027084916830063,
      0.3092881366610527,
      0.358826644718647,
      0.38633690774440765,
      0.28645481541752815,
      0.2630486898124218,
      0.44812939316034317,
      0.33091458678245544,
      0.37990258261561394,
      0.34011466056108475,
      0.33806781470775604,
      0.2931123301386833,
      0.25260791927576065,
      0.2503175437450409,
      0.363610178232193,
      0.4123358987271786,
      0.40192316472530365,
      0.2830131724476814,
      0.43056199699640274,
      0.32745368406176567,
      0.34809885174036026,
      0.31450752541422844,
      0.30667562037706375,
      0.5063726156949997,
      0.32694780081510544,
      0.267158143222332,
      0.31204953789711,
      0.4078091010451317,
      0.27933403477072716,
      0.2955546975135803,
      0.43157173693180084
    ],
    "test_acc": [
      29.691364944951143,
      31.128846208900708,
      30.763474793472923,
      30.90875085854112,
      30.428332327795214,
      30.689853408222994,
      30.21482921766113,
      31.9743998958034,
      30.45986692728299,
      29.73229738386903,
      30.524282072617204,
      26.804798930440086,
      25.21547453150338,
      28.270291568469943,
      33.15078100040972,
      33.84005864996578,
      29.50488165043798,
      30.266372182366652,
      32.637318084794494,
      32.40435451257422,
      29.35788449583901,
      25.253180980559648,
      31.684076478847555,
      29.78202839096814,
      25.487209857265455,
      30.98757405041958,
      28.075404196628675,
      31.306784747280993,
      28.078442048173013,
      31.4126216084038,
      31.28421326031036,
      27.623271784332218,
      25.45117309188391,
      32.0251277253013,
      34.42848419134638,
      20.004046066646985,
      28.85123954437774,
      26.526419893394632,
      29.53118148223769,
      27.118440296939966,
      30.719052454588418,
      35.04855490890701,
      37.139165267940925,
      26.1472186316792,
      28.61221871188433,
      26.18044095223528,
      32.71345735325252,
      20.295937540361102,
      27.8300846395909,
      28.236997207693253,
      30.41605576612602,
      28.97923498371417,
      17.16016396681049,
      27.739180382999187,
      33.53433946213643,
      29.909899535246804,
      26.038247431451904,
      31.427899927114105,
      30.75227025270608,
      23.416566287899986
    ]
  }
}