{
  "config": {
    "seed": 42,
    "bs_train": 16,
    "bs_test": 4,
    "batches": 100,
    "epochs": 60,
    "early_stopping": 10,
    "checkpoints": null,
    "lr": 0.0005,
    "print_every": 100,
    "h_dim": 256,
    "z_dim": 32,
    "betas": [
      0.9,
      0.999
    ],
    "kw": {},
    "RTplot": false,
    "out_dir": "./results/Res1/",
    "run_name": "FINAL_ARCHlr_0.0005s_0.9z_32",
    "x_sigma2": 0.9
  },
  "results": {
    "num_epochs": 0,
    "train_loss": [
      0.6751950363318125,
      0.31615476111570995,
      0.3006536116202672,
      0.2944563219944636,
      0.28591612925132115,
      0.2822879686951637,
      0.27654305001099905,
      0.2716215565800667,
      0.26067494551340736,
      0.2591241180896759,
      0.2530585969487826,
      0.2534222592910131,
      0.24952216297388077,
      0.24938650925954184,
      0.2488597219189008,
      0.25063842634359995,
      0.23823697964350382,
      0.2430696393052737,
      0.2391143744190534,
      0.23866893102725348,
      0.23972007830937703,
      0.24054348170757295,
      0.23714635868867237,
      0.23408159464597703,
      0.23280333230892816,
      0.23474024832248688,
      0.23350750356912614,
      0.22917996148268382,
      0.23328871081272762,
      0.23059326310952505,
      0.22889395306507745,
      0.2285951480269432,
      0.23512818465630214,
      0.22995110700527827,
      0.22577229390541712,
      0.22617735862731933,
      0.2234861026207606,
      0.2262612889210383,
      0.22882278462251027,
      0.22484975655873615,
      0.22709005822738013,
      0.22853091756502789,
      0.22601319352785745,
      0.22445060710112255,
      0.22551728238662083,
      0.22271119157473246,
      0.22176346878210704,
      0.22146016905705135,
      0.2250008150935173,
      0.22527387142181396,
      0.22570682217677435,
      0.22106558978557586,
      0.22291129678487778,
      0.2234122211734454,
      0.2226340467731158,
      0.2246341640750567,
      0.2268050879240036,
      0.22364084521929423,
      0.22172956267992655,
      0.21983894606431326
    ],
    "train_acc": [
      22.273214803062782,
      25.399016465469145,
      26.98122278291993,
      28.043973141086838,
      28.51309771504594,
      28.75253475546241,
      29.173598604560578,
      29.7210463188567,
      29.814461097713334,
      29.936753859985327,
      30.526320002445868,
      30.937368927209576,
      30.79943902220228,
      30.779512493621915,
      31.14599225535786,
      30.905124457057386,
      31.830685792599436,
      31.21936516520919,
      31.521924557776217,
      31.626493227909673,
      31.5588406305419,
      31.412846966433637,
      31.699193376432554,
      31.949842458218548,
      31.96628852452712,
      31.799078809907424,
      31.72876651573389,
      32.302431936455726,
      31.763260527779476,
      32.04615037056522,
      32.33765252845767,
      32.35238001517327,
      31.749279818679362,
      31.978864388400794,
      32.49472762018192,
      32.36681013013635,
      32.79366018223997,
      32.38602727035457,
      32.0475207926868,
      32.78923381781256,
      32.472262409106804,
      32.16082680340768,
      32.369639048250626,
      32.39713760613946,
      32.51508895779257,
      32.67059215156849,
      32.851532782025224,
      32.856865002510546,
      32.722918635392745,
      32.57609534385145,
      32.677458477403995,
      32.89036339078,
      32.555675687889185,
      32.603537081361765,
      32.55316823239647,
      32.3727811892517,
      31.989925129566004,
      32.511288934758504,
      32.62953840930794,
      32.72855678821174
    ],
    "test_loss": [
      0.3263091742992401,
      0.3264722377061844,
      0.29022017121315,
      0.3226510360836983,
      0.37494900077581406,
      0.3138950690627098,
      0.3073500990867615,
      0.3191981427371502,
      0.3887009918689728,
      0.29897015914320946,
      0.3513743504881859,
      0.29931289702653885,
      0.2913854420185089,
      0.39936797320842743,
      0.33481453359127045,
      0.3739784508943558,
      0.36223407834768295,
      0.4425138905644417,
      0.4448934644460678,
      0.5092451348900795,
      0.4094941020011902,
      0.30625754967331886,
      0.30090460926294327,
      0.3712277039885521,
      0.3148699626326561,
      0.3550121933221817,
      0.3271072544157505,
      0.2956349514424801,
      0.47316543012857437,
      0.3894978538155556,
      0.40682253241539,
      0.3220130242407322,
      0.4244256839156151,
      0.40292103588581085,
      0.42934153974056244,
      0.4262900725007057,
      0.37842800840735435,
      0.4144738242030144,
      0.45844851806759834,
      0.4040531665086746,
      0.45052722096443176,
      0.44476720690727234,
      0.2999758757650852,
      0.4684075228869915,
      0.26981355249881744,
      0.48612773418426514,
      0.5027597397565842,
      0.374082550406456,
      0.42881131172180176,
      0.32128745689988136,
      0.3085697554051876,
      0.3365478292107582,
      0.2919600233435631,
      0.3311248980462551,
      0.5227985307574272,
      0.3348681628704071,
      0.3774145841598511,
      0.4652503691613674,
      0.3995944857597351,
      0.45518800243735313
    ],
    "test_acc": [
      30.156384101707157,
      30.15014371393809,
      33.55833311116453,
      28.440304698138775,
      25.101738221086606,
      32.873190709512244,
      30.581997804465153,
      30.17707270679134,
      24.564828362905295,
      31.945778386313943,
      25.841861189285254,
      30.474806833563985,
      31.960475453586614,
      23.745475906771407,
      28.22348737343024,
      27.7042457589074,
      27.436275403552678,
      25.108611345395527,
      20.082443857109354,
      18.025726988222374,
      23.221161087290287,
      30.818221301883028,
      30.908264398668383,
      25.51321578124564,
      28.584495575800347,
      25.590353642952618,
      27.971820243206043,
      31.72140819593566,
      19.153825443129545,
      25.04254277657,
      22.15710644153134,
      31.072807503713108,
      22.949348706055,
      25.487350290902008,
      21.992993780473142,
      23.856410486419808,
      27.45143884079038,
      23.778913468590037,
      21.16713341349807,
      22.6161654946993,
      19.310996367576262,
      21.83260332402492,
      30.382674675811778,
      21.837853967740283,
      33.57133039834195,
      17.931029455961397,
      21.343559483674987,
      24.53788778428363,
      22.291921362691436,
      30.62418645496189,
      30.717129765826307,
      27.460736043757013,
      30.616695136307143,
      27.74502636875241,
      19.077463257007587,
      27.43978193611327,
      24.13446066520372,
      20.804062450972097,
      22.181645225981484,
      21.079724852045093
    ]
  }
}