{
  "config": {
    "seed": 42,
    "bs_train": 16,
    "bs_test": 4,
    "batches": 100,
    "epochs": 60,
    "early_stopping": 10,
    "checkpoints": null,
    "lr": 0.0005,
    "print_every": 100,
    "h_dim": 256,
    "z_dim": 64,
    "betas": [
      0.9,
      0.999
    ],
    "kw": {},
    "RTplot": false,
    "out_dir": "./results/Res1/",
    "run_name": "FINAL_ARCHlr_0.0005s_1z_64",
    "x_sigma2": 1
  },
  "results": {
    "num_epochs": 0,
    "train_loss": [
      0.5790321131547292,
      0.2953681915998459,
      0.27396542131900786,
      0.2698549265662829,
      0.2646922762195269,
      0.2730081165830294,
      0.26023080895344414,
      0.24600454022487003,
      0.24545603742202124,
      0.234078985452652,
      0.23926444749037426,
      0.2334221084912618,
      0.2301321044564247,
      0.23364923596382142,
      0.22785599579413732,
      0.22602486610412598,
      0.22051950146754581,
      0.2268404905994733,
      0.2203904464840889,
      0.2162717764576276,
      0.2185999741156896,
      0.21480999141931534,
      0.2151420662800471,
      0.21139792799949647,
      0.21440224101146063,
      0.21018060445785522,
      0.21084721038738888,
      0.21341796269019445,
      0.21152205417553585,
      0.2108881319562594,
      0.21257328043381374,
      0.20798898686965306,
      0.2084296037753423,
      0.20558665990829467,
      0.2098728929956754,
      0.20426563819249471,
      0.20126516123612723,
      0.2016921232144038,
      0.20003108382225038,
      0.20672883987426757,
      0.20356943408648173,
      0.2020121693611145,
      0.2008143772681554,
      0.20428458005189895,
      0.20398046771685283,
      0.20737967093785603,
      0.2039643665154775,
      0.19948973506689072,
      0.20214480459690093,
      0.19922108203172684,
      0.20663002928098043,
      0.1984513779481252,
      0.19857026586929957,
      0.20090388307968776,
      0.20205162614583969,
      0.19761924197276434,
      0.20120594004789988,
      0.20245405932267507,
      0.2052394037445386,
      0.19749813477198283
    ],
    "train_acc": [
      22.339092019971417,
      24.99331515968893,
      27.212396953413073,
      28.305826689599076,
      28.48345748359185,
      28.415914328180843,
      29.011218656172986,
      30.092052607155427,
      29.787624562817914,
      31.113784234220557,
      30.39825319064319,
      30.476141436238574,
      31.052530063525193,
      31.218625649080742,
      31.150120440835792,
      31.208595690248938,
      31.682268201960895,
      30.723963866554637,
      31.480239799584467,
      31.77409592840007,
      31.790656701117218,
      32.28781658011745,
      32.16364702129027,
      32.66150802591845,
      31.875082116354086,
      32.345776674825295,
      32.33374538879946,
      31.818127440392576,
      32.02058551778149,
      32.175721924484606,
      31.96684564377961,
      32.411127784155276,
      32.48150716418398,
      32.70969765721027,
      32.24468507387939,
      32.80200748344819,
      33.205807710107514,
      33.320954546564266,
      33.24690346799522,
      32.476689432350696,
      33.00360809704943,
      32.86502018850346,
      33.118347569167526,
      32.750210244474395,
      32.802700519994126,
      32.47327410897349,
      32.768488902810844,
      33.25401421579864,
      33.04740683735985,
      33.254092390624955,
      32.20807125661816,
      33.54808770109959,
      33.55572495025376,
      33.246254920895524,
      33.12688036039647,
      33.606010923311274,
      33.27575957037494,
      33.109433988773034,
      32.7181408480868,
      33.84993195807075
    ],
    "test_loss": [
      0.3191498816013336,
      0.27386993169784546,
      0.29566071182489395,
      0.2845298647880554,
      0.2848800718784332,
      0.36039239168167114,
      0.2960001900792122,
      0.28571485728025436,
      0.2840163856744766,
      0.26263267174363136,
      0.30441102758049965,
      0.34461314231157303,
      0.33856677263975143,
      0.34177980571985245,
      0.26487869396805763,
      0.25223518908023834,
      0.3209538273513317,
      0.31403492018580437,
      0.2606375403702259,
      0.30256564542651176,
      0.3101598210632801,
      0.2710888274013996,
      0.2428298518061638,
      0.3070120997726917,
      0.2914218492805958,
      0.2611667327582836,
      0.23971375823020935,
      0.27701983600854874,
      0.28841183707118034,
      0.33978481963276863,
      0.2642230913043022,
      0.2933378294110298,
      0.3135918900370598,
      0.3057307340204716,
      0.2884361892938614,
      0.4013821445405483,
      0.32844841480255127,
      0.3050829917192459,
      0.3355955258011818,
      0.26299671828746796,
      0.31520241498947144,
      0.2641436718404293,
      0.24105079099535942,
      0.28351321816444397,
      0.31609173491597176,
      0.32970239967107773,
      0.3016028217971325,
      0.32866933196783066,
      0.38001761212944984,
      0.3319660909473896,
      0.31383271142840385,
      0.2802492640912533,
      0.45309681817889214,
      0.24965089559555054,
      0.28078578785061836,
      0.24930669739842415,
      0.27786142751574516,
      0.34092021733522415,
      0.23631367832422256,
      0.29337063431739807
    ],
    "test_acc": [
      27.940027544221145,
      31.776589265109035,
      31.586198813397793,
      30.01260574809905,
      30.94394501418215,
      27.181120812802227,
      30.361185885470093,
      30.78046350309926,
      30.075044821754698,
      31.829143369666173,
      27.92087251469918,
      24.23196083078677,
      25.12016049738167,
      25.829023981035252,
      31.653650108317603,
      33.7988916201541,
      27.41215673994989,
      27.233283150978853,
      32.52805472935042,
      30.027473754915558,
      29.047761104873263,
      29.6611485076171,
      34.43040787085604,
      27.87088251063436,
      29.332882874590048,
      31.61389746859276,
      33.86682533493248,
      31.19065011772661,
      29.21593575033065,
      25.885387600550075,
      31.16544389742204,
      31.94699130721335,
      26.304840631815143,
      27.372307642846444,
      28.539380770867165,
      23.403825051766766,
      28.54497995606185,
      28.96618833802061,
      25.143648805754758,
      31.990357913078366,
      26.74982234485209,
      29.74975080568823,
      32.824081821195925,
      28.805300245707606,
      29.57769485338372,
      25.73488409310996,
      28.953240207089078,
      24.937604672377045,
      25.710562753540135,
      25.447649622197126,
      26.814842063594785,
      29.330780339637897,
      18.90319553253198,
      33.20919500471856,
      29.15288493485859,
      33.03865116143995,
      28.405079126882043,
      24.34164324107409,
      34.45876864715016,
      28.720170201951973
    ]
  }
}