{
  "config": {
    "seed": 42,
    "bs_train": 16,
    "bs_test": 4,
    "batches": 100,
    "epochs": 60,
    "early_stopping": 10,
    "checkpoints": null,
    "lr": 0.0003,
    "print_every": 100,
    "h_dim": 256,
    "z_dim": 128,
    "betas": [
      0.9,
      0.999
    ],
    "kw": {},
    "RTplot": false,
    "out_dir": "./results/Res1/",
    "run_name": "FINAL_ARCHlr_0.0003s_0.8z_128",
    "x_sigma2": 0.8
  },
  "results": {
    "num_epochs": 0,
    "train_loss": [
      0.47634518643220264,
      0.35288126866022745,
      0.3400752991437912,
      0.3341364413499832,
      0.3160661925872167,
      0.31407260795434316,
      0.3041745121280352,
      0.3071678424874941,
      0.3005160570144653,
      0.2919754753510157,
      0.2854701817035675,
      0.28739970127741493,
      0.28504275729258854,
      0.2821855559945107,
      0.27259716341892876,
      0.27902816484371823,
      0.2703714614113172,
      0.2705919603506724,
      0.2663060600558917,
      0.26887388825416564,
      0.2669796794652939,
      0.26391014556090037,
      0.2647429058949153,
      0.260074486831824,
      0.26397731006145475,
      0.26421452810366947,
      0.25407290856043496,
      0.25585780044396716,
      0.25989755193392433,
      0.25335587163766227,
      0.24781333208084105,
      0.25433424711227415,
      0.24816366930802664,
      0.2542079657316208,
      0.255466994146506,
      0.24931251456340153,
      0.2518913750847181,
      0.24750703622897466,
      0.24921510815620423,
      0.2464169795314471,
      0.24828815658887227,
      0.24630812654892603,
      0.2420349597930908,
      0.24979949841896693,
      0.24621465702851614,
      0.24674189339081445,
      0.24524889041980108,
      0.24160623997449876,
      0.24292012552420297,
      0.24365920722484588,
      0.2440103347102801,
      0.2491420010725657,
      0.24358861297369003,
      0.23884915957848232,
      0.24227621952692668,
      0.2395064319173495,
      0.24010742356379827,
      0.237633353471756,
      0.23648184686899185,
      0.23550741523504257
    ],
    "train_acc": [
      22.737946537759758,
      27.09811308082055,
      29.088369173604505,
      29.757627182775774,
      30.69223488067935,
      30.75499145318072,
      31.091010450233604,
      31.200334083032683,
      31.966583455195877,
      31.663910795896733,
      32.64985908844542,
      32.06019994623729,
      32.33966849100147,
      32.94881561481615,
      32.94400723213903,
      32.33144649680079,
      33.57049542599618,
      33.21367425455925,
      33.39568105453627,
      33.14795769281953,
      33.51873155111419,
      33.525993033937745,
      33.89558683888159,
      34.17978016562336,
      33.627241825901535,
      33.32948318292371,
      34.624861658452176,
      34.278145062399915,
      34.19354577837287,
      34.54277546525625,
      35.67249687011171,
      34.580041495235605,
      35.31523768887457,
      34.778770198093156,
      34.550602735044116,
      35.13788939422116,
      34.80279306725166,
      35.45455111510333,
      35.06631817677259,
      35.70791165293851,
      35.19268380507481,
      35.66827163721642,
      35.81820533864891,
      35.42762584339393,
      35.2714037680052,
      35.78422278895165,
      35.94251660082863,
      36.45381654601304,
      36.278939986359646,
      35.783457520776096,
      35.942628938112115,
      34.909244488575666,
      36.30374357809565,
      36.37086951800426,
      36.41330913606452,
      36.22937703745365,
      36.36210458180349,
      36.635087321762576,
      36.97529787178996,
      37.29590174631521
    ],
    "test_loss": [
      0.383922316133976,
      0.40332961082458496,
      0.4400476887822151,
      0.34060490876436234,
      0.34467609226703644,
      0.3546694368124008,
      0.3158637434244156,
      0.32886170595884323,
      0.313488133251667,
      0.30162105709314346,
      0.39923830330371857,
      0.323617160320282,
      0.33048952370882034,
      0.34056247770786285,
      0.2875381335616112,
      0.319112628698349,
      0.35694433003664017,
      0.4620920270681381,
      0.27939655631780624,
      0.4098122864961624,
      0.36272840574383736,
      0.30061259120702744,
      0.3015673980116844,
      0.3750896006822586,
      0.30760397762060165,
      0.3237135037779808,
      0.3595365062355995,
      0.31555016338825226,
      0.2876778654754162,
      0.3291490375995636,
      0.36199112981557846,
      0.3029679171741009,
      0.29267603158950806,
      0.366251602768898,
      0.3035592697560787,
      0.2899162992835045,
      0.32116761058568954,
      0.34240519255399704,
      0.2979426607489586,
      0.4085884056985378,
      0.3473312556743622,
      0.35374338179826736,
      0.35503167286515236,
      0.3763909339904785,
      0.28321341425180435,
      0.26177506148815155,
      0.2825857326388359,
      0.3643031641840935,
      0.2956335321068764,
      0.4174335300922394,
      0.35855234786868095,
      0.35478709638118744,
      0.29957351833581924,
      0.3463573642075062,
      0.2875984013080597,
      0.3220851719379425,
      0.2877572700381279,
      0.40505989640951157,
      0.28568194061517715,
      0.40459971129894257
    ],
    "test_acc": [
      26.919064655256705,
      28.133663601550992,
      25.509883354233747,
      33.403684982574404,
      32.814245839298124,
      30.832884630629284,
      35.12696357241859,
      34.070685825545624,
      33.7349199664547,
      36.8985667613688,
      26.82622533591214,
      34.074777126328726,
      32.27268583122673,
      32.084038330776394,
      36.78974318376883,
      32.05906431046752,
      29.707198758770588,
      22.853131304201813,
      39.40678842901929,
      25.464476302357127,
      31.196260355975753,
      35.76986317439251,
      35.94889017907286,
      29.168443184169718,
      34.351393351485775,
      33.78492716773263,
      28.626845686210903,
      32.88540729396404,
      36.866850308303206,
      32.10484127109174,
      30.152361327458053,
      33.97090018370602,
      36.026296227098655,
      28.27222806959482,
      33.860484502485996,
      36.73528150651895,
      32.53414217844479,
      30.653732834593818,
      34.81691044161718,
      28.993118761666636,
      31.964562871354413,
      30.824211159765817,
      30.399350526437463,
      27.862680160273403,
      38.11810406329167,
      39.05616804053146,
      36.936954152670275,
      31.710177163284932,
      35.121970103813496,
      25.170260457456074,
      29.966632629959086,
      29.38005542925418,
      34.163346529573964,
      30.777468855356755,
      36.30599185067855,
      33.110489639641244,
      37.04058996653166,
      26.394317202314863,
      35.58825885416488,
      31.206681062936237
    ]
  }
}