{
  "config": {
    "seed": 42,
    "bs_train": 16,
    "bs_test": 4,
    "batches": 100,
    "epochs": 60,
    "early_stopping": 10,
    "checkpoints": null,
    "lr": 0.0001,
    "print_every": 100,
    "h_dim": 256,
    "z_dim": 32,
    "betas": [
      0.9,
      0.999
    ],
    "kw": {},
    "RTplot": false,
    "out_dir": "./results/Res1/",
    "run_name": "FINAL_ARCHlr_0.0001s_1z_32",
    "x_sigma2": 1
  },
  "results": {
    "num_epochs": 0,
    "train_loss": [
      0.3549711565176646,
      0.2826456000407537,
      0.2718736544251442,
      0.2656764715909958,
      0.26013263215621313,
      0.2562443325916926,
      0.24942477246125538,
      0.2412518839041392,
      0.24229703595240912,
      0.24059730470180513,
      0.2335797374447187,
      0.23313067803780238,
      0.22772884070873262,
      0.23102384557326636,
      0.22745662182569504,
      0.22167559564113617,
      0.21934056878089905,
      0.2177595724662145,
      0.22000911434491474,
      0.22005038857460021,
      0.2164726843436559,
      0.21895780861377717,
      0.21369799673557283,
      0.21240870555241903,
      0.21303720424572628,
      0.21520237922668456,
      0.2124696135520935,
      0.20905893842379253,
      0.20985950628916422,
      0.21033063977956773,
      0.2082050641377767,
      0.20812219480673472,
      0.2131083796421687,
      0.21011863201856612,
      0.20694065590699515,
      0.20825470040241878,
      0.20378417472044627,
      0.20761598547299703,
      0.20748566190401713,
      0.20462497770786287,
      0.20374883711338043,
      0.20982632289330164,
      0.20586523413658142,
      0.20377886792023978,
      0.205045818289121,
      0.20258717238903046,
      0.20404109756151836,
      0.20380046367645263,
      0.20373586118221282,
      0.20312740157047907,
      0.20354853719472885,
      0.20246748874584833,
      0.20473543405532837,
      0.2033080553015073,
      0.20255607068538667,
      0.20326200276613235,
      0.20619178762038548,
      0.20548670987288156,
      0.20235010733207068,
      0.20157527277867
    ],
    "train_acc": [
      20.91457530679309,
      24.646148465579543,
      26.03830259847163,
      26.992195478567194,
      27.620759449346682,
      27.66214067625716,
      28.202386716838255,
      29.164486841567623,
      28.91589539661962,
      28.997013602112723,
      29.681779411402665,
      29.946771218012262,
      30.444049700841624,
      30.013936225027447,
      30.374141818933218,
      30.805713400764716,
      31.261726390782126,
      31.207090608082726,
      31.040410027231612,
      31.075134339063116,
      31.215702422928597,
      30.958020097071635,
      31.466626420610233,
      31.76798758575217,
      31.85282971498307,
      31.43564892544297,
      31.6048642937534,
      32.15443278061604,
      31.91454426790765,
      31.757368907797122,
      32.185848622517724,
      32.16444385259493,
      31.573250905794175,
      31.73963348172941,
      32.124899532284395,
      32.024229673767174,
      32.55527757199778,
      32.12844735479297,
      32.157827639983495,
      32.59866799190866,
      32.4937881958313,
      31.929749539563364,
      32.28643377341378,
      32.41907021544762,
      32.391572682338115,
      32.59674161753705,
      32.48962453327494,
      32.68583297117357,
      32.50845133009405,
      32.474801099394476,
      32.71019347207602,
      32.6130116922055,
      32.41477132804051,
      32.686232950631165,
      32.557319675928944,
      32.59913171748526,
      32.097638782509954,
      32.251463744411176,
      32.60338199316311,
      32.608923023746776
    ],
    "test_loss": [
      0.2803192585706711,
      0.31464456021785736,
      0.28026268258690834,
      0.2821880728006363,
      0.27913928776979446,
      0.25771989300847054,
      0.3038249686360359,
      0.2603648006916046,
      0.29174448549747467,
      0.3169892728328705,
      0.3066677674651146,
      0.26852044463157654,
      0.29945218190550804,
      0.3161145895719528,
      0.28418488800525665,
      0.30183231830596924,
      0.30036086961627007,
      0.36859728768467903,
      0.34473689645528793,
      0.28265342861413956,
      0.31755487620830536,
      0.26300254464149475,
      0.28465408831834793,
      0.34419433400034904,
      0.2999154068529606,
      0.3013881519436836,
      0.3349519595503807,
      0.36760056763887405,
      0.45319247618317604,
      0.3945441320538521,
      0.4584231749176979,
      0.37488871067762375,
      0.41894106194376945,
      0.3922734037041664,
      0.30309968814253807,
      0.3241594508290291,
      0.2783192805945873,
      0.3087491989135742,
      0.293333750218153,
      0.32178831845521927,
      0.3105265907943249,
      0.559222623705864,
      0.29939649999141693,
      0.36135804653167725,
      0.30816134437918663,
      0.4477044343948364,
      0.40784672275185585,
      0.3090086616575718,
      0.3750479035079479,
      0.2452719546854496,
      0.35327640920877457,
      0.3925749436020851,
      0.4671868160367012,
      0.327641524374485,
      0.29686418548226357,
      0.36324746161699295,
      0.3244487792253494,
      0.33193500712513924,
      0.4712820127606392,
      0.34017200767993927
    ],
    "test_acc": [
      27.892628913469505,
      27.468015266694323,
      30.911516144720284,
      30.18176708834315,
      31.902050206177172,
      34.14409910685534,
      28.52641486498279,
      32.29366351258845,
      29.09245532960834,
      26.01494079490926,
      26.989869799328375,
      30.95702825532557,
      27.95911585034623,
      26.489955358808214,
      29.79139131489248,
      28.25559533696467,
      28.49669368462888,
      24.714354703675603,
      24.166219948741627,
      29.181169918544548,
      26.74613154445452,
      31.199678097169574,
      29.639123194908947,
      25.014047426691135,
      30.54647827537222,
      26.908861839123528,
      24.621312252605524,
      22.95790395862347,
      21.843311702879785,
      25.2282407942665,
      18.795706341265426,
      21.24164139189085,
      21.229721456935238,
      22.04095869598991,
      28.528399339214,
      26.15889827424426,
      30.195602290453937,
      26.795510737496038,
      29.30835760774223,
      25.734859728772268,
      27.156635922908354,
      15.057675633472584,
      28.07983155571491,
      21.833589930472748,
      25.681617941872588,
      18.945292507507048,
      21.410470354681806,
      27.124058348505425,
      24.0837730966279,
      33.35884266180991,
      26.804944917354124,
      20.96258462203231,
      18.452674716478747,
      24.29372486148194,
      27.383016852503438,
      22.10416718907769,
      27.142401495334138,
      28.427773644671333,
      20.692817561565224,
      23.605138395768748
    ]
  }
}