{
  "config": {
    "seed": 42,
    "bs_train": 16,
    "bs_test": 4,
    "batches": 100,
    "epochs": 60,
    "early_stopping": 10,
    "checkpoints": null,
    "lr": 0.0005,
    "print_every": 100,
    "h_dim": 256,
    "z_dim": 32,
    "betas": [
      0.9,
      0.999
    ],
    "kw": {},
    "RTplot": false,
    "out_dir": "./results/Res1/",
    "run_name": "FINAL_ARCHlr_0.0005s_1z_32",
    "x_sigma2": 1
  },
  "results": {
    "num_epochs": 0,
    "train_loss": [
      0.6425589094559352,
      0.2861451735099157,
      0.2707254598538081,
      0.2657500257094701,
      0.2590231537818909,
      0.2577667380372683,
      0.2530856932202975,
      0.2480577488740285,
      0.23610412826140723,
      0.23529495745897294,
      0.2303515171011289,
      0.22968070109685262,
      0.22598564674456914,
      0.22673483341932296,
      0.22658522079388302,
      0.22791370749473572,
      0.21579377204179764,
      0.2199851502974828,
      0.21593416680892308,
      0.2153466726342837,
      0.2175204614798228,
      0.2171407257517179,
      0.21289378702640532,
      0.21035721898078918,
      0.2109216014544169,
      0.211962532500426,
      0.21132360994815827,
      0.20748948007822038,
      0.21077627191940942,
      0.2087327053149541,
      0.20694359590609868,
      0.20623371203740437,
      0.21027248352766037,
      0.2072439581155777,
      0.20385994712511699,
      0.20425222565730414,
      0.2030424455801646,
      0.20438255270322164,
      0.20630809168020883,
      0.20300012677907944,
      0.2041683832804362,
      0.20746626555919648,
      0.20346728314956028,
      0.20286469757556916,
      0.20345461616913477,
      0.20040556987126668,
      0.20044618050257365,
      0.19980148772398632,
      0.20231841901938122,
      0.20127927561601003,
      0.20380595177412034,
      0.20417999774217604,
      0.20292340715726218,
      0.2029455880324046,
      0.201320780813694,
      0.2030763233701388,
      0.20522594054539997,
      0.20133182952801387,
      0.20073196639617283,
      0.1985461711883545
    ],
    "train_acc": [
      22.235662186850547,
      25.173072160067022,
      26.79620277065035,
      27.86129449095378,
      28.374894303955266,
      28.4922184319135,
      28.978278464700164,
      29.534722486349015,
      29.714592925795344,
      29.813476959777226,
      30.35420053880246,
      30.81018120370823,
      30.73325857588193,
      30.58996453141679,
      31.00453463560683,
      30.73893161804118,
      31.663870231898432,
      31.105341874730268,
      31.421312904430472,
      31.546462969673033,
      31.43506822989079,
      31.291552351344787,
      31.679402880475912,
      31.960173893649717,
      31.807940967141306,
      31.669574796332938,
      31.641034011992463,
      32.16694549314003,
      31.819771130955168,
      31.970621964016047,
      32.27240997527094,
      32.23967993453201,
      31.717326399553613,
      31.906659089870725,
      32.42883881627133,
      32.28586444470712,
      32.57317439052607,
      32.29316607910009,
      32.00350630547765,
      32.668143434305996,
      32.39806926985799,
      31.988152373310538,
      32.33186568664749,
      32.2831578903868,
      32.422473438492574,
      32.690412258654185,
      32.74342907152126,
      32.8192110126775,
      32.62539878023192,
      32.55345632359133,
      32.518428706653125,
      32.586996373724396,
      32.43471364243519,
      32.49356634704224,
      32.49213969031233,
      32.34401016007494,
      31.86131748757851,
      32.48782857985687,
      32.5095891060884,
      32.66420466378795
    ],
    "test_loss": [
      0.2949178069829941,
      0.2936883196234703,
      0.26139209792017937,
      0.29199589788913727,
      0.3449728563427925,
      0.2807662785053253,
      0.2756938748061657,
      0.28995852917432785,
      0.3518405333161354,
      0.2746184878051281,
      0.3090723566710949,
      0.2682079188525677,
      0.27279362082481384,
      0.36134205758571625,
      0.3133224621415138,
      0.33972835168242455,
      0.3129575364291668,
      0.40917742252349854,
      0.3982435241341591,
      0.46965229511260986,
      0.3748907968401909,
      0.2802266255021095,
      0.2733217552304268,
      0.3367713950574398,
      0.2966329790651798,
      0.3301025927066803,
      0.2937289625406265,
      0.26647092029452324,
      0.42807938903570175,
      0.3475809842348099,
      0.3691715598106384,
      0.28248174861073494,
      0.3891731724143028,
      0.3748641796410084,
      0.4046316593885422,
      0.3776732534170151,
      0.3312822990119457,
      0.38858289644122124,
      0.4331340156495571,
      0.35610874742269516,
      0.38157836347818375,
      0.3852801024913788,
      0.28811807185411453,
      0.4158242717385292,
      0.24184294044971466,
      0.45904869586229324,
      0.45124486833810806,
      0.356734462082386,
      0.3642519935965538,
      0.32537541538476944,
      0.28347324952483177,
      0.29063643887639046,
      0.259165920317173,
      0.289587888866663,
      0.48048780113458633,
      0.29613932222127914,
      0.3523881584405899,
      0.42275235056877136,
      0.3471735343337059,
      0.4227420277893543
    ],
    "test_acc": [
      30.03054710631479,
      29.95839418717006,
      33.515983537073744,
      28.0660105028786,
      24.639353335745934,
      33.480843159694345,
      30.59622529778663,
      29.948098257140234,
      24.377610566263606,
      31.711182596700098,
      26.78001373624862,
      30.563540586639665,
      30.834910187447715,
      23.665139589517697,
      26.862842715381536,
      26.68034917650869,
      28.17479761936721,
      24.273712469363232,
      20.012937425508337,
      17.45978172962452,
      22.72530392351385,
      30.51436193121037,
      30.239810384907013,
      25.26311320673963,
      27.183118062466146,
      24.573709228282137,
      28.090492848794163,
      31.925695931347963,
      19.26582702880937,
      25.627459390520634,
      21.751098323692027,
      31.870894010252947,
      22.771363646976685,
      24.709090090718387,
      20.87485476634208,
      24.539574821356673,
      27.464757305955917,
      22.798560382030306,
      20.44330925246221,
      23.958200177206553,
      20.98442437084052,
      22.68423360953807,
      28.638441999577555,
      21.545824619235496,
      33.78542136368415,
      16.929744204956325,
      21.52666602621814,
      23.1699243509133,
      23.060413199277942,
      26.967977855412844,
      31.256587831434974,
      29.163307269308866,
      31.691698974398644,
      28.475738930660217,
      18.85457170136293,
      28.912528603129058,
      23.31925297791577,
      20.879265723124053,
      23.00910206345782,
      20.130403976446388
    ]
  }
}