{
  "config": {
    "seed": 42,
    "bs_train": 16,
    "bs_test": 4,
    "batches": 100,
    "epochs": 60,
    "early_stopping": 10,
    "checkpoints": null,
    "lr": 0.0001,
    "print_every": 100,
    "h_dim": 256,
    "z_dim": 128,
    "betas": [
      0.9,
      0.999
    ],
    "kw": {},
    "RTplot": false,
    "out_dir": "./results/Res1/",
    "run_name": "FINAL_ARCHlr_0.0001s_0.9z_128",
    "x_sigma2": 0.9
  },
  "results": {
    "num_epochs": 0,
    "train_loss": [
      0.3774192730585734,
      0.31135396361351014,
      0.30010048200686773,
      0.2904978727300962,
      0.28289162218570707,
      0.2763331597050031,
      0.26685695151487987,
      0.26634924560785295,
      0.26254449089368187,
      0.25189152657985686,
      0.255405405163765,
      0.25372364521026614,
      0.25579531739155453,
      0.24548263202110926,
      0.24801321824391684,
      0.25002713153759637,
      0.24783574640750886,
      0.24213040520747503,
      0.25019207497437795,
      0.24848015507062277,
      0.24413970510164898,
      0.24521971295277278,
      0.24090253561735153,
      0.23993688176075617,
      0.24428272893031439,
      0.23856589843829473,
      0.2422818124294281,
      0.24060627470413845,
      0.23868671556313834,
      0.23865150759617487,
      0.23371287633975346,
      0.23386720418930054,
      0.23078655898571016,
      0.2390608822305997,
      0.2289183830221494,
      0.23187849124272664,
      0.23004400531450908,
      0.22878926793734233,
      0.22923149863878886,
      0.2268617108464241,
      0.22684220224618912,
      0.22914653023084006,
      0.22501206149657568,
      0.22657032708326977,
      0.22698281009991964,
      0.227872467537721,
      0.22508423129717509,
      0.22038016269604366,
      0.22941689093907675,
      0.22300896942615508,
      0.22199834734201432,
      0.2260753944516182,
      0.22489359229803085,
      0.22038247535626093,
      0.222274083395799,
      0.22485980838537217,
      0.220108267168204,
      0.21874292939901352,
      0.22291883577903113,
      0.22116978118817013
    ],
    "train_acc": [
      21.070284424148618,
      24.650535112468706,
      26.816993183729476,
      28.189688878310225,
      28.954212183207847,
      29.74670726168673,
      30.818044588205044,
      31.007612053631192,
      31.328030789578325,
      32.15158060965105,
      31.87103471939664,
      31.85083845768981,
      31.95383289479668,
      32.76553822353772,
      32.477810895986025,
      32.38375276468485,
      32.73697375876068,
      33.17497517552823,
      32.50844815859997,
      32.358464182573094,
      32.807846282773944,
      32.8413924866598,
      33.29648534964007,
      33.54145519470418,
      32.91532199483051,
      33.4978901643729,
      32.81280044900175,
      33.36691228407583,
      33.36332317089237,
      33.501983931493626,
      33.99689856696312,
      33.836539694571336,
      34.51841007938374,
      33.27823616385451,
      34.65450298163378,
      34.022882704793595,
      34.164641291132554,
      34.37999840442649,
      34.510164013507904,
      34.85833172674176,
      34.62758395653196,
      34.338152706958276,
      34.74875048156548,
      34.62098443169004,
      34.44500240047119,
      34.74494731984962,
      34.76155405333838,
      35.53105442426226,
      34.91560686089593,
      34.8258808512187,
      35.41112540076307,
      34.33684973689346,
      35.06285459634761,
      35.18386728272052,
      35.26801228720081,
      34.90362972149452,
      35.44105001197191,
      35.634354026120924,
      35.10314533417014,
      35.431022958105764
    ],
    "test_loss": [
      0.3204898536205292,
      0.3034726455807686,
      0.32141586393117905,
      0.29237762838602066,
      0.2912304401397705,
      0.3049089312553406,
      0.28278835862874985,
      0.30510684102773666,
      0.2934420108795166,
      0.2748068869113922,
      0.29076259955763817,
      0.2904365137219429,
      0.26225390657782555,
      0.2867588438093662,
      0.2844582796096802,
      0.27019722014665604,
      0.3051403686404228,
      0.35246626287698746,
      0.27773742377758026,
      0.3980722948908806,
      0.2987581677734852,
      0.29702674597501755,
      0.33910366520285606,
      0.33677130937576294,
      0.2532060332596302,
      0.3269914910197258,
      0.2802400663495064,
      0.3261236473917961,
      0.2785169444978237,
      0.2654447518289089,
      0.26704351231455803,
      0.29295187070965767,
      0.2996813990175724,
      0.36072228848934174,
      0.25392531231045723,
      0.33350077271461487,
      0.2770012877881527,
      0.3105821758508682,
      0.2920968234539032,
      0.27291733026504517,
      0.35054562613368034,
      0.34523632749915123,
      0.26208119466900826,
      0.33923253417015076,
      0.2548510804772377,
      0.2320811040699482,
      0.23321355134248734,
      0.40442682802677155,
      0.28539031371474266,
      0.2949754521250725,
      0.2532225400209427,
      0.32522669807076454,
      0.3057856634259224,
      0.35246937721967697,
      0.30441560596227646,
      0.2831733152270317,
      0.27377280592918396,
      0.30099522322416306,
      0.28211504966020584,
      0.2670506685972214
    ],
    "test_acc": [
      27.06387665929694,
      30.959060095017872,
      29.54732876213442,
      32.73364568192802,
      33.58130258359199,
      33.087127706882974,
      33.44735095644965,
      31.33731893499078,
      32.34900146102163,
      34.82426695971639,
      32.6294712029968,
      32.967978686723285,
      36.15816807274075,
      33.12569933582691,
      35.279232823968194,
      36.16156062035304,
      31.08101411100272,
      27.736660114935514,
      34.7446619023771,
      23.818752067994144,
      33.33421913882947,
      31.68262617238325,
      30.022674113872903,
      29.00072704881107,
      37.86541566993527,
      29.27919181549858,
      33.10699183804938,
      28.856656228635035,
      34.30552862516643,
      34.91269020405785,
      34.149962634815445,
      31.48541363244306,
      33.36800476183071,
      25.169464699799832,
      36.51802585499397,
      29.25678028814036,
      33.47248813355138,
      31.822382146717427,
      33.440399947970775,
      34.58496149337574,
      29.896032129074474,
      30.637534425035785,
      34.60525895014561,
      27.051970009383204,
      36.04145840485635,
      39.677106244473954,
      39.69402440048253,
      25.937428293550486,
      32.04861519007773,
      31.494196342958528,
      36.54122285846243,
      31.317291517034384,
      30.761633617375075,
      26.740428310789802,
      29.51966325606386,
      32.71597974285642,
      34.589897299339164,
      31.849449801236453,
      32.699881610501926,
      34.68319407821572
    ]
  }
}