{
  "config": {
    "seed": 42,
    "bs_train": 16,
    "bs_test": 4,
    "batches": 100,
    "epochs": 60,
    "early_stopping": 10,
    "checkpoints": null,
    "lr": 0.0003,
    "print_every": 100,
    "h_dim": 256,
    "z_dim": 128,
    "betas": [
      0.9,
      0.999
    ],
    "kw": {},
    "RTplot": false,
    "out_dir": "./results/Res1/",
    "run_name": "FINAL_ARCHlr_0.0003s_0.85z_128",
    "x_sigma2": 0.85
  },
  "results": {
    "num_epochs": 0,
    "train_loss": [
      0.45556265314420064,
      0.3334560453891754,
      0.32227856417497,
      0.31612642109394073,
      0.29788738588492075,
      0.2954038659731547,
      0.2867070953051249,
      0.2896897464990616,
      0.28269625306129453,
      0.277902398010095,
      0.2693395147720973,
      0.27027703473965325,
      0.27244241287310916,
      0.26586238394180933,
      0.25833547562360765,
      0.26414594004551567,
      0.25545425017674767,
      0.25687248110771177,
      0.251200325290362,
      0.2550995036959648,
      0.2546538785099983,
      0.25020355681578316,
      0.25087560365597406,
      0.24646123548348745,
      0.2486231063803037,
      0.25022422671318056,
      0.2401195228099823,
      0.24209149529536564,
      0.24574307600657144,
      0.2401349519689878,
      0.23281993369261425,
      0.23960965524117153,
      0.23625903079907098,
      0.24021196166674297,
      0.24182826032241186,
      0.23608534733454387,
      0.2395457978049914,
      0.23422746658325194,
      0.23661012103160223,
      0.23304415394862493,
      0.2353128915031751,
      0.23224686533212663,
      0.22963363627592723,
      0.23623981227477392,
      0.23315803706645966,
      0.23390971769889196,
      0.23177822232246398,
      0.22929420123497646,
      0.23064353168010712,
      0.22867895265420277,
      0.23051056961218516,
      0.23763968696196874,
      0.22996906042099,
      0.2279545913139979,
      0.22963444590568544,
      0.2279813011487325,
      0.22837037841478983,
      0.22586793253819148,
      0.22373057355483372,
      0.22380251636107762
    ],
    "train_acc": [
      22.698935108798146,
      26.89351565888146,
      28.88845083363262,
      29.564044319192174,
      30.51371049483676,
      30.573073405706406,
      30.994686913620047,
      31.013680243186194,
      31.903695369449416,
      31.373080099288032,
      32.54254634341454,
      32.058263467549956,
      32.01927995684476,
      32.6589475583078,
      32.606872281440616,
      32.09649700855402,
      33.31548288289025,
      32.88601047581976,
      33.238861187372265,
      32.89609365340859,
      33.059871984074725,
      33.11831883393384,
      33.662425697862304,
      33.76515374630891,
      33.46614467461481,
      33.04370545843454,
      34.39914491655497,
      34.0204909406115,
      33.9236318879728,
      34.28216646148079,
      35.6771093585086,
      34.44120483124089,
      34.81697443025715,
      34.655735028962475,
      34.35696784619581,
      34.81532915980536,
      34.37943386669539,
      35.20692051592323,
      34.72559167930731,
      35.411393706255296,
      34.873420428800415,
      35.483493870908596,
      35.460673447672,
      35.19504395618008,
      34.983202874900876,
      35.390951556365046,
      35.7059365490508,
      36.15766295311247,
      35.865482738014016,
      35.739558798442516,
      35.78000579387085,
      34.4348963279518,
      36.074773900437954,
      35.848323506485045,
      36.011612417003725,
      35.743447375284575,
      35.99173528252741,
      36.19574619210641,
      36.675416969154135,
      36.84428658714418
    ],
    "test_loss": [
      0.3618157282471657,
      0.37676461040973663,
      0.41658248007297516,
      0.3226993456482887,
      0.3297204300761223,
      0.3336760550737381,
      0.2971884459257126,
      0.31174324452877045,
      0.2967742756009102,
      0.28665783256292343,
      0.3881794214248657,
      0.30420782417058945,
      0.3152610994875431,
      0.331167072057724,
      0.27302349358797073,
      0.30219341069459915,
      0.333875373005867,
      0.4502204805612564,
      0.26296523958444595,
      0.3861938491463661,
      0.3457420952618122,
      0.28429172188043594,
      0.28496016189455986,
      0.3571539968252182,
      0.29261863976716995,
      0.3113659918308258,
      0.3378395140171051,
      0.3012525588274002,
      0.2740788161754608,
      0.31343691423535347,
      0.34289970993995667,
      0.283336590975523,
      0.27669381350278854,
      0.3500882312655449,
      0.30298416689038277,
      0.27672334015369415,
      0.3053785711526871,
      0.3224474936723709,
      0.2847469449043274,
      0.38531480729579926,
      0.33416932821273804,
      0.33936285972595215,
      0.34187808632850647,
      0.362156480550766,
      0.2648725286126137,
      0.24436645954847336,
      0.27167826145887375,
      0.3329254016280174,
      0.2781614139676094,
      0.4102475121617317,
      0.358046755194664,
      0.33021480590105057,
      0.2875492796301842,
      0.3312861956655979,
      0.27366969734430313,
      0.3030325397849083,
      0.26987531781196594,
      0.37614119052886963,
      0.27580129355192184,
      0.3933204188942909
    ],
    "test_acc": [
      26.860879471772247,
      28.412056105418596,
      25.449675261201122,
      32.9609060470971,
      32.44603312320392,
      31.026319679503437,
      35.04616669408951,
      33.592822267362145,
      33.7434258484118,
      36.578984240326136,
      26.112442492031725,
      33.69580231690839,
      32.59653084249832,
      30.358076668321686,
      36.85637780503755,
      31.854552069367983,
      29.943177580371454,
      22.27679358808155,
      38.79280558013145,
      25.50431561091907,
      31.01621645944182,
      35.19015998957884,
      35.354223190153746,
      28.91739357985694,
      33.80166631031595,
      32.537346985288515,
      28.794224182861377,
      32.237225978018415,
      36.37244053999134,
      31.684735630978427,
      30.174867863833388,
      34.29845328509327,
      35.5570275056251,
      27.866067229053147,
      32.1142292744404,
      36.0963092270419,
      32.47135872070231,
      30.513816494722285,
      34.457658487862034,
      28.656471938485353,
      31.341876863687393,
      29.98353775561242,
      29.991347516758278,
      27.07389947442087,
      38.33585471722647,
      39.38542796969218,
      36.22097828745602,
      32.572810280816356,
      35.07343304134238,
      23.951997361646693,
      28.42985799021255,
      29.813436525399567,
      33.22506773659756,
      30.608236698839942,
      35.792181762054064,
      33.043789032418324,
      37.36967055444186,
      26.56580650314118,
      34.82489935251265,
      30.861145481264195
    ]
  }
}