{
  "config": {
    "seed": 42,
    "bs_train": 16,
    "bs_test": 4,
    "batches": 100,
    "epochs": 60,
    "early_stopping": 10,
    "checkpoints": null,
    "lr": 0.0005,
    "print_every": 100,
    "h_dim": 256,
    "z_dim": 128,
    "betas": [
      0.9,
      0.999
    ],
    "kw": {},
    "RTplot": false,
    "out_dir": "./results/Res1/",
    "run_name": "FINAL_ARCHlr_0.0005s_0.85z_128",
    "x_sigma2": 0.85
  },
  "results": {
    "num_epochs": 0,
    "train_loss": [
      0.6174964855114619,
      0.3434658447901408,
      0.3410211155811946,
      0.33101815084616343,
      0.3249701092640559,
      0.3056650847196579,
      0.30002660900354383,
      0.29563994109630587,
      0.2927240918080012,
      0.2897946784893672,
      0.2749195272723834,
      0.27512624859809875,
      0.2692487120628357,
      0.26303161183993023,
      0.2626710886756579,
      0.26184309472640355,
      0.257035726805528,
      0.25264929980039597,
      0.255438964565595,
      0.25758572667837143,
      0.2530375361442566,
      0.25239206502834954,
      0.24796423614025115,
      0.24496596256891887,
      0.24625540524721146,
      0.24528540621201197,
      0.24385709712902706,
      0.24556495795647304,
      0.24938151141007742,
      0.24289707293113072,
      0.23390057682991028,
      0.24468303024768828,
      0.23600032379229863,
      0.24248634775479636,
      0.23772399177153905,
      0.23269937088092169,
      0.23555030773083369,
      0.23248091439406077,
      0.23637103140354157,
      0.2367943435907364,
      0.23362019211053847,
      0.23412193953990937,
      0.2312973404924075,
      0.2351257984836896,
      0.23025036007165908,
      0.22991398771603902,
      0.22993835707505544,
      0.23017962127923966,
      0.2259893442193667,
      0.2251525342464447,
      0.22781604379415513,
      0.23378072082996368,
      0.22811709543069203,
      0.22824231833219527,
      0.22966936926047007,
      0.2275615413983663,
      0.22663229803244272,
      0.2218040183186531,
      0.22386549512545267,
      0.22034301857153574
    ],
    "train_acc": [
      22.845886410888628,
      27.197180279770365,
      28.479306558391027,
      29.25792142605963,
      28.974368880041677,
      30.0791357097518,
      30.208451296538172,
      30.41810574312994,
      30.98729387820384,
      30.772621476515354,
      31.898975672312364,
      31.691066923365995,
      32.10959977048553,
      32.86431355463637,
      32.49242750568843,
      32.27391717837007,
      32.950942085266234,
      33.100143409894336,
      32.851066878026316,
      32.69478277713258,
      33.354662529772575,
      32.7624166819024,
      33.64820802305555,
      33.95248787323399,
      33.67562587710544,
      33.58614798256334,
      34.044995134593286,
      33.84047802094415,
      33.56330653202872,
      34.05949628623532,
      35.5927769655713,
      33.97261299021209,
      34.69783124058565,
      34.192082812255414,
      34.56457697472444,
      35.27199731297373,
      34.820993844331966,
      36.01427263417798,
      35.15216396342392,
      35.0676588317172,
      35.076432056193276,
      35.3391299553805,
      35.22226882363093,
      35.13106649099954,
      35.45331333579913,
      35.812817796950135,
      35.61904901999836,
      35.906334348919536,
      36.617735296462904,
      36.17811830564052,
      36.06013012695373,
      34.903588192010844,
      36.18658484429662,
      35.98443913374075,
      35.85457328950668,
      36.00307809516699,
      36.19240337987328,
      36.639932347060146,
      36.74358252529889,
      37.27786014854655
    ],
    "test_loss": [
      0.37415607273578644,
      0.404379665851593,
      0.3874499127268791,
      0.34489451348781586,
      0.3367401137948036,
      0.33627843856811523,
      0.28415360301733017,
      0.3372962176799774,
      0.33051836490631104,
      0.3031105026602745,
      0.38810835033655167,
      0.3479185551404953,
      0.3188992254436016,
      0.32468003034591675,
      0.2855392023921013,
      0.33404091745615005,
      0.3349969610571861,
      0.425134614109993,
      0.28264858573675156,
      0.31921950727701187,
      0.32780881971120834,
      0.34021858498454094,
      0.3210406005382538,
      0.39736051857471466,
      0.30553334206342697,
      0.28070324659347534,
      0.29220519214868546,
      0.28496065735816956,
      0.3005341403186321,
      0.3177730329334736,
      0.3783850148320198,
      0.30025048181414604,
      0.28635190054774284,
      0.3305014446377754,
      0.33587684109807014,
      0.28991660848259926,
      0.31989432498812675,
      0.3313763216137886,
      0.3148353397846222,
      0.3562827631831169,
      0.31788722053170204,
      0.29775741323828697,
      0.35343318432569504,
      0.306572537869215,
      0.2952658534049988,
      0.27064233273267746,
      0.31768423318862915,
      0.3036660850048065,
      0.3163840174674988,
      0.33064360171556473,
      0.3460378274321556,
      0.37435831129550934,
      0.28943344950675964,
      0.28581301495432854,
      0.2835485525429249,
      0.339766476303339,
      0.2839857190847397,
      0.3810470774769783,
      0.28991737216711044,
      0.29618457704782486
    ],
    "test_acc": [
      28.80246216630632,
      25.850380675796135,
      29.449239749400792,
      31.364247874280775,
      33.074031109257696,
      31.71568169964459,
      35.6802913497241,
      30.34752057151971,
      30.7369676378605,
      34.238514157386945,
      26.15014412111302,
      30.863369668838235,
      32.59215178165167,
      32.37847531992419,
      34.67719999528381,
      28.68886533728189,
      30.898927634485933,
      23.46744027180014,
      35.896020050697366,
      30.715192099753114,
      31.98816173749957,
      29.688198290138455,
      31.867045814779996,
      24.42596989131233,
      32.05974692322073,
      35.857505753877156,
      33.139506906029304,
      35.39672421311235,
      32.81187365010135,
      31.383236079313352,
      27.429681411006808,
      33.0917788479608,
      34.24024569094413,
      31.011601351304165,
      30.328989612965152,
      35.188266277168246,
      31.026763762256618,
      29.433114892839413,
      31.083467332408354,
      31.555632779637357,
      31.450515122605545,
      32.61846703370974,
      27.154651467798026,
      31.61880019550766,
      33.799824225596836,
      35.145193448029396,
      33.912758414773236,
      33.24374298079566,
      30.644208686052885,
      29.57620241104713,
      28.866744514354522,
      27.09923362858215,
      34.01457026111797,
      34.978326012356284,
      34.70877235816102,
      29.67727780895646,
      34.13654123080888,
      26.701390360366275,
      34.02366186070362,
      36.94544267439736
    ]
  }
}