{
  "config": {
    "seed": 42,
    "bs_train": 16,
    "bs_test": 4,
    "batches": 100,
    "epochs": 60,
    "early_stopping": 10,
    "checkpoints": null,
    "lr": 0.0008,
    "print_every": 100,
    "h_dim": 256,
    "z_dim": 32,
    "betas": [
      0.9,
      0.999
    ],
    "kw": {},
    "RTplot": false,
    "out_dir": "./results/Res1/",
    "run_name": "FINAL_ARCHlr_0.0008s_0.8z_32",
    "x_sigma2": 0.8
  },
  "results": {
    "num_epochs": 0,
    "train_loss": [
      1.3381068885326386,
      0.3730143149693807,
      0.3335958351691564,
      0.3279703547557195,
      0.3235565314690272,
      0.3185416986544927,
      0.3110357205073039,
      0.3055931200583776,
      0.30014303624629973,
      0.30007736682891845,
      0.28819777965545657,
      0.29828210224707924,
      0.30342621902624767,
      0.29371526738007864,
      0.2902004619439443,
      0.29083741853634515,
      0.2745240633686384,
      0.2729507014155388,
      0.2757194712758064,
      0.2724321782588959,
      0.27532055278619133,
      0.27191098878781,
      0.2667631561557452,
      0.26256776998440423,
      0.2648689140876134,
      0.26541697829961775,
      0.26606147090593973,
      0.25908173869053525,
      0.26373122533162435,
      0.2631247719128927,
      0.2588174770275752,
      0.2588137929638227,
      0.2642070824901263,
      0.2605659946799278,
      0.2544550528128942,
      0.2562886506319046,
      0.2528204749027888,
      0.25687653869390487,
      0.25976366847753524,
      0.25392100115617117,
      0.252510425945123,
      0.25602644234895705,
      0.2570754359165827,
      0.2534781331817309,
      0.25344626406828563,
      0.2555519461631775,
      0.2523416404922803,
      0.2500509813427925,
      0.25180099308490755,
      0.25118285218874614,
      0.2513230631748835,
      0.25051079044739405,
      0.25377892653147377,
      0.2538232162594795,
      0.25223199228445686,
      0.25170503606398903,
      0.25560325135787326,
      0.25100628038247425,
      0.24945241808891297,
      0.24711094051599503
    ],
    "train_acc": [
      22.345862932636614,
      25.706583376587627,
      27.17560118061903,
      28.140455476161883,
      28.194486213459264,
      28.474494463993803,
      29.14874060701722,
      29.420579882037718,
      29.353231215243287,
      29.503120289523608,
      30.394790741462078,
      30.40535921378594,
      30.249384249513202,
      30.12826184562026,
      30.7887596363388,
      30.66133354493265,
      31.504674248957983,
      31.463877355130894,
      31.14896863542728,
      31.613790405596646,
      31.434466859715844,
      31.282002417425307,
      31.71131826422629,
      32.04573753677912,
      32.0043835260694,
      31.86717340919447,
      31.657393550604315,
      32.32347383279665,
      31.84390905096443,
      31.809397450046113,
      32.42431334382793,
      32.348360509296455,
      31.73139246457055,
      31.84252873383302,
      32.57194531034412,
      32.33839246898892,
      32.80203736430487,
      32.32028015959886,
      32.113023857936284,
      32.81690041035933,
      32.710661909776384,
      32.337678331430155,
      32.247188847205074,
      32.39817730423783,
      32.70510196433069,
      32.56754128078588,
      32.75713381451828,
      32.94095468385491,
      32.791499979620774,
      32.68021089080383,
      32.87243337068425,
      32.96416925728455,
      32.44592435071039,
      32.46194529309687,
      32.514067698114694,
      32.564377746058796,
      31.965538608728732,
      32.612316855914095,
      32.70193427744608,
      32.846220096193335
    ],
    "test_loss": [
      0.45392995327711105,
      0.38019880652427673,
      0.3395968973636627,
      0.39197303354740143,
      0.4157877117395401,
      0.38921352475881577,
      0.35977576673030853,
      0.3426927551627159,
      0.40689829736948013,
      0.33525168895721436,
      0.34507547318935394,
      0.3699693903326988,
      0.31600137054920197,
      0.47566234320402145,
      0.3542279526591301,
      0.36031708866357803,
      0.3823976442217827,
      0.46222203224897385,
      0.4096500054001808,
      0.47523076832294464,
      0.41431743651628494,
      0.3197167217731476,
      0.3386099636554718,
      0.46234943717718124,
      0.3776579052209854,
      0.4028496891260147,
      0.35417290776968,
      0.33528348058462143,
      0.470724456012249,
      0.4132569804787636,
      0.41769979149103165,
      0.3974461890757084,
      0.4133746922016144,
      0.43552888184785843,
      0.4651443809270859,
      0.4555150270462036,
      0.339253231883049,
      0.4197218120098114,
      0.46346648782491684,
      0.32180803269147873,
      0.3533046469092369,
      0.5178708806633949,
      0.38879483938217163,
      0.5503910630941391,
      0.3374452367424965,
      0.47803498059511185,
      0.5068654865026474,
      0.3556596077978611,
      0.53396275639534,
      0.3730001524090767,
      0.3967149928212166,
      0.42838338017463684,
      0.3468911536037922,
      0.43627742677927017,
      0.46284405142068863,
      0.656536877155304,
      0.39349882304668427,
      0.6429035924375057,
      0.4109607823193073,
      0.4379909336566925
    ],
    "test_acc": [
      29.18542685478083,
      29.517358826581066,
      31.9324467871016,
      27.755160053783868,
      27.73987653946855,
      29.743291137814808,
      28.778389929556823,
      32.671081766552675,
      26.806130433213312,
      30.722834930609864,
      30.67149246934755,
      27.781871871125574,
      32.69304138057585,
      22.23087082643563,
      32.7524799378216,
      28.285774093841017,
      27.032569619255558,
      24.090794435728643,
      26.043595811374484,
      24.583985463781534,
      27.119093768232887,
      32.513782183227804,
      30.852086537500966,
      23.58573577043898,
      27.437482683123587,
      25.88148922441107,
      28.310266277568754,
      31.288042113324686,
      21.694647660882918,
      25.92655856350371,
      25.360295166665743,
      27.48542205909423,
      25.358332347745414,
      23.863711607349074,
      21.733046919144844,
      24.142814134786533,
      29.6699667134848,
      25.676017264888475,
      21.738784834172705,
      32.398215923213606,
      27.731681293399326,
      21.468214632491172,
      27.92211404137805,
      17.906749688125323,
      29.548641689587154,
      20.9109553977339,
      21.768387397878467,
      28.394437504404653,
      20.59562773132418,
      26.72935023927361,
      27.621054056130703,
      25.619667867891,
      30.402564344387965,
      24.17752560937434,
      23.124356807967484,
      19.626869717276218,
      26.00285690348385,
      20.574683845436905,
      27.631371224623887,
      24.442957205301553
    ]
  }
}