{
  "config": {
    "seed": 42,
    "bs_train": 16,
    "bs_test": 4,
    "batches": 100,
    "epochs": 60,
    "early_stopping": 10,
    "checkpoints": null,
    "lr": 0.0003,
    "print_every": 100,
    "h_dim": 256,
    "z_dim": 32,
    "betas": [
      0.9,
      0.999
    ],
    "kw": {},
    "RTplot": false,
    "out_dir": "./results/Res1/",
    "run_name": "FINAL_ARCHlr_0.0003s_1z_32",
    "x_sigma2": 1
  },
  "results": {
    "num_epochs": 0,
    "train_loss": [
      0.44243910710016887,
      0.28611615747213365,
      0.2725364754597346,
      0.26008653789758684,
      0.2509465739130974,
      0.2562465126315753,
      0.24234654555718105,
      0.23056432406107585,
      0.23489995151758195,
      0.23386939962704975,
      0.22341433068116506,
      0.2312753881017367,
      0.2238244156042735,
      0.224148224790891,
      0.22213030755519866,
      0.2185876359542211,
      0.21436592191457748,
      0.21963513245185215,
      0.21540561070044836,
      0.2134374961256981,
      0.21328545957803727,
      0.21505614668130874,
      0.21203950693209966,
      0.2100146621465683,
      0.21150081704060236,
      0.21124750922123592,
      0.20972321728865306,
      0.20665674805641174,
      0.20825727333625157,
      0.20740621934334438,
      0.2060580978790919,
      0.20521324972311655,
      0.21056984563668568,
      0.20734861294428508,
      0.20576872279246647,
      0.20567382176717122,
      0.2027394264936447,
      0.20368241022030512,
      0.20524299691120784,
      0.20274596959352492,
      0.20314976026614506,
      0.20838807026545206,
      0.2037987103064855,
      0.20224386354287466,
      0.20210184305906295,
      0.19994601358970007,
      0.20022864441076915,
      0.20044299960136414,
      0.2012823979059855,
      0.20161262601614,
      0.20375831723213195,
      0.20000029752651852,
      0.20236610074838002,
      0.20176475793123244,
      0.20129424532254536,
      0.20213633030653,
      0.2049142042795817,
      0.20200821856657664,
      0.20012810627619426,
      0.1993606333931287
    ],
    "train_acc": [
      22.28976333981548,
      25.208918629682305,
      26.290762557981864,
      28.027550523026903,
      28.677852409483055,
      28.753184696193305,
      29.248991953035418,
      30.255569840388272,
      30.01020624655868,
      29.914307343339292,
      30.766262641156878,
      30.868916968250314,
      30.993455411152826,
      30.584717422699413,
      31.037938984389815,
      31.18927043089777,
      31.801824636177283,
      31.205352438631945,
      31.431667617738473,
      31.72843213368322,
      31.62102511268581,
      31.406296018230602,
      31.723650304621177,
      32.05671179592754,
      31.84897365429336,
      31.754071352831303,
      31.808147754675844,
      32.21973107953534,
      31.953764695055167,
      31.95871979123864,
      32.323619105692465,
      32.317621945524444,
      31.702868178934775,
      31.912834156105127,
      32.182540750465506,
      32.1463350926192,
      32.58596175649641,
      32.357616306919354,
      32.201641361688615,
      32.76344338047905,
      32.45180314566932,
      31.899235152830673,
      32.30088629952569,
      32.4220216552385,
      32.57178472554155,
      32.66355971002535,
      32.761672262231485,
      32.79594619827878,
      32.69641801161099,
      32.54840919018172,
      32.517785330662335,
      32.73533027739433,
      32.37828584941995,
      32.630542446043314,
      32.496495507750254,
      32.49823534129972,
      31.953130159933114,
      32.43462913620557,
      32.5786271314803,
      32.59972891432676
    ],
    "test_loss": [
      0.28155840933322906,
      0.2888309806585312,
      0.26135003939270973,
      0.28393418341875076,
      0.29580477625131607,
      0.28205908089876175,
      0.28426046669483185,
      0.31066229194402695,
      0.36558112502098083,
      0.3053775019943714,
      0.31543485075235367,
      0.25955983623862267,
      0.2834455333650112,
      0.3454076573252678,
      0.30786874145269394,
      0.30990952998399734,
      0.3433706946671009,
      0.3809254877269268,
      0.35069431364536285,
      0.3817858621478081,
      0.4056372717022896,
      0.297265961766243,
      0.30663328617811203,
      0.38309256732463837,
      0.2864506468176842,
      0.27202992141246796,
      0.3308871313929558,
      0.3630165532231331,
      0.4513430893421173,
      0.29902229458093643,
      0.4115564525127411,
      0.34560057520866394,
      0.3735901415348053,
      0.3538752645254135,
      0.39319637417793274,
      0.33260801434516907,
      0.315078254789114,
      0.28246282786130905,
      0.38155990466475487,
      0.3411034680902958,
      0.4113037511706352,
      0.4834715500473976,
      0.2308647520840168,
      0.4262333810329437,
      0.27097777277231216,
      0.44921430200338364,
      0.44288868457078934,
      0.3181990385055542,
      0.43228213489055634,
      0.26554184034466743,
      0.34787311032414436,
      0.3728116750717163,
      0.37855154275894165,
      0.2835126183927059,
      0.3950562849640846,
      0.27546965330839157,
      0.3443208113312721,
      0.39078255742788315,
      0.42579031735658646,
      0.359420333057642
    ],
    "test_acc": [
      29.55231282582967,
      30.016978879509118,
      32.88517857816929,
      29.623636789049833,
      29.802019062452626,
      32.293440141746615,
      30.02545396423553,
      28.85477899962931,
      23.727936131255714,
      27.40767712433458,
      27.37339464217345,
      31.16783661330452,
      30.918619479505406,
      24.70140918224224,
      29.198850584265557,
      28.429993797334276,
      25.309764399784846,
      25.571859257796206,
      24.06070446712114,
      24.46155589134043,
      19.79069128828296,
      28.17182623379391,
      28.254389096910803,
      22.239961033561375,
      28.18117540853594,
      29.290371515050172,
      24.127730609273673,
      22.574217914384054,
      18.892469479946815,
      26.06471405026255,
      20.59923929904269,
      22.371942590650917,
      23.83868650498775,
      24.632610708835866,
      20.525789786393076,
      25.58186165681259,
      27.157965709973194,
      27.32916974415386,
      22.50414654247212,
      24.723366412836295,
      18.900769233579258,
      17.90731826151375,
      34.779462365151126,
      18.83848557535613,
      29.52607074271171,
      18.537558399241387,
      19.135835438305318,
      24.465116990012692,
      17.885178638436624,
      30.624088209331585,
      27.081463488441166,
      22.209945987303957,
      21.947148886657377,
      29.310687478513458,
      21.67924288000528,
      30.27329173928342,
      25.41016076965184,
      23.268827872264005,
      20.16404099600673,
      24.441740740456197
    ]
  }
}