{
  "config": {
    "seed": 42,
    "bs_train": 16,
    "bs_test": 4,
    "batches": 100,
    "epochs": 60,
    "early_stopping": 10,
    "checkpoints": null,
    "lr": 0.0003,
    "print_every": 100,
    "h_dim": 256,
    "z_dim": 64,
    "betas": [
      0.9,
      0.999
    ],
    "kw": {},
    "RTplot": false,
    "out_dir": "./results/Res1/",
    "run_name": "FINAL_ARCHlr_0.0003s_0.9z_64",
    "x_sigma2": 0.9
  },
  "results": {
    "num_epochs": 0,
    "train_loss": [
      0.4381221959988276,
      0.32188883821169534,
      0.2958793848752975,
      0.28479476074377696,
      0.2858561838666598,
      0.28282616833845775,
      0.2729793722430865,
      0.2598674754301707,
      0.27225950012604394,
      0.25354024668534597,
      0.2563129454851151,
      0.2555850252509117,
      0.2509655088186264,
      0.24925238986810047,
      0.24782369335492452,
      0.24889368216196697,
      0.2448191796739896,
      0.24909699807564417,
      0.24398284057776135,
      0.24070128152767817,
      0.23952863017717999,
      0.23499777168035507,
      0.23412441164255143,
      0.23674468646446864,
      0.2394631624221802,
      0.23338717073202134,
      0.2283555472890536,
      0.23445235838492712,
      0.23492561082045238,
      0.23371986399094263,
      0.23568646609783173,
      0.22826321522394816,
      0.2252657433350881,
      0.2264429340759913,
      0.23051289170980455,
      0.2263408899307251,
      0.22475372552871703,
      0.22585511207580566,
      0.22207995156447094,
      0.23078877329826356,
      0.2291364719470342,
      0.22284704446792603,
      0.2263389304280281,
      0.23147183358669282,
      0.22674070944388708,
      0.22632944732904434,
      0.2249964679280917,
      0.2222415491938591,
      0.22168023139238358,
      0.22300313413143158,
      0.22726384848356246,
      0.2215840662519137,
      0.21960958143075307,
      0.2219057450691859,
      0.22265960772832236,
      0.2194215009609858,
      0.22072892834742863,
      0.22312368601560592,
      0.2234802116950353,
      0.22187281648317972
    ],
    "train_acc": [
      22.422748053179276,
      25.23640521326913,
      27.369288694961252,
      28.976698818278233,
      29.161587510079062,
      29.268553601693338,
      29.880747496106903,
      31.297666298497994,
      30.345211681175908,
      31.372877475368803,
      31.116171119227808,
      30.732364896239876,
      31.256896404704136,
      31.5938809365197,
      31.727690220642142,
      31.45893803519361,
      31.83508228642766,
      31.01532380910997,
      31.73821192888857,
      31.658478278755656,
      31.960294690095104,
      32.55742786624831,
      32.616599957394094,
      32.43231390868681,
      31.798046509806483,
      32.333643557112104,
      33.10645893508844,
      32.28257929807463,
      32.32522747244806,
      32.45239850727638,
      32.19175650261146,
      32.71269974198581,
      33.33978542854599,
      33.24213547417615,
      32.7695259710793,
      33.09674461152029,
      33.24719974697137,
      33.537518992643065,
      33.55180237521518,
      32.5920346733626,
      32.972065966535425,
      33.4814611982397,
      33.125953774817056,
      32.542478395880735,
      32.860536633747415,
      33.10629480921892,
      33.12608937763023,
      33.42159204438283,
      33.65487701908797,
      33.214373442706695,
      32.80680515018659,
      33.75455508742374,
      33.91318328896393,
      33.61570304363095,
      33.5963284580726,
      33.82896707440608,
      33.85188816106514,
      33.63079070665431,
      33.422411097643305,
      33.80386129534754
    ],
    "test_loss": [
      0.3371657207608223,
      0.29018373787403107,
      0.3221082389354706,
      0.31029655039310455,
      0.3139163553714752,
      0.35969019681215286,
      0.32521524280309677,
      0.3159412741661072,
      0.31225693970918655,
      0.2919568791985512,
      0.3471754565834999,
      0.3938383534550667,
      0.3462764844298363,
      0.3727879002690315,
      0.315735287964344,
      0.3429790958762169,
      0.3418898396193981,
      0.3473552279174328,
      0.3445397764444351,
      0.26090938970446587,
      0.2857200689613819,
      0.28492321819067,
      0.2872462645173073,
      0.3376256860792637,
      0.2964830994606018,
      0.2775249630212784,
      0.3156990185379982,
      0.3152013123035431,
      0.33489006012678146,
      0.38392892479896545,
      0.28649839758872986,
      0.376965269446373,
      0.38681330904364586,
      0.31830882281064987,
      0.2926856242120266,
      0.387652263045311,
      0.2988307923078537,
      0.3986239954829216,
      0.49372800439596176,
      0.31821638345718384,
      0.3738979250192642,
      0.3133616968989372,
      0.2768121398985386,
      0.35805124789476395,
      0.34331363812088966,
      0.269571702927351,
      0.30959251895546913,
      0.3108106926083565,
      0.4514072723686695,
      0.377294585108757,
      0.3545703552663326,
      0.2744060978293419,
      0.4889378920197487,
      0.41554076597094536,
      0.2630712389945984,
      0.31204288452863693,
      0.3306340463459492,
      0.36195284873247147,
      0.3070581890642643,
      0.31648339331150055
    ],
    "test_acc": [
      27.28913296978736,
      33.688523150264814,
      31.51972782904151,
      31.849047800898763,
      32.15281756800421,
      30.86205850344938,
      29.757559467319044,
      30.60669508659353,
      31.62398755680993,
      32.09902925470548,
      26.795628695216358,
      23.475735984211337,
      26.513928544001804,
      26.116358011296867,
      29.362519274918,
      28.236406061077037,
      28.874392832660547,
      28.16894683528064,
      27.583219146865837,
      36.057658411446525,
      31.538314734440608,
      31.779369519533518,
      32.99769264965524,
      27.602326710405883,
      31.886239771890178,
      32.227223821335166,
      28.525241731582703,
      30.085748175174192,
      27.253448913606135,
      25.59524634847684,
      31.367777129706603,
      24.447185528841338,
      23.931156904116484,
      28.005556984896412,
      32.2184831916197,
      26.34441967025875,
      29.88402253251757,
      23.497895405806688,
      20.84342263862268,
      30.068730600592676,
      24.214439455401838,
      29.25535597990794,
      34.691352503595446,
      24.294645786350817,
      28.816377577753943,
      33.65962783976573,
      30.58082576838196,
      28.62164380020487,
      22.347302558183358,
      26.143310437154884,
      28.003001872157146,
      32.250150140725516,
      17.897756524635174,
      24.175460376772996,
      34.56210986600721,
      30.593706927743664,
      30.43914106384779,
      24.812154253896633,
      31.986548095159726,
      28.678767089017473
    ]
  }
}