{
  "config": {
    "seed": 42,
    "bs_train": 16,
    "bs_test": 4,
    "batches": 100,
    "epochs": 60,
    "early_stopping": 10,
    "checkpoints": null,
    "lr": 0.0008,
    "print_every": 100,
    "h_dim": 256,
    "z_dim": 128,
    "betas": [
      0.9,
      0.999
    ],
    "kw": {},
    "RTplot": false,
    "out_dir": "./results/Res1/",
    "run_name": "FINAL_ARCHlr_0.0008s_1z_128",
    "x_sigma2": 1
  },
  "results": {
    "num_epochs": 0,
    "train_loss": [
      1.0735197514295578,
      0.32072286009788514,
      0.3179882407188416,
      0.2887016107638677,
      0.2855713963508606,
      0.27808697869380317,
      0.2693948725859324,
      0.26886164645353955,
      0.2607223520676295,
      0.25125388403733573,
      0.26230510423580805,
      0.25835212618112563,
      0.23444000830252965,
      0.23116138925155003,
      0.23350146959225337,
      0.2344993402560552,
      0.23460448135932285,
      0.222462560236454,
      0.22035514066616693,
      0.22716068029403685,
      0.2193419059117635,
      0.2181712175408999,
      0.22194180836280186,
      0.21114897827307383,
      0.21495282053947448,
      0.21342249512672423,
      0.21424265553553898,
      0.21133847683668136,
      0.21057817190885544,
      0.21207725256681442,
      0.20184229065974554,
      0.210826180378596,
      0.20213361233472824,
      0.20867624531189602,
      0.20043098876873652,
      0.2009436622262001,
      0.20177420377731323,
      0.20307824711004893,
      0.1970726932088534,
      0.208370145658652,
      0.19513587951660155,
      0.20181884467601777,
      0.19658009062210718,
      0.19863629341125488,
      0.19716142266988754,
      0.20514809141556423,
      0.19781325509150824,
      0.20044733931620914,
      0.19677994201580684,
      0.19138896763324736,
      0.19874090651671092,
      0.20171417991320292,
      0.1962185432513555,
      0.19150728782018026,
      0.19273688445488613,
      0.19216538369655609,
      0.19194148580233256,
      0.19222522030274072,
      0.19344538698593775,
      0.18755646298329035
    ],
    "train_acc": [
      22.915181773056318,
      26.664727125353956,
      27.09337926577561,
      27.64930566899046,
      28.126751493253934,
      28.611879673127252,
      29.09166087891576,
      29.425163540305917,
      30.26657048543224,
      30.855491296103505,
      30.697973873564152,
      29.996508759620326,
      31.67147037113278,
      32.35772362836342,
      31.99119458195799,
      31.47597587307884,
      31.950840630517263,
      32.468460435601216,
      32.49274645696681,
      31.835213856440394,
      32.57087577393835,
      32.77242356093501,
      33.05731385903886,
      33.83314995644669,
      33.385260526579906,
      33.39185092020335,
      33.367044232401746,
      33.23859192103433,
      33.359915048931526,
      33.232304445057025,
      34.40113386318613,
      33.42823244097205,
      34.86370541272541,
      33.77306918076596,
      34.6535107700836,
      34.407497105656724,
      34.4034934125326,
      34.9660578796716,
      35.494318439216435,
      33.82780560342807,
      35.34712930699366,
      34.62397037334414,
      35.161287698619695,
      35.09929094236417,
      35.030731046170736,
      34.16024898675061,
      35.11116950865342,
      34.753426422504106,
      35.493964730722816,
      35.88775891789501,
      35.067983339680374,
      34.16023854249439,
      35.42677091909039,
      36.14413619856866,
      36.28961783264669,
      36.07796225121583,
      36.09264191098156,
      36.091898850460005,
      35.944821433371146,
      36.99216983660898
    ],
    "test_loss": [
      0.3841448202729225,
      0.4334951490163803,
      0.29218943417072296,
      0.3078985959291458,
      0.31564291566610336,
      0.3135859817266464,
      0.2896793894469738,
      0.28686147928237915,
      0.29794038087129593,
      0.2843986675143242,
      0.33519020676612854,
      0.3295889049768448,
      0.2657349444925785,
      0.2480279505252838,
      0.2905631735920906,
      0.259712066501379,
      0.26369989290833473,
      0.26823897659778595,
      0.28277266025543213,
      0.2897617816925049,
      0.25067560002207756,
      0.264650896191597,
      0.2703570984303951,
      0.27363820746541023,
      0.3044458106160164,
      0.325682558119297,
      0.2618466876447201,
      0.26941752433776855,
      0.23568245023488998,
      0.2582939341664314,
      0.3164644427597523,
      0.2733725644648075,
      0.26055314391851425,
      0.23569457978010178,
      0.2770877182483673,
      0.25296610966324806,
      0.2394072823226452,
      0.2942289598286152,
      0.2747113034129143,
      0.29681386426091194,
      0.250716008245945,
      0.24444860592484474,
      0.28807680308818817,
      0.2762851230800152,
      0.2461322769522667,
      0.23388568311929703,
      0.23227019608020782,
      0.2646319791674614,
      0.26721224561333656,
      0.27798672765493393,
      0.263789851218462,
      0.4124070256948471,
      0.21202417463064194,
      0.3006613329052925,
      0.2528246156871319,
      0.3219751752912998,
      0.2588285319507122,
      0.2914157845079899,
      0.22544904798269272,
      0.2975938208401203
    ],
    "test_acc": [
      29.01718191011396,
      23.121380049125897,
      31.369761349539473,
      30.518035587203645,
      31.590129954363324,
      28.469656918512882,
      31.411137089228244,
      30.797517902454548,
      30.240194822056203,
      32.99927346054281,
      28.039827601426172,
      26.788108494228467,
      34.09759514804141,
      34.25284681941631,
      30.185310528981223,
      34.15238433347103,
      32.0128254213655,
      32.84993228503382,
      30.586668307235453,
      29.453140737307816,
      35.01990806541586,
      32.31234560288855,
      33.00344253089217,
      32.881615672162916,
      28.056023693191342,
      26.65542547690014,
      31.58275398464141,
      30.441507141026552,
      35.106659198021255,
      32.137305385303705,
      26.99409615483208,
      30.254198740122064,
      31.67983209182027,
      34.87048042066874,
      31.580722983922364,
      33.02204014575404,
      33.94258985317189,
      28.80510311691547,
      31.135302189168353,
      28.854158414601734,
      33.429190135592876,
      33.346358024214524,
      29.010505427222743,
      29.091365859345963,
      34.390861277039384,
      35.18517075376308,
      36.10631032319184,
      31.467663508305662,
      30.618204313171947,
      28.832436660914507,
      32.69545200262601,
      21.765413025997137,
      38.56516661415387,
      30.34896845529351,
      33.061486284513585,
      26.630219847121737,
      33.49013362032109,
      28.20029776259983,
      37.058383972216454,
      28.95864977555745
    ]
  }
}