{
  "config": {
    "seed": 42,
    "bs_train": 16,
    "bs_test": 4,
    "batches": 100,
    "epochs": 60,
    "early_stopping": 10,
    "checkpoints": null,
    "lr": 0.0005,
    "print_every": 100,
    "h_dim": 256,
    "z_dim": 128,
    "betas": [
      0.9,
      0.999
    ],
    "kw": {},
    "RTplot": false,
    "out_dir": "./results/Res1/",
    "run_name": "FINAL_ARCHlr_0.0005s_0.9z_128",
    "x_sigma2": 0.9
  },
  "results": {
    "num_epochs": 0,
    "train_loss": [
      0.5986875116825103,
      0.32518076002597807,
      0.322943252325058,
      0.31443836192289987,
      0.30822568337122597,
      0.2909302552541097,
      0.2839471091826757,
      0.28232126235961913,
      0.27713076521952945,
      0.27938457975784936,
      0.2618867625792821,
      0.26085053632656735,
      0.25258042017618815,
      0.2512332300345103,
      0.25054369668165843,
      0.25275599012772243,
      0.2436269869407018,
      0.2381929968794187,
      0.24164509723583857,
      0.2443358485897382,
      0.2411970486243566,
      0.23842827081680298,
      0.2376917615532875,
      0.2333164076010386,
      0.23401401142279307,
      0.23296454846858977,
      0.23313000251849492,
      0.23487471143404642,
      0.2363925000031789,
      0.22898497978846233,
      0.22303282022476195,
      0.23049848079681395,
      0.22655399789412817,
      0.2287234808007876,
      0.2236909121274948,
      0.22285691996415455,
      0.2237746069828669,
      0.21949516584475834,
      0.22452403455972672,
      0.2241908277074496,
      0.22325551112492878,
      0.22099154094854992,
      0.21921577751636506,
      0.2257743388414383,
      0.2176498254140218,
      0.21852193971474965,
      0.21921384235223135,
      0.21974494109551113,
      0.2151046892007192,
      0.21254315276940663,
      0.2159340406457583,
      0.22220295468966167,
      0.21719486713409425,
      0.21746718188126882,
      0.21903512229522068,
      0.2159107411901156,
      0.21313948482275008,
      0.21190888235966365,
      0.2141065816084544,
      0.20949759036302568
    ],
    "train_acc": [
      22.803688063982975,
      27.02829299697831,
      28.360704581304056,
      29.133441836086433,
      28.898698813026925,
      29.86130740402585,
      30.071468530211877,
      30.051754402813202,
      30.84842522149435,
      30.493695599443452,
      31.639437338801,
      31.592107554204418,
      32.155610136804334,
      32.57188901955623,
      32.19620235807787,
      31.86191744703323,
      32.71061608529026,
      33.01756220010329,
      32.76190389844426,
      32.38306977925471,
      33.09762712106238,
      32.67458653520516,
      33.36003271211042,
      33.6565513626934,
      33.50802047228709,
      33.33484669784144,
      33.55885435524128,
      33.379860918130994,
      33.40995107451098,
      33.89924904784107,
      35.17060545024539,
      33.89670485195193,
      34.48664533909908,
      33.915623766511125,
      34.55743976027418,
      34.94820278062258,
      34.47184978912491,
      35.50086058328589,
      34.63206841497767,
      34.79289648214364,
      34.7653460680099,
      35.199560765237315,
      35.11117063865843,
      34.585183371350475,
      35.39154381238557,
      35.54471621543501,
      35.12802951930626,
      35.58842065677079,
      36.187562732520874,
      36.040727988731796,
      35.808481194995544,
      34.650271220319965,
      35.8793846178061,
      35.65227818912959,
      35.37828673063516,
      35.73905729720944,
      36.11922402773004,
      36.13732457517229,
      36.41905718283095,
      36.721167161261356
    ],
    "test_loss": [
      0.3566223755478859,
      0.38053999096155167,
      0.36693860590457916,
      0.32960769534111023,
      0.3150508403778076,
      0.3207985907793045,
      0.27008160948753357,
      0.3198554664850235,
      0.3095765635371208,
      0.28338900208473206,
      0.3826354444026947,
      0.3246646970510483,
      0.3041958920657635,
      0.3126775547862053,
      0.2619968354701996,
      0.3161201924085617,
      0.3329777717590332,
      0.3997293636202812,
      0.2814577594399452,
      0.31574341654777527,
      0.31153079494833946,
      0.357370775192976,
      0.29132047295570374,
      0.367319718003273,
      0.29225651547312737,
      0.2828112617135048,
      0.2725343480706215,
      0.2648199275135994,
      0.2782123237848282,
      0.31018706038594246,
      0.3440392017364502,
      0.29110489040613174,
      0.2660745307803154,
      0.3089541085064411,
      0.3274284675717354,
      0.27455103769898415,
      0.3047715984284878,
      0.30337947234511375,
      0.30228447914123535,
      0.3558136858046055,
      0.31810980290174484,
      0.2819162532687187,
      0.33555934578180313,
      0.287355899810791,
      0.29526766762137413,
      0.24886231496930122,
      0.3003537282347679,
      0.28806135803461075,
      0.29398324340581894,
      0.3180446922779083,
      0.35061195492744446,
      0.36843713000416756,
      0.27158452942967415,
      0.28801362216472626,
      0.2649645172059536,
      0.34065699949860573,
      0.2730740010738373,
      0.3645431734621525,
      0.2530401647090912,
      0.29809802770614624
    ],
    "test_acc": [
      28.6485072758423,
      25.83789809725858,
      29.297157520562518,
      31.23569071709133,
      33.45160055620067,
      31.59502501057097,
      35.35927043052936,
      30.004533667186145,
      31.013116990184514,
      34.69170379392591,
      25.450326220732155,
      31.304460832952316,
      32.117859430037754,
      30.987154483454088,
      36.38934262053749,
      29.17873948239871,
      30.454652469109615,
      23.623956838932873,
      33.692204450551664,
      29.409631969390457,
      31.92649031697336,
      27.043911236469643,
      32.85845460078489,
      25.072696204296435,
      31.770980366663995,
      33.13112019088629,
      33.55190224701681,
      35.79799977510583,
      33.54294327912966,
      30.37226413333782,
      29.133276807335047,
      32.168298490948644,
      34.7406039438943,
      31.27754595384741,
      29.130914097582053,
      34.797740470136375,
      30.91409552181674,
      29.95929635414099,
      30.10648474020913,
      29.90507551942077,
      29.626067896722983,
      32.388850740577986,
      27.10111622521911,
      32.138486707308736,
      31.81894173357808,
      36.04499705797079,
      33.60449009782328,
      33.11164609034125,
      30.753213975237664,
      29.046113666030926,
      26.65632381581545,
      25.993916725869923,
      34.02100176610634,
      32.44281176834117,
      35.287808648310886,
      28.07625052897139,
      33.20565476870967,
      26.43864503588448,
      37.12549857694209,
      35.20626496468531
    ]
  }
}