{
  "config": {
    "seed": 42,
    "bs_train": 16,
    "bs_test": 4,
    "batches": 100,
    "epochs": 60,
    "early_stopping": 10,
    "checkpoints": null,
    "lr": 0.0001,
    "print_every": 100,
    "h_dim": 256,
    "z_dim": 64,
    "betas": [
      0.9,
      0.999
    ],
    "kw": {},
    "RTplot": false,
    "out_dir": "./results/Res1/",
    "run_name": "FINAL_ARCHlr_0.0001s_0.9z_64",
    "x_sigma2": 0.9
  },
  "results": {
    "num_epochs": 0,
    "train_loss": [
      0.378903799255689,
      0.31340166330337527,
      0.30195626318454744,
      0.28973032186428704,
      0.2841427087783813,
      0.28067436118920647,
      0.27515984773635865,
      0.2668568665782611,
      0.2680014590422312,
      0.2597232833504677,
      0.26046500901381175,
      0.2568207288781802,
      0.24761343697706859,
      0.2534683421254158,
      0.25650763312975566,
      0.2533864349126816,
      0.2482744480172793,
      0.2509473239382108,
      0.24646962732076644,
      0.2434616982936859,
      0.24885229617357255,
      0.2407400369644165,
      0.24136630594730377,
      0.2419039582212766,
      0.24335321088631948,
      0.2421243985493978,
      0.23495262811581294,
      0.244583098590374,
      0.23715582340955735,
      0.2387600173552831,
      0.23740581721067427,
      0.23185400714476903,
      0.23738699704408645,
      0.23150618175665538,
      0.23090169777472813,
      0.23018322587013246,
      0.2299979771176974,
      0.23042957335710526,
      0.228525377313296,
      0.23615544040997824,
      0.2311949412027995,
      0.22772401769955952,
      0.22849367956320446,
      0.23450097690025964,
      0.22948544571797053,
      0.22922697861989338,
      0.22510790626207988,
      0.22683395246664684,
      0.22416869898637135,
      0.22503111412127813,
      0.22884366313616436,
      0.22954042504231134,
      0.22647833029429118,
      0.22706253776947657,
      0.22792986979087193,
      0.2219368134935697,
      0.22675392975409825,
      0.2265463188290596,
      0.22811726977427801,
      0.22312933454910913
    ],
    "train_acc": [
      20.958712480912943,
      24.617082691814552,
      26.105234085202156,
      27.52287002031497,
      28.040853153577316,
      28.77833069636974,
      29.28968426678199,
      29.776261251849306,
      29.843106630361095,
      30.27390821068055,
      30.646347953316635,
      30.682540914299743,
      31.41854073603404,
      31.32581603984789,
      30.950081753925296,
      30.830133377259177,
      31.706750022522694,
      30.96586847623053,
      31.446632661062072,
      31.77718455135131,
      31.421302462057483,
      31.996801295328815,
      32.22238542501493,
      32.21528801992913,
      31.868134570071245,
      31.99304070167841,
      32.447778273561006,
      31.62040625223816,
      32.28773164668167,
      32.119552769762926,
      32.11685885659508,
      32.56000797202428,
      32.43735566064878,
      32.7987132128768,
      32.70167434011942,
      32.90578323644985,
      33.04073174988538,
      33.01661628606735,
      33.11383057894628,
      32.4210596650986,
      32.935848526309485,
      33.144854872176616,
      33.03680508359156,
      32.551102279498544,
      32.832292985352034,
      32.942406224540576,
      33.291871004334425,
      33.10622458894861,
      33.45899608514891,
      33.25503138621303,
      32.789571492893366,
      33.00196132726101,
      33.20777087307003,
      33.08828661443626,
      33.02211087312838,
      33.59432389298347,
      33.174899271420784,
      33.225164986262655,
      32.9882197412173,
      33.532833196173435
    ],
    "test_loss": [
      0.32062746584415436,
      0.3004453629255295,
      0.2999623119831085,
      0.3155137524008751,
      0.30068669468164444,
      0.3191075026988983,
      0.3156321495771408,
      0.3245512694120407,
      0.2762436121702194,
      0.3030461445450783,
      0.3154699131846428,
      0.3168460875749588,
      0.31769612431526184,
      0.3157208263874054,
      0.3123524710536003,
      0.29619139805436134,
      0.3158755376935005,
      0.3018057122826576,
      0.37677323818206787,
      0.2895559072494507,
      0.3072930797934532,
      0.2696547694504261,
      0.29467400163412094,
      0.2700270786881447,
      0.2546151988208294,
      0.33645961433649063,
      0.31388773396611214,
      0.313217356801033,
      0.2817760445177555,
      0.33432668447494507,
      0.3255673721432686,
      0.2974107712507248,
      0.36651788651943207,
      0.3146946020424366,
      0.42175640910863876,
      0.3425746150314808,
      0.30676887184381485,
      0.35820720717310905,
      0.42114322632551193,
      0.2658342197537422,
      0.4991219490766525,
      0.277131125330925,
      0.30105476453900337,
      0.5131900534033775,
      0.32014016807079315,
      0.3672940209507942,
      0.42625031247735023,
      0.33237217366695404,
      0.3472277969121933,
      0.3139931187033653,
      0.24288396537303925,
      0.28527922183275223,
      0.27119340747594833,
      0.3151638098061085,
      0.35956506058573723,
      0.3059062063694,
      0.3427729718387127,
      0.2606921158730984,
      0.4042210802435875,
      0.40020552277565
    ],
    "test_acc": [
      26.98254903953179,
      32.10167338288876,
      32.460702625826535,
      29.808431283342767,
      31.352781474198043,
      31.61314095563222,
      29.76768788113627,
      30.723880064725137,
      33.362908846192326,
      32.0087643371152,
      31.386935759537895,
      29.054385826193286,
      29.271242025739227,
      29.94223697708873,
      30.781747442641535,
      32.39347140632413,
      29.94843342848831,
      30.051576672611226,
      24.719950921795757,
      31.718122827737247,
      30.025854314484818,
      34.36500663379983,
      31.480881597995317,
      34.48047190273126,
      37.45855430645486,
      28.53872596193708,
      29.518232751573468,
      28.355201547784173,
      33.07262054125167,
      27.838077127401036,
      28.58341805766656,
      31.177002686588445,
      25.481474654268272,
      30.599269384022595,
      24.57654579217089,
      27.928070639676704,
      29.073857232969253,
      26.487458888976846,
      22.666166004469897,
      34.76627310089133,
      20.072200022170875,
      32.22184702213718,
      32.984478994544084,
      20.717207119082545,
      29.860336054467,
      26.425941392617755,
      25.704742186655743,
      30.26901539247145,
      28.62761437921488,
      28.800809278716176,
      36.458777033935384,
      31.324232940388775,
      32.509162108747546,
      30.024259921891392,
      28.14728144770695,
      31.620668687529992,
      28.753335642080906,
      34.12901642035136,
      23.971825654583036,
      23.854673548628544
    ]
  }
}