{
  "config": {
    "seed": 42,
    "bs_train": 16,
    "bs_test": 4,
    "batches": 100,
    "epochs": 60,
    "early_stopping": 10,
    "checkpoints": null,
    "lr": 0.0005,
    "print_every": 100,
    "h_dim": 256,
    "z_dim": 64,
    "betas": [
      0.9,
      0.999
    ],
    "kw": {},
    "RTplot": false,
    "out_dir": "./results/Res1/",
    "run_name": "FINAL_ARCHlr_0.0005s_0.8z_64",
    "x_sigma2": 0.8
  },
  "results": {
    "num_epochs": 0,
    "train_loss": [
      0.6509142835934957,
      0.3660074065128962,
      0.33803909122943876,
      0.3319738805294037,
      0.3249073644479116,
      0.3327721605698268,
      0.318966469168663,
      0.3011214017868042,
      0.3045100251833598,
      0.2907556747396787,
      0.2904578099648158,
      0.2858481675386429,
      0.28753241449594497,
      0.28868707368771235,
      0.283203612267971,
      0.27964078933000563,
      0.27198444803555805,
      0.2811095878481865,
      0.27240070948998135,
      0.2651356046398481,
      0.2699608022967974,
      0.2648375933369001,
      0.2664581666390101,
      0.2635425259669622,
      0.26781319330135983,
      0.26003994594017665,
      0.2610666473706563,
      0.26096659898757935,
      0.2605998118718465,
      0.26146734058856963,
      0.26200709491968155,
      0.2575667714079221,
      0.2526133830348651,
      0.25064859141906104,
      0.25923354029655454,
      0.2547288969159126,
      0.24917384386062622,
      0.2526925022403399,
      0.24799674799044927,
      0.257141416768233,
      0.2505546803275744,
      0.24967443893353145,
      0.25252419461806613,
      0.2541559269030889,
      0.2503765215476354,
      0.2538406526048978,
      0.25061636914809543,
      0.2475060184796651,
      0.2496283064285914,
      0.24555577139059703,
      0.25348156491915386,
      0.24358730961879094,
      0.24470871090888976,
      0.24787127772967021,
      0.24452862292528152,
      0.24162675390640895,
      0.2469310353199641,
      0.24597430179516475,
      0.25003521392742795,
      0.24258199085791907
    ],
    "train_acc": [
      22.417200233004156,
      25.58290891781986,
      27.77385170086879,
      28.820312363067885,
      29.065318385092322,
      29.181328007423566,
      29.46510983368692,
      30.450046342140045,
      30.162033196772704,
      31.215357981466482,
      31.234387231946425,
      31.014520563717255,
      31.220579648191162,
      31.423646417035968,
      31.68615333218249,
      31.532365733702868,
      32.25574971039159,
      30.888178364619556,
      31.65649108050123,
      32.48304790013266,
      31.992458068575814,
      32.74362299536313,
      32.599762272313846,
      32.898460932222996,
      32.01351733420465,
      32.87160872285299,
      32.92455504623667,
      32.53707632893524,
      32.7935442451958,
      32.62393871078321,
      32.51253313949777,
      32.85488149056892,
      33.52196441302019,
      33.96914378040601,
      32.90497088355768,
      33.325509007686044,
      33.9567045741904,
      33.650312800359956,
      33.89372317132941,
      32.8970581066649,
      33.877111996067356,
      33.641262261327924,
      33.500726591162525,
      33.27929315318738,
      33.62276596339403,
      33.486862734716475,
      33.76571851593306,
      34.00391248689226,
      33.92438739659623,
      34.17734031404293,
      33.259821900805946,
      34.60495446353023,
      34.578467805715654,
      34.2302349722794,
      34.68171944324025,
      34.725881346509354,
      34.33889135934791,
      34.4020308130816,
      33.979098961903574,
      35.0200022851766
    ],
    "test_loss": [
      0.39092275500297546,
      0.3481799438595772,
      0.3739590048789978,
      0.35555730760097504,
      0.3693942725658417,
      0.42343199253082275,
      0.405549518764019,
      0.3406660705804825,
      0.34991299360990524,
      0.3335931897163391,
      0.3646681234240532,
      0.4087709113955498,
      0.4071609005331993,
      0.4220275431871414,
      0.33211562037467957,
      0.3643856346607208,
      0.3868124261498451,
      0.3724425733089447,
      0.3199262246489525,
      0.3672081455588341,
      0.37534089386463165,
      0.312820240855217,
      0.2996607571840286,
      0.3627731651067734,
      0.38260505348443985,
      0.33055107295513153,
      0.2879095748066902,
      0.34483108669519424,
      0.37109795212745667,
      0.40749282389879227,
      0.33413685113191605,
      0.3585024066269398,
      0.39765647798776627,
      0.3678554892539978,
      0.3357378765940666,
      0.420785628259182,
      0.37854641675949097,
      0.3465820476412773,
      0.4047638401389122,
      0.33396998047828674,
      0.35608673840761185,
      0.3140600100159645,
      0.30278652906417847,
      0.30265115946531296,
      0.41398172825574875,
      0.39219994097948074,
      0.36281295865774155,
      0.4056852236390114,
      0.4606648311018944,
      0.39563803374767303,
      0.4052247181534767,
      0.3298086002469063,
      0.5179163217544556,
      0.3136594742536545,
      0.3438618667423725,
      0.30760525166988373,
      0.3926474153995514,
      0.4360700324177742,
      0.32108647003769875,
      0.3621024712920189
    ],
    "test_acc": [
      28.332167366226418,
      31.36514669135822,
      30.93883944805518,
      29.989235899488612,
      31.029218538920617,
      28.288031882033753,
      28.847040794752083,
      32.00841064258967,
      31.333459619748197,
      31.9173475796272,
      29.14788498115967,
      25.624346850538032,
      26.53782911216354,
      26.196231073517087,
      31.705118626254695,
      29.10583223140922,
      28.891256970026788,
      28.920347647852623,
      32.893380518919315,
      30.05465078865341,
      29.27968512127201,
      32.52031915999206,
      34.87582513156358,
      29.75806128560457,
      27.878536167063498,
      30.768926428630294,
      35.27146263442308,
      32.4319959105777,
      28.7748419157955,
      26.484147204173016,
      30.99556458478251,
      31.881830542710173,
      27.83479277857878,
      29.00449291690868,
      30.755807206952976,
      26.268270536557026,
      30.16663612882599,
      31.499507898367533,
      24.78957453663561,
      31.519021607729677,
      28.516902031970265,
      31.927492766124008,
      32.8794473533295,
      33.07547222845118,
      29.84587817297769,
      27.512996704265458,
      29.991930118178868,
      24.61428151627698,
      24.436360204440145,
      26.245750388689856,
      26.042160907393512,
      30.493995632921433,
      20.10558089086721,
      34.60180146766216,
      31.52021544659206,
      33.68665038630812,
      25.41782205709896,
      23.80371570628667,
      33.911091853293506,
      29.545754125031518
    ]
  }
}