{
  "config": {
    "seed": 42,
    "bs_train": 16,
    "bs_test": 4,
    "batches": 100,
    "epochs": 60,
    "early_stopping": 10,
    "checkpoints": null,
    "lr": 0.0008,
    "print_every": 100,
    "h_dim": 256,
    "z_dim": 32,
    "betas": [
      0.9,
      0.999
    ],
    "kw": {},
    "RTplot": false,
    "out_dir": "./results/Res1/",
    "run_name": "FINAL_ARCHlr_0.0008s_0.9z_32",
    "x_sigma2": 0.9
  },
  "results": {
    "num_epochs": 0,
    "train_loss": [
      1.2969871272643407,
      0.336766384045283,
      0.29673847556114197,
      0.2925552363197009,
      0.2916853805383047,
      0.28600382010142006,
      0.2757120485107104,
      0.27210562527179716,
      0.26913553128639855,
      0.26600599437952044,
      0.2580018838246663,
      0.2618955249587695,
      0.2665335138638814,
      0.26707026561101277,
      0.25529589553674065,
      0.2583803152044614,
      0.24490203311045963,
      0.24777790158987045,
      0.2450631429751714,
      0.24637035131454468,
      0.247719144821167,
      0.2449621816476186,
      0.23803126861651738,
      0.23469751427570978,
      0.23992066830396652,
      0.23881654391686122,
      0.2377423609296481,
      0.2330817704399427,
      0.23459638903538385,
      0.2354395180940628,
      0.23130028943220773,
      0.23075303435325623,
      0.23498311887184778,
      0.23332164883613588,
      0.22602027654647827,
      0.2291273295879364,
      0.22619727849960328,
      0.2325125053524971,
      0.23063859790563584,
      0.2253399764498075,
      0.22621502578258515,
      0.2309638152519862,
      0.2280152529478073,
      0.22599569360415142,
      0.2273058384656906,
      0.22443757553895313,
      0.22333063036203385,
      0.2225581352909406,
      0.22626964996258417,
      0.2254857783516248,
      0.22643038034439086,
      0.22266328980525335,
      0.2248095358411471,
      0.22506611744562785,
      0.22453298717737197,
      0.22526958137750625,
      0.22884849707285562,
      0.22411912480990093,
      0.22192612439393997,
      0.22090698728958766
    ],
    "train_acc": [
      22.288249669090632,
      25.375379763407597,
      26.996608220950446,
      28.017716309502173,
      27.92852135567906,
      28.243716807327544,
      29.050067131185575,
      29.348747709002424,
      29.20567279584395,
      29.49127118410205,
      30.19954935967839,
      30.45976960074231,
      30.257637159363103,
      30.08003359263641,
      30.798093942945926,
      30.567415677324682,
      31.39357784184455,
      31.083553147578243,
      31.139957844482474,
      31.368568655107886,
      31.14538055360584,
      31.261850252814835,
      31.65715355685478,
      31.911495957071956,
      31.769854008573173,
      31.697654785630043,
      31.573232378214165,
      32.10432260477805,
      31.771004430778934,
      31.683108242544147,
      32.26690111442473,
      32.219579234389116,
      31.697726982763303,
      31.673709572293003,
      32.561813338476576,
      32.26568115870408,
      32.553924654037104,
      31.97943375252511,
      32.07917210405989,
      32.78035960484779,
      32.53919241413627,
      32.073392727339716,
      32.21399906861481,
      32.3149831338892,
      32.470043131255714,
      32.552068168447455,
      32.71630347972569,
      32.833306372506954,
      32.60666045816432,
      32.49907918301563,
      32.76321067511915,
      32.87567874420964,
      32.453902640079676,
      32.469577594583555,
      32.44358566852025,
      32.50074149882252,
      31.901049450627387,
      32.53213309104065,
      32.672012209979144,
      32.68955206144653
    ],
    "test_loss": [
      0.4128323271870613,
      0.3393451049923897,
      0.30607782676815987,
      0.3505293279886246,
      0.3744053244590759,
      0.34858687222003937,
      0.3024953529238701,
      0.3092891722917557,
      0.3665686100721359,
      0.31015652418136597,
      0.3224365636706352,
      0.31527774035930634,
      0.27175579965114594,
      0.4233057498931885,
      0.3059694617986679,
      0.3251902014017105,
      0.34302059561014175,
      0.41577576100826263,
      0.3689349591732025,
      0.4360465332865715,
      0.367480106651783,
      0.29307322949171066,
      0.2992427460849285,
      0.41117632389068604,
      0.32038792967796326,
      0.3671957850456238,
      0.3263370208442211,
      0.28437792509794235,
      0.4504912495613098,
      0.3689851053059101,
      0.37035803496837616,
      0.3284638710319996,
      0.37376613914966583,
      0.4000557214021683,
      0.44643890112638474,
      0.39170917123556137,
      0.35906580835580826,
      0.3462855741381645,
      0.3805077597498894,
      0.28696607798337936,
      0.29355786740779877,
      0.4755951464176178,
      0.36888212338089943,
      0.49589959532022476,
      0.3120185546576977,
      0.427021823823452,
      0.4366542175412178,
      0.3239824064075947,
      0.46388792991638184,
      0.3321366235613823,
      0.36470796167850494,
      0.3728129640221596,
      0.335524320602417,
      0.3861866071820259,
      0.4136420451104641,
      0.5992201454937458,
      0.35275160521268845,
      0.5813865773379803,
      0.38727208599448204,
      0.3609202094376087
    ],
    "test_acc": [
      29.22468695439718,
      29.191233745566663,
      31.511922549930656,
      27.560296279468126,
      27.734453739190617,
      29.669292410350817,
      30.337457204320508,
      32.48592309639298,
      26.38662767406932,
      29.39256810676258,
      29.50720353783658,
      28.54676711049867,
      34.51272631908607,
      22.271642332156915,
      33.81708463989775,
      28.05439500708803,
      26.279979779287864,
      23.11444017925293,
      26.046219407364713,
      24.74415007564072,
      27.05735819025363,
      30.98580430925675,
      30.96502910006161,
      24.651051558050856,
      27.758095098804507,
      25.050067787390933,
      27.815041171471172,
      32.321607963838204,
      20.130892533072323,
      27.288118344074825,
      25.890769849415598,
      28.571758854995963,
      24.81422324555173,
      23.6012500025856,
      20.064678765313325,
      24.815582145461715,
      24.997648852132812,
      27.337423607821215,
      23.410058185770932,
      31.69036069762869,
      29.830092554325397,
      20.00947063313004,
      26.64955699248088,
      17.642563556079445,
      28.842375471578304,
      21.159941328988054,
      22.502791448244047,
      28.43866026291178,
      21.083944478229263,
      27.305176751519117,
      28.720962680925545,
      26.41264057371345,
      27.49016322845609,
      24.145508511172977,
      23.68161546012588,
      19.232875326366596,
      25.492726788068445,
      20.25630981261929,
      25.4977066052233,
      26.403831624465752
    ]
  }
}