{
  "config": {
    "seed": 42,
    "bs_train": 16,
    "bs_test": 4,
    "batches": 100,
    "epochs": 60,
    "early_stopping": 10,
    "checkpoints": null,
    "lr": 0.0001,
    "print_every": 100,
    "h_dim": 256,
    "z_dim": 128,
    "betas": [
      0.9,
      0.999
    ],
    "kw": {},
    "RTplot": false,
    "out_dir": "./results/Res1/",
    "run_name": "FINAL_ARCHlr_0.0001s_1z_128",
    "x_sigma2": 1
  },
  "results": {
    "num_epochs": 0,
    "train_loss": [
      0.3435443490743637,
      0.281938861310482,
      0.27240894436836244,
      0.263637309273084,
      0.2573362762729327,
      0.25108831375837326,
      0.24210341274738312,
      0.2419106399019559,
      0.23822494745254516,
      0.22892838964859644,
      0.23166727125644684,
      0.2291951969265938,
      0.23335184554258984,
      0.22299461364746093,
      0.22499645600716273,
      0.22723957846562068,
      0.2248194287220637,
      0.219370869298776,
      0.22744740943113964,
      0.22634077817201614,
      0.22070500651995342,
      0.2228872333963712,
      0.2189041649301847,
      0.21764412075281142,
      0.22079370419184366,
      0.2156546379129092,
      0.21942247996727626,
      0.21769177267948786,
      0.21625437537829081,
      0.2162630930542946,
      0.21253580699364344,
      0.2116098274787267,
      0.2086290215452512,
      0.21698659360408784,
      0.20839016238848368,
      0.20973969946304957,
      0.2084458644191424,
      0.2074289212624232,
      0.20725595553716022,
      0.20564446051915486,
      0.20551733275254566,
      0.20767050882180532,
      0.2046198144555092,
      0.20570826629797617,
      0.20503892997900644,
      0.20584128201007842,
      0.2034636418024699,
      0.1996670717994372,
      0.20808767129977543,
      0.2015415926774343,
      0.20231983661651612,
      0.20410932699839274,
      0.20349195897579192,
      0.20002602338790892,
      0.20122064054012298,
      0.20337444692850112,
      0.19968339502811433,
      0.19800617595513662,
      0.20174835075934727,
      0.2007170205314954
    ],
    "train_acc": [
      21.058954064513912,
      24.4856580718514,
      26.538094480709383,
      27.826637610479832,
      28.59449336676525,
      29.398271789008376,
      30.47054625757835,
      30.663865323331358,
      30.98947263577097,
      31.763216853810267,
      31.555277602200363,
      31.583781415730357,
      31.57056920628213,
      32.41556616436136,
      32.169946876730876,
      32.04190418637069,
      32.372751760966345,
      32.79920763586015,
      32.10760020208489,
      31.947729060048317,
      32.55322329119563,
      32.42219489906771,
      32.83618416768274,
      33.142181590269566,
      32.55950749213538,
      33.17532556625348,
      32.54778036036634,
      32.982808754209,
      32.97653980526216,
      33.17632064729751,
      33.52799027421925,
      33.50874989990636,
      34.179017008386765,
      32.92437374070937,
      34.18044259167573,
      33.69859863605613,
      33.792354453162865,
      34.04969104784386,
      34.21286076684033,
      34.48592840190472,
      34.32444699161316,
      33.98783793028138,
      34.27129934341823,
      34.15294069517737,
      34.19612967030912,
      34.40955021787134,
      34.4620751699063,
      35.143361450384,
      34.55349816190534,
      34.53780978704342,
      34.896718841018256,
      34.05212441943329,
      34.69063002114945,
      34.73133689918487,
      34.824507511147225,
      34.53436979914822,
      35.00399903014354,
      35.247161880844054,
      34.72940145173585,
      34.927704185839204
    ],
    "test_loss": [
      0.28918346017599106,
      0.2748510241508484,
      0.29052287340164185,
      0.2662368193268776,
      0.26614509522914886,
      0.2760661765933037,
      0.25867586582899094,
      0.27742932736873627,
      0.2651549130678177,
      0.2506333738565445,
      0.26649148762226105,
      0.26664531603455544,
      0.24359049275517464,
      0.26115646958351135,
      0.2601393088698387,
      0.24365315958857536,
      0.2797534726560116,
      0.3150494359433651,
      0.2568848095834255,
      0.36254478245973587,
      0.27314239367842674,
      0.2735472470521927,
      0.3174056373536587,
      0.3082255646586418,
      0.22903161868453026,
      0.30551497638225555,
      0.25592106580734253,
      0.2972226217389107,
      0.2547216825187206,
      0.23952319845557213,
      0.24476725608110428,
      0.2694295756518841,
      0.2720845900475979,
      0.3268914371728897,
      0.22899502515792847,
      0.2992137558758259,
      0.25143688172101974,
      0.2825792320072651,
      0.2683945447206497,
      0.2578025534749031,
      0.3243366479873657,
      0.31343701481819153,
      0.24047783762216568,
      0.3046072721481323,
      0.23124488815665245,
      0.21164771914482117,
      0.21388902887701988,
      0.3761395402252674,
      0.25546950846910477,
      0.27182233706116676,
      0.2300613671541214,
      0.2999737523496151,
      0.28170646727085114,
      0.32191251963377,
      0.27810121700167656,
      0.2609620988368988,
      0.24856092408299446,
      0.27254725247621536,
      0.2619529813528061,
      0.24020879343152046
    ],
    "test_acc": [
      27.047743362668562,
      30.740743082303755,
      29.35010948714303,
      32.3513245369458,
      33.0055638453942,
      32.60155657166837,
      32.96698234980689,
      30.922438128390908,
      32.19341196816598,
      34.33596263249033,
      32.07218451615021,
      32.4665682324274,
      35.13167463282295,
      32.71677812390695,
      34.76007856253107,
      35.838440178113316,
      30.52012218990881,
      27.91506855631365,
      33.99719841155267,
      23.57321152509157,
      32.97588023131564,
      30.89182019253704,
      29.208982915887585,
      28.475774399509596,
      37.66508280037716,
      28.643915816810008,
      32.68952740968711,
      28.331789416382,
      33.843157982273816,
      34.888854028606765,
      33.436128012619896,
      30.83387877201228,
      32.80532685738842,
      25.05500805421326,
      36.02669641318026,
      29.426015924343822,
      33.27244783490457,
      31.435427614983844,
      32.68957848694184,
      33.56513068809616,
      28.996672895324863,
      30.60162291725337,
      33.825888078735225,
      26.9869280988367,
      35.72290239178643,
      39.123264928642044,
      38.58575522593306,
      24.9665841308009,
      32.01393870934049,
      31.17835975003759,
      35.959620978073694,
      30.579888062531627,
      29.90850852091961,
      26.288080630710972,
      29.099492909514442,
      31.733584908774343,
      34.097236051659955,
      31.55220052298039,
      31.89339371547934,
      34.77373172849174
    ]
  }
}