{
  "config": {
    "seed": 42,
    "bs_train": 16,
    "bs_test": 4,
    "batches": 100,
    "epochs": 60,
    "early_stopping": 10,
    "checkpoints": null,
    "lr": 0.0003,
    "print_every": 100,
    "h_dim": 256,
    "z_dim": 32,
    "betas": [
      0.9,
      0.999
    ],
    "kw": {},
    "RTplot": false,
    "out_dir": "./results/Res1/",
    "run_name": "FINAL_ARCHlr_0.0003s_0.8z_32",
    "x_sigma2": 0.8
  },
  "results": {
    "num_epochs": 0,
    "train_loss": [
      0.5146556119124095,
      0.35208197832107546,
      0.33823364675045015,
      0.3240197072426478,
      0.31101476152737934,
      0.31450662314891814,
      0.29360158493121463,
      0.2854722653826078,
      0.28949906130631764,
      0.28811940252780915,
      0.2770454322298368,
      0.28297308683395384,
      0.2762281224131584,
      0.27820876042048137,
      0.2733549406131109,
      0.2714963361620903,
      0.26467519005139667,
      0.268734847009182,
      0.26578117509682975,
      0.26458267172177635,
      0.26429447531700134,
      0.26759142279624937,
      0.262681782245636,
      0.26087651352087654,
      0.26122603515783943,
      0.26166532387336094,
      0.26234994729359945,
      0.25604569564263024,
      0.2583528071641922,
      0.25821862469116846,
      0.2562715157866478,
      0.2548659071326256,
      0.2645516852537791,
      0.2579128434260686,
      0.25233713736136754,
      0.25649701058864594,
      0.25287168274323146,
      0.25484635482231777,
      0.2550931061307589,
      0.25109988152980806,
      0.2520893394947052,
      0.25655911266803744,
      0.2532665878534317,
      0.25098511079947156,
      0.25230260094006857,
      0.2495744561155637,
      0.24828124394019443,
      0.25001493791739143,
      0.24989846249421438,
      0.25186485797166824,
      0.2538764307896296,
      0.24905673712491988,
      0.25242422670125964,
      0.2512856473525365,
      0.24989626556634903,
      0.25225284943977994,
      0.2535393789410591,
      0.25161540806293486,
      0.2505093867580096,
      0.24791441162427266
    ],
    "train_acc": [
      22.375535688457195,
      25.576517511388044,
      26.83579554765813,
      28.403974235775124,
      29.059169796840685,
      29.03579644271619,
      29.780733870663795,
      30.424620667822587,
      30.33997739010955,
      30.307097180343085,
      30.995406701542706,
      31.159470470872087,
      31.266837943247914,
      30.801228375266156,
      31.31970802858595,
      31.397743590366943,
      32.071385450310544,
      31.593564524011754,
      31.75965830766309,
      32.058917164736094,
      31.874773410981778,
      31.586360044464232,
      32.01412516591982,
      32.26422493021662,
      32.18651367372512,
      32.05450746543437,
      31.892796925239903,
      32.42869839884447,
      32.118251660588,
      32.09921664988393,
      32.4427362982027,
      32.57926654710173,
      31.722855039591117,
      32.184890808393675,
      32.626740691967235,
      32.32380699168135,
      32.754846736330464,
      32.38774374597631,
      32.38416196250538,
      32.95329169341445,
      32.65021915965832,
      32.25815851232472,
      32.4878362246664,
      32.63148000075694,
      32.7204363250955,
      32.799562848865655,
      33.04489667759614,
      32.876191427940064,
      32.96471157348061,
      32.6343355333465,
      32.71230525612153,
      32.94668211188071,
      32.493063840277635,
      32.826231789979275,
      32.73109674829877,
      32.532819711171314,
      32.21242942676385,
      32.59452968275508,
      32.559508519326734,
      32.78167120945924
    ],
    "test_loss": [
      0.3466193750500679,
      0.3519902676343918,
      0.33071763068437576,
      0.34561561048030853,
      0.361775740981102,
      0.33744529634714127,
      0.33454621583223343,
      0.3672821633517742,
      0.46735163778066635,
      0.3694681450724602,
      0.3936055302619934,
      0.32510796934366226,
      0.3471386432647705,
      0.42378325015306473,
      0.39467332512140274,
      0.36684855818748474,
      0.3981718420982361,
      0.46208367496728897,
      0.4333043843507767,
      0.45477966219186783,
      0.4562654569745064,
      0.36828116327524185,
      0.3640819936990738,
      0.45726989209651947,
      0.352309487760067,
      0.343662865459919,
      0.377131886780262,
      0.41718512028455734,
      0.5334276258945465,
      0.33912093192338943,
      0.4718967080116272,
      0.3888929709792137,
      0.4119993597269058,
      0.4129608944058418,
      0.4761878475546837,
      0.3661142438650131,
      0.3973175957798958,
      0.35673604905605316,
      0.48945001512765884,
      0.3952436000108719,
      0.518039382994175,
      0.5503017082810402,
      0.28961729258298874,
      0.5242396742105484,
      0.3351472020149231,
      0.5677561610937119,
      0.5562347769737244,
      0.4015853628516197,
      0.5312377884984016,
      0.3705623894929886,
      0.41819677129387856,
      0.4517820253968239,
      0.4022197797894478,
      0.35323037952184677,
      0.5116014778614044,
      0.33177388086915016,
      0.4237143099308014,
      0.477036215364933,
      0.4886905252933502,
      0.4201602190732956
    ],
    "test_acc": [
      29.728370137885843,
      30.53624731577102,
      33.08661425020721,
      30.221782538500776,
      30.99954384534994,
      33.28035629156572,
      30.978265705534245,
      30.125201284346442,
      23.441232262695678,
      28.07682074528695,
      28.060392133563123,
      31.017079277155307,
      31.35997373044148,
      25.62513046246019,
      27.083598893336056,
      29.72014043566579,
      26.40496699136002,
      27.10405685608866,
      23.656031880133245,
      25.545155872362624,
      22.52595137138633,
      28.2514745099161,
      29.48068484793685,
      22.799366349119047,
      28.14407729629127,
      28.799588504146953,
      27.001352240681577,
      24.399632287326394,
      20.085653878091804,
      28.84956403093244,
      22.621230235134032,
      25.08593148776165,
      26.773127018234188,
      26.370055551025796,
      20.698385166014702,
      29.13289564164209,
      27.368427881200475,
      27.27243689783603,
      22.372725341309554,
      27.00566234307704,
      18.742547619802192,
      21.615168653095967,
      34.950790401336114,
      19.416313414270707,
      30.317565639344572,
      17.523613436057907,
      19.20596131681851,
      24.308995142219192,
      18.18516582001491,
      28.047919041560014,
      27.58980159423699,
      22.430853178209833,
      24.93623875895221,
      29.375651704152023,
      20.66643538527412,
      30.570365508220206,
      24.9084258390341,
      23.365614301800132,
      21.417774862745112,
      25.83243572892589
    ]
  }
}