{
  "config": {
    "seed": 42,
    "bs_train": 16,
    "bs_test": 4,
    "batches": 100,
    "epochs": 60,
    "early_stopping": 10,
    "checkpoints": null,
    "lr": 0.0001,
    "print_every": 100,
    "h_dim": 256,
    "z_dim": 32,
    "betas": [
      0.9,
      0.999
    ],
    "kw": {},
    "RTplot": false,
    "out_dir": "./results/Res1/",
    "run_name": "FINAL_ARCHlr_0.0001s_0.8z_32",
    "x_sigma2": 0.8
  },
  "results": {
    "num_epochs": 0,
    "train_loss": [
      0.43170442382494606,
      0.34846654534339905,
      0.33525033096472423,
      0.326438640554746,
      0.3193039447069168,
      0.3152486979961395,
      0.3064410010973612,
      0.2965298836429914,
      0.29762158493200935,
      0.29692668120066323,
      0.28760018398364384,
      0.2876162846883138,
      0.28193898101647696,
      0.2850611940026283,
      0.28187431196371715,
      0.27466004093488056,
      0.2729095642765363,
      0.2687586655219396,
      0.2732073108355204,
      0.2711337914069494,
      0.2683392355839411,
      0.2711045136054357,
      0.265509861210982,
      0.2636774410804113,
      0.264186426003774,
      0.26529358377059303,
      0.2637450069189072,
      0.25972514003515246,
      0.26062290916840236,
      0.2612030824025472,
      0.25890079935391747,
      0.2579864924152692,
      0.2667505815625191,
      0.2620837062597275,
      0.256131915251414,
      0.2587874939044317,
      0.2540423388282458,
      0.25918029993772507,
      0.2583932643135389,
      0.25397903422514595,
      0.25346473505099615,
      0.2604504838585854,
      0.257251567641894,
      0.25344497462113696,
      0.25473189502954485,
      0.2522140925129255,
      0.25408376355965934,
      0.25339364012082416,
      0.2524343202511469,
      0.2525464157263438,
      0.2539454440275828,
      0.2519067391753197,
      0.25447384019692737,
      0.2531378209590912,
      0.2521922022104263,
      0.25325270692507423,
      0.25664383769035337,
      0.2554000655810038,
      0.25228025317192077,
      0.24983692914247513
    ],
    "train_acc": [
      20.93678053906422,
      24.896898307411742,
      26.39140488162749,
      27.40410968218204,
      28.100258235042247,
      28.05387367358665,
      28.650474238243408,
      29.61660720064673,
      29.43152656485703,
      29.402095907472688,
      30.147038047100086,
      30.347285137880775,
      30.79804384916091,
      30.320100586503674,
      30.671515517355605,
      31.10902904137117,
      31.465214930813058,
      31.53446624961375,
      31.300154947897358,
      31.382752429844672,
      31.48710348932119,
      31.290726811347817,
      31.702472390433712,
      32.02448144911437,
      32.14119000319775,
      31.756483138249614,
      31.81025139869877,
      32.36848519120968,
      32.11641940181218,
      31.95096029370395,
      32.36088034515662,
      32.46350623664937,
      31.60276351680036,
      31.88884382523706,
      32.47884294775654,
      32.24037064793421,
      32.759613792467384,
      32.30698725339594,
      32.39557788317544,
      32.85118327946538,
      32.65810501467835,
      32.082737273997,
      32.32722682073365,
      32.636958517905875,
      32.60637058238424,
      32.7555003895448,
      32.64828997200118,
      32.84470192509843,
      32.74056086057391,
      32.612532950620185,
      32.86131446139577,
      32.785187545648725,
      32.565657055300356,
      32.852818349674436,
      32.721581884422115,
      32.73040005421495,
      32.17682564498232,
      32.42046900074847,
      32.685109491526745,
      32.85229237269582
    ],
    "test_loss": [
      0.34843238443136215,
      0.391006775200367,
      0.3454573303461075,
      0.34980811178684235,
      0.3426397554576397,
      0.31379058957099915,
      0.3735682815313339,
      0.32338203489780426,
      0.3647621273994446,
      0.394050270318985,
      0.39019905775785446,
      0.3469346761703491,
      0.3606788441538811,
      0.3868207782506943,
      0.34152210503816605,
      0.36879415065050125,
      0.3401677757501602,
      0.4544335678219795,
      0.4193240851163864,
      0.3450718820095062,
      0.3777989521622658,
      0.3200933635234833,
      0.3478919565677643,
      0.4199521392583847,
      0.35626786202192307,
      0.37005341053009033,
      0.4075361490249634,
      0.45171865075826645,
      0.5445774719119072,
      0.46006742864847183,
      0.5503498092293739,
      0.4521724656224251,
      0.49773024022579193,
      0.4767858609557152,
      0.38003700226545334,
      0.37492892146110535,
      0.3444216400384903,
      0.388855442404747,
      0.36637163162231445,
      0.38223668932914734,
      0.386965349316597,
      0.6857507601380348,
      0.3492152690887451,
      0.4249586686491966,
      0.36866651475429535,
      0.5389990881085396,
      0.5120008140802383,
      0.39340101182460785,
      0.4525851905345917,
      0.2914886809885502,
      0.4166533388197422,
      0.48364581167697906,
      0.5319510400295258,
      0.4162927567958832,
      0.3631003871560097,
      0.4535183683037758,
      0.3831445053219795,
      0.3990248441696167,
      0.542903870344162,
      0.41005609929561615
    ],
    "test_acc": [
      27.932272947954534,
      27.488190356148195,
      31.340457613033863,
      30.34840788625407,
      32.20274206144016,
      34.96408007090277,
      28.788867302942723,
      32.20184019385812,
      28.93222908239225,
      26.232436014877756,
      26.810903618231933,
      30.057424798362575,
      28.884519222629574,
      26.799596347869947,
      31.05519449780693,
      29.100079042923763,
      30.77355476875036,
      25.11803409293973,
      24.994942770568912,
      29.811485418018258,
      28.056126965141498,
      31.934500998824287,
      30.308677865366423,
      26.186177716612594,
      31.38591483919066,
      27.43461217494983,
      25.29750071739991,
      23.099525899640497,
      22.732259290144345,
      25.593181508902017,
      19.983104527859346,
      22.35341260283917,
      22.243790450783372,
      22.316012015758684,
      28.331576340285977,
      27.896355351300556,
      30.493611851537658,
      26.790935648347993,
      29.349693873532075,
      26.98640534778249,
      26.76479959352334,
      15.457930814203511,
      29.423925785377232,
      23.329246303906917,
      27.112838498899237,
      19.703448738247452,
      21.89066202731156,
      26.50611888370064,
      24.82922600987871,
      34.44747877445388,
      28.156288678764117,
      21.15995650484178,
      20.370945742405475,
      23.60251997954267,
      28.078360700696457,
      22.53985833462843,
      28.039555555816467,
      29.313215340957516,
      22.087495395608272,
      24.384882735603078
    ]
  }
}