{
  "config": {
    "seed": 42,
    "bs_train": 16,
    "bs_test": 4,
    "batches": 100,
    "epochs": 60,
    "early_stopping": 10,
    "checkpoints": null,
    "lr": 0.0003,
    "print_every": 100,
    "h_dim": 256,
    "z_dim": 64,
    "betas": [
      0.9,
      0.999
    ],
    "kw": {},
    "RTplot": false,
    "out_dir": "./results/Res1/",
    "run_name": "FINAL_ARCHlr_0.0003s_0.85z_64",
    "x_sigma2": 0.85
  },
  "results": {
    "num_epochs": 0,
    "train_loss": [
      0.4569399187962214,
      0.3402732918659846,
      0.31190031170845034,
      0.30099690208832425,
      0.30080598493417104,
      0.29826505134503045,
      0.2875794008374214,
      0.2755446886022886,
      0.2874623020490011,
      0.2678860813379288,
      0.27116412272055945,
      0.27062637855609256,
      0.2663311749696732,
      0.26344642241795857,
      0.2630998392899831,
      0.26282532662153246,
      0.2566075270374616,
      0.2616478403409322,
      0.25616461237271626,
      0.2548631171385447,
      0.25261146475871404,
      0.2484103724360466,
      0.24787621398766835,
      0.2509908656279246,
      0.25306890507539115,
      0.2462896262605985,
      0.24084997028112412,
      0.24825190305709838,
      0.2481191655000051,
      0.2476103330651919,
      0.24904692123333613,
      0.241369433204333,
      0.2389629676938057,
      0.23900892982880276,
      0.2430411234498024,
      0.23867322156826656,
      0.23794294347365696,
      0.23786129007736842,
      0.23481014321247737,
      0.242764879266421,
      0.2410707116127014,
      0.23509159684181213,
      0.2395474726955096,
      0.24386540750662486,
      0.23957140644391378,
      0.23914263695478438,
      0.23635736852884293,
      0.23532128234704336,
      0.23459769338369368,
      0.23532633433739344,
      0.23912380933761596,
      0.23374554564555486,
      0.23245773563782374,
      0.23529034604628882,
      0.23521965543429058,
      0.23183921923240025,
      0.23297175914049148,
      0.23336472163597743,
      0.23658007383346558,
      0.23318227529525756
    ],
    "train_acc": [
      22.441089023974794,
      25.36025548236192,
      27.556913920453923,
      29.106856886945096,
      29.319722783973297,
      29.454495803579945,
      30.090052569117347,
      31.41301792074263,
      30.464124982721497,
      31.50733023871407,
      31.248039911672024,
      30.834512750599266,
      31.255082955398645,
      31.64866343429959,
      31.8808053374765,
      31.49797663404014,
      32.11485057400353,
      31.17526539644289,
      31.91165729059935,
      31.83756808756455,
      32.05290675207191,
      32.738642577185246,
      32.79273357559761,
      32.505444818176784,
      31.92352459410682,
      32.524113278293086,
      33.27847805164177,
      32.43090072087171,
      32.46551350200704,
      32.46973618181175,
      32.29840727965949,
      32.84991746499115,
      33.46324762911195,
      33.409095764611216,
      32.95905649028474,
      33.291217324245345,
      33.36270404212708,
      33.75809549113937,
      33.67697497886202,
      32.84884217936391,
      33.21425482128454,
      33.697954557020154,
      33.18613789345593,
      32.735950837029655,
      32.975455752213925,
      33.248187096263074,
      33.48489969811621,
      33.528697735601504,
      33.76029011195331,
      33.451373755664996,
      33.16480961517491,
      33.98714890417352,
      34.07590122141946,
      33.646001114802374,
      33.73746458457669,
      33.94402721532372,
      34.0503452253418,
      33.9896894358528,
      33.57705206215671,
      34.120429953838254
    ],
    "test_loss": [
      0.356765478849411,
      0.30799923092126846,
      0.3405070975422859,
      0.32859721779823303,
      0.3268399313092232,
      0.3789444714784622,
      0.34175289422273636,
      0.3278290629386902,
      0.3293180987238884,
      0.3092820346355438,
      0.3593083545565605,
      0.4124400317668915,
      0.3727051764726639,
      0.40270520001649857,
      0.3317277655005455,
      0.38010017573833466,
      0.356158722192049,
      0.37676557898521423,
      0.3467956408858299,
      0.27781231328845024,
      0.30334869772195816,
      0.3002534359693527,
      0.30005238950252533,
      0.36024075001478195,
      0.31587566435337067,
      0.2975190281867981,
      0.33390990644693375,
      0.33013252913951874,
      0.3462517186999321,
      0.403767853975296,
      0.3079340308904648,
      0.38423188030719757,
      0.40240439772605896,
      0.33598829060792923,
      0.3035660460591316,
      0.4008909612894058,
      0.29714857786893845,
      0.40720175206661224,
      0.5035864636301994,
      0.34013979136943817,
      0.3853978216648102,
      0.3295956701040268,
      0.2973518744111061,
      0.3775608390569687,
      0.36608655005693436,
      0.2821492366492748,
      0.31645015999674797,
      0.3379882499575615,
      0.49068035930395126,
      0.3974926173686981,
      0.3847690746188164,
      0.2869778648018837,
      0.5264003500342369,
      0.4312664791941643,
      0.28471266478300095,
      0.34277889877557755,
      0.3356146179139614,
      0.39426513761281967,
      0.31277550011873245,
      0.3343084082007408
    ],
    "test_acc": [
      27.26379495225337,
      33.8371655356791,
      31.717068391286574,
      32.129683983484846,
      32.403265936271396,
      30.768419215121344,
      30.153415030897413,
      31.133180721784164,
      31.784264136483394,
      32.118806209177784,
      27.485283086620854,
      23.711584334154104,
      26.303235180661254,
      26.132008984440144,
      29.764919433961246,
      26.39050883347531,
      29.561922124992815,
      27.660111297263573,
      29.36261781639008,
      35.909089363456324,
      31.718298142634733,
      31.953664589912854,
      33.62040442126761,
      27.518036787158014,
      31.686636536272,
      31.925912516572286,
      28.89285141114744,
      30.401889148216057,
      28.118251403549852,
      25.81001163529413,
      31.178090579446383,
      25.76290502084915,
      24.21129092843813,
      28.217276987153518,
      32.977338767528806,
      26.760638300131532,
      31.825452684090262,
      24.51985269763165,
      21.35551030703168,
      29.425104809867815,
      24.982355285839912,
      29.536747872942893,
      34.5014083470302,
      24.429622642476495,
      28.883863903575538,
      33.99114263072347,
      31.450917875602823,
      28.019864533535646,
      21.931219429095513,
      26.271634338058053,
      27.854334397013755,
      32.62172513654776,
      17.47224722261799,
      25.000989369922713,
      34.160067720410005,
      29.404208571897186,
      31.565719875736562,
      24.148665299317013,
      32.558821768751386,
      28.825684800359035
    ]
  }
}