{
  "config": {
    "seed": 42,
    "bs_train": 16,
    "bs_test": 4,
    "batches": 100,
    "epochs": 60,
    "early_stopping": 10,
    "checkpoints": null,
    "lr": 0.0003,
    "print_every": 100,
    "h_dim": 256,
    "z_dim": 32,
    "betas": [
      0.9,
      0.999
    ],
    "kw": {},
    "RTplot": false,
    "out_dir": "./results/Res1/",
    "run_name": "FINAL_ARCHlr_0.0003s_0.85z_32",
    "x_sigma2": 0.85
  },
  "results": {
    "num_epochs": 0,
    "train_loss": [
      0.4932931711276372,
      0.3332214911778768,
      0.3190947860479355,
      0.3051071981588999,
      0.293611666560173,
      0.2969906747341156,
      0.2780718500415484,
      0.2696443205078443,
      0.27333405514558157,
      0.27270496090253193,
      0.260599481066068,
      0.27014738668998084,
      0.261013488471508,
      0.26254284878571826,
      0.2586199993888537,
      0.25512693425019584,
      0.2498553767800331,
      0.2544325237472852,
      0.25087750057379404,
      0.24906934201717376,
      0.2498862127463023,
      0.25234748820463815,
      0.24805523852507275,
      0.24561933130025865,
      0.24612279782692592,
      0.24697377135356266,
      0.24597852776447932,
      0.24190348237752915,
      0.24347132990757625,
      0.243660107254982,
      0.24086920122305552,
      0.24047112166881562,
      0.24813416004180908,
      0.2429594616095225,
      0.23867897043625513,
      0.24203513463338217,
      0.23840930312871933,
      0.23977062205473582,
      0.2414425993959109,
      0.2365684027473132,
      0.237529327472051,
      0.24180831164121627,
      0.23860393812259037,
      0.23654738416274387,
      0.23770293494065603,
      0.23489213287830352,
      0.2339896892507871,
      0.2352431024114291,
      0.2352717250585556,
      0.23729817271232606,
      0.2394518514474233,
      0.23472790618737538,
      0.23789001454909642,
      0.23685581038395565,
      0.23568552086750666,
      0.23739099204540254,
      0.23929256548484165,
      0.236859996120135,
      0.2353372986117999,
      0.23357777744531633
    ],
    "train_acc": [
      22.35354640481745,
      25.484206715138093,
      26.692115173626906,
      28.30750806969752,
      28.956542843740884,
      28.92959093994469,
      29.615204164616195,
      30.407014727155424,
      30.255814693049757,
      30.15361117942834,
      31.00336319136595,
      31.03325834103118,
      31.175199857959274,
      30.70051666833184,
      31.207366101722663,
      31.378243923915655,
      32.015710074990196,
      31.463218891042498,
      31.696421310823148,
      32.02191967878864,
      31.776638936586373,
      31.55224620288793,
      31.924007126162046,
      32.223455744381,
      32.10181091245372,
      31.94230583806499,
      31.92150728561032,
      32.34219501427269,
      32.08551588084526,
      32.02596188381504,
      32.48930099294395,
      32.49166094011381,
      31.785223716793666,
      32.103123612762204,
      32.517797643996396,
      32.23785501301227,
      32.71101009291377,
      32.412875896732075,
      32.26630503919558,
      32.920994072271775,
      32.59980707763698,
      32.1963842238509,
      32.424709994948344,
      32.56491023884577,
      32.63760520778491,
      32.77113030862896,
      32.96023246645666,
      32.87182189670263,
      32.90550592970951,
      32.578014684112134,
      32.6498151581004,
      32.85667509584397,
      32.416058560782844,
      32.77124503020406,
      32.626072555882025,
      32.49177862268328,
      32.13229243770034,
      32.530005708807394,
      32.5895836552309,
      32.68481164326871
    ],
    "test_loss": [
      0.3281744122505188,
      0.3347628116607666,
      0.31038129329681396,
      0.3285745084285736,
      0.34016314521431923,
      0.3207811079919338,
      0.3177538514137268,
      0.35710636526346207,
      0.43179552257061005,
      0.343990720808506,
      0.3724978417158127,
      0.30559829622507095,
      0.3281513601541519,
      0.39839348942041397,
      0.36123353242874146,
      0.3518899530172348,
      0.39205973595380783,
      0.4337407127022743,
      0.4157452806830406,
      0.4394017234444618,
      0.43953629583120346,
      0.3475190997123718,
      0.3399989455938339,
      0.437735840678215,
      0.3232346400618553,
      0.3179894834756851,
      0.37079789489507675,
      0.40605632215738297,
      0.5271967425942421,
      0.3308989331126213,
      0.45513974130153656,
      0.38267499953508377,
      0.40379374474287033,
      0.39717190712690353,
      0.44671694934368134,
      0.3646831512451172,
      0.36545659601688385,
      0.34150754660367966,
      0.453695110976696,
      0.3761005960404873,
      0.49754300713539124,
      0.5359894260764122,
      0.2654561325907707,
      0.4957951679825783,
      0.3199984133243561,
      0.5268710404634476,
      0.5177835896611214,
      0.37978434562683105,
      0.5086914226412773,
      0.34628161042928696,
      0.3973102308809757,
      0.43139683455228806,
      0.4170446991920471,
      0.33536117523908615,
      0.465250164270401,
      0.32217342406511307,
      0.3962528333067894,
      0.4547615051269531,
      0.48168595135211945,
      0.4144248515367508
    ],
    "test_acc": [
      29.676528708960426,
      30.365403017630776,
      32.989460111174196,
      30.149924487264283,
      30.77260278533609,
      32.92107547106818,
      30.923291234833126,
      29.246284506225365,
      23.8073811901125,
      28.500126956411833,
      27.77464861628628,
      30.708341890963833,
      31.3419796961823,
      25.466169715787437,
      28.648352780953015,
      29.187374860202286,
      25.651905163459233,
      27.058516829091037,
      23.553373659932937,
      24.993012545511462,
      21.687682216306065,
      28.17085349650234,
      29.55404191596924,
      22.72110318879551,
      29.093893280059824,
      29.286751452654457,
      25.746553840234792,
      23.454904313822908,
      18.84912448913425,
      27.925630747668603,
      22.357576168158552,
      23.914422734050913,
      25.86076195470784,
      25.864961014256536,
      20.78971739420151,
      27.560664369217488,
      27.784956287950695,
      26.652557966210022,
      22.35443095443894,
      26.525790427394128,
      18.33161485037595,
      20.34895883973275,
      35.54183082355469,
      19.288590343405264,
      30.03641973872143,
      18.252580783461774,
      19.3913098529081,
      24.063973587858978,
      17.874233407216465,
      28.30297716515664,
      27.340462211097147,
      22.2344306885885,
      22.92839627862627,
      29.04434752109656,
      21.401604768737883,
      30.260200524887114,
      25.43037558651688,
      23.590064336862195,
      20.494346659268622,
      24.918508743487852
    ]
  }
}