{
  "config": {
    "seed": 42,
    "bs_train": 16,
    "bs_test": 4,
    "batches": 100,
    "epochs": 60,
    "early_stopping": 10,
    "checkpoints": null,
    "lr": 0.0005,
    "print_every": 100,
    "h_dim": 256,
    "z_dim": 32,
    "betas": [
      0.9,
      0.999
    ],
    "kw": {},
    "RTplot": false,
    "out_dir": "./results/Res1/",
    "run_name": "FINAL_ARCHlr_0.0005s_0.85z_32",
    "x_sigma2": 0.85
  },
  "results": {
    "num_epochs": 0,
    "train_loss": [
      0.6936035513877868,
      0.33250976701577506,
      0.31681576172510784,
      0.30919209917386375,
      0.2993600701292356,
      0.29832360049088796,
      0.28966623842716216,
      0.2847805549701055,
      0.27478373746077217,
      0.2719620247681936,
      0.2666215141614278,
      0.26326350271701815,
      0.2624121497074763,
      0.2624125217398008,
      0.2614553461472193,
      0.263159600396951,
      0.25040006389220554,
      0.25806632240613303,
      0.2533294717470805,
      0.25215623130400977,
      0.2533038755257924,
      0.2529849871993065,
      0.2500185559193293,
      0.24828385959068935,
      0.2461438496907552,
      0.24793620258569718,
      0.24747100621461868,
      0.24277126838763555,
      0.24722324758768083,
      0.24439443002144495,
      0.241691496471564,
      0.24171471893787383,
      0.24832456360260646,
      0.24312543074289958,
      0.23801139146089553,
      0.24074593683083853,
      0.23649939050277075,
      0.23981933196385702,
      0.24359436432520548,
      0.23749979933102924,
      0.23800391405820848,
      0.24221735845009487,
      0.23919487198193867,
      0.23749177207549413,
      0.23871341794729234,
      0.23547996679941813,
      0.23497462371985117,
      0.23445868442455928,
      0.2356802041331927,
      0.23580133666594824,
      0.2377509966492653,
      0.23363917370637258,
      0.23661832859118778,
      0.23721095770597458,
      0.2346112365523974,
      0.23789040396610897,
      0.2397615780433019,
      0.23644024183352788,
      0.23480239311854045,
      0.23296339412530262
    ],
    "train_acc": [
      22.289429212834587,
      25.527437580634686,
      27.09395037128901,
      28.151906131071655,
      28.608702072844547,
      28.840181497305853,
      29.296374851654907,
      29.782109980722414,
      29.874296109318,
      30.092584943931136,
      30.661030374023806,
      31.170546822179126,
      30.941454649233346,
      30.881275015882384,
      31.2360772394114,
      31.01882750416016,
      31.988219812064976,
      31.27473636043753,
      31.621787979123354,
      31.719938266457234,
      31.592549633188675,
      31.52682489930892,
      31.801652025692544,
      31.97011104207579,
      32.01244301470015,
      31.829024022397444,
      31.786662397263495,
      32.32924665136318,
      31.7440037558625,
      32.08584323752313,
      32.448158822666386,
      32.41679822610308,
      31.795303387535213,
      32.04352957843758,
      32.576508213186976,
      32.34141751138955,
      32.85035026949767,
      32.39755802657869,
      32.014182148606174,
      32.83380603649765,
      32.59261584189736,
      32.12746744358407,
      32.384764966971595,
      32.43633291717715,
      32.51774888651803,
      32.73328950967481,
      32.88267423485016,
      32.92679847507319,
      32.8670641994749,
      32.67475876926616,
      32.7782148188382,
      32.93160905040639,
      32.53110946144149,
      32.54674236834222,
      32.70766389269835,
      32.4454638236925,
      32.0524917116626,
      32.57075365406188,
      32.64433566627328,
      32.78026786615022
    ],
    "test_loss": [
      0.34144269675016403,
      0.3419775888323784,
      0.3133952394127846,
      0.3314066678285599,
      0.3914286196231842,
      0.33314453810453415,
      0.3326342776417732,
      0.33664384856820107,
      0.4080667942762375,
      0.3130629435181618,
      0.36417412757873535,
      0.31631477922201157,
      0.30164089798927307,
      0.4278775081038475,
      0.37906666845083237,
      0.38411423563957214,
      0.4091593101620674,
      0.45992662757635117,
      0.4514770805835724,
      0.5598093047738075,
      0.4282173588871956,
      0.32116708159446716,
      0.31349363923072815,
      0.3877611383795738,
      0.33495261520147324,
      0.3922678381204605,
      0.34449949115514755,
      0.30751390755176544,
      0.47610804438591003,
      0.40944382548332214,
      0.4105927497148514,
      0.33744631335139275,
      0.4183705151081085,
      0.44764526188373566,
      0.4535782188177109,
      0.4089227356016636,
      0.4069291763007641,
      0.4458485171198845,
      0.4987853094935417,
      0.42073364555835724,
      0.4788462445139885,
      0.4667929336428642,
      0.3037903346121311,
      0.4956031069159508,
      0.2675999030470848,
      0.4998468905687332,
      0.47905929014086723,
      0.36973582208156586,
      0.44146430492401123,
      0.35783055052161217,
      0.3367874026298523,
      0.37001125514507294,
      0.35889484733343124,
      0.33174479752779007,
      0.5287633314728737,
      0.3359982967376709,
      0.4044088274240494,
      0.4942079335451126,
      0.42922263592481613,
      0.4751197248697281
    ],
    "test_acc": [
      30.181917345853787,
      30.357829086551646,
      32.86729167198474,
      29.572109458260588,
      25.172793466438144,
      32.284733665194516,
      30.136077383685937,
      30.449738527797408,
      24.730888998507332,
      32.71612434510804,
      25.946157302586908,
      30.060052117086286,
      32.440333342045435,
      23.62786216244564,
      25.576850032859703,
      27.671240358545674,
      26.44467895570313,
      25.148026009406333,
      20.916469132408903,
      17.86041553499405,
      23.812397128999734,
      31.371094109347716,
      31.416456234720258,
      25.980373945885752,
      28.541517273541864,
      24.23883431641574,
      28.1169590480275,
      31.887859334020792,
      20.12624547923695,
      24.32534469153014,
      22.88575135674459,
      30.70777805793346,
      24.082436680890005,
      24.016114338542124,
      23.001916125445536,
      26.47091907467403,
      27.242960505246295,
      23.925527329093132,
      20.388155060845328,
      22.339856737507493,
      19.314383522211777,
      21.82501737670729,
      31.533194996934178,
      21.553423676467244,
      34.99402138175406,
      18.612762361966986,
      24.051519571774755,
      25.393705181471415,
      22.760949535968553,
      29.80723799758342,
      29.45600438906869,
      26.176412534627243,
      26.393790646683062,
      29.6098561815566,
      20.430150763617988,
      29.165820649733213,
      23.755646909051514,
      20.163757722121105,
      22.104174981841574,
      21.433333084087565
    ]
  }
}