{
  "config": {
    "seed": 42,
    "bs_train": 16,
    "bs_test": 4,
    "batches": 100,
    "epochs": 60,
    "early_stopping": 10,
    "checkpoints": null,
    "lr": 0.0001,
    "print_every": 100,
    "h_dim": 256,
    "z_dim": 128,
    "betas": [
      0.9,
      0.999
    ],
    "kw": {},
    "RTplot": false,
    "out_dir": "./results/Res1/",
    "run_name": "FINAL_ARCHlr_0.0001s_0.85z_128",
    "x_sigma2": 0.85
  },
  "results": {
    "num_epochs": 0,
    "train_loss": [
      0.3973497062921524,
      0.3285787433385849,
      0.3161134372154872,
      0.3061167200406392,
      0.29764852821826937,
      0.2909178465604782,
      0.281347768008709,
      0.2806840221087138,
      0.2768766552209854,
      0.2651997129122416,
      0.26908710499604543,
      0.26817430357138317,
      0.2690017059445381,
      0.2585196614265442,
      0.26135665525992713,
      0.2631495778759321,
      0.2609711498022079,
      0.2555314982930819,
      0.26345584690570834,
      0.26122504075368247,
      0.2576709657907486,
      0.25826656371355056,
      0.2537144576509794,
      0.2529802118738492,
      0.2578021918733915,
      0.2517186403274536,
      0.25577009121576944,
      0.25405806601047515,
      0.25162795980771385,
      0.2518710116545359,
      0.24622593571742377,
      0.24699363013108572,
      0.24382786403099696,
      0.25214267273743945,
      0.2411780948440234,
      0.2445349747935931,
      0.24272334824005762,
      0.2412765383720398,
      0.24205997238556545,
      0.23937439620494844,
      0.23973433474699657,
      0.24155366122722627,
      0.23692578971385955,
      0.23845886041720707,
      0.23953662365674971,
      0.24085281938314437,
      0.23754170338312786,
      0.23291795154412587,
      0.24136573771635692,
      0.23574825376272202,
      0.23365140010913213,
      0.23899293740590413,
      0.23743493060270945,
      0.23225510418415068,
      0.23452319105466207,
      0.2372561623652776,
      0.23219384253025055,
      0.23121616293986638,
      0.23544649531443915,
      0.2329831932981809
    ],
    "train_acc": [
      21.077686054269936,
      24.743908723622358,
      26.977446734503598,
      28.377234298775644,
      29.160812550434816,
      29.95013833257986,
      30.987723453200456,
      31.198899894272508,
      31.521702392159035,
      32.38436913815966,
      32.06753519499254,
      32.011205579970635,
      32.16504369110278,
      32.97411821931828,
      32.65673434397101,
      32.60130899438991,
      32.96149558455297,
      33.379270868899546,
      32.72935096932489,
      32.62202870706232,
      32.99602169522687,
      33.05319947279392,
      33.58052643556356,
      33.763994938148784,
      33.14686527189857,
      33.7275334032622,
      32.97272092140762,
      33.5697649889895,
      33.611110203369904,
      33.67156165404392,
      34.257014515720236,
      34.02002366077237,
      34.695940542053926,
      33.49076408381718,
      34.894288455985894,
      34.26941705313028,
      34.378240260225326,
      34.58509681413874,
      34.69166036518786,
      35.099500483197914,
      34.7594293418922,
      34.57010843483959,
      35.032668361131236,
      34.90946449019053,
      34.65126716601821,
      34.90824168437235,
      34.973880251815025,
      35.70953916408963,
      35.174043002851356,
      35.02725906530238,
      35.70133353223697,
      34.48406788506066,
      35.27441059588363,
      35.46523849331054,
      35.52367139834931,
      35.16942361438083,
      35.69510444237297,
      35.828455870217674,
      35.32228754155668,
      35.691055374246595
    ],
    "test_loss": [
      0.3389297053217888,
      0.3200659826397896,
      0.33923856168985367,
      0.30757366865873337,
      0.30680541694164276,
      0.3211766630411148,
      0.2973032519221306,
      0.321087121963501,
      0.30829470604658127,
      0.28861889988183975,
      0.30641622468829155,
      0.3040502071380615,
      0.27403266727924347,
      0.30031659454107285,
      0.2984616532921791,
      0.285651370882988,
      0.318553127348423,
      0.37435096502304077,
      0.28997568786144257,
      0.41833800077438354,
      0.3143762797117233,
      0.3117932006716728,
      0.35009337589144707,
      0.35298510268330574,
      0.2669016644358635,
      0.33900991827249527,
      0.29382699728012085,
      0.34080592542886734,
      0.29392728209495544,
      0.28020771965384483,
      0.27911457419395447,
      0.3049817830324173,
      0.3156353086233139,
      0.38093070685863495,
      0.27237679809331894,
      0.35545602813363075,
      0.2911203056573868,
      0.3265056908130646,
      0.30822649598121643,
      0.28165657818317413,
      0.36572931334376335,
      0.3645378425717354,
      0.2745644599199295,
      0.3566199615597725,
      0.2679031975567341,
      0.24384593591094017,
      0.24380549043416977,
      0.4148275703191757,
      0.30318935960531235,
      0.3081166744232178,
      0.26709872484207153,
      0.3423815555870533,
      0.31882067769765854,
      0.3709023743867874,
      0.3204277902841568,
      0.2957859933376312,
      0.2893984355032444,
      0.3160925470292568,
      0.2959068715572357,
      0.2832311652600765
    ],
    "test_acc": [
      27.073114852953672,
      31.105984715025293,
      29.67130963789915,
      32.988807774719966,
      33.6452293903268,
      33.266265480207956,
      33.71328783004143,
      31.54749283945435,
      32.640837255723795,
      35.10963837148807,
      32.74104157452065,
      33.289855889685825,
      36.664095519157904,
      33.518936937904115,
      35.59726555487043,
      36.291957499045566,
      31.563103113934943,
      27.750363059052194,
      35.10541569102347,
      24.00729556193166,
      33.502424055699734,
      32.024124106859645,
      30.602624717200143,
      29.295527033408693,
      38.09783143949674,
      29.79335084558428,
      33.32154495461774,
      29.299311814430638,
      34.44210166432676,
      35.069946687814465,
      34.721817013456416,
      31.999243073405715,
      33.630625140669714,
      25.208906429483193,
      36.304580419129685,
      29.062093732769238,
      33.69585122640646,
      32.122008927971365,
      33.62821962841919,
      35.22737515043355,
      30.297204628976797,
      30.577369213251924,
      35.155984465465636,
      27.41484079462237,
      36.41502524141453,
      40.032912748654034,
      40.41888184128964,
      26.715738545537207,
      31.974385617464925,
      31.663318639536136,
      36.79151882894054,
      31.5446969947279,
      31.272674456295697,
      27.031058355338573,
      29.736365315089795,
      33.283749682041105,
      34.79676887377353,
      32.1004094829212,
      33.03341448510161,
      34.68082894699114
    ]
  }
}