{
  "config": {
    "seed": 42,
    "bs_train": 16,
    "bs_test": 4,
    "batches": 100,
    "epochs": 60,
    "early_stopping": 10,
    "checkpoints": null,
    "lr": 0.0008,
    "print_every": 100,
    "h_dim": 256,
    "z_dim": 32,
    "betas": [
      0.9,
      0.999
    ],
    "kw": {},
    "RTplot": false,
    "out_dir": "./results/Res1/",
    "run_name": "FINAL_ARCHlr_0.0008s_1z_32",
    "x_sigma2": 1
  },
  "results": {
    "num_epochs": 0,
    "train_loss": [
      1.2655837376912435,
      0.30716646562019984,
      0.26875087271134057,
      0.26643597533305485,
      0.2646196479598681,
      0.2596322789788246,
      0.24953833123048147,
      0.24463231762250265,
      0.24534382124741871,
      0.24016582469145456,
      0.23399730573097866,
      0.23991890251636505,
      0.24037030786275865,
      0.23800832629203797,
      0.23076762855052949,
      0.23113154470920563,
      0.2218590055902799,
      0.22804144024848938,
      0.22294527292251587,
      0.2255096624294917,
      0.22487973421812057,
      0.22295078684886296,
      0.2145974814891815,
      0.21272970934708912,
      0.21838506807883581,
      0.21543285101652146,
      0.21545517295598984,
      0.21031947682301202,
      0.21269725064436595,
      0.21301476856072743,
      0.208850925664107,
      0.20792283564805986,
      0.21196806927522024,
      0.21225495288769405,
      0.2062004551291466,
      0.2081652283668518,
      0.2072243834535281,
      0.2102721745769183,
      0.20704483836889268,
      0.20293042560418448,
      0.20423553933699926,
      0.20693134913841885,
      0.205882332722346,
      0.20436445275942486,
      0.20515607645114262,
      0.20229196349779766,
      0.20196555306514105,
      0.20056282778580983,
      0.2036749099691709,
      0.2032021443049113,
      0.20331898381312688,
      0.20023993502060572,
      0.2026098445057869,
      0.2025419905781746,
      0.20232872714598973,
      0.2044202168782552,
      0.20675083150466284,
      0.20217099140087763,
      0.20009019821882248,
      0.19949636111656824
    ],
    "train_acc": [
      22.237018725665358,
      25.149631077692455,
      26.79619524346836,
      27.831665360059738,
      27.844822694161724,
      28.03139936393283,
      28.888305495731565,
      29.323592686462767,
      28.97222207144716,
      29.398182237251074,
      30.01819434541236,
      30.24771435909153,
      30.161016295200437,
      29.98510845911404,
      30.776381479765256,
      30.467962885067777,
      31.229515465483665,
      30.869137260818718,
      31.16757954495211,
      31.111016838030665,
      31.070848718583616,
      31.090206634250414,
      31.543096315090327,
      31.792137002771877,
      31.628502213817296,
      31.560618454136275,
      31.32079773465908,
      31.98171429774012,
      31.61761278635252,
      31.649446587237044,
      32.12315991889972,
      32.22335644511333,
      31.624894846230784,
      31.539758193925145,
      32.503833873528976,
      32.15111312015138,
      32.32255458843441,
      31.928148297514678,
      32.0841302906772,
      32.702630582417214,
      32.425925654739785,
      32.21329950059972,
      32.096565200236014,
      32.1943925030744,
      32.400136484027115,
      32.504805981826976,
      32.63262007689382,
      32.80714360437957,
      32.61074254248334,
      32.41845990008772,
      32.69908477076642,
      32.82823732284636,
      32.38485232356236,
      32.44329178014243,
      32.38615237431446,
      32.43295782461269,
      31.820739976978782,
      32.43629543943268,
      32.646667143482794,
      32.66243661012288
    ],
    "test_loss": [
      0.3789936974644661,
      0.3109874799847603,
      0.27626465633511543,
      0.31189268827438354,
      0.3410158269107342,
      0.31081440299749374,
      0.27529607713222504,
      0.27645963057875633,
      0.3335436321794987,
      0.2891503870487213,
      0.2855265662074089,
      0.29417167976498604,
      0.24417989701032639,
      0.38682764768600464,
      0.2841816507279873,
      0.29254234954714775,
      0.27684812992811203,
      0.37045348435640335,
      0.32224712520837784,
      0.3840552754700184,
      0.3302459754049778,
      0.2640323154628277,
      0.27104848250746727,
      0.3685440570116043,
      0.3077711947262287,
      0.325720876455307,
      0.29233159497380257,
      0.2512047663331032,
      0.40215661376714706,
      0.33443113416433334,
      0.33480245992541313,
      0.29710815846920013,
      0.36563221737742424,
      0.35570603981614113,
      0.41170912235975266,
      0.3463900089263916,
      0.35522187501192093,
      0.2818571738898754,
      0.3338826261460781,
      0.2536282017827034,
      0.2633984833955765,
      0.4350823685526848,
      0.35532238706946373,
      0.44433605670928955,
      0.2880232706665993,
      0.3921401910483837,
      0.40904612094163895,
      0.3050631545484066,
      0.4224827364087105,
      0.304548941552639,
      0.32074444368481636,
      0.3427957184612751,
      0.3067930154502392,
      0.35491954907774925,
      0.3868366852402687,
      0.5934138894081116,
      0.3343810699880123,
      0.517462644726038,
      0.3503684848546982,
      0.3163381591439247
    ],
    "test_acc": [
      29.03227403517286,
      28.795917201921036,
      31.56302756448797,
      27.82085200217177,
      27.49658626678525,
      29.603864613323303,
      30.030983011918128,
      32.28452332919137,
      26.33886496622451,
      28.307355492233317,
      29.249908957827138,
      28.347409207692074,
      34.47391007962931,
      21.72934217594578,
      33.537556262533215,
      28.053667711600674,
      29.54131174772139,
      23.470363421901567,
      26.78908602273459,
      24.89286212064999,
      27.733894586630573,
      31.18894482919733,
      30.478585979866686,
      25.429602647657592,
      26.101150168150696,
      24.90300968587108,
      28.072651962254692,
      32.93048662916393,
      20.35944870707892,
      26.782005489280667,
      25.933115879188943,
      28.0006006324776,
      23.910071060304947,
      23.86179774325359,
      19.10923943349558,
      24.425215705673672,
      23.21111725441836,
      29.337491527689572,
      24.24108000782688,
      32.507491137631376,
      30.003696441759743,
      19.510371447274775,
      24.263107726704387,
      17.690129926508828,
      28.217105643788166,
      21.141455467174175,
      22.21992372488801,
      27.193685570718543,
      20.898035903065956,
      27.092095930883076,
      28.27224439060483,
      25.695524769979873,
      26.848541978685304,
      23.57215991669245,
      23.225613404615796,
      16.083195772251663,
      24.576787516112905,
      20.23397961760086,
      25.51441478864175,
      27.70055191489376
    ]
  }
}