{
  "config": {
    "seed": 42,
    "bs_train": 16,
    "bs_test": 4,
    "batches": 100,
    "epochs": 60,
    "early_stopping": 10,
    "checkpoints": null,
    "lr": 0.0003,
    "print_every": 100,
    "h_dim": 256,
    "z_dim": 64,
    "betas": [
      0.9,
      0.999
    ],
    "kw": {},
    "RTplot": false,
    "out_dir": "./results/Res1/",
    "run_name": "FINAL_ARCHlr_0.0003s_0.8z_64",
    "x_sigma2": 0.8
  },
  "results": {
    "num_epochs": 0,
    "train_loss": [
      0.4780627648035685,
      0.36056809524695077,
      0.3307766993840536,
      0.3189490874608358,
      0.31811150213082634,
      0.3171766330798467,
      0.3045947308341662,
      0.29164208273092906,
      0.30250210861365,
      0.2853665331999461,
      0.28673129677772524,
      0.28606866200764974,
      0.2820515592892965,
      0.27644571562608083,
      0.2782440816362699,
      0.27848811596632006,
      0.27023112575213115,
      0.2766748641928037,
      0.27128749936819074,
      0.2707890426119169,
      0.26718476265668867,
      0.2638979390263557,
      0.26330564071734747,
      0.265513967971007,
      0.2676636556784312,
      0.26056472957134247,
      0.25593795627355576,
      0.262299245595932,
      0.26277514894803367,
      0.2641569316387177,
      0.2636861398816109,
      0.2551252469420433,
      0.2521007771293322,
      0.2542141616344452,
      0.2581807181239128,
      0.2518323078751564,
      0.25229208221038185,
      0.2522220015525818,
      0.24985965887705486,
      0.25651986598968507,
      0.2562660460670789,
      0.2501766915122668,
      0.2547901605566343,
      0.25823601136604946,
      0.2539215842882792,
      0.2535694653789202,
      0.2502889136473338,
      0.2494426667690277,
      0.2481266920765241,
      0.24954785406589508,
      0.2521421069900195,
      0.24619936893383662,
      0.2455396960179011,
      0.24923231254021327,
      0.2500224714477857,
      0.24557539025942485,
      0.24554014553626377,
      0.24598792642354966,
      0.25241782267888385,
      0.2463490068912506
    ],
    "train_acc": [
      22.474359580348032,
      25.49533960649803,
      27.754975544799798,
      29.227584947574623,
      29.475743077634554,
      29.55895385421112,
      30.31417865980526,
      31.544172634652607,
      30.685062680068693,
      31.574848445192387,
      31.332105607537862,
      31.044834951700157,
      31.366188442931367,
      31.88556645467001,
      32.02079126622381,
      31.656264378510823,
      32.333515841710174,
      31.413256735712793,
      32.11030788226072,
      31.933039311678357,
      32.289557614709864,
      32.83361439624198,
      32.925104144688255,
      32.701999625087225,
      32.0184170467902,
      32.75735224334506,
      33.345687199056115,
      32.59793275407916,
      32.5765822586516,
      32.42397192303361,
      32.54104186337891,
      33.04888783965461,
      33.735622291213105,
      33.54122523121217,
      33.00387245595646,
      33.56798865980353,
      33.66037886191235,
      33.98836130945499,
      33.75155426302495,
      33.140340807269155,
      33.36772275217553,
      33.81047050557784,
      33.220600498995196,
      32.889880684627684,
      33.14327477634803,
      33.413188006653066,
      33.66823923300786,
      33.68350298088225,
      34.02056346651904,
      33.55387250935752,
      33.42173610889801,
      34.29440714668769,
      34.41106155720557,
      33.9083802024038,
      33.89743738991041,
      34.16741964704309,
      34.348700780039515,
      34.33404501270709,
      33.637290729367194,
      34.39104221865429
    ],
    "test_loss": [
      0.37775249034166336,
      0.3303898200392723,
      0.3637304753065109,
      0.34638235718011856,
      0.34656526148319244,
      0.40262992680072784,
      0.3519662693142891,
      0.34859679639339447,
      0.35676607489585876,
      0.328869991004467,
      0.3734387680888176,
      0.4284379482269287,
      0.37360355257987976,
      0.4438100606203079,
      0.3479386642575264,
      0.40067173540592194,
      0.3816843256354332,
      0.40526673197746277,
      0.3579420670866966,
      0.2974977679550648,
      0.32013874500989914,
      0.32349955290555954,
      0.3113901726901531,
      0.385920912027359,
      0.3433588743209839,
      0.31186096370220184,
      0.32796038687229156,
      0.3534378409385681,
      0.37687578797340393,
      0.4373389631509781,
      0.3255242705345154,
      0.4019605964422226,
      0.426895909011364,
      0.33739086985588074,
      0.31227637827396393,
      0.4240325167775154,
      0.28753654658794403,
      0.42346710711717606,
      0.5070758759975433,
      0.3597746193408966,
      0.39220455288887024,
      0.33331650495529175,
      0.3046022355556488,
      0.3788151517510414,
      0.39786482602357864,
      0.2954149469733238,
      0.3282667361199856,
      0.3489825129508972,
      0.5242172852158546,
      0.4254366531968117,
      0.40153783559799194,
      0.3031222000718117,
      0.5618459209799767,
      0.4418371915817261,
      0.297959104180336,
      0.3678938075900078,
      0.3486146815121174,
      0.4209202527999878,
      0.33665917068719864,
      0.3286954089999199
    ],
    "test_acc": [
      27.320386795484822,
      33.63327897652575,
      31.735922684414703,
      32.564401352805795,
      32.32619489224936,
      30.87385794984038,
      31.09275976946412,
      31.379346219037167,
      32.01280339076071,
      32.216763346235524,
      28.031492134707978,
      24.36310247882011,
      27.89202999781469,
      26.001823762147126,
      30.65554341447705,
      26.449855620247927,
      29.33385777520563,
      27.30358227487174,
      30.399075253905387,
      36.02121154366695,
      32.15251374098419,
      31.885338640450783,
      34.33682827760429,
      27.069963866733715,
      30.87196661901016,
      32.46277325469035,
      31.016616141754806,
      30.853473073537337,
      27.40256989932805,
      26.221946755723856,
      31.56882926100864,
      26.31507071396258,
      24.25522914828348,
      30.279763313957414,
      34.0088985195119,
      26.810573481242795,
      35.29894088443487,
      24.78327445398571,
      22.467236928577325,
      29.725646887283638,
      26.272125446949428,
      30.540431053027394,
      35.83186035025153,
      26.085031040184788,
      28.474157972377434,
      34.475965082052795,
      32.11914199324973,
      28.876492424231714,
      22.10773156087443,
      26.031502786781264,
      28.19103801381349,
      32.839816065516594,
      17.532253366124927,
      26.054379422232692,
      34.70675440842984,
      29.061686550951308,
      32.05738531748885,
      24.375305466663907,
      31.910116366393495,
      31.893010266962737
    ]
  }
}