{
  "config": {
    "seed": 42,
    "bs_train": 16,
    "bs_test": 4,
    "batches": 100,
    "epochs": 60,
    "early_stopping": 10,
    "checkpoints": null,
    "lr": 0.0008,
    "print_every": 100,
    "h_dim": 256,
    "z_dim": 64,
    "betas": [
      0.9,
      0.999
    ],
    "kw": {},
    "RTplot": false,
    "out_dir": "./results/Res1/",
    "run_name": "FINAL_ARCHlr_0.0008s_0.8z_64",
    "x_sigma2": 0.8
  },
  "results": {
    "num_epochs": 0,
    "train_loss": [
      1.17175443371137,
      0.3915097028017044,
      0.36028490761915843,
      0.34017282525698345,
      0.3284446289141973,
      0.3478819827238719,
      0.3255471497774124,
      0.3215629706780116,
      0.3204839050769806,
      0.30095913310845696,
      0.29887418349583944,
      0.30118079086144767,
      0.2890730261802673,
      0.2969069202740987,
      0.28755425413449603,
      0.28623529970645906,
      0.27772951126098633,
      0.28826767404874165,
      0.278520779311657,
      0.2765080918868383,
      0.2728799437483152,
      0.26771673609813057,
      0.27025530139605203,
      0.2722323045134544,
      0.2720864435036977,
      0.26577883462111157,
      0.26629483699798584,
      0.2655330335100492,
      0.26616344451904295,
      0.26682919909556707,
      0.2651465172568957,
      0.2581941177447637,
      0.2595735892653465,
      0.2568769579132398,
      0.26503610561291374,
      0.256221678853035,
      0.25298761775096257,
      0.2515560547510783,
      0.24996889034907024,
      0.2557600865761439,
      0.2526876166462898,
      0.24875985334316889,
      0.25466514031092324,
      0.25682618965705234,
      0.2532508616646131,
      0.25575231661399206,
      0.2534443914890289,
      0.2486630156636238,
      0.2485551749666532,
      0.25036661326885223,
      0.2535059874256452,
      0.24821923772493998,
      0.24817336251338323,
      0.2471442903081576,
      0.24990233679612478,
      0.24475023945172628,
      0.24740719596544902,
      0.2482696329553922,
      0.2459415172537168,
      0.24232641905546187
    ],
    "train_acc": [
      22.17824577915209,
      25.591239582336758,
      27.50553629530095,
      28.38078958992388,
      29.135491243265736,
      28.882673354333686,
      29.298866653361753,
      29.334639942106946,
      29.386150824855928,
      30.453484992773006,
      30.679417286711505,
      30.332630236618417,
      31.01292314628116,
      31.081839258302452,
      31.11882627383721,
      31.243630066292518,
      32.08945603029259,
      30.77038693369751,
      31.60473551164949,
      31.65591081089097,
      32.059148949030934,
      32.44751206721258,
      32.25163331912752,
      32.873314610030945,
      32.16175299510593,
      32.62861273074672,
      32.635069205049874,
      32.138429111027335,
      32.08701637301835,
      32.07647046970687,
      32.221285946745745,
      32.91394823306889,
      32.75703044984604,
      33.12453519990493,
      32.634016195797116,
      33.140405142650785,
      33.39203782310061,
      33.7406628077058,
      33.681875087419165,
      33.14280618631816,
      33.64144567491819,
      33.73176212097821,
      33.2688391454277,
      32.710425724143775,
      33.06453647610736,
      33.09061903226874,
      33.39048408931081,
      33.8421127550762,
      33.88888985850082,
      33.61839197929594,
      33.35732703469154,
      34.11239361013391,
      34.060375876307866,
      34.10976010789165,
      34.057741064791074,
      34.35891926259198,
      34.249486055660746,
      34.20589071746122,
      34.432237995664785,
      34.97917967406905
    ],
    "test_loss": [
      0.4677679315209389,
      0.373385451734066,
      0.39131610095500946,
      0.357560433447361,
      0.3756537213921547,
      0.3732238784432411,
      0.3670032024383545,
      0.34106525033712387,
      0.3708711117506027,
      0.353840172290802,
      0.3490734249353409,
      0.3830055370926857,
      0.41907451301813126,
      0.3911123722791672,
      0.3299561068415642,
      0.31529614329338074,
      0.36825819313526154,
      0.35093551129102707,
      0.32690665125846863,
      0.32669784873723984,
      0.3737591430544853,
      0.3886137455701828,
      0.3425678312778473,
      0.3874237611889839,
      0.38376864790916443,
      0.31115181744098663,
      0.35766612738370895,
      0.3310699090361595,
      0.379412479698658,
      0.3557629883289337,
      0.3445965573191643,
      0.4073076620697975,
      0.3456219211220741,
      0.3171068951487541,
      0.291801281273365,
      0.5442608892917633,
      0.3642585128545761,
      0.411729097366333,
      0.3709527775645256,
      0.35443878918886185,
      0.31709180027246475,
      0.3114597462117672,
      0.2643467150628567,
      0.3727480173110962,
      0.425188347697258,
      0.4789408966898918,
      0.3466202840209007,
      0.4050101339817047,
      0.39039579033851624,
      0.40449904650449753,
      0.3695506602525711,
      0.30461475253105164,
      0.5470927581191063,
      0.38775479048490524,
      0.3179928585886955,
      0.3773445636034012,
      0.4325130954384804,
      0.3012794703245163,
      0.30775822699069977,
      0.46968192234635353
    ],
    "test_acc": [
      29.89545216030267,
      31.10383329759199,
      30.47265244583684,
      30.764794473349962,
      31.049163748893108,
      31.680596744302733,
      30.100835373352854,
      30.99464597300628,
      29.535922621334358,
      30.228507798563538,
      31.195497426127805,
      27.040575974140605,
      27.37167424321078,
      28.039347886662814,
      32.52377698341201,
      33.996012418914084,
      30.114325438186583,
      30.904255954342286,
      31.724678592244675,
      31.921932751204626,
      30.131040717157187,
      26.461999956238742,
      30.99363501234647,
      28.197112251499632,
      29.703814930765894,
      33.63926582312589,
      29.78829436390404,
      30.86973205539998,
      27.168369783212754,
      29.901347680632796,
      30.95198133082945,
      26.201670102490386,
      31.0639282921132,
      32.396353824255506,
      35.108994429766206,
      18.410785458646057,
      30.198961044447888,
      27.258325524744894,
      29.62559326644563,
      29.53016633487842,
      31.98774530183815,
      32.52239125016519,
      38.41995042356954,
      27.512044329371875,
      29.59303226555439,
      26.939799166292598,
      30.47106286671054,
      24.76393206664515,
      26.360044161990068,
      27.444063367634847,
      29.285478193838074,
      32.93424694703752,
      19.08349794516002,
      27.41155988657597,
      32.41531552110046,
      28.313183483824783,
      26.413555908236457,
      33.01751505085825,
      34.21194715022389,
      24.28828829136534
    ]
  }
}