{
  "config": {
    "seed": 42,
    "bs_train": 16,
    "bs_test": 4,
    "batches": 100,
    "epochs": 60,
    "early_stopping": 10,
    "checkpoints": null,
    "lr": 0.0003,
    "print_every": 100,
    "h_dim": 256,
    "z_dim": 128,
    "betas": [
      0.9,
      0.999
    ],
    "kw": {},
    "RTplot": false,
    "out_dir": "./results/Res1/",
    "run_name": "FINAL_ARCHlr_0.0003s_1z_128",
    "x_sigma2": 1
  },
  "results": {
    "num_epochs": 0,
    "train_loss": [
      0.4051171541213989,
      0.28660000214974085,
      0.27822626729806266,
      0.272669884065787,
      0.2548969025413195,
      0.2541709164778391,
      0.2482078939676285,
      0.2523712212840716,
      0.24366320421298346,
      0.2428751011689504,
      0.23042066047588985,
      0.23226690789063772,
      0.232595494389534,
      0.2291943704088529,
      0.22651167114575704,
      0.2273267279068629,
      0.218870543440183,
      0.21976017703612646,
      0.21735811084508896,
      0.21875518610080083,
      0.21991673608620962,
      0.21423989832401275,
      0.21744650850693384,
      0.21241233150164288,
      0.21288235435883204,
      0.21678482343753178,
      0.20711218267679216,
      0.20996513118346533,
      0.21199823866287867,
      0.20852612902720769,
      0.2001688688993454,
      0.20723852763573328,
      0.20381249487400055,
      0.20460671534140903,
      0.20841763416926065,
      0.2039367417494456,
      0.20684991975625355,
      0.2037130559484164,
      0.20248291790485382,
      0.20290217995643617,
      0.20301787704229354,
      0.19974213341871896,
      0.1954734946290652,
      0.2045371040701866,
      0.19995835920174918,
      0.20048294762770336,
      0.20076128343741098,
      0.19806924561659495,
      0.19686137090126674,
      0.19707095871369043,
      0.19795664598544438,
      0.20440542846918106,
      0.19939261923233667,
      0.19668111900488536,
      0.19797714650630951,
      0.19602146794398626,
      0.19474452286958693,
      0.1956663394967715,
      0.19421488046646118,
      0.19384098201990127
    ],
    "train_acc": [
      22.587001987450133,
      26.40515590886856,
      28.400469936182922,
      29.070109882374272,
      30.212507450692026,
      30.174809936882482,
      30.71586943043256,
      30.31579665547781,
      31.478176213493178,
      30.741453498866118,
      32.19046023932144,
      31.823959141003808,
      31.976851421855883,
      32.01501610992585,
      31.96203363683286,
      31.572378010016894,
      32.89240934060876,
      32.646742449363245,
      32.630390873608135,
      32.48085012880098,
      32.634632668087406,
      32.82459682074232,
      33.04742330943645,
      33.04507948322374,
      32.99827353176552,
      32.431492619324146,
      33.74603028296675,
      33.31122265956231,
      33.15497255207898,
      33.4872792543528,
      34.82941867066392,
      33.607422092261324,
      34.16173991938249,
      34.22724338698252,
      33.60596705397543,
      34.12512685690378,
      33.552857077790996,
      34.21344951307477,
      34.14404441808951,
      34.45064016437021,
      34.276843340227344,
      34.84247946131721,
      35.12629608984767,
      34.2775572125732,
      34.4874272559319,
      34.71248559320166,
      34.79999357852514,
      35.292179458766,
      35.472504684422866,
      34.93474763741671,
      35.11124253812135,
      33.79067525133086,
      35.29134291713177,
      35.05980077400668,
      35.07026481198312,
      35.14352937336343,
      35.69545815935319,
      35.37410104024461,
      35.795229006533546,
      35.875225094442314
    ],
    "test_loss": [
      0.3101791441440582,
      0.3154359757900238,
      0.3540685623884201,
      0.278331883251667,
      0.2831820026040077,
      0.2932867780327797,
      0.25182583928108215,
      0.2726799100637436,
      0.2561151497066021,
      0.2519582062959671,
      0.35363858565688133,
      0.26603738963603973,
      0.26718612387776375,
      0.2751169987022877,
      0.2507181726396084,
      0.26921651139855385,
      0.31300748884677887,
      0.39621978998184204,
      0.23628978058695793,
      0.3138395994901657,
      0.3043575622141361,
      0.2718391753733158,
      0.24799246340990067,
      0.31119638308882713,
      0.24758832156658173,
      0.28241002559661865,
      0.3027859032154083,
      0.24761031940579414,
      0.2424318753182888,
      0.26532504335045815,
      0.2954419441521168,
      0.24275903403759003,
      0.24976473301649094,
      0.31735415384173393,
      0.26413197070360184,
      0.2403445690870285,
      0.275295864790678,
      0.28493839874863625,
      0.2509438395500183,
      0.3262137956917286,
      0.30607880279421806,
      0.30158989131450653,
      0.2925289534032345,
      0.32767584174871445,
      0.2369960881769657,
      0.2093210257589817,
      0.24250883609056473,
      0.2849162891507149,
      0.23994075506925583,
      0.35738515853881836,
      0.304565966129303,
      0.29657335951924324,
      0.2468981221318245,
      0.2981592118740082,
      0.23729899153113365,
      0.26684538647532463,
      0.23918263986706734,
      0.3217608071863651,
      0.2303275465965271,
      0.34107358008623123
    ],
    "test_acc": [
      26.80654075102002,
      28.63774088444403,
      25.26750380029833,
      32.3303578246177,
      32.56316579272286,
      30.325657128339365,
      34.103752328325875,
      32.56317515824616,
      33.16834303422027,
      35.42093694922706,
      25.0130210606923,
      33.04943856682313,
      33.59584590488609,
      31.05324563687164,
      34.51586176881954,
      30.914642668441733,
      27.259568077087646,
      22.49565960579984,
      36.50623294914432,
      26.79306799494518,
      30.249136690400512,
      32.138294954278464,
      33.836200933646715,
      28.142740899837133,
      34.09572383721527,
      30.38140354661126,
      27.472979904330277,
      33.53431807546992,
      35.34490444840625,
      31.562030536447615,
      29.667554262880277,
      33.97972049586646,
      33.13106627876946,
      26.135904377867856,
      31.33524795195058,
      35.33254150539733,
      30.797941790068652,
      29.289166014971922,
      33.0626790247415,
      28.59697359357498,
      29.40515162329213,
      28.676919343904316,
      29.720222888384438,
      25.723173148498077,
      37.062015388197175,
      39.038212711808775,
      34.138651419063315,
      32.82163148531023,
      34.194993727581334,
      22.8127644674497,
      29.172790435248256,
      27.66554385863689,
      32.67145024781484,
      29.09129142820663,
      34.90287260282856,
      32.185414709190646,
      36.078133492734814,
      26.527208012655763,
      35.8933439964249,
      32.11475347210372
    ]
  }
}