{
  "config": {
    "seed": 42,
    "bs_train": 16,
    "bs_test": 4,
    "batches": 100,
    "epochs": 60,
    "early_stopping": 10,
    "checkpoints": null,
    "lr": 0.0005,
    "print_every": 100,
    "h_dim": 256,
    "z_dim": 128,
    "betas": [
      0.9,
      0.999
    ],
    "kw": {},
    "RTplot": false,
    "out_dir": "./results/Res1/",
    "run_name": "FINAL_ARCHlr_0.0005s_1z_128",
    "x_sigma2": 1
  },
  "results": {
    "num_epochs": 0,
    "train_loss": [
      0.5664286961158117,
      0.29350613554318744,
      0.2951802338163058,
      0.28493315130472185,
      0.27766998261213305,
      0.26448198010524115,
      0.25759292095899583,
      0.25676113069057466,
      0.24800073901812236,
      0.24890723675489426,
      0.2411449943979581,
      0.2348151589433352,
      0.22781092077493667,
      0.22969816774129867,
      0.23107260564963022,
      0.23112629503011703,
      0.2259797324736913,
      0.21558503260215123,
      0.2187135820587476,
      0.2222076674302419,
      0.2201463187734286,
      0.216762741903464,
      0.21428468575080237,
      0.209701939423879,
      0.21105134735504785,
      0.21277046849330267,
      0.21041493713855744,
      0.2128462125857671,
      0.21720888962348303,
      0.20902376075585682,
      0.2034445270895958,
      0.2113584463795026,
      0.20370530237754186,
      0.20814264218012493,
      0.20298893054326375,
      0.20389143079519273,
      0.20109681636095048,
      0.19862264792124432,
      0.2045060599843661,
      0.20503862003485362,
      0.20191447337468466,
      0.20008395661910375,
      0.19964646349350612,
      0.2047901342312495,
      0.19847341477870942,
      0.19875143418709437,
      0.19870011607805887,
      0.20012657543023427,
      0.19544726610183716,
      0.19251748671134314,
      0.19510030994812647,
      0.2021318847934405,
      0.19501640200614928,
      0.19600804050763448,
      0.19964192062616348,
      0.1955660954117775,
      0.19695135007301967,
      0.19476164728403092,
      0.19418359597524007,
      0.19020037204027176
    ],
    "train_acc": [
      22.733548724690635,
      26.69133252874094,
      27.979806489814596,
      28.866471135908178,
      28.752604655239185,
      29.540211259691795,
      30.019790378195914,
      29.78531954413752,
      30.834833569278835,
      30.6350954105813,
      31.180844262447113,
      31.222915458256754,
      32.000425503101,
      31.993943554909475,
      31.779524758556086,
      31.370159790266843,
      31.962264207990213,
      32.67077996552082,
      32.72710264088534,
      32.022771135078166,
      32.81933363401203,
      32.30625029129362,
      33.093250528179084,
      33.45342119141201,
      33.33662947620042,
      32.7607784335938,
      33.37614789080899,
      33.30981543663311,
      32.970308545204716,
      33.48524394741258,
      34.6383995349556,
      33.36446153231487,
      33.84759432209081,
      33.632577038756004,
      34.083660012834756,
      34.1971974365543,
      34.399441212514986,
      35.04349757826054,
      34.131307779842125,
      34.08138381982866,
      34.60924170770288,
      34.853016576873586,
      34.57691702886125,
      33.947483899712566,
      34.843501600451795,
      35.118560722176206,
      34.74231378612581,
      35.02689491164575,
      35.73275569182284,
      35.70696889186085,
      35.58278252944509,
      34.20183232825451,
      35.690035565509724,
      35.41703307527957,
      34.94271467191734,
      35.380580905506385,
      35.16537786054974,
      35.30708620510029,
      35.84636339034884,
      36.13279605633947
    ],
    "test_loss": [
      0.32467369735240936,
      0.35085223615169525,
      0.33454468101263046,
      0.30452339351177216,
      0.29094723612070084,
      0.3042788580060005,
      0.2514852322638035,
      0.2816333845257759,
      0.26945383846759796,
      0.26685989275574684,
      0.34514253214001656,
      0.2836136482656002,
      0.28106528520584106,
      0.29884736984968185,
      0.24693258479237556,
      0.27862345799803734,
      0.2966681011021137,
      0.3691950738430023,
      0.25297166407108307,
      0.2850353717803955,
      0.28193506971001625,
      0.31732243672013283,
      0.2701685130596161,
      0.3355005010962486,
      0.2735854461789131,
      0.2671145498752594,
      0.24466035142540932,
      0.23538729548454285,
      0.25203490257263184,
      0.27672501280903816,
      0.31308917701244354,
      0.2665053755044937,
      0.23419172689318657,
      0.2664300873875618,
      0.2906990721821785,
      0.2435644567012787,
      0.29563457891345024,
      0.2834068723022938,
      0.26108722388744354,
      0.3179042264819145,
      0.3073858320713043,
      0.2564684972167015,
      0.2954471707344055,
      0.26312635093927383,
      0.2665639705955982,
      0.22344153374433517,
      0.26404399424791336,
      0.273241862654686,
      0.26400190219283104,
      0.30029717460274696,
      0.3250912055373192,
      0.3363598957657814,
      0.25483278185129166,
      0.26774049550294876,
      0.2410876266658306,
      0.3131161443889141,
      0.23785869032144547,
      0.3283802680671215,
      0.2342204488813877,
      0.3235665075480938
    ],
    "test_acc": [
      28.274327153472907,
      24.810261903444694,
      29.163180937025473,
      30.390031693342873,
      31.937350434820953,
      30.33898530032406,
      34.17189092393291,
      30.67495698099922,
      31.489887721793494,
      33.794379676784125,
      25.737757704772086,
      32.25052842176971,
      31.91297655487115,
      29.409787280216893,
      35.39071018773816,
      30.588814546602347,
      30.473317617560046,
      22.9717001314542,
      33.3177367835952,
      29.281814027710396,
      32.30405394920259,
      27.216580240023635,
      31.814778690318548,
      24.26272929551863,
      30.04747422283037,
      31.057145452640395,
      33.559106851684064,
      35.30783209740835,
      33.665783852314924,
      30.754197476221393,
      29.20761517480466,
      31.402105226759616,
      35.27768572203275,
      32.59002336659357,
      29.464703427356525,
      35.121817452170646,
      28.876128356916528,
      29.296941707031884,
      31.410738197639287,
      29.72092386253826,
      27.480302245255057,
      31.74853052857925,
      28.096865523535975,
      31.727466029985443,
      33.111150723011626,
      35.747674100084,
      34.15720091188296,
      31.073616556216884,
      31.201729053800648,
      28.70358688906929,
      26.13167280627619,
      25.51178032629789,
      32.87108685401292,
      31.945172819533536,
      34.08581452202224,
      28.19601911863011,
      34.63528537523252,
      26.117803422767214,
      36.121186894365174,
      32.106630230221135
    ]
  }
}