{
  "config": {
    "seed": 42,
    "bs_train": 16,
    "bs_test": 4,
    "batches": 100,
    "epochs": 60,
    "early_stopping": 10,
    "checkpoints": null,
    "lr": 0.0005,
    "print_every": 100,
    "h_dim": 256,
    "z_dim": 32,
    "betas": [
      0.9,
      0.999
    ],
    "kw": {},
    "RTplot": false,
    "out_dir": "./results/Res1/",
    "run_name": "FINAL_ARCHlr_0.0005s_0.8z_32",
    "x_sigma2": 0.8
  },
  "results": {
    "num_epochs": 0,
    "train_loss": [
      0.715339332818985,
      0.3524241308371226,
      0.33675966958204906,
      0.3293254146973292,
      0.3197080026070277,
      0.3158866753180822,
      0.3068181186914444,
      0.30156280199686686,
      0.2930089284976323,
      0.2889011979103088,
      0.28069696525732674,
      0.28299601972103117,
      0.27983504881461463,
      0.27840162068605423,
      0.27705290565888085,
      0.2777484277884165,
      0.26543542693058647,
      0.2716174284617106,
      0.2681967963774999,
      0.2680141751964887,
      0.2672647183140119,
      0.2682064478596052,
      0.26542845318714775,
      0.2628469760219256,
      0.26050331791241965,
      0.26168277810017265,
      0.263351005812486,
      0.25628277013699213,
      0.26203258832295734,
      0.25950726817051567,
      0.2566868826746941,
      0.2568806275725365,
      0.2644283210237821,
      0.2575736030936241,
      0.2518520394961039,
      0.25464549859364827,
      0.2507200131813685,
      0.2529977386196454,
      0.25675538728634517,
      0.25143597771724063,
      0.251676943898201,
      0.25615378220876056,
      0.25250190248092014,
      0.25207228859265646,
      0.2519924581050873,
      0.2494148428241412,
      0.24845617314179738,
      0.24938384145498277,
      0.25445756514867146,
      0.25248591353495914,
      0.25295024464527766,
      0.24842366029818852,
      0.2511833479007085,
      0.25176502764225006,
      0.24992340803146362,
      0.25249637514352796,
      0.25405115634202957,
      0.25081520279248554,
      0.24912146131197613,
      0.24671238561471304
    ],
    "train_acc": [
      22.305504653306798,
      25.64892234348294,
      27.184207616401327,
      28.239767956304295,
      28.631571023594788,
      28.927610723849224,
      29.352568771742938,
      29.88401515620899,
      29.936286645028243,
      30.126220727900623,
      30.772680020033366,
      31.144678290231095,
      30.985593150643304,
      30.892602180262575,
      31.215622952693593,
      31.109921036222627,
      32.08355956895734,
      31.340898385408586,
      31.693653848199926,
      31.740926188723112,
      31.63721466988478,
      31.598950307116915,
      31.82707296255462,
      32.073209661866606,
      32.133651269413875,
      31.97185483803588,
      31.824064218334854,
      32.43954649328403,
      31.832085997464496,
      32.12778790836499,
      32.47566269875038,
      32.440463097667134,
      31.70483839841942,
      32.08612554277348,
      32.627631610052994,
      32.375968712963505,
      32.858182824528186,
      32.494604904872205,
      32.13893299919715,
      32.886293479076144,
      32.69457381941728,
      32.22306497878298,
      32.48985436597148,
      32.4717359727278,
      32.6651767182812,
      32.77995502726823,
      32.9633716712822,
      32.84160677250795,
      32.74636278537777,
      32.74468113752632,
      32.7436850901666,
      32.93676497371118,
      32.54236260121473,
      32.586783119685585,
      32.64887162800848,
      32.45918007812643,
      32.09291329977753,
      32.60059464394559,
      32.68147138662293,
      32.83337311347554
    ],
    "test_loss": [
      0.36130043864250183,
      0.3626796752214432,
      0.33458206057548523,
      0.3605359196662903,
      0.409187451004982,
      0.3569784015417099,
      0.34625817835330963,
      0.3626314736902714,
      0.43427570909261703,
      0.3219902664422989,
      0.37808550894260406,
      0.34108248353004456,
      0.3104283735156059,
      0.44853051751852036,
      0.39349716901779175,
      0.41468582302331924,
      0.4280167706310749,
      0.48786698281764984,
      0.49602849781513214,
      0.5763497427105904,
      0.4541260749101639,
      0.3402085267007351,
      0.33568646758794785,
      0.4036523774266243,
      0.35123908519744873,
      0.4158075377345085,
      0.3754322752356529,
      0.3237241953611374,
      0.4709062948822975,
      0.4188694432377815,
      0.4347924590110779,
      0.35500090569257736,
      0.4298597499728203,
      0.44184471666812897,
      0.4729494974017143,
      0.4485795199871063,
      0.42907584086060524,
      0.4521331191062927,
      0.5192784145474434,
      0.4524874687194824,
      0.5232726857066154,
      0.501443549990654,
      0.34405648708343506,
      0.5250661000609398,
      0.2829599343240261,
      0.5414489507675171,
      0.5064447894692421,
      0.37988942116498947,
      0.43076297640800476,
      0.35057733952999115,
      0.34400054812431335,
      0.39503104984760284,
      0.3652978241443634,
      0.3528694361448288,
      0.5566014498472214,
      0.3715520426630974,
      0.413468137383461,
      0.520842619240284,
      0.4391481727361679,
      0.5007257759571075
    ],
    "test_acc": [
      30.30577496980687,
      30.569822143452797,
      32.88126894180831,
      28.95013314706003,
      25.689137828140307,
      31.482046429317876,
      30.45576055695375,
      29.89722428591288,
      24.732921629945803,
      32.90470037509673,
      27.24027863153901,
      29.866029172022426,
      33.31707130436246,
      23.84712198284665,
      26.55240015124703,
      27.339047279814352,
      26.376488502972173,
      25.70005477184164,
      20.18345197537974,
      18.686175178890508,
      23.705064344707786,
      31.26446047604128,
      31.16076491089182,
      26.391760513244968,
      28.86179690295312,
      24.65328189160406,
      27.491216322499998,
      31.937085860322377,
      21.84652061928527,
      24.07138577871665,
      23.236810828007616,
      31.835479380721438,
      24.887139643220852,
      25.534412543050582,
      22.946851857921633,
      24.748446844539636,
      27.751475504348925,
      25.15147793340904,
      21.007675011888097,
      22.081779314410944,
      18.705317665638752,
      22.14292342981316,
      29.73434566912412,
      21.828645669224194,
      34.93528837526292,
      18.18020811972111,
      22.957039126705062,
      25.839422651840618,
      24.875057112234817,
      31.47325123639065,
      31.38997925992156,
      25.779931071641403,
      27.610800921726057,
      29.743498382509724,
      20.03492998293397,
      28.160931069669648,
      24.902187589883663,
      20.579376327389564,
      22.81069263185671,
      21.31552432030809
    ]
  }
}