{
  "config": {
    "seed": 42,
    "bs_train": 16,
    "bs_test": 4,
    "batches": 100,
    "epochs": 60,
    "early_stopping": 10,
    "checkpoints": null,
    "lr": 0.0001,
    "print_every": 100,
    "h_dim": 256,
    "z_dim": 64,
    "betas": [
      0.9,
      0.999
    ],
    "kw": {},
    "RTplot": false,
    "out_dir": "./results/Res1/",
    "run_name": "FINAL_ARCHlr_0.0001s_0.85z_64",
    "x_sigma2": 0.85
  },
  "results": {
    "num_epochs": 0,
    "train_loss": [
      0.39889179170131683,
      0.33081988195578255,
      0.31859228809674583,
      0.3051367163658142,
      0.2993733535210292,
      0.296205490330855,
      0.29045241127411525,
      0.28118798981110255,
      0.28272105803092323,
      0.2742065777381261,
      0.27491644968589146,
      0.27099226812521615,
      0.2615904043118159,
      0.2685769672195117,
      0.2704418962200483,
      0.26833244065443673,
      0.2622271036108335,
      0.2646219417452812,
      0.260570893685023,
      0.25748537282149,
      0.262982336183389,
      0.2548303489883741,
      0.2551135589679082,
      0.2553370803594589,
      0.2572203050057093,
      0.2564326072732607,
      0.24785336305697758,
      0.2585954561829567,
      0.2505452066659927,
      0.2521340896685918,
      0.25088143994410833,
      0.2449629748860995,
      0.25083157122135163,
      0.24463777542114257,
      0.2441268632809321,
      0.24357230265935262,
      0.2430111105243365,
      0.2435679167509079,
      0.24155890345573425,
      0.25045006374518075,
      0.24440381427605948,
      0.24080213606357576,
      0.24177669137716293,
      0.24832826952139536,
      0.24283397545417149,
      0.24220034529765447,
      0.23806584974129993,
      0.24016278833150864,
      0.23713682393232982,
      0.23761516859134038,
      0.24181508868932725,
      0.2423346499602,
      0.23980081180731455,
      0.24002232551574706,
      0.2416114533940951,
      0.23515667766332626,
      0.23990415781736374,
      0.23909921695788702,
      0.24054326166709264,
      0.23634319355090458
    ],
    "train_acc": [
      20.9622017822769,
      24.68296557517547,
      26.205696840715255,
      27.67047594809726,
      28.18267018530179,
      28.91434153448675,
      29.397849965595235,
      29.941645711227945,
      30.00941395064977,
      30.434216027870633,
      30.807626677017428,
      30.871827364314875,
      31.579299097951512,
      31.40546743097401,
      31.092622994597797,
      30.948427274800352,
      31.845545221083984,
      31.114929665723515,
      31.58917158147669,
      31.9204308299826,
      31.556738879823357,
      32.10003454492197,
      32.317014604804065,
      32.334341157992164,
      31.97092923550478,
      32.06806531090501,
      32.58385680163719,
      31.700599220130332,
      32.38740405243043,
      32.21843570374225,
      32.21999211847675,
      32.67719508844641,
      32.57193250113819,
      32.928591297167465,
      32.82698815822838,
      33.037556200895324,
      33.1877814906367,
      33.174727333428876,
      33.2366834012133,
      32.526424043976924,
      33.09260146412213,
      33.268162717563435,
      33.16345431288805,
      32.62621137478035,
      32.94804527775472,
      33.103291184788254,
      33.45532029809508,
      33.218151372522485,
      33.565196126726825,
      33.411435732280005,
      32.93467305293809,
      33.18937464412504,
      33.35604523237849,
      33.260561430455624,
      33.113334004631206,
      33.70266348412097,
      33.28282725936005,
      33.41974091072726,
      33.21585541917586,
      33.627909815511195
    ],
    "test_loss": [
      0.3390273228287697,
      0.31712208315730095,
      0.31587807834148407,
      0.3320791870355606,
      0.3179045021533966,
      0.3351871520280838,
      0.3327724561095238,
      0.34227148443460464,
      0.29228227585554123,
      0.32135529071092606,
      0.33037299662828445,
      0.33561696112155914,
      0.33307962864637375,
      0.33039869368076324,
      0.329581618309021,
      0.31080450862646103,
      0.32877251505851746,
      0.31930674612522125,
      0.3970324620604515,
      0.3031758442521095,
      0.32334181666374207,
      0.28046492114663124,
      0.31156768649816513,
      0.28544867038726807,
      0.2682093232870102,
      0.3509031608700752,
      0.33203718811273575,
      0.32626016438007355,
      0.2948949486017227,
      0.3511340543627739,
      0.339900903403759,
      0.3151809051632881,
      0.3909705728292465,
      0.3319447562098503,
      0.4419133961200714,
      0.3671864792704582,
      0.32860715687274933,
      0.37830492854118347,
      0.43892475217580795,
      0.2800454720854759,
      0.52964086830616,
      0.28933220356702805,
      0.31318456679582596,
      0.5377272702753544,
      0.3330792523920536,
      0.3851616755127907,
      0.4409372843801975,
      0.3627597615122795,
      0.36553986370563507,
      0.322468526661396,
      0.26146862283349037,
      0.3001236245036125,
      0.28720514476299286,
      0.33319150656461716,
      0.371708519756794,
      0.31681183353066444,
      0.360963799059391,
      0.2752072513103485,
      0.42511843144893646,
      0.41311219334602356
    ],
    "test_acc": [
      26.990846301956996,
      32.15330653801071,
      32.57676215059611,
      29.916787943736484,
      31.447317912898335,
      31.74775175597617,
      30.063758750588512,
      30.8322169094639,
      33.38409462469273,
      32.05894901488142,
      31.674505028885637,
      29.132839851536016,
      29.60882077073975,
      30.19457774831941,
      30.890892973897614,
      32.83682364656475,
      30.410053537966814,
      30.07353557037473,
      24.85380764956323,
      32.16871384494319,
      30.184536986469237,
      35.017498810467416,
      31.54025777990284,
      34.59439240975682,
      37.783464546892276,
      28.850301507361195,
      29.524420019777285,
      28.904514516123648,
      33.38607711748627,
      28.356053062772457,
      29.136425633096014,
      31.156155666566022,
      25.33626884643184,
      30.776694729385206,
      24.72686733785867,
      27.789847714169042,
      28.672252068701425,
      26.553707031285622,
      23.085118500573216,
      35.03284673473987,
      20.14167277545793,
      32.73547749872902,
      33.30783913366756,
      21.016480517872193,
      30.625556933577055,
      26.575430597546156,
      26.293140973574403,
      29.229133587155314,
      28.706996168783483,
      29.864387621733407,
      35.9362992533569,
      31.471204728883922,
      32.633492318303524,
      30.104582449632325,
      28.45056602646712,
      32.08752571840331,
      28.77577417244546,
      34.366812391468414,
      24.202627721820242,
      24.499763079414233
    ]
  }
}