{
  "config": {
    "seed": 42,
    "bs_train": 16,
    "bs_test": 4,
    "batches": 100,
    "epochs": 60,
    "early_stopping": 10,
    "checkpoints": null,
    "lr": 0.0008,
    "print_every": 100,
    "h_dim": 256,
    "z_dim": 32,
    "betas": [
      0.9,
      0.999
    ],
    "kw": {},
    "RTplot": false,
    "out_dir": "./results/Res1/",
    "run_name": "FINAL_ARCHlr_0.0008s_0.85z_32",
    "x_sigma2": 0.85
  },
  "results": {
    "num_epochs": 0,
    "train_loss": [
      1.315987186630567,
      0.3535946319500605,
      0.31444495817025503,
      0.3101635346810023,
      0.3051475470264753,
      0.30123526106278103,
      0.29158919205268224,
      0.289158234000206,
      0.28339555660883586,
      0.2822327176729838,
      0.2729078029592832,
      0.27931962807973226,
      0.2817557583252589,
      0.28082060217857363,
      0.27171008437871935,
      0.27444788118203484,
      0.2609656120340029,
      0.2602560694019,
      0.25972204754749934,
      0.2588583330313365,
      0.26166080782810847,
      0.2576276659965515,
      0.2530481194456418,
      0.24829346636931102,
      0.2516005670030912,
      0.2501863107085228,
      0.2494411364197731,
      0.24539447327454886,
      0.24775249709685643,
      0.24778973758220674,
      0.24467160056034723,
      0.24506001124779384,
      0.24879302084445953,
      0.24626458783944447,
      0.2397690822680791,
      0.2407053550084432,
      0.23762114693721134,
      0.24294889469941458,
      0.2433448016643524,
      0.23917464017868043,
      0.23916693727175395,
      0.2433625673254331,
      0.24353167514006296,
      0.23932946026325225,
      0.23918692568937938,
      0.23754819184541703,
      0.23580042719841005,
      0.2352343146999677,
      0.24129375567038855,
      0.2377766986687978,
      0.23815896262725195,
      0.26373346348603566,
      0.24279198348522185,
      0.23950680295626323,
      0.23662231117486954,
      0.23739522794882456,
      0.24025617440541586,
      0.23669800410668054,
      0.23516025294860204,
      0.2332467312614123
    ],
    "train_acc": [
      22.320393498638012,
      25.537455052088557,
      27.073220611876195,
      28.01407064960213,
      28.120002988822307,
      28.337513266577833,
      29.102669156022795,
      29.296196024010133,
      29.30829613474187,
      29.496764475594045,
      30.223497631941864,
      30.41696807469226,
      30.399868814302618,
      30.078098578918095,
      30.830711986895537,
      30.602321448902945,
      31.46752652717818,
      31.11834374892203,
      31.110320297127817,
      31.499812364499892,
      31.282544177293012,
      31.291295820454163,
      31.671040991969388,
      31.934266884159435,
      31.816425480908563,
      31.870229514649395,
      31.771955654424794,
      32.23568295929013,
      31.91652562652154,
      31.90715520421288,
      32.35732119745126,
      32.25795642456191,
      31.68840185659871,
      31.730638916858368,
      32.527458593041715,
      32.41538496765668,
      32.751455521147314,
      32.25376571565077,
      32.17853592446931,
      32.80933793148004,
      32.614439677890886,
      32.280601644031734,
      32.10951641322415,
      32.330118662561226,
      32.68056391223674,
      32.66597571283113,
      32.776158034895666,
      32.87152285508834,
      32.70782802567164,
      32.68311211374732,
      32.77767393784038,
      31.87030729034529,
      32.102085849961966,
      32.377978202658724,
      32.57443334619014,
      32.52093647078347,
      31.962455714016794,
      32.54468519758901,
      32.68579122022371,
      32.7790664933829
    ],
    "test_loss": [
      0.42924827337265015,
      0.3619268909096718,
      0.32341067492961884,
      0.3646075278520584,
      0.3956066183745861,
      0.37050025910139084,
      0.3295835852622986,
      0.32893143966794014,
      0.3863978385925293,
      0.32753368467092514,
      0.3320998474955559,
      0.3322058767080307,
      0.2813989371061325,
      0.46290553361177444,
      0.32325998321175575,
      0.3362358883023262,
      0.34498904272913933,
      0.43675823509693146,
      0.4009324088692665,
      0.46722354739904404,
      0.39520490169525146,
      0.31483548134565353,
      0.3200249411165714,
      0.4365929961204529,
      0.33609001338481903,
      0.3858112618327141,
      0.34389565885066986,
      0.3070942535996437,
      0.48777715116739273,
      0.37550631165504456,
      0.38605570793151855,
      0.3568980507552624,
      0.3886665999889374,
      0.4253285080194473,
      0.445996455848217,
      0.43756866455078125,
      0.3571711704134941,
      0.37360094487667084,
      0.40683479607105255,
      0.3013928458094597,
      0.33436401933431625,
      0.501036249101162,
      0.33806871622800827,
      0.5207710787653923,
      0.3088744767010212,
      0.4512028619647026,
      0.46690963953733444,
      0.3213282860815525,
      0.49551165848970413,
      0.35706400126218796,
      0.3773540183901787,
      0.3689500465989113,
      0.3405877724289894,
      0.4035358987748623,
      0.44538676366209984,
      0.5776262804865837,
      0.3713439777493477,
      0.6206979118287563,
      0.39671289920806885,
      0.38218022882938385
    ],
    "test_acc": [
      29.198388108426606,
      29.14656716501312,
      31.486117546905124,
      28.17015997858082,
      27.946803743806953,
      29.584740396255622,
      29.590036698906783,
      32.213769226876515,
      26.17314840957992,
      29.420718458861078,
      30.249832774366407,
      28.557651646594415,
      34.34671270525132,
      21.978958389139315,
      34.1177246777308,
      28.551116740131494,
      27.85112458501987,
      23.660196412854873,
      25.661360079488944,
      24.305969725714352,
      26.7504386512767,
      30.881619419178985,
      30.79132154450758,
      23.809059664815383,
      27.93122371074859,
      25.664940363944552,
      28.16486331308728,
      31.787790958605353,
      19.921128491071062,
      26.83945678205479,
      26.197789885577585,
      27.9658873429219,
      25.489121938784425,
      22.721908901414988,
      21.782948153886576,
      23.694836873642725,
      26.415251404758468,
      27.236061524536435,
      23.03168990783921,
      31.978748498606798,
      27.50886270231336,
      19.87634160985552,
      30.416112635404037,
      17.58182465283978,
      30.327706038914577,
      21.54326091770012,
      22.255021390806654,
      29.80651178170672,
      21.01433355253279,
      27.13714372381923,
      29.509855335245952,
      27.83427215487287,
      28.72303584223755,
      24.318733329069705,
      23.223490886022958,
      20.342512177459724,
      25.976562560146768,
      20.123309574954618,
      27.748621737186657,
      26.23867528786512
    ]
  }
}