{
  "config": {
    "out_dir": "./results/Res1/",
    "seed": 42,
    "bs_train": 32,
    "bs_test": 8,
    "batches": 100,
    "epochs": 100,
    "early_stopping": 10,
    "checkpoints": null,
    "lr": 0.01,
    "print_every": 2,
    "h_dim": 256,
    "z_dim": 10,
    "betas": [
      0.1,
      0.1
    ],
    "kw": {},
    "RTplot": false,
    "run_name": "MEGA_RUNlr_0.01s_0.5",
    "x_sigma2": 0.5
  },
  "results": {
    "num_epochs": 0,
    "train_loss": [
      10.242478076616923,
      1.8340461572011313,
      1.7075663328170776,
      1.6083789189656577,
      1.447144627571106,
      1.3854812781016033,
      1.3377476930618286,
      1.3231380462646485,
      1.2947396834691365,
      1.2902792374293008,
      1.2622060855229695,
      1.2528281370798746,
      1.2339134772618612,
      1.2223645210266114,
      1.2136884768803915,
      1.2120493332544962,
      1.2037403424580893,
      1.2069127877553305,
      1.1988862435022989,
      1.1976917425791422,
      1.194923718770345,
      1.1969919204711914,
      1.1916222333908082,
      1.19377197821935,
      1.1881361643473307,
      1.1859950462977091,
      1.1868184884389241,
      1.1826632340749106,
      1.1836901267369588,
      1.1803643147150675,
      1.1828709761301677,
      1.1796857039133708,
      1.1776463627815246,
      1.181925086180369,
      1.1794248183568319,
      1.1753559033075969,
      1.1784645358721415,
      1.178927477200826,
      1.1761922677357992,
      1.1772557457288106,
      1.1729260762532552,
      1.174373412132263,
      1.1731758832931518,
      1.1745646953582765,
      1.1695436557133994,
      1.1718708912531535,
      1.1691548268000285,
      1.1697885195414226,
      1.170049508412679,
      1.1714286049207052,
      1.1707802136739096,
      1.1675721565882364,
      1.1703979253768921,
      1.168884030977885,
      1.1658538063367208,
      1.166194240252177,
      1.1692641576131184,
      1.1648211081822712,
      1.1658458908398945,
      1.1628018776575724,
      1.1630133787790935,
      1.165493098894755,
      1.1629098494847616,
      1.164235536257426,
      1.1618575731913248,
      1.1632525642712912,
      1.1624657789866129,
      1.1614182154337565,
      1.1597091913223267,
      1.161112411816915,
      1.161651110649109,
      1.1608744859695435,
      1.161451760927836,
      1.1606378873189291,
      1.160334547360738,
      1.1588672081629434,
      1.1592739979426065,
      1.1593108574549358,
      1.159461744626363,
      1.1573002219200135,
      1.155126722653707,
      1.1577238241831462,
      1.1564202308654785,
      1.1562222401301065,
      1.1565951466560365,
      1.1546485503514607,
      1.1529129505157472,
      1.1553001880645752,
      1.1557129144668579,
      1.1555618166923523,
      1.1520931641260783,
      1.1528793017069499,
      1.1537689288457236,
      1.1539644877115884,
      1.151922833919525,
      1.150790556271871,
      1.152536408106486,
      1.1507839679718017,
      1.151573916276296,
      1.151880959669749
    ],
    "train_acc": [
      2.898478371430956,
      2.7994930132191187,
      2.805026393682071,
      2.795858535685744,
      2.789808685578718,
      2.8069336799014293,
      2.7906827617661394,
      2.793378016058391,
      2.7914619842146076,
      2.816848729679235,
      2.80197537717033,
      2.812109367979002,
      2.801811498314246,
      2.796691679556679,
      2.7944040458358246,
      2.8086010533374726,
      2.788877545628143,
      2.7993350803157946,
      2.8050411450595614,
      2.7973584459817045,
      2.790745183150515,
      2.785483525282714,
      2.7873820770439535,
      2.809414096983076,
      2.7985861297935366,
      2.7914770603915002,
      2.802431592825765,
      2.799464484301688,
      2.7962589466463084,
      2.797572481765402,
      2.7867893636733756,
      2.8019796315634893,
      2.8044287322508423,
      2.800090954127214,
      2.81745226238849,
      2.801437595668392,
      2.7980261032694913,
      2.7942474815236733,
      2.805658400162363,
      2.8026791188964673,
      2.801423899472698,
      2.7883939194900282,
      2.799948188015281,
      2.8004442390570876,
      2.792646190674415,
      2.798167003453873,
      2.7969997267657187,
      2.802519459522645,
      2.786924693725923,
      2.8160029560276105,
      2.7911473607049153,
      2.8028556798015622,
      2.7955025024265656,
      2.80028696793053,
      2.806137706448512,
      2.7933551297408328,
      2.800175278899626,
      2.8000259545206134,
      2.803163881617766,
      2.7895587210080666,
      2.7972386593855205,
      2.8062922174999154,
      2.790460140352034,
      2.793515164075494,
      2.787492288958516,
      2.7963781118137483,
      2.7995750621677913,
      2.7937064705582126,
      2.7931571194518336,
      2.8039452506212497,
      2.7892953724084157,
      2.7999645495426155,
      2.795732370457515,
      2.7932508941045024,
      2.796755732778122,
      2.8073733603787043,
      2.8023829164681957,
      2.79931994026235,
      2.7918903344171726,
      2.804199578794556,
      2.7941885261448878,
      2.7956531812178183,
      2.793972752644146,
      2.8014808570296457,
      2.7962610782981696,
      2.796417636946351,
      2.795183773377386,
      2.7922670386904547,
      2.7922576364171836,
      2.789526532370753,
      2.807596138464376,
      2.7948676011117985,
      2.809416987170505,
      2.8127945101755865,
      2.8003600705938787,
      2.7931485001744023,
      2.7892475330836763,
      2.806713073376257,
      2.7931249617013973,
      2.806544568445368
    ],