{
  "config": {
    "seed": 42,
    "bs_train": 16,
    "bs_test": 4,
    "batches": 100,
    "epochs": 40,
    "early_stopping": 10,
    "checkpoints": null,
    "lr": 0.0005,
    "print_every": 100,
    "h_dim": 256,
    "z_dim": 128,
    "betas": [
      0.9,
      0.999
    ],
    "kw": {},
    "RTplot": false,
    "out_dir": "./results/Res1/",
    "run_name": "MEGA_RUNs_1bs_16",
    "x_sigma2": 1
  },
  "results": {
    "num_epochs": 0,
    "train_loss": [
      1.5040370623270671,
      0.683467306693395,
      0.40558067460854846,
      0.3103912611802419,
      0.27272715270519254,
      0.26548872540394464,
      0.2458073988556862,
      0.24323385556538898,
      0.23698800057172775,
      0.24236462463935216,
      0.2369104911883672,
      0.22635564704736075,
      0.22664515872796376,
      0.2222999632358551,
      0.22516475468873978,
      0.2304005260268847,
      0.22259570409854254,
      0.21892919292052587,
      0.21539961596330007,
      0.21506030758221945,
      0.21214444835980734,
      0.21378024568160375,
      0.20883947908878325,
      0.2100921188791593,
      0.2074887325366338,
      0.21081945647795994,
      0.20477621604998905,
      0.2016194060444832,
      0.20322699149449666,
      0.20373440583546956,
      0.2071064790089925,
      0.20054469207922618,
      0.19991878966490428,
      0.19860991587241492,
      0.19934606899817783,
      0.19983858962853748,
      0.19299821108579635,
      0.1904369816184044,
      0.19158051858345668,
      0.18701061954100925
    ],
    "train_acc": [
      23.286813410885415,
      24.1233812543662,
      23.313492167839737,
      24.336990181435947,
      26.12073249099892,
      26.38357663595168,
      28.037312534889566,
      28.426267194169288,
      29.00099084927511,
      28.30183477891191,
      29.108711518457298,
      29.887044470591256,
      29.782744926871693,
      30.20815493378516,
      29.827534562719777,
      29.385836903968418,
      30.160611945170622,
      30.526455408209348,
      30.936248759492464,
      30.91625589381958,
      31.380433849306215,
      31.22015394399263,
      31.83589986004354,
      31.938679590066233,
      32.04094498925105,
      31.635649364593256,
      32.589169514644446,
      33.21315284848407,
      33.18977663960918,
      33.20877964570915,
      32.54959151063686,
      33.52577138914386,
      33.71500909167593,
      33.86193828114204,
      34.04761326867777,
      33.69094902341195,
      34.71289532620216,
      35.13578978627127,
      34.99956388808628,
      35.876670092081355
    ],
    "test_loss": [
      1.331410527229309,
      0.5299166291952133,
      0.40463967621326447,
      0.3249272555112839,
      0.2773628830909729,
      0.2708868011832237,
      0.2776527404785156,
      0.291475273668766,
      0.31295496225357056,
      0.2973317913711071,
      0.2837349362671375,
      0.24013398587703705,
      0.24079236760735512,
      0.33271555602550507,
      0.26705630496144295,
      0.24477646499872208,
      0.2658660300076008,
      0.30053941905498505,
      0.266088031232357,
      0.36668509989976883,
      0.3201409578323364,
      0.2751535065472126,
      0.2744382992386818,
      0.2983430474996567,
      0.2812315374612808,
      0.2595605179667473,
      0.33672138676047325,
      0.24062583968043327,
      0.25292985141277313,
      0.2568867765367031,
      0.3141499198973179,
      0.23347565904259682,
      0.32179252058267593,
      0.32805098965764046,
      0.35781291872262955,
      0.2807234451174736,
      0.24912802129983902,
      0.28126121684908867,
      0.2737032100558281,
      0.4594925045967102
    ],
    "test_acc": [
      29.170655184191123,
      27.96006289758298,
      27.186935421796065,
      26.636975554337003,
      30.199081690786137,
      31.124512898008238,
      29.532791393437698,
      27.891273189611535,
      26.87994036501563,
      28.291959689062264,
      29.28174623808688,
      33.32597732797503,
      32.604414549341286,
      25.29417062068339,
      29.719765622278658,
      32.5753927963033,
      30.5050101930675,
      27.06207545722511,
      30.246686583886248,
      21.57314268389682,
      26.629195991373294,
      28.881341559207577,
      29.44198525961603,
      27.268964124448917,
      28.54988287387243,
      31.79150734717061,
      25.019603208059586,
      34.29035920285813,
      31.28752370677858,
      31.66545694412927,
      27.66012886174824,
      34.49579081298835,
      25.846823410493897,
      25.188778455276523,
      25.036288639098885,
      29.969194728834662,
      32.38074627568158,
      28.87516960760358,
      29.261831411690267,
      18.710257153406552
    ]
  }
}