{
  "config": {
    "seed": 42,
    "bs_train": 32,
    "bs_test": 8,
    "batches": 100,
    "epochs": 40,
    "early_stopping": 10,
    "checkpoints": null,
    "lr": 0.0005,
    "print_every": 100,
    "h_dim": 256,
    "z_dim": 128,
    "betas": [
      0.9,
      0.999
    ],
    "kw": {},
    "RTplot": false,
    "out_dir": "./results/Res1/",
    "run_name": "MEGA_RUNs_1bs_32",
    "x_sigma2": 1
  },
  "results": {
    "num_epochs": 0,
    "train_loss": [
      1.8001174926757812,
      1.1886179844538372,
      0.7848827322324117,
      0.5469403604666392,
      0.4155048807462057,
      0.3627926270167033,
      0.3147285183270772,
      0.2817762235800425,
      0.2714536120494207,
      0.26529647906621295,
      0.25409832994143167,
      0.2518480449914932,
      0.25161775449911755,
      0.24967713455359142,
      0.24045570890108744,
      0.2319058577219645,
      0.22889070610205334,
      0.2344085991382599,
      0.22764038344224294,
      0.22953756948312123,
      0.2244804948568344,
      0.2304645131031672,
      0.22347430984179179,
      0.2227795422077179,
      0.21855445007483165,
      0.21972414553165437,
      0.2138163626194,
      0.21802616715431214,
      0.21495186984539033,
      0.21508175333340962,
      0.216488312681516,
      0.21559572617212933,
      0.21055837472279867,
      0.20914925734202067,
      0.2082977384328842,
      0.21573500732580822,
      0.21687216758728028,
      0.2050307740767797,
      0.20724708835283914,
      0.20285468300183615
    ],
    "train_acc": [
      11.282894362622049,
      12.061400840285225,
      12.145673936719852,
      12.06453969236482,
      12.079851224805902,
      11.34884572172442,
      11.938827636991574,
      12.835078636588559,
      13.01483625127712,
      13.387572119873553,
      13.655479936076128,
      13.555011245066975,
      13.834378903728888,
      13.764918542277067,
      14.292755381008037,
      14.576847376671864,
      14.668728489561113,
      14.354059301412443,
      14.853506080832522,
      14.693645605728806,
      14.922877717330445,
      14.613872767141705,
      14.96313634057808,
      15.108146765980159,
      15.319731508956767,
      15.17792239017356,
      15.517371444867159,
      15.127047884125822,
      15.415501797672235,
      15.464126171385395,
      15.289170906654524,
      15.422412624282702,
      15.695620369025976,
      15.80058970640914,
      15.773849745152106,
      15.383369243696214,
      15.386501582306488,
      16.151606553391286,
      15.871706807814633,
      16.219171143458347
    ],
    "test_loss": [
      1.9448478817939758,
      1.341762900352478,
      0.7762183248996735,
      0.5376558303833008,
      0.4124886691570282,
      0.38504406809806824,
      0.3249652832746506,
      0.3727608323097229,
      0.3315492868423462,
      0.36554351449012756,
      0.28987619280815125,
      0.273031085729599,
      0.2759307473897934,
      0.2831389158964157,
      0.3261546641588211,
      0.27912232279777527,
      0.2638018950819969,
      0.30731043219566345,
      0.29318565130233765,
      0.23527341336011887,
      0.25309954583644867,
      0.30325888097286224,
      0.29984045028686523,
      0.2966786324977875,
      0.25561871379613876,
      0.30760523676872253,
      0.31674935668706894,
      0.23690737783908844,
      0.25747472047805786,
      0.26395533233880997,
      0.22763641923666,
      0.3082951009273529,
      0.25513899326324463,
      0.2932537794113159,
      0.32949623465538025,
      0.2785373851656914,
      0.25091206282377243,
      0.2654278203845024,
      0.23216497898101807,
      0.22735539823770523
    ],
    "test_acc": [
      14.753931469879772,
      14.808675961275394,
      14.434916221908937,
      14.095198962962412,
      14.079409776611511,
      14.417216987010862,
      13.639295598713147,
      11.881177461052557,
      12.574450507388471,
      11.341257538925651,
      13.902149229155421,
      14.600753023591702,
      14.58729991110027,
      14.225255171058858,
      12.521927405546734,
      15.047785283824346,
      15.251048530439496,
      12.817574410684177,
      14.356344534094465,
      16.818584393893286,
      15.644209764783975,
      14.443357128272334,
      14.067932896499912,
      14.65255222064305,
      16.181061347714458,
      13.92258425488407,
      13.365782303690509,
      16.566605377510097,
      15.407496195593739,
      15.036718939084357,
      17.816271951951165,
      12.725856282374473,
      15.754024508713036,
      13.379869082137203,
      11.817188757373456,
      14.267984768525265,
      16.033206679221294,
      14.978699868539048,
      17.07384723704845,
      17.60577246995934
    ]
  }
}