{
  "config": {
    "out_dir": "./results/Res1/",
    "seed": 42,
    "bs_train": 32,
    "bs_test": 8,
    "batches": 100,
    "epochs": 100,
    "early_stopping": 10,
    "checkpoints": null,
    "lr": 0.001,
    "print_every": 2,
    "h_dim": 256,
    "z_dim": 10,
    "betas": [
      0.1,
      0.1
    ],
    "kw": {},
    "RTplot": false,
    "run_name": "MEGA_RUNlr_0.001s_0.9",
    "x_sigma2": 0.9
  },
  "results": {
    "num_epochs": 0,
    "train_loss": [
      1.109220383564631,
      0.43564195434252423,
      0.3847006579240163,
      0.36930979291598004,
      0.3759817878405253,
      0.3742640674114227,
      0.35765721201896666,
      0.35910843014717103,
      0.36275765697161355,
      0.35488619804382326,
      0.35354272127151487,
      0.3514477570851644,
      0.3493523915608724,
      0.34649815956751506,
      0.35200592279434206,
      0.3461834947268168,
      0.3452932099501292,
      0.3345760186513265,
      0.35132896304130556,
      0.33766016562779744,
      0.3399725298086802,
      0.33501669963200886,
      0.33830880125363666,
      0.3378020664056142,
      0.32823084394137064,
      0.33028189142545067,
      0.3281565308570862,
      0.32368842959403993,
      0.3292230248451233,
      0.32594963908195496,
      0.3355132122834524,
      0.3273431638876597,
      0.32152704397837323,
      0.33436280290285747,
      0.32522581617037455,
      0.3189708948135376,
      0.33220584789911906,
      0.3272189994653066,
      0.3411357661088308,
      0.33620410958925884,
      0.32048898537953696,
      0.3238731404145559,
      0.3327922840913137,
      0.3115021864573161,
      0.32857626875241597,
      0.3296653091907501,
      0.3447926759719849,
      0.3424156665802002,
      0.3106601725021998,
      0.32351974546909334,
      0.3141353627045949,
      0.30008095105489097,
      0.30310592651367185,
      0.2951742380857468,
      0.3001589000225067,
      0.28176263173421223,
      0.29285346269607543,
      0.3029809375603994,
      0.2887156228224436,
      0.2940625081459681,
      0.2956991424163183,
      0.27918237845102944,
      0.28915234009424845,
      0.29443399608135223,
      0.2916913251082102,
      0.29326713681221006,
      0.27423132161299385,
      0.2752104640007019,
      0.2775019844373067,
      0.31257882217566174,
      0.2755233943462372,
      0.28021872142950693,
      0.2801603227853775,
      0.2736920247475306,
      0.27712428470452627,
      0.26829500595728556,
      0.27811393042405447,
      0.282990108927091,
      0.26728817721207937,
      0.2869936724503835,
      0.2752374658981959,
      0.2791825125614802,
      0.27928147315979,
      0.2738134801387787,
      0.25766840279102327,
      0.2594531218210856,
      0.2791476875543594,
      0.2578070173660914,
      0.25651386777559915,
      0.277311709523201,
      0.2563247889280319,
      0.262003297607104,
      0.26311655938625333,
      0.27978196342786155,
      0.2650305211544037,
      0.2625010927518209,
      0.2630347420771917,
      0.26506184339523314,
      0.25397693514823916,
      0.25573759774367016
    ],
    "train_acc": [
      8.859924965394814,
      9.383345070014752,
      10.347750218024192,
      10.555412680843514,
      10.641586353889226,
      10.457654646148924,
      10.705956661108347,
      10.68879010875286,
      10.63993364807834,
      10.737914614729922,
      10.91093162714262,
      10.857258687622933,
      10.843959603228521,
      10.88300162195448,
      10.719403631864566,
      10.838414675191075,
      10.873566190049878,
      10.941606149629983,
      10.832809411969789,
      10.973588959196155,
      10.990290256800108,
      10.961773293059906,
      10.87538272736512,
      10.904422630462102,
      11.036920408119702,
      11.04471350738455,
      11.27882555697647,
      11.035405942061857,
      11.037406558509266,
      11.149071431513278,
      10.939639077238834,
      11.099076916415498,
      11.308566033631708,
      11.009081502346591,
      11.575602840675321,
      11.475092954358821,
      11.206539752942707,
      11.163760766287357,
      11.009610768953353,
      11.463079596674046,
      11.5056740277689,
      11.297672188573605,
      11.02468253515404,
      11.608286805444397,
      11.300400669898409,
      11.360246280401245,
      11.204019326483927,
      11.206051595434372,
      11.890762583227787,
      11.866566096149816,
      11.94347305116315,
      12.396076526285244,
      11.962512167186643,
      12.5342999879462,
      12.136440705570141,
      13.108323459967774,
      12.81973488274266,
      12.449908541995022,
      12.556406675063139,
      12.405578643851365,
      12.496317398502686,
      12.989301015291979,
      12.693601473956797,
      12.520334635020195,
      12.531113041018736,
      12.540720565022976,
      13.223715948398176,
      13.347433573330665,
      13.126331759215391,
      11.693274513878364,
      13.093735698684869,
      12.737115016011717,
      12.80309738075333,
      13.170630317324017,
      12.969702008800851,
      13.400402124917827,
      13.048386867528427,
      12.984658479901185,
      13.43263284945019,
      12.561067720486227,
      13.161018265122546,
      13.122146717990933,
      12.816589739683444,
      13.195985252562716,
      13.741248563117653,
      13.544209780199724,
      12.648908830122947,
      13.591742189145817,
      13.712278711078122,
      13.029768811884132,
      13.753595078327592,
      13.312607568557741,
      13.464791791984583,
      13.16184987263669,
      13.456279010531667,
      13.495081060506765,
      13.456488029755285,
      13.218148990034466,
      13.544403481579387,
      13.615605926524259
    ],