{
  "config": {
    "seed": 42,
    "bs_train": 8,
    "bs_test": 2,
    "batches": 100,
    "epochs": 100,
    "early_stopping": 10,
    "checkpoints": null,
    "lr": 0.0005,
    "print_every": 100,
    "h_dim": 256,
    "z_dim": 128,
    "betas": [
      0.1,
      0.1
    ],
    "kw": {},
    "RTplot": false,
    "out_dir": "./results/Res1/",
    "run_name": "MEGA_RUNlr_0.0005s_1.5",
    "x_sigma2": 1.5
  },
  "results": {
    "num_epochs": 0,
    "train_loss": [
      1.429565332333247,
      0.767307522892952,
      0.48431303054094316,
      0.36030157605806984,
      0.29353913813829424,
      0.2511444178720315,
      0.21937372287114462,
      0.19977478285630543,
      0.18503336757421493,
      0.17335524136821429,
      0.16899791260560354,
      0.1624162418146928,
      0.15893672481179238,
      0.15714897985259693,
      0.15278634255131085,
      0.14894902743399144,
      0.14911690739293892,
      0.14631313954790434,
      0.1422916089495023,
      0.1418209803601106,
      0.1421718928962946,
      0.13986016511917115,
      0.13633598561088245,
      0.13708590666453044,
      0.1359808950374524,
      0.13478953291972479,
      0.13315106357137363,
      0.13329299713174503,
      0.13104436919093132,
      0.129081517085433,
      0.12736007322867712,
      0.1264448953171571,
      0.12675080162783464,
      0.1253682192414999,
      0.12449697504440943,
      0.12345956762631734,
      0.1219459343701601,
      0.1204710359374682,
      0.12241243074337642,
      0.11973361074924468,
      0.12045440686245759,
      0.1169450561205546,
      0.11632838745911916,
      0.11583995136121909,
      0.11423619762063027,
      0.1143916924794515,
      0.11469214285413425,
      0.11532427097360293,
      0.11265968568623067,
      0.11146543497840564,
      0.11081917484601339,
      0.1093702799330155,
      0.10974971391260624,
      0.10958005177477996,
      0.10896707028150558,
      0.10612206446627775,
      0.10632968880236149,
      0.10673321721454461,
      0.10352833320697148,
      0.10423462465405464,
      0.10421976534028848,
      0.10423264180620512,
      0.10272117468218009,
      0.10212418933709462,
      0.10252388057609399,
      0.10217337782184283,
      0.09976021225253741,
      0.09952738458911578,
      0.09950331797202429,
      0.09972095228731633,
      0.09804859558741251,
      0.09746541293958823,
      0.0974236444880565,
      0.09609841567774614,
      0.0959552047153314,
      0.09670618462065855,
      0.09509077755113443,
      0.09603150561451912,
      0.09361696901420752,
      0.09435635296006997,
      0.09353013038635254,
      0.0929308952142795,
      0.09337733996411164,
      0.09150124614437422,
      0.091721727202336,
      0.09181897019346555,
      0.0905521726856629,
      0.09009416078527768,
      0.09050923585891724,
      0.08920585798720519,
      0.0889059215784073,
      0.09002086234589418,
      0.08820650863150756,
      0.08764166074494521,
      0.088709224263827,
      0.08841475422183673,
      0.08774638349811235,
      0.0867577962577343,
      0.08658253140747547,
      0.08594444232682387
    ],
    "train_acc": [
      86.70587854423292,
      96.23481756953343,
      101.15147305869097,
      105.58444211865269,
      107.83965799964619,
      109.09082404313872,
      113.00078180156002,
      112.29994199135676,
      114.94170767772813,
      117.11886681472777,
      116.10649346251728,
      118.34771743092111,
      117.75487668848297,
      118.19417522952217,
      120.41042698505876,
      123.99104396383075,
      122.6814814509517,
      124.75697689035567,
      128.7366752527491,
      128.23772964608605,
      127.34422692447177,
      128.70029462123154,
      132.35878082869942,
      131.73911871693392,
      131.38260852518297,
      133.2722352422237,
      133.646205511664,
      133.6355041935476,
      135.66336310474648,
      137.53808858500705,
      140.0816619332034,
      140.3177232584481,
      140.1527712825686,
      140.3070743226567,
      141.4806151152932,
      142.75376222974742,
      144.94907243774546,
      145.86447732610702,
      141.93534328144293,
      145.87270837479014,
      145.30029634059247,
      148.78331724936712,
      149.40099839761777,
      149.3141222934001,
      152.2900371376942,
      152.07059740373282,
      149.56388431023788,
      148.25842845953295,
      152.64322482431336,
      154.2530367798007,
      153.24937920255744,
      155.4402294306423,
      154.24170089156004,
      155.90741678717148,
      155.0986743575522,
      158.55530913387372,
      159.03104712171051,
      156.75681809624984,
      161.74175681117364,
      161.01221896525954,
      160.21674172367247,
      159.16889278648873,
      162.53438918235656,
      162.06432021946625,
      160.41791941278734,
      161.00939691755156,
      164.66725204102173,
      164.8801288949126,
      164.38963962255343,
      163.81485658085728,
      165.85445380629352,
      166.80481158480967,
      165.74850942333603,
      168.44218037925913,
      168.25591133406158,
      167.5185018220057,
      168.82897789566675,
      166.12667818143288,
      171.83233089452003,
      168.3368737826592,
      170.10630510258434,
      171.09334562991714,
      169.74035765430506,
      173.36869954197607,
      171.99600300827416,
      171.79874035001183,
      173.80847340551475,
      173.898639367847,
      173.09376086489988,
      175.7469188161703,
      175.68987021570018,
      173.34243520420304,
      176.7229943650366,
      176.5667170271527,
      174.51209168711839,
      175.60427418900147,
      175.67597811637148,
      177.5575559254394,
      177.22677782995873,
      178.99340263491064
    ],