{
  "config": {
    "out_dir": "./results/Res1/",
    "seed": 42,
    "bs_train": 32,
    "bs_test": 8,
    "batches": 100,
    "epochs": 100,
    "early_stopping": 10,
    "checkpoints": null,
    "lr": 0.0005,
    "print_every": 2,
    "h_dim": 256,
    "z_dim": 10,
    "betas": [
      0.1,
      0.1
    ],
    "kw": {},
    "RTplot": false,
    "run_name": "MEGA_RUNlr_0.0005s_0.9",
    "x_sigma2": 0.9
  },
  "results": {
    "num_epochs": 0,
    "train_loss": [
      1.5803485055764517,
      0.35851454933484395,
      0.34150567452112834,
      0.3304268538951874,
      0.33127858440081276,
      0.3278814236323039,
      0.3297721664110819,
      0.32369012037913003,
      0.32275630831718444,
      0.3253591815630595,
      0.31786229411760963,
      0.32221401333808897,
      0.3264822026093801,
      0.31941242615381876,
      0.3199370225270589,
      0.32285563747088114,
      0.3335545261700948,
      0.3148073524236679,
      0.3221612095832825,
      0.31798507968584694,
      0.32258387009302775,
      0.314372718334198,
      0.31459501187006633,
      0.3109835863113403,
      0.31057851314544677,
      0.3062179485956828,
      0.3151690383752187,
      0.32023913264274595,
      0.3120206673940023,
      0.30933855175971986,
      0.3135584473609924,
      0.311303965250651,
      0.31076155304908754,
      0.3020381470521291,
      0.30842375953992207,
      0.3191103378931681,
      0.3060154378414154,
      0.30852304100990297,
      0.3012470881144206,
      0.2917510042587916,
      0.2965873936812083,
      0.29389310379823047,
      0.2901851882537206,
      0.28575095931688943,
      0.28194164236386615,
      0.2796467900276184,
      0.2794971416393916,
      0.2794631600379944,
      0.2792462815841039,
      0.2788012574116389,
      0.2721097618341446,
      0.26697727739810945,
      0.26923725406328836,
      0.2681871891021729,
      0.2596319615840912,
      0.2700785795847575,
      0.26675595541795094,
      0.26588228742281594,
      0.26195936699708305,
      0.2615492542584737,
      0.26071453392505645,
      0.2591851532459259,
      0.25740412473678587,
      0.2582462559143702,
      0.2593358188867569,
      0.2572201450665792,
      0.2690714110930761,
      0.2542147348324458,
      0.2602088471253713,
      0.2520913124084473,
      0.26815452774365744,
      0.2614102572202682,
      0.2574637562036514,
      0.2503498613834381,
      0.2648121913274129,
      0.2607149521509806,
      0.24888284107049305,
      0.261021156112353,
      0.25475092430909474,
      0.2590754469235738,
      0.24799341460069022,
      0.255447201927503,
      0.26581693490346275,
      0.2527776430050532,
      0.24795755247275034,
      0.2521270533402761,
      0.26946040789286296,
      0.24707558552424114,
      0.24583788911501567,
      0.24502026836077373,
      0.25587191184361774,
      0.2594825128714244,
      0.24850921432177225,
      0.25194085439046227,
      0.25194264849027,
      0.24895183344682056,
      0.2455966720978419,
      0.25097977618376416,
      0.24769576489925385,
      0.24836890399456024
    ],
    "train_acc": [
      8.937408537988173,
      9.882056993628538,
      10.56393425895426,
      10.690478867726362,
      10.80474661499646,
      10.877154314382423,
      10.905152832579647,
      10.99059582365269,
      11.028391088514217,
      11.072509721271548,
      11.408257692904725,
      11.206930488960456,
      11.221540405047556,
      11.544004780496216,
      11.486611826050254,
      11.374240646162075,
      11.29176505654838,
      11.695200898025943,
      11.766723217430153,
      11.614999208771279,
      11.157837446529935,
      11.33056342791718,
      11.43715096317166,
      11.654194711336164,
      11.6695067378651,
      11.71086960489905,
      11.29482087808929,
      11.516112127118229,
      11.65029075899854,
      11.772188750246222,
      11.69966112663419,
      11.713782460268558,
      11.764314691339697,
      11.991242546288209,
      11.890395859375753,
      11.704486681944024,
      12.250637252612602,
      11.95760078664546,
      12.12266171890469,
      12.441613767529219,
      12.314603036327808,
      12.20057327889645,
      12.478061274724048,
      12.66555302735584,
      12.819054212600758,
      12.702534922664666,
      12.851013655642703,
      12.837793934425296,
      13.217124251116477,
      12.655438315285224,
      13.060190509364775,
      13.187669517630539,
      13.113979120787082,
      13.17572423761175,
      13.54505520790772,
      13.234302524296016,
      13.110075848195855,
      13.172550857745419,
      13.354691185100725,
      13.239118422993796,
      13.38682207085231,
      13.54197790392916,
      13.459764357037296,
      13.526209434602475,
      13.447930691993841,
      13.659099689083218,
      12.975559317841787,
      13.670538972731858,
      13.366378972511498,
      13.768329510983547,
      13.026714008568502,
      13.56283290017366,
      13.338667372469308,
      13.806108780400924,
      13.374303050171322,
      13.388819220790346,
      13.789157298063976,
      13.531400876397345,
      13.52589213171774,
      13.22402053956812,
      13.881704933342752,
      13.468712024241894,
      13.135534650986031,
      13.751309554017167,
      13.816537239560397,
      14.067661641847542,
      13.03764044001181,
      13.805811737254388,
      13.90905247955918,
      14.076849433295859,
      13.491580088811103,
      13.439984311623267,
      13.785362820435132,
      13.644931131304885,
      13.74452890827106,
      13.614718929597121,
      13.869383562789412,
      13.757250219169826,
      14.011405414878748,
      13.772038770445578
    ],