{
  "config": {
    "seed": 42,
    "bs_train": 32,
    "bs_test": 8,
    "batches": 100,
    "epochs": 40,
    "early_stopping": 10,
    "checkpoints": null,
    "lr": 0.0005,
    "print_every": 100,
    "h_dim": 256,
    "z_dim": 128,
    "betas": [
      0.9,
      0.999
    ],
    "kw": {},
    "RTplot": false,
    "out_dir": "./results/Res1/",
    "run_name": "MEGA_RUNs_0.85bs_32",
    "x_sigma2": 0.85
  },
  "results": {
    "num_epochs": 0,
    "train_loss": [
      1.8499163389205933,
      1.235121766726176,
      0.8311385830243428,
      0.5936192512512207,
      0.46234870155652363,
      0.41279518405596416,
      0.3614799658457438,
      0.3236878593762716,
      0.31314628521601356,
      0.30884598692258197,
      0.29673768480618795,
      0.2909075359503428,
      0.2899056881666183,
      0.2897757222255071,
      0.27725725173950194,
      0.26874919633070626,
      0.266314172744751,
      0.27483509679635365,
      0.2634086082379023,
      0.2650057355562846,
      0.26185175677140554,
      0.26782940824826557,
      0.26095281143983207,
      0.25896685719490053,
      0.25682470500469207,
      0.25615912675857544,
      0.24908655087153117,
      0.25478006501992545,
      0.25087001323699953,
      0.25111184219519295,
      0.25280992885430653,
      0.24946292638778686,
      0.24638326863447826,
      0.2448262264331182,
      0.2414758841196696,
      0.25154142677783964,
      0.24831363161404926,
      0.2371815135081609,
      0.2435365378856659,
      0.23602068622907002
    ],
    "train_acc": [
      11.282922235996448,
      12.06148411225169,
      12.14673277965217,
      12.07134393933819,
      12.093188588526539,
      11.399317684769867,
      12.083411529648172,
      13.131425922542327,
      13.276832412452778,
      13.552784489171277,
      13.78683630612924,
      13.792836355448083,
      14.101118921698614,
      13.902578406715284,
      14.56685144987877,
      14.70704800724552,
      14.832862565593823,
      14.41827656620595,
      15.038001639837212,
      14.8891269980753,
      15.023342143420532,
      14.794677429001727,
      15.08316960237982,
      15.224087892143748,
      15.387132011205074,
      15.27912295592731,
      15.628042787314614,
      15.280422802750444,
      15.548706984222509,
      15.622290102000068,
      15.40619923370068,
      15.65435596739275,
      15.815563699289823,
      15.89819637944049,
      16.00874715960212,
      15.508635987801126,
      15.739592502831915,
      16.374082984643263,
      15.982972856100808,
      16.422584471158235
    ],
    "test_loss": [
      1.9902349710464478,
      1.386741280555725,
      0.8250800967216492,
      0.584442138671875,
      0.46258237957954407,
      0.44123557209968567,
      0.37800711393356323,
      0.4386058896780014,
      0.388743132352829,
      0.37324635684490204,
      0.3823626786470413,
      0.31686583161354065,
      0.31518082320690155,
      0.3378159701824188,
      0.38950543105602264,
      0.315988227725029,
      0.31570273637771606,
      0.31809037923812866,
      0.36105215549468994,
      0.2896680384874344,
      0.29964758455753326,
      0.35205987095832825,
      0.39422620832920074,
      0.3711674213409424,
      0.2756451964378357,
      0.3826547712087631,
      0.3286810517311096,
      0.277630090713501,
      0.28401561081409454,
      0.3025646060705185,
      0.2759140878915787,
      0.38012316823005676,
      0.2928968667984009,
      0.3122832328081131,
      0.3644806444644928,
      0.33689533174037933,
      0.2890157997608185,
      0.32501591742038727,
      0.27680425345897675,
      0.2713051587343216
    ],
    "test_acc": [
      14.753827245911133,
      14.80955608084535,
      14.435077057110506,
      14.096970964110568,
      14.07960435108058,
      14.35377298476732,
      13.747357538553993,
      11.625909594603293,
      12.54235918926607,
      12.842119324402573,
      12.623482814369142,
      14.950011928129763,
      14.701878831418133,
      14.189052083957828,
      12.416717184453486,
      14.918959941800296,
      15.000137097057884,
      14.667019010809096,
      12.866917157462808,
      15.978052576500406,
      15.416841787269298,
      14.85336908978253,
      12.689798581243164,
      14.003086315082516,
      17.08042614054932,
      13.048383574366799,
      14.922916859503674,
      16.65760300534508,
      16.3995781173034,
      15.823011207240373,
      16.913156479817225,
      12.27852859760816,
      16.136732955527457,
      14.800637898054095,
      12.737985223690753,
      13.967982290502373,
      16.186606838108958,
      14.516611310709438,
      17.037359140268194,
      17.255110485820897
    ]
  }
}