{
  "config": {
    "seed": 42,
    "bs_train": 16,
    "bs_test": 4,
    "batches": 100,
    "epochs": 40,
    "early_stopping": 10,
    "checkpoints": null,
    "lr": 0.0005,
    "print_every": 100,
    "h_dim": 256,
    "z_dim": 128,
    "betas": [
      0.9,
      0.999
    ],
    "kw": {},
    "RTplot": false,
    "out_dir": "./results/Res1/",
    "run_name": "MEGA_RUNs_0.85bs_16",
    "x_sigma2": 0.85
  },
  "results": {
    "num_epochs": 0,
    "train_loss": [
      1.5526113192240396,
      0.730545312166214,
      0.4549705803394318,
      0.35589144825935365,
      0.3137803127368291,
      0.3061816265185674,
      0.28570709377527237,
      0.2822859282294909,
      0.2765287528435389,
      0.2802526538570722,
      0.2752474968632062,
      0.26351369470357894,
      0.2644608532389005,
      0.260745070874691,
      0.2621273974577586,
      0.27033529182275134,
      0.25817792216936747,
      0.25510209302107495,
      0.2536638374129931,
      0.2529692068696022,
      0.24708485851685205,
      0.2521054824193319,
      0.2424058939019839,
      0.24520694961150488,
      0.243109097580115,
      0.24608388990163804,
      0.23692698975404103,
      0.23233708043893178,
      0.23589455584685007,
      0.23753959834575653,
      0.24037727266550063,
      0.23266739944616954,
      0.23014934112628302,
      0.22884227931499482,
      0.2313797727227211,
      0.23225237031777698,
      0.22575357606013616,
      0.22208019842704138,
      0.22481566617886226,
      0.21870172619819642
    ],
    "train_acc": [
      23.286679714605054,
      24.129820467932927,
      23.395749649636485,
      24.68983612151467,
      26.624643495718882,
      26.825351933564672,
      28.298467644428623,
      28.734023915696678,
      29.199210177178383,
      28.714399677272727,
      29.41154139068898,
      30.153120429928755,
      30.037403315911632,
      30.35679396719758,
      30.1696832960955,
      29.51171433349512,
      30.574375995641454,
      30.80826660678999,
      31.093245306556764,
      31.029414802330052,
      31.75774658747806,
      31.46037496090541,
      32.37237987770778,
      32.352140963192795,
      32.29371510562117,
      32.00199418529727,
      33.16577294665988,
      33.86224171708674,
      33.71637456033327,
      33.55138521990089,
      33.109135818517615,
      34.009872682202094,
      34.315767147877544,
      34.46495641622707,
      34.496048778149095,
      34.10192005076111,
      34.943119158728116,
      35.452693160356475,
      35.169997946888785,
      36.07289373407342
    ],
    "test_loss": [
      1.3779390454292297,
      0.5808350443840027,
      0.46088720113039017,
      0.3746865838766098,
      0.31721125543117523,
      0.3079217001795769,
      0.3157832995057106,
      0.34081484377384186,
      0.4286234453320503,
      0.3366405963897705,
      0.3126041442155838,
      0.2764022424817085,
      0.27782291173934937,
      0.40123894065618515,
      0.3110286444425583,
      0.285793736577034,
      0.2883315943181515,
      0.36504195630550385,
      0.35096026957035065,
      0.39238589257001877,
      0.3665247857570648,
      0.34735722094774246,
      0.320244949311018,
      0.34247859567403793,
      0.36171428114175797,
      0.2897700183093548,
      0.3560638129711151,
      0.28368470072746277,
      0.2966197803616524,
      0.27369360998272896,
      0.3594549782574177,
      0.26996413618326187,
      0.37181952595710754,
      0.36968594044446945,
      0.4582398235797882,
      0.333457063883543,
      0.28370263800024986,
      0.3415888398885727,
      0.3057955875992775,
      0.5412017926573753
    ],
    "test_acc": [
      29.171015962468154,
      27.94406839561068,
      27.17516239970909,
      26.89779113539516,
      30.40162893928495,
      31.705188691304144,
      29.83022592597794,
      27.85189197265678,
      24.285534544588202,
      28.87627579984037,
      31.108753390291167,
      33.936240372303274,
      33.47648471850028,
      24.78070762878071,
      29.849015257949223,
      32.92409577764642,
      33.08616260314033,
      26.315802021273775,
      28.312924035477675,
      23.716045630006754,
      27.105517025585083,
      27.856676101487604,
      29.63290201169944,
      27.760611391323305,
      27.489943831464256,
      33.54291029424209,
      27.511754101448187,
      34.04802278569138,
      31.319678712854362,
      34.701848871408316,
      27.510363748818385,
      34.8613767378155,
      26.458113418068436,
      25.420199624745543,
      23.481471439030944,
      30.315167087797903,
      33.760951327156775,
      27.89896406778605,
      30.720349788651315,
      18.574771544186472
    ]
  }
}