{
  "config": {
    "seed": 42,
    "bs_train": 32,
    "bs_test": 8,
    "batches": 100,
    "epochs": 100,
    "early_stopping": 10,
    "checkpoints": null,
    "lr": 0.0005,
    "print_every": 100,
    "h_dim": 256,
    "z_dim": 10,
    "betas": [
      0.1,
      0.1
    ],
    "kw": {},
    "RTplot": false,
    "out_dir": "./results/Res1/",
    "run_name": "MEGA_RUNlr_0.0005s_0.9",
    "x_sigma2": 0.9
  },
  "results": {
    "num_epochs": 0,
    "train_loss": [
      1.5803471426169078,
      0.3583621859550476,
      0.34083750247955324,
      0.34048596819241844,
      0.3304636120796204,
      0.3289852261543274,
      0.32664848168691,
      0.32682264447212217,
      0.32471786538759867,
      0.324431703488032,
      0.3221625298261642,
      0.3290910542011261,
      0.32241967717806497,
      0.3247324049472809,
      0.31583218574523925,
      0.318479718764623,
      0.31903504927953086,
      0.31088417371114097,
      0.32071368793646493,
      0.3168573319911957,
      0.3172519693771998,
      0.31900227467219033,
      0.3154380261898041,
      0.31588001648585,
      0.31006478865941367,
      0.30657014846801756,
      0.3339980850617091,
      0.31233630776405336,
      0.3095721900463104,
      0.3066356162230174,
      0.3048223574956258,
      0.32410481174786887,
      0.30875071088473,
      0.30779310266176857,
      0.31435365478197735,
      0.3074752608935038,
      0.30295605858167013,
      0.2961062103509903,
      0.30285270015398663,
      0.2942249039808909,
      0.3031384607156118,
      0.2989412844181061,
      0.2950447758038839,
      0.2946248213450114,
      0.27943221728007,
      0.2819627583026886,
      0.2784216115872065,
      0.2788284202416738,
      0.29403835038344067,
      0.26844164232412976,
      0.2780898630619049,
      0.2845618575811386,
      0.2741920133431753,
      0.27069503962993624,
      0.2670924931764603,
      0.2785530587037404,
      0.2716290771961212,
      0.2726156274477641,
      0.2682147681713104,
      0.2823256055514018,
      0.27612652083237965,
      0.2673062920570374,
      0.2708444714546204,
      0.28226404885451,
      0.25376153190930684,
      0.2672055701414744,
      0.2610459397236506,
      0.2676594426234563,
      0.2768095741669337,
      0.26654909948507943,
      0.2635865459839503,
      0.2533564915259679,
      0.26120736201604206,
      0.25730151931444806,
      0.2630081921815872,
      0.2570546388626099,
      0.26194790899753573,
      0.24901396334171294,
      0.25951122542222343,
      0.2577564577261607,
      0.25483393172423047,
      0.25107670525709785,
      0.2457336227099101,
      0.25600086053212484,
      0.2662489910920461,
      0.2545765529076258,
      0.26499794522921244,
      0.24517149130503338,
      0.26968850592772164,
      0.2549730430046717,
      0.24973225990931194,
      0.254591765999794,
      0.2481866518656413,
      0.25052562952041624,
      0.25714723666508993,
      0.24864184459050495,
      0.2532607158025106,
      0.24835816820462545,
      0.24605475862820944,
      0.24742679099241893
    ],
    "train_acc": [
      8.937427092561647,
      9.892948610959944,
      10.541565379901705,
      10.61012359972694,
      10.68715425204281,
      10.83905600808225,
      10.90699646764204,
      10.972615596969492,
      11.08807438574979,
      11.078718314804355,
      11.24730242275794,
      11.06063954967257,
      11.289977009096443,
      11.172838888714018,
      11.558502145362544,
      11.218854894668972,
      11.369543802176823,
      11.441174577471456,
      11.282981266118407,
      11.393909316209644,
      11.488096935185911,
      11.401437318942842,
      11.364791772790943,
      11.491864959363216,
      11.607139693019342,
      12.06086969686018,
      11.47202104794485,
      11.834358880673138,
      11.69975952859989,
      11.850767299747943,
      12.114350498943034,
      11.409287170632597,
      11.741108834483342,
      12.00888106261527,
      11.604117966522269,
      11.778708034197628,
      12.025328062761,
      12.266932154108765,
      12.147299826573466,
      12.410454314863324,
      12.133499742704391,
      12.035244245505684,
      12.255542477536903,
      12.293755626629618,
      12.786434344913689,
      12.725840120109078,
      13.044966402697295,
      12.909674891335678,
      12.100510387864094,
      13.367780601269386,
      12.828781865948457,
      12.59301857860722,
      13.22419114541314,
      13.173758250959294,
      13.192566288545045,
      12.923842753651245,
      13.301701387514244,
      12.761764091496683,
      13.240561069067617,
      12.67144072409508,
      12.967949861835931,
      13.152894607864262,
      13.044972940406783,
      12.67409286627531,
      13.749109993826261,
      13.122557728222683,
      13.304289500711363,
      13.174965992102432,
      12.935396558154286,
      13.332277987995472,
      13.375194760718369,
      13.67236148514073,
      13.198049291254883,
      13.534168375408987,
      13.339337457973514,
      13.789220357380408,
      13.27776162809043,
      13.944236604812588,
      13.333342071183406,
      13.482608454702932,
      13.561865464780118,
      13.738798466804178,
      14.03683066172111,
      13.737132237488707,
      12.864737733913426,
      13.690059248605854,
      13.136308789695143,
      14.078796661147106,
      13.061269504767829,
      13.605671527317583,
      13.785562345703925,
      13.764446378869051,
      13.925910796162553,
      13.859212161060096,
      13.56531022733388,
      14.0001070626989,
      13.671962402887281,
      13.98562753097253,
      14.012142900995265,
      14.175561137312512
    ],