{
  "config": {
    "out_dir": "./results/Res1/",
    "seed": 42,
    "bs_train": 32,
    "bs_test": 8,
    "batches": 100,
    "epochs": 100,
    "early_stopping": 10,
    "checkpoints": null,
    "lr": 0.001,
    "print_every": 2,
    "h_dim": 256,
    "z_dim": 10,
    "betas": [
      0.1,
      0.1
    ],
    "kw": {},
    "RTplot": false,
    "run_name": "MEGA_RUNlr_0.001s_0.5",
    "x_sigma2": 0.5
  },
  "results": {
    "num_epochs": 0,
    "train_loss": [
      1.39454398949941,
      0.6910003900527955,
      0.6416677753130595,
      0.6163932085037231,
      0.616416084766388,
      0.607816219329834,
      0.607078754901886,
      0.5884564638137817,
      0.5916341324647267,
      0.5886842628320058,
      0.5904916723569235,
      0.5957950154940287,
      0.6067912995815277,
      0.5782091657320658,
      0.5974227905273437,
      0.5864411771297455,
      0.5713637053966523,
      0.5748527646064758,
      0.576936803261439,
      0.5690963268280029,
      0.5627003868420919,
      0.582379033168157,
      0.5880849738915761,
      0.5957717418670654,
      0.5848030765851339,
      0.557409139474233,
      0.5872701287269593,
      0.5577782491842905,
      0.5534990787506103,
      0.5338275929292043,
      0.5418403029441834,
      0.5412722170352936,
      0.5256183743476868,
      0.49109937946001686,
      0.5187382439772288,
      0.5016882876555125,
      0.5296950181325276,
      0.5142823775609334,
      0.5027279694875081,
      0.5423167030016581,
      0.5029097417990367,
      0.4939420481522878,
      0.4971895396709442,
      0.4984115024407705,
      0.4831171294053396,
      0.4836241900920868,
      0.5081442018349965,
      0.4805457313855489,
      0.4671634197235107,
      0.4846629202365875,
      0.4742853323618571,
      0.4792700966199239,
      0.47624403834342954,
      0.4757706880569458,
      0.49069055716196697,
      0.4498646855354309,
      0.4887108325958252,
      0.48469709952672324,
      0.490365594625473,
      0.46949593822161356,
      0.45330055952072146,
      0.4698796729246775,
      0.4660619080066681,
      0.4488028148810069,
      0.46758866906166074,
      0.4563292721907298,
      0.47061630884806316,
      0.45610373417536415,
      0.45728819370269774,
      0.4531498849391937,
      0.46092692812283836,
      0.4544981380303701,
      0.4523064474264781,
      0.4406096339225769,
      0.4487896998723348,
      0.4431068658828735,
      0.4542271554470062,
      0.45324889024098713,
      0.4556624631086985,
      0.43708208203315735,
      0.44402392307917277,
      0.44686309099197385,
      0.43874155879020693,
      0.4352207601070404,
      0.42718644539515177,
      0.436062083641688,
      0.4280889173348745,
      0.42091113328933716,
      0.42664344708124796,
      0.4234619736671448,
      0.4139517267545064,
      0.43407058318456015,
      0.4226459304491679,
      0.43578192392985027,
      0.43016245563824973,
      0.4302810450394948,
      0.4165350059668223,
      0.4232471823692322,
      0.41317202647527057,
      0.4097802976767222
    ],
    "train_acc": [
      4.954502509454081,
      5.288649756881181,
      5.7030814463420905,
      5.8183588513745725,
      5.864439268229385,
      5.858646867625736,
      5.923062605969881,
      6.045838751042255,
      5.978273098880402,
      6.03470277052128,
      6.022663080838089,
      5.905405535701515,
      6.0178616419670155,
      6.129981246587634,
      6.049441444879823,
      6.038840698213446,
      6.072756872166723,
      6.10447965722398,
      6.044502513190149,
      6.1011036099619655,
      6.156878544198812,
      6.022063017889454,
      6.181615075282527,
      6.143341314981606,
      6.168401940779838,
      6.374723130032053,
      6.109648561169772,
      6.511686945209451,
      6.584397688066666,
      6.689828196336261,
      6.686815952726658,
      6.658507422376743,
      6.872030452705099,
      7.134683742100533,
      6.879384184754352,
      7.065086017553929,
      6.870222471483038,
      6.879344706825793,
      7.029309594345492,
      6.845935159581233,
      6.996118932357555,
      7.176559963018138,
      7.199234116645502,
      7.0719823741388534,
      7.379480963419892,
      7.269674738047671,
      7.049809011810493,
      7.359233377099671,
      7.475496502764013,
      7.203325938934873,
      7.372483113868546,
      7.273405639840314,
      7.3647366642502785,
      7.394126385906742,
      7.197079572783983,
      7.6666393228074785,
      7.379014342648024,
      7.193203238498721,
      7.198977094471622,
      7.391699754222386,
      7.582640527465506,
      7.383787449315432,
      7.379600955834795,
      7.691246700552338,
      7.44965510581785,
      7.541710839246467,
      7.362364904015161,
      7.554170388779788,
      7.6144903439802984,
      7.685831810539538,
      7.590138629116065,
      7.56877866518832,
      7.658058375237155,
      7.835107933767468,
      7.660913173027668,
      7.748159149639646,
      7.615012108051281,
      7.631371601895828,
      7.671480475509143,
      7.897430559910949,
      7.741270117902955,
      7.668418231093243,
      7.774550983353432,
      7.9181775267404575,
      7.99914401538894,
      7.8734987562892025,
      7.924917041572555,
      8.093789026566876,
      8.040539392477724,
      8.044664627559303,
      8.273811837452932,
      7.914268152696968,
      8.13461268382354,
      7.817147016623064,
      7.972898674366107,
      7.939200297338531,
      8.143564351419126,
      7.9865824837215635,
      8.182417318941935,
      8.182318407601654
    ],