{
  "config": {
    "seed": 42,
    "bs_train": 16,
    "bs_test": 4,
    "batches": 100,
    "epochs": 40,
    "early_stopping": 10,
    "checkpoints": null,
    "lr": 0.0005,
    "print_every": 100,
    "h_dim": 256,
    "z_dim": 50,
    "betas": [
      0.1,
      0.1
    ],
    "kw": {},
    "RTplot": false,
    "out_dir": "./results/Res6/",
    "run_name": "MEGA_RUNh_256z_50lr_0.0005",
    "x_sigma2": 0.9
  },
  "results": {
    "num_epochs": 0,
    "train_loss": [
      1.4728046298027038,
      0.7869359632333119,
      0.4076344519853592,
      0.2517916743954023,
      0.2019802783926328,
      0.1852306142449379,
      0.18395386536916097,
      0.17766189922889072,
      0.17511323988437652,
      0.16925719231367112,
      0.16859755764404932,
      0.16602385838826497,
      0.16329187154769897,
      0.16378144323825836,
      0.16370439579089482,
      0.1593907577296098,
      0.15968562364578248,
      0.16150448322296143,
      0.1535930246114731,
      0.15697346503535906,
      0.1534228446582953,
      0.15267248700062433,
      0.15195036654671032,
      0.1525795082251231,
      0.15285290976365407,
      0.14833202560742695,
      0.1506243293484052,
      0.15012754251559576,
      0.14679806033770243,
      0.14853119651476543,
      0.14503153711557387,
      0.14387677237391472,
      0.13981612026691437,
      0.14080172528823218,
      0.14301777382691702,
      0.13856716454029083,
      0.14000172540545464,
      0.13816718409458797,
      0.13599125271042187,
      0.1352436567346255
    ],
    "train_acc": [
      25.7543631763801,
      29.45584373921401,
      30.90660242793814,
      31.815035390616277,
      32.99757498930892,
      34.53307060478886,
      34.691615794497025,
      35.940056343668445,
      36.48338798314486,
      37.65960209921077,
      37.921979914232026,
      38.39938043125591,
      39.0676677610332,
      38.97311565090422,
      39.04936737772865,
      40.10307511014117,
      40.16053321868168,
      39.528028488865914,
      41.28408520676964,
      40.68683659551434,
      41.50113954094816,
      41.54663032810814,
      41.85816330573314,
      41.95336269994761,
      41.746183607127875,
      42.838365412250425,
      42.73963448676535,
      42.54774814586367,
      43.398827545248466,
      43.37175603315389,
      43.79815256277673,
      44.22509847369145,
      45.37627487871298,
      45.41771188482818,
      44.75844456388414,
      45.8721055857951,
      45.38088260125008,
      46.011602180664205,
      46.78325686228719,
      46.980010448856525
    ],
    "test_loss": [
      1.6576169729232788,
      1.0914957821369171,
      0.965024784207344,
      0.7889583259820938,
      0.9689644575119019,
      0.9545689821243286,
      0.8931789547204971,
      0.8120865821838379,
      0.8562560379505157,
      0.8321854919195175,
      0.7148310393095016,
      0.7664957791566849,
      0.7224152535200119,
      0.6953914985060692,
      0.8001225739717484,
      0.6841861754655838,
      0.9143383055925369,
      0.8214682191610336,
      0.7631298005580902,
      0.8800491243600845,
      0.7612239867448807,
      0.7040217220783234,
      0.9381274431943893,
      0.7341289818286896,
      0.8162683546543121,
      0.8530572205781937,
      0.8992810994386673,
      0.8144052624702454,
      0.8001148849725723,
      0.7647392600774765,
      0.7319670915603638,
      0.7257043868303299,
      0.7813088297843933,
      0.749225452542305,
      0.8025739341974258,
      0.891896665096283,
      0.7751193940639496,
      0.751779243350029,
      0.7053220421075821,
      0.925189420580864
    ],
    "test_acc": [
      13.464917251068975,
      10.52044320592956,
      8.796274351381888,
      10.027042949911927,
      8.306917012388347,
      8.05901061013895,
      8.938379961376043,
      9.535773092286847,
      9.21431658206015,
      9.109497729404533,
      10.657477146492235,
      9.892371720671518,
      10.643825437757435,
      11.252118903693143,
      9.540459461740804,
      11.093330608889861,
      8.459559579795874,
      9.432014084295616,
      9.986424523652547,
      8.95659610764773,
      10.537240311837298,
      10.9467219985538,
      8.059959253216531,
      10.434828707196607,
      9.588506451948978,
      9.310848831357537,
      8.513781122497571,
      9.388419323338685,
      9.51025720568889,
      9.919688490545932,
      10.353706165945553,
      10.556075111952238,
      9.95162470806557,
      10.167730058599656,
      9.597974427674606,
      8.55023669079188,
      9.912117184814269,
      10.125000777263821,
      10.768804850597414,
      8.408677898546145
    ]
  }
}