{
  "config": {
    "seed": 42,
    "bs_train": 16,
    "bs_test": 4,
    "batches": 100,
    "epochs": 40,
    "early_stopping": 10,
    "checkpoints": null,
    "lr": 0.0005,
    "print_every": 100,
    "h_dim": 128,
    "z_dim": 20,
    "betas": [
      0.1,
      0.1
    ],
    "kw": {},
    "RTplot": false,
    "out_dir": "./results/Res6/",
    "run_name": "MEGA_RUNh_128z_20lr_0.0005",
    "x_sigma2": 0.8
  },
  "results": {
    "num_epochs": 0,
    "train_loss": [
      1.2684267938137055,
      0.4978622943162918,
      0.2695249989628792,
      0.22277372082074484,
      0.21508522580067316,
      0.207612107694149,
      0.2054877097407977,
      0.1996433024605115,
      0.19307584365208943,
      0.19279901683330536,
      0.191503111521403,
      0.1907006065050761,
      0.18478868554035824,
      0.18363456775744755,
      0.18142791340748468,
      0.17924320052067438,
      0.175411552687486,
      0.1783693790435791,
      0.17581907014052073,
      0.16996802737315495,
      0.1730619619290034,
      0.16785207043091457,
      0.16841222047805787,
      0.16587372571229936,
      0.1679085190097491,
      0.16465857575337092,
      0.1626936266819636,
      0.15870578835407892,
      0.16092140426238377,
      0.1599056822558244,
      0.15874713212251662,
      0.15742201407750447,
      0.1569692646463712,
      0.15502307365338008,
      0.15352416336536406,
      0.1525084378818671,
      0.15257731055219967,
      0.1513838951786359,
      0.15062822103500367,
      0.15193518102169037
    ],
    "train_acc": [
      22.255923051673054,
      25.374524183528926,
      27.574609018833907,
      28.854699688655124,
      29.778782524637446,
      30.705890347371593,
      31.005214880806154,
      31.864865049480017,
      33.04333869513463,
      33.09949269957193,
      33.3384413303433,
      33.49331145574889,
      34.3870800862496,
      34.817219970649674,
      35.119217682852884,
      35.60556409149099,
      36.246094370721934,
      35.723056245932774,
      36.26194822618384,
      37.513223397666394,
      36.89782466726007,
      37.996548292459835,
      37.76960990431627,
      38.440509666248715,
      38.03915765666122,
      38.650514174623616,
      39.117832096827264,
      40.11181837855267,
      39.53456979003216,
      39.95589637578395,
      40.167295437473435,
      40.4449635368214,
      40.629920303474464,
      41.03403970549328,
      41.30678260089691,
      41.738851574480904,
      41.94362810491326,
      42.124005666604155,
      42.26625094012945,
      41.81144594610038
    ],
    "test_loss": [
      1.1698008179664612,
      0.9296989440917969,
      0.9136370420455933,
      0.941852405667305,
      0.7163563221693039,
      0.9958022832870483,
      0.7895702868700027,
      0.8307389318943024,
      0.8523039221763611,
      0.993390366435051,
      0.8949141353368759,
      1.0349335968494415,
      0.9239811599254608,
      1.0056693702936172,
      0.9130999892950058,
      0.9512971788644791,
      1.093221366405487,
      0.9109792113304138,
      0.8631222397089005,
      0.8251322656869888,
      0.9992857575416565,
      0.9341282099485397,
      0.931023970246315,
      0.9830654114484787,
      0.9874306470155716,
      0.8753563314676285,
      1.061901792883873,
      0.9834297895431519,
      0.9478927552700043,
      0.9307813793420792,
      1.017605185508728,
      0.9939996004104614,
      0.8993606269359589,
      1.0336904227733612,
      0.9124157279729843,
      0.9085046201944351,
      0.8818648308515549,
      0.967827707529068,
      0.9169656336307526,
      0.9457170963287354
    ],
    "test_acc": [
      18.30376800271592,
      9.139213284048983,
      8.39080871264081,
      8.596557834656844,
      10.670946772294677,
      7.801130031603091,
      9.740901310574023,
      9.35320456039512,
      9.014033701374391,
      7.69041718614628,
      8.589537212594928,
      7.328564589621061,
      8.416544391241965,
      7.620895900140144,
      8.426720438773362,
      8.155268028992232,
      7.001270378927949,
      8.346534649395192,
      8.91410109941697,
      9.375739232091123,
      7.805512591146628,
      8.20115254275513,
      8.168485026937525,
      7.8869123873025275,
      7.721867280697241,
      8.865373463294365,
      7.288115986347141,
      7.7487489501441384,
      8.095989840440208,
      8.13318717192445,
      7.488103571374309,
      7.807906593662123,
      8.589203802972332,
      7.46613239338021,
      8.549179993594098,
      8.723437381006011,
      8.77670133209748,
      7.9247166371816515,
      8.372742293367027,
      8.152021447894581
    ]
  }
}