{
  "config": {
    "seed": 42,
    "bs_train": 8,
    "bs_test": 2,
    "batches": 100,
    "epochs": 100,
    "early_stopping": 10,
    "checkpoints": null,
    "lr": 0.0005,
    "print_every": 10,
    "h_dim": 256,
    "z_dim": 64,
    "betas": [
      0.5,
      0.5
    ],
    "kw": {},
    "RTplot": false,
    "out_dir": "./results/Res6/",
    "run_name": "MEGA_RUNwithout_Pooling",
    "x_sigma2": 0.8
  },
  "results": {
    "num_epochs": 0,
    "train_loss": [
      0.5501082931955655,
      0.40314201066891353,
      0.3738991941014926,
      0.35263502299785615,
      0.3374965930978457,
      0.33541082342465717,
      0.33171408623456955,
      0.32252744684616724,
      0.32366803487141926,
      0.3188081902762254,
      0.3245341328283151,
      0.31359203830361365,
      0.3138609168430169,
      0.3195111865798632,
      0.30720163211226464,
      0.3060486731429895,
      0.3116074825326602,
      0.3128347327311834,
      0.31124383633335434,
      0.3064663010338942,
      0.2997566652794679,
      0.31290495743354163,
      0.3033402018249035,
      0.3054048587878545,
      0.30741124898195266,
      0.3018122151494026,
      0.3004328747590383,
      0.293769404788812,
      0.3041313998401165,
      0.29848426828781766,
      0.30414090206225713,
      0.3081965061525504,
      0.30461250940958656,
      0.2976618895928065,
      0.29143611490726473,
      0.3021701589226723,
      0.29537679900725683,
      0.3006249822676182,
      0.29456429680188495,
      0.30536865865190826,
      0.2959845701853434,
      0.2986671927074591,
      0.29218837718168894,
      0.3023521155118942,
      0.2964578360319138,
      0.298275891939799,
      0.30530435194571814,
      0.30070049067338306,
      0.29287385816375416,
      0.3017782506843408,
      0.30417808989683787,
      0.29903914853930474,
      0.29852915108203887,
      0.2994600070019563,
      0.29527066498994825,
      0.2925497077405453,
      0.29911133671800294,
      0.2926499225199223,
      0.2878162254889806,
      0.2847548879683018,
      0.3023042341073354,
      0.30141925265391667,
      0.30302349825700126,
      0.29925495783487954,
      0.29914040913184486,
      0.2890014457205931,
      0.3030622603992621,
      0.3033527726928393,
      0.29994728590051334,
      0.29873420894145963,
      0.3059671896199385,
      0.28883544554313023,
      0.2913938969373703,
      0.2948896413048108,
      0.2945333165427049,
      0.29053897187113764,
      0.30000446488459903,
      0.2960355664292971,
      0.29475190316637356,
      0.2976404947539171,
      0.29639381493131317,
      0.3003588850299517,
      0.29535360435644786,
      0.2988904170691967,
      0.28981039027372996,
      0.2925368641813596,
      0.29583053092161815,
      0.29266188939412435,
      0.2898145042359829,
      0.293545376509428,
      0.29696886415282886,
      0.2962740009029706,
      0.29342062647144,
      0.2931529107193152,
      0.2959316521883011,
      0.2902361070116361,
      0.2858304835855961,
      0.2923515329758326,
      0.2875730529427528,
      0.30131123463312787
    ],
    "train_acc": [
      41.637484685278324,
      46.55074923081357,
      47.74678442177413,
      48.83391704347189,
      50.31588861148338,
      50.335318772697995,
      50.27326032363191,
      52.16895563765399,
      52.19629003383339,
      52.68327309380695,
      52.60725413282902,
      54.015432877090056,
      54.91429162341884,
      53.695310693165304,
      55.29146963803027,
      56.08743085784666,
      55.9329529568344,
      54.931558411977306,
      55.384223225944524,
      55.7199374288944,
      57.14562137838243,
      55.01766090782211,
      57.479140506163084,
      56.936975348883315,
      56.17000105306558,
      58.17397524999768,
      57.55025843986464,
      59.0519852795768,
      57.16323427866037,
      58.080310892816705,
      56.966872696755956,
      55.78873065845724,
      56.78566069863428,
      58.39831276895353,
      59.37786853068918,
      58.16812138767953,
      59.08415819742125,
      57.55329902885132,
      59.10701200698752,
      56.78566099996665,
      59.07061917447258,
      58.51334426794498,
      59.091210759982296,
      58.417657203996434,
      58.55398662137732,
      58.60850535929869,
      57.61739821582083,
      58.388684845488484,
      59.23101614275506,
      58.22797662421059,
      57.51318485087426,
      58.2332678846547,
      58.739213190163284,
      59.452318140266875,
      59.393933976052956,
      59.84452648753933,
      59.07909968803858,
      59.80566548558725,
      60.22138740995339,
      60.95840091415912,
      57.877969055807974,
      59.08576080793507,
      58.098026623400806,
      59.09079916202544,
      58.61238636043967,
      60.7450327664641,
      57.61861143614282,
      57.47337635811994,
      58.775342944156776,
      59.356367041589145,
      57.6721662004434,
      60.07067143438375,
      59.9247583420644,
      59.40197536994707,
      59.7486169538827,
      60.122819562845045,
      59.42395056915342,
      59.31863202898005,
      59.15799995063062,
      59.31543211636796,
      59.381893258467706,
      58.807512945572626,
      59.32008866581857,
      58.67392490822287,
      60.5667066443413,
      60.577045748339565,
      59.649614873159216,
      60.283592042967015,
      60.414918044683205,
      59.742333569465295,
      59.52833284046677,
      59.539643403134356,
      59.76511380742635,
      59.763813898048795,
      59.28595170264195,
      60.37012739222255,
      61.25759815533093,
      59.94353653577998,
      60.64869470679946,
      58.90891122221904
    ],