{
  "config": {
    "seed": 42,
    "bs_train": 8,
    "bs_test": 2,
    "batches": 100,
    "epochs": 100,
    "early_stopping": 10,
    "checkpoints": null,
    "lr": 0.0001,
    "print_every": 100,
    "h_dim": 256,
    "z_dim": 128,
    "betas": [
      0.5,
      0.5
    ],
    "kw": {},
    "RTplot": false,
    "out_dir": "./results/Res6/",
    "run_name": "MEGA_RUNSmall_sigma",
    "x_sigma2": 0.9
  },
  "results": {
    "num_epochs": 0,
    "train_loss": [
      0.34180623615781464,
      0.2938021495938301,
      0.2808934489885966,
      0.27204063485066093,
      0.26707853029171624,
      0.2644154603282611,
      0.2541406460106373,
      0.25382252658406895,
      0.2514462741712729,
      0.2477218839029471,
      0.24535242716471353,
      0.24354414169987043,
      0.24273171027501425,
      0.2372535767654578,
      0.23211953416466713,
      0.23232996885975202,
      0.2291943555076917,
      0.22683420504132906,
      0.22813671007752417,
      0.2218271642923355,
      0.2182318093876044,
      0.22273909002542497,
      0.22042190209031104,
      0.21471056267619132,
      0.22024912064274152,
      0.21781398629148802,
      0.21347667425870895,
      0.2097148559987545,
      0.21106711278359094,
      0.20826373174786567,
      0.20735153183341026,
      0.20724013894796373,
      0.2076306626200676,
      0.20262800604104997,
      0.19950144390265148,
      0.2030145727097988,
      0.2010659491022428,
      0.20141132523616154,
      0.19678255592783292,
      0.20075109923879306,
      0.20279701004425685,
      0.19639072567224503,
      0.19658965170383452,
      0.19419017533461252,
      0.19221289828419685,
      0.1956323412557443,
      0.19296115611990292,
      0.19361568267146748,
      0.18905596857269605,
      0.1899402255813281,
      0.18798592537641526,
      0.18754747286438941,
      0.18711747725804648,
      0.18839061086376507,
      0.1858588735262553,
      0.18467042371630668,
      0.1845543826619784,
      0.18228763764103253,
      0.1822560337682565,
      0.18091960151990255,
      0.18168602560957273,
      0.1811045413215955,
      0.1786156731347243,
      0.179190219193697,
      0.17970922862490019,
      0.17859471564491589,
      0.17817673236131668,
      0.17329655314485232,
      0.17355914289752641,
      0.17490715632836024,
      0.17738247116406758,
      0.17255795622865358,
      0.16996752619743347,
      0.17337931369741758,
      0.16945959627628326,
      0.1681953656176726,
      0.17178923810521762,
      0.16984338611364364,
      0.17058059424161912,
      0.1727537343899409,
      0.16618551835417747,
      0.1673300690948963,
      0.16769027983148893,
      0.1669338198999564,
      0.16935336763660114,
      0.16662960027654966,
      0.16324359873930613,
      0.16380943482120833,
      0.16204649806022645,
      0.16608825884759426,
      0.16187800765037536,
      0.16264615605274838,
      0.1627721553047498,
      0.16403798225025337,
      0.1617835318048795,
      0.15980737085143726,
      0.15903797211746376,
      0.15944120610753695,
      0.16087219938635827,
      0.1614494143674771
    ],
    "train_acc": [
      51.43470529681936,
      59.84272420871824,
      60.4664262055119,
      62.037612089364075,
      62.276283257486696,
      62.70949001538987,
      65.40058486794864,
      64.83345977792001,
      64.9055666250135,
      65.97261509498833,
      66.19716600293766,
      66.92639483762858,
      66.64650742279937,
      67.63300888751925,
      68.9551874773503,
      68.79656336086411,
      69.64263986847357,
      70.84763758835969,
      69.9932894850235,
      71.93664209660564,
      72.71851644374811,
      71.09519990490278,
      71.57153049575616,
      73.14349215425081,
      71.33017866474346,
      71.78221229513049,
      72.97993552349696,
      74.672984317761,
      73.81421009295333,
      74.7876717290828,
      75.08267686066911,
      75.09125483764609,
      74.62500175695165,
      76.26151044964685,
      76.99925913344687,
      75.94165104526927,
      76.85390644636821,
      76.8063736165648,
      77.79064678471907,
      76.84752962285073,
      75.75375272993442,
      78.46274133056066,
      78.25071375479749,
      78.60544157322559,
      80.0859221518385,
      78.2571262352269,
      78.90230197531845,
      79.53036253568226,
      80.94805040772722,
      80.49397784402714,
      81.32356657063427,
      81.5647850937752,
      82.03837235463446,
      80.92010273014253,
      81.94707763865036,
      82.6679306865516,
      83.07129080065879,
      83.45125041273607,
      83.79800761878907,
      84.68828054052669,
      84.17650393058925,
      84.64482244855448,
      85.39420574258263,
      84.7170147287783,
      85.48974851685144,
      85.10503827667868,
      85.39286451275434,
      87.84923658835345,
      87.67831956989453,
      87.38872452108347,
      86.28979101263091,
      88.26444945566922,
      89.30841069312211,
      87.91782131400052,
      90.19338228851382,
      90.06944618030238,
      88.95889301759406,
      89.65226699978047,
      88.99951882545119,
      88.22492718225992,
      91.23585802802488,
      90.68988476753655,
      90.99289856717765,
      90.46408923301409,
      89.46655065816053,
      91.54632693376278,
      93.13655311086896,
      92.21564833570592,
      93.23575413779115,
      91.66008830038906,
      94.38192917948784,
      93.07396389940315,
      92.87471305734857,
      92.54336082319243,
      93.52188654392087,
      94.7668719919878,
      94.91528619184447,
      94.72675759719166,
      94.11497744378387,
      94.16977322642899
    ],