{
  "config": {
    "seed": 42,
    "bs_train": 64,
    "bs_test": 16,
    "batches": 100,
    "epochs": 60,
    "early_stopping": 10,
    "checkpoints": null,
    "lr": 0.0001,
    "print_every": 100,
    "h_dim": 256,
    "z_dim": 128,
    "betas": [
      0.9,
      0.999
    ],
    "kw": {},
    "RTplot": false,
    "out_dir": "./results/Res2/",
    "run_name": "FINAL_ARCHbs_64lr_0.0001",
    "x_sigma2": 0.9
  },
  "results": {
    "num_epochs": 0,
    "train_loss": [
      0.4566402807831764,
      0.3580755144357681,
      0.33279966562986374,
      0.31908632069826126,
      0.3105773590505123,
      0.30688655748963356,
      0.2996275909245014,
      0.29287198558449745,
      0.29316746070981026,
      0.29119664058089256,
      0.3005984053015709,
      0.2828838787972927,
      0.2808041926473379,
      0.2753744386136532,
      0.2690979018807411,
      0.2748875990509987,
      0.2691854164004326,
      0.2739923782646656,
      0.27213824167847633,
      0.2698218673467636,
      0.26756545156240463,
      0.26283513754606247,
      0.27254417538642883,
      0.26383494958281517,
      0.2686245311051607,
      0.26758960261940956,
      0.2526923716068268,
      0.25245554000139236,
      0.2521765809506178,
      0.25414266251027584,
      0.2561727613210678,
      0.264879634603858,
      0.2578428238630295,
      0.2680138573050499,
      0.25976852886378765,
      0.24821938015520573,
      0.24450066313147545,
      0.25610605999827385,
      0.2684021256864071,
      0.2620378341525793,
      0.2642924841493368,
      0.24393469095230103,
      0.2419257964938879,
      0.25411406718194485,
      0.24730641581118107,
      0.24905393831431866,
      0.24059994518756866,
      0.23650160618126392,
      0.25290263444185257,
      0.24476780742406845,
      0.24875086918473244,
      0.2429082803428173,
      0.244639215990901,
      0.2332923598587513,
      0.24006771482527256,
      0.24463791400194168,
      0.24487061984837055,
      0.24071571789681911,
      0.24772308766841888,
      0.2444058656692505
    ],
    "train_acc": [
      4.7862637043168,
      5.670231855791044,
      5.9110027625602894,
      6.108358442115953,
      6.327704380433859,
      6.558400830370052,
      6.840681992794643,
      7.0821691706928975,
      7.1926188475172035,
      7.349445985464385,
      7.227233504248361,
      7.604725372369631,
      7.694129575299811,
      7.859165231492587,
      8.012431229186921,
      7.871727891249819,
      8.014797058664616,
      7.962947314471307,
      8.056881314525278,
      8.104124355036312,
      8.223554930383523,
      8.275035678027754,
      8.236456549760858,
      8.237433982233236,
      8.27773399290673,
      8.481555122511981,
      8.48920355889378,
      8.591251018922303,
      8.513324691392706,
      8.664134980606692,
      8.648133509258335,
      8.210652079916398,
      8.574546743437883,
      8.236416775336538,
      8.404483924972325,
      8.734073286786456,
      8.875659593710957,
      8.497663063263191,
      8.33421054990111,
      8.466870353914862,
      8.400332757155555,
      8.709282343273967,
      8.869435235126506,
      8.534780311709143,
      8.79562256456855,
      8.715966302353756,
      8.933244085388116,
      9.062269231324956,
      8.489770585307157,
      8.82256680751213,
      8.65528097707747,
      8.921021920757015,
      8.876768667921366,
      9.027312387728848,
      8.960664752722128,
      8.710994062677807,
      8.749860714990177,
      8.864850079497618,
      8.599432294446789,
      8.807951496101223
    ],
    "test_loss": [
      0.34330329298973083,
      0.33157381415367126,
      0.31879666447639465,
      0.3103615939617157,
      0.30746906995773315,
      0.30798816680908203,
      0.3002326190471649,
      0.30436789989471436,
      0.2824004292488098,
      0.30874311923980713,
      0.29547208547592163,
      0.30763301253318787,
      0.29533714056015015,
      0.28935062885284424,
      0.27529191970825195,
      0.32411104440689087,
      0.2771317958831787,
      0.30433428287506104,
      0.2911677956581116,
      0.3052263855934143,
      0.30261650681495667,
      0.34465840458869934,
      0.2624998688697815,
      0.3095782995223999,
      0.26328685879707336,
      0.2836214303970337,
      0.25714150071144104,
      0.29945018887519836,
      0.33942699432373047,
      0.279407262802124,
      0.30782350897789,
      0.3871809244155884,
      0.27643871307373047,
      0.27213650941848755,
      0.2725914716720581,
      0.3027585446834564,
      0.27691414952278137,
      0.24708521366119385,
      0.3157883286476135,
      0.2791556119918823,
      0.26260262727737427,
      0.24806846678256989,
      0.2567828595638275,
      0.28157469630241394,
      0.24738484621047974,
      0.2885846197605133,
      0.29175564646720886,
      0.24783170223236084,
      0.319785475730896,
      0.27779707312583923,
      0.3280780613422394,
      0.30693355202674866,
      0.2499540150165558,
      0.2394537478685379,
      0.36252129077911377,
      0.2879366874694824,
      0.2639668881893158,
      0.31204503774642944,
      0.35323870182037354,
      0.2929815649986267
    ],
    "test_acc": [
      6.122502866289432,
      6.370549707208814,
      6.680380761909019,
      6.964944175229845,
      7.194047276738692,
      7.319955252206647,
      7.6718967755989045,
      7.774652749295239,
      8.37695002901075,
      7.683344660075687,
      8.127940163472733,
      7.525577956003985,
      8.42963754320289,
      8.127913554645595,
      8.803907336507804,
      7.2915225939110995,
      8.725714301391378,
      7.775444792023485,
      8.102953702073288,
      7.888842528631835,
      7.952478888406318,
      7.02209839978684,
      9.07756593384053,
      7.750518874031154,
      9.24489321417925,
      8.396945579173929,
      9.305483681382988,
      7.804628043209408,
      6.884685083890257,
      8.633038999351914,
      7.7556478352662985,
      6.076191849950206,
      8.69878863306017,
      9.152139379205755,
      8.810335154157126,
      7.632804250217527,
      8.795768580446722,
      9.952883798865093,
      7.398376904230692,
      8.959952461433865,
      8.982624139895666,
      9.487809285533572,
      9.249893571357115,
      8.168548458339796,
      9.769931300046014,
      8.156467125592773,
      7.879605313927639,
      9.503757362959206,
      7.2435433128781685,
      8.305401580080204,
      7.054205866411379,
      7.5716359401222135,
      9.215442852121583,
      10.041067989959886,
      6.328187346454228,
      8.008905404345825,
      8.842217260231223,
      7.359153043581192,
      6.488215552676629,
      7.894541148478984
    ]
  }
}