{
  "config": {
    "seed": 42,
    "bs_train": 64,
    "bs_test": 16,
    "batches": 100,
    "epochs": 60,
    "early_stopping": 10,
    "checkpoints": null,
    "lr": 0.0005,
    "print_every": 100,
    "h_dim": 256,
    "z_dim": 128,
    "betas": [
      0.9,
      0.999
    ],
    "kw": {},
    "RTplot": false,
    "out_dir": "./results/Res2/",
    "run_name": "FINAL_ARCHbs_64lr_0.0005",
    "x_sigma2": 0.9
  },
  "results": {
    "num_epochs": 0,
    "train_loss": [
      1.2251042574644089,
      0.4903418496251106,
      0.37279659137129784,
      0.32713253051042557,
      0.3137761205434799,
      0.3063425123691559,
      0.30315810814499855,
      0.2970508597791195,
      0.31531524285674095,
      0.29494546353816986,
      0.2987752817571163,
      0.29935477674007416,
      0.312978059053421,
      0.31681763753294945,
      0.29788341745734215,
      0.28323810175061226,
      0.3112247847020626,
      0.3071821555495262,
      0.30089154466986656,
      0.28918683156371117,
      0.2890396863222122,
      0.278848959133029,
      0.28044516779482365,
      0.28505226597189903,
      0.26944803074002266,
      0.2829877510666847,
      0.2574707828462124,
      0.2594981733709574,
      0.27317703515291214,
      0.2638967614620924,
      0.2626839578151703,
      0.2624337077140808,
      0.2670425232499838,
      0.27849871665239334,
      0.27736634388566017,
      0.2762681767344475,
      0.25563352927565575,
      0.24894342571496964,
      0.2545690480619669,
      0.2469351701438427,
      0.24075568094849586,
      0.25270482897758484,
      0.24067219346761703,
      0.2737855911254883,
      0.254975039511919,
      0.24668599851429462,
      0.24746347405016422,
      0.2456632014364004,
      0.24043122678995132,
      0.24494623951613903,
      0.2500285468995571,
      0.24329806491732597,
      0.24682475067675114,
      0.23944032564759254,
      0.23611636832356453,
      0.25093126855790615,
      0.23547062277793884,
      0.2280748188495636,
      0.22581005841493607,
      0.23119747079908848
    ],
    "train_acc": [
      5.3323790929061206,
      5.992233282172766,
      6.2964601103847615,
      6.83780824967678,
      7.108614167163832,
      7.192465702982166,
      7.542841272500926,
      7.708072153534872,
      7.647232559130043,
      7.948985645093525,
      8.097613069529896,
      8.01231698414881,
      7.933607417226026,
      7.734935358173916,
      7.9532896304903575,
      8.04803185336762,
      7.613004183835757,
      7.976009288510363,
      7.698191349136924,
      8.005243207173189,
      8.059959951758332,
      8.119792516345832,
      8.189048723984127,
      8.102049895984658,
      8.287058432495247,
      8.1715906688012,
      8.471768178396545,
      8.63417958387093,
      8.288364293099924,
      8.58046862680577,
      8.383693708749485,
      8.561792801194642,
      8.450692641223133,
      8.066614611770964,
      8.037077092793318,
      8.144378802906006,
      8.33501050577482,
      8.651843380106072,
      8.544361991493853,
      8.69229397328549,
      8.739619868045734,
      8.385582109706846,
      8.587454485277183,
      8.412829854557291,
      8.399317830746476,
      8.628202815079108,
      8.599333961025101,
      8.570962817104364,
      8.69382842281034,
      8.999033000556446,
      8.240764593524366,
      8.836898546039839,
      8.473242283957378,
      8.71455935827344,
      8.795831189128894,
      8.41961673782844,
      8.922622287328421,
      8.998487645683698,
      9.073666918191469,
      9.18207439367835
    ],
    "test_loss": [
      0.3454459607601166,
      0.3467886447906494,
      0.3469964265823364,
      0.3197128474712372,
      0.33579251170158386,
      0.33586612343788147,
      0.32800155878067017,
      0.33086755871772766,
      0.28706884384155273,
      0.3287270665168762,
      0.30770212411880493,
      0.3154768943786621,
      0.32636702060699463,
      0.29417547583580017,
      0.31188762187957764,
      0.3231184780597687,
      0.31478843092918396,
      0.46712762117385864,
      0.31979167461395264,
      0.27595195174217224,
      0.3168913722038269,
      0.2787316143512726,
      0.3135366141796112,
      0.36018019914627075,
      0.3792972266674042,
      0.274192214012146,
      0.2815837860107422,
      0.33207041025161743,
      0.34581121802330017,
      0.2609838545322418,
      0.30717018246650696,
      0.465876966714859,
      0.26281848549842834,
      0.2699725031852722,
      0.26908615231513977,
      0.2754054665565491,
      0.4599042534828186,
      0.33571919798851013,
      0.25246474146842957,
      0.41107887029647827,
      0.23610179126262665,
      0.2687087953090668,
      0.26308876276016235,
      0.27208226919174194,
      0.2498922199010849,
      0.26526451110839844,
      0.3446946144104004,
      0.26239296793937683,
      0.27213406562805176,
      0.27050700783729553,
      0.3684273362159729,
      0.28925275802612305,
      0.26654165983200073,
      0.26647070050239563,
      0.25227677822113037,
      0.2569124698638916,
      0.4135620892047882,
      0.2547469139099121,
      0.2641114890575409,
      0.4172682464122772
    ],
    "test_acc": [
      6.392447375512729,
      6.880382137007613,
      7.075551195295595,
      7.594341303134392,
      7.452922232882924,
      7.2507640193794,
      7.442374612069221,
      7.739935410316283,
      9.27389320806138,
      7.738027317610582,
      8.27350376822621,
      8.312100085195576,
      7.912902799864686,
      8.794251110039426,
      7.916433137176427,
      8.028397037050478,
      7.7121381226936245,
      5.151453777223225,
      8.209066380446625,
      9.04874031076516,
      7.672834003186169,
      9.215216161047717,
      8.23573238236696,
      6.6222904579564945,
      6.283381791564022,
      8.590088460413332,
      9.009193162631842,
      7.001048334756034,
      6.8823702064228724,
      9.290964547809283,
      7.839144635996151,
      4.862791553707925,
      9.116049628005698,
      9.090099685107576,
      9.112893211533555,
      8.678014848736913,
      4.846889057940559,
      6.851792666565632,
      10.111895494842255,
      5.386639303049703,
      9.908632168339935,
      8.52673507555899,
      9.180391083209205,
      8.378062459474213,
      10.081127848867398,
      8.693544832390911,
      6.4735173808404864,
      8.96083955229152,
      9.044911151220616,
      8.408149306231305,
      6.173318231460375,
      7.931467312749488,
      8.657161291825492,
      8.503493061185523,
      9.491544568758785,
      9.426584091931952,
      5.288923458660285,
      8.796511623250652,
      8.600961977553734,
      5.295003025240846
    ]
  }
}