{
  "config": {
    "seed": 42,
    "bs_train": 16,
    "bs_test": 4,
    "batches": 100,
    "epochs": 60,
    "early_stopping": 10,
    "checkpoints": null,
    "lr": 0.0005,
    "print_every": 100,
    "h_dim": 256,
    "z_dim": 128,
    "betas": [
      0.9,
      0.999
    ],
    "kw": {},
    "RTplot": false,
    "out_dir": "./results/Res2/",
    "run_name": "FINAL_ARCHbs_16lr_0.0005",
    "x_sigma2": 0.9
  },
  "results": {
    "num_epochs": 0,
    "train_loss": [
      0.5986407548189163,
      0.3252301166454951,
      0.32326808869838713,
      0.31444771389166515,
      0.30812619924545287,
      0.2907033279538155,
      0.28317401309808093,
      0.28189418514569603,
      0.27685307115316393,
      0.27834342469771706,
      0.2618029251694679,
      0.2588435187935829,
      0.25306974599758786,
      0.2519835904240608,
      0.2498575379451116,
      0.25110056549310683,
      0.2438032105565071,
      0.23669881075620652,
      0.24141974995533624,
      0.24535220315059025,
      0.24121083319187164,
      0.23898989210526148,
      0.23653182437022527,
      0.2317916214466095,
      0.23364987522363662,
      0.2328875189026197,
      0.2319062242905299,
      0.23352811535199483,
      0.23677670657634736,
      0.22998743603626887,
      0.22352273315191268,
      0.2298744613925616,
      0.2241427168250084,
      0.23015523453553519,
      0.225066073735555,
      0.22363991638024647,
      0.2223791892329852,
      0.21925916522741318,
      0.22482246557871502,
      0.22483671953280768,
      0.22241788705190021,
      0.22254805614550907,
      0.22043298035860062,
      0.22389292667309443,
      0.21677675396203994,
      0.2187988688548406,
      0.21972645074129105,
      0.22072296539942424,
      0.21502599020799001,
      0.21293207506338754,
      0.21658381074666977,
      0.22345636089642842,
      0.21601663082838057,
      0.21611570666233698,
      0.21844775726397833,
      0.21567154179016748,
      0.2145116999745369,
      0.21247038692235948,
      0.21396109312772751,
      0.20967847108840942
    ],
    "train_acc": [
      22.804080885757013,
      27.02597195617542,
      28.35136287881842,
      29.121805790481094,
      28.9151737096871,
      29.851921186914797,
      30.12995125384989,
      30.15211630965651,
      30.84180565645432,
      30.550319798159588,
      31.666759412831333,
      31.562688731091455,
      32.04797055633273,
      32.45068788017487,
      32.27809664186165,
      31.900577372521933,
      32.61970755110003,
      33.2447748246422,
      32.84948796062026,
      32.40948188999039,
      33.11352825661328,
      32.643428101123085,
      33.31726355414704,
      33.7902144897356,
      33.50318231779116,
      33.286709300332625,
      33.790071073625306,
      33.570148641687375,
      33.3748438375477,
      33.867278064315144,
      35.17997110193593,
      33.95667001338919,
      34.52752127872874,
      34.07088625863652,
      34.553194023095216,
      34.749068865019794,
      34.7202491268156,
      35.52545920660495,
      34.628272674378245,
      34.72705338483094,
      34.906337357884446,
      35.02343362219897,
      34.850875400411404,
      34.82227158334138,
      35.49725503535039,
      35.50045703273173,
      35.16829851494096,
      35.351446697881634,
      36.21403733665861,
      35.96263423618624,
      35.7351417284252,
      34.482817887848334,
      35.9454531646574,
      35.822594530015124,
      35.4338084707391,
      35.781596093220244,
      35.98265796028174,
      36.04312731478021,
      36.325518149950774,
      36.77707971845968
    ],
    "test_loss": [
      0.3564409166574478,
      0.3817480206489563,
      0.3661674037575722,
      0.3294554874300957,
      0.3154177591204643,
      0.3214990720152855,
      0.26989807188510895,
      0.321082666516304,
      0.3083015903830528,
      0.2847335785627365,
      0.3800135925412178,
      0.3149932250380516,
      0.30172357335686684,
      0.32005589827895164,
      0.2654958739876747,
      0.3165617734193802,
      0.3125492297112942,
      0.4071776270866394,
      0.2873445078730583,
      0.30582766234874725,
      0.3063734397292137,
      0.34530995041131973,
      0.29855435341596603,
      0.365359328687191,
      0.2917352542281151,
      0.27986471354961395,
      0.27260589227080345,
      0.26709844172000885,
      0.2822432368993759,
      0.30796018242836,
      0.3452111929655075,
      0.29017895460128784,
      0.2716752514243126,
      0.3081798478960991,
      0.3297649100422859,
      0.27624186128377914,
      0.3085673823952675,
      0.30379214882850647,
      0.30241943150758743,
      0.35312140733003616,
      0.3151358813047409,
      0.28401200845837593,
      0.3344588279724121,
      0.290578979998827,
      0.2889651618897915,
      0.2585593983530998,
      0.30497176572680473,
      0.29040948301553726,
      0.297024741768837,
      0.322005495429039,
      0.34065793454647064,
      0.3499896973371506,
      0.2770583853125572,
      0.2822626009583473,
      0.270022738724947,
      0.3429476283490658,
      0.26738640666007996,
      0.3630874268710613,
      0.2568140774965286,
      0.2950008101761341
    ],
    "test_acc": [
      28.657156047360107,
      25.768369815714248,
      29.35429346503598,
      31.21796968560337,
      33.45732593304556,
      31.482391438700272,
      35.50286515107067,
      29.739063184107806,
      31.15684141346242,
      34.69485392133805,
      25.616669448651017,
      31.805267722381682,
      32.686881760462114,
      30.870930654160905,
      36.01070740189006,
      29.242514061294102,
      31.769181103423158,
      23.29119676933185,
      33.01738590430742,
      30.469341041464265,
      32.61211703633715,
      27.705742534833764,
      32.03621205368336,
      25.082679592329544,
      31.919860160140534,
      33.661801238260395,
      33.51778744848654,
      35.4993947403485,
      32.96826825229029,
      30.656298453876737,
      28.69489977063883,
      32.21785829085937,
      34.13173890599136,
      31.731399633332426,
      28.913292873109974,
      34.87326203518659,
      30.431225531661667,
      30.164394271357754,
      30.17459078641985,
      30.16252561224949,
      29.91095019128526,
      32.29928647845223,
      26.947180631793568,
      32.02269019813617,
      32.15978098357674,
      34.55183958872666,
      33.06433114936511,
      32.66704798287226,
      30.685597639506245,
      28.7247013672535,
      27.48693273285201,
      27.29905542456853,
      33.43870255656677,
      33.41839958994408,
      34.19159074656925,
      27.652035640025087,
      34.08738141616037,
      26.577752976895123,
      36.358620436731876,
      34.944699798715796
    ]
  }
}