{
  "config": {
    "seed": 42,
    "bs_train": 16,
    "bs_test": 4,
    "batches": 100,
    "epochs": 60,
    "early_stopping": 10,
    "checkpoints": null,
    "lr": 0.0008,
    "print_every": 100,
    "h_dim": 256,
    "z_dim": 128,
    "betas": [
      0.9,
      0.999
    ],
    "kw": {},
    "RTplot": false,
    "out_dir": "./results/Res2/",
    "run_name": "FINAL_ARCHbs_16lr_0.0008",
    "x_sigma2": 0.9
  },
  "results": {
    "num_epochs": 0,
    "train_loss": [
      1.102850196758906,
      0.3538157602151235,
      0.3525592674811681,
      0.3200041075547536,
      0.3141124804814657,
      0.30903172542651497,
      0.29128105789422987,
      0.2936656435330709,
      0.29042636007070544,
      0.2836232523123423,
      0.2838921601573626,
      0.27187099009752275,
      0.2605679119626681,
      0.253737706442674,
      0.2522774760921796,
      0.2662132834394773,
      0.25818678935368855,
      0.2525900696714719,
      0.24149506290753683,
      0.24567141781250637,
      0.24400649418433507,
      0.2402531956632932,
      0.23424635976552963,
      0.22807522316773732,
      0.23479076226552328,
      0.23581794301668804,
      0.23449152658383052,
      0.23198216756184895,
      0.23443209181229274,
      0.2356303776303927,
      0.2224774494767189,
      0.2330702806512515,
      0.22679535498221715,
      0.2234967216849327,
      0.22047947496175765,
      0.22503050516049067,
      0.22336141715447108,
      0.2259861355026563,
      0.2138869603474935,
      0.22726094971100488,
      0.21690947065750757,
      0.22025006463130314,
      0.2167416736483574,
      0.21954265981912613,
      0.21957918057839076,
      0.22017497420310975,
      0.2170608455936114,
      0.21360921810070674,
      0.2203797146677971,
      0.20995678106943766,
      0.21863636324803035,
      0.21727264076471328,
      0.21484541296958923,
      0.2139877860744794,
      0.21995479116837183,
      0.2146302213271459,
      0.211158716181914,
      0.210540571808815,
      0.2100932354728381,
      0.20615808020035425
    ],
    "train_acc": [
      22.98762630917268,
      26.875954121429817,
      27.1853483139327,
      27.85137176305209,
      28.325878690811187,
      28.785679800868625,
      29.76576104570539,
      30.11987598937204,
      30.318281686473703,
      30.66576457838612,
      31.065127979174996,
      30.791274239329567,
      31.792232729738117,
      32.60764618636626,
      32.421050025646636,
      31.418893613746672,
      32.00013715047606,
      32.45699698903421,
      32.74934200572384,
      32.40757030117549,
      32.87195539366653,
      32.855031281939574,
      33.595821387728684,
      34.37010423727132,
      33.98441936364053,
      33.51756324959036,
      33.42304691865927,
      33.63918901436479,
      33.54364021548726,
      33.55822466966304,
      34.89231937224696,
      33.56340670047818,
      34.231220411378274,
      34.46425127246904,
      35.41488735494758,
      34.43191986084229,
      34.81117531014497,
      34.94940676384429,
      36.1265593848765,
      34.40099587346306,
      35.653676976424755,
      35.358723313692934,
      35.64934346324598,
      35.414749732371696,
      35.40992561519645,
      35.273443433155634,
      35.895783927917755,
      36.21427485793469,
      35.53887089690675,
      36.606823247727654,
      35.7171724817141,
      35.34087568202299,
      36.051751914689724,
      36.139095505679904,
      35.93290498857581,
      36.51994502244567,
      36.36048212115248,
      36.82610276884807,
      36.66215413514396,
      37.45532023580381
    ],
    "test_loss": [
      0.4225538894534111,
      0.496168851852417,
      0.3300844132900238,
      0.3411034271121025,
      0.38714954257011414,
      0.34087926149368286,
      0.30801524221897125,
      0.32827387005090714,
      0.33327917009592056,
      0.3305494114756584,
      0.3542935624718666,
      0.31199558824300766,
      0.2730877734720707,
      0.2790556848049164,
      0.33762240409851074,
      0.2981170415878296,
      0.3222442492842674,
      0.2788905166089535,
      0.30730509385466576,
      0.32310427352786064,
      0.2791903167963028,
      0.2815607190132141,
      0.31537633389234543,
      0.30502476543188095,
      0.3219646289944649,
      0.3298271968960762,
      0.27535780146718025,
      0.3149024620652199,
      0.2807990610599518,
      0.2944766730070114,
      0.3447547033429146,
      0.28052734956145287,
      0.28374726325273514,
      0.2711002640426159,
      0.29673445224761963,
      0.27351126074790955,
      0.26535654067993164,
      0.3102182373404503,
      0.3113284856081009,
      0.3554453104734421,
      0.27822378650307655,
      0.2648421972990036,
      0.3091684356331825,
      0.2841794639825821,
      0.2769724242389202,
      0.27319197356700897,
      0.27321866527199745,
      0.30101428180933,
      0.2869364134967327,
      0.3156070187687874,
      0.2966163568198681,
      0.4241291433572769,
      0.2350982241332531,
      0.33485137298703194,
      0.2539408430457115,
      0.39404337108135223,
      0.279764574021101,
      0.2793552912771702,
      0.2685587890446186,
      0.3097973130643368
    ],
    "test_acc": [
      29.241888975499123,
      22.94815892973686,
      31.16009212062073,
      29.97276132182574,
      29.85973190242799,
      28.253026390464274,
      32.817427612241126,
      29.748843187714538,
      29.679264610983687,
      31.424519164416367,
      28.067795049226937,
      32.21488819325111,
      36.10679049098529,
      34.64247078902842,
      29.963450981622284,
      32.31381359842449,
      29.294023161168475,
      33.03997726017045,
      32.99800693855346,
      28.827214961802763,
      34.13893676816052,
      34.21974402407646,
      31.2564066204178,
      31.871897718448817,
      29.840115184620323,
      28.247761879947614,
      32.88869149661917,
      28.997562794940105,
      32.01589884724627,
      31.23785392118849,
      27.375687477445243,
      33.20900735661693,
      32.027944200145505,
      33.228303048236256,
      32.45243053227556,
      34.034923417362904,
      34.26213509993805,
      29.92352330147752,
      31.086368870704128,
      28.654601859606743,
      32.6754346293276,
      35.0603779178167,
      29.79894997566701,
      32.05949381275626,
      34.0732716461135,
      33.556178700474646,
      33.697767330192,
      31.81850164026105,
      32.48426196971465,
      28.843169942936175,
      33.47665935356923,
      23.259799773963117,
      39.13015703992353,
      30.560969406510043,
      35.67532474704944,
      24.634207088245827,
      34.40478646413033,
      32.61522611486073,
      34.69207426163681,
      30.209791988847307
    ]
  }
}