{
  "config": {
    "seed": 42,
    "bs_train": 16,
    "bs_test": 4,
    "batches": 100,
    "epochs": 100,
    "early_stopping": 10,
    "checkpoints": null,
    "lr": 0.01,
    "print_every": 100,
    "h_dim": 256,
    "z_dim": 10,
    "betas": [
      0.1,
      0.1
    ],
    "kw": {},
    "RTplot": false,
    "out_dir": "./results/Res2/",
    "run_name": "MEGA_RUNbs_16lr_0.01s_0.9",
    "x_sigma2": 0.9
  },
  "results": {
    "num_epochs": 0,
    "train_loss": [
      64.95762097040812,
      1.1956998626391093,
      0.9436273177464803,
      0.8421189288298289,
      0.7869729975859324,
      0.7601263602574666,
      0.7432994425296784,
      0.7363725304603577,
      0.7269380927085877,
      0.7208459099133809,
      0.7147617201010387,
      0.7064939598242442,
      0.6990836123625438,
      0.6893275757630666,
      0.6855398694674174,
      0.686529016494751,
      0.6818871239821116,
      0.6780142684777578,
      0.6696242054303487,
      0.6707318564256032,
      0.6674543380737304,
      0.6687291880448659,
      0.6650464256604512,
      0.6661944727102915,
      0.6629450261592865,
      0.6643151760101318,
      0.6622406542301178,
      0.6607179164886474,
      0.6605968644221624,
      0.6619067947069804,
      0.6607651909192404,
      0.6584385494391124,
      0.6597169041633606,
      0.6580141206582387,
      0.6575195809205373,
      0.6573708961407344,
      0.6562936147054036,
      0.6546378334363302,
      0.6518941561381022,
      0.6534445067246755,
      0.6510361949602763,
      0.6524011433124542,
      0.6510744194189707,
      0.6477826416492463,
      0.6490914553403855,
      0.6503123919169108,
      0.6490788042545319,
      0.6495000064373017,
      0.6481434941291809,
      0.6497173647085825,
      0.6497384915749232,
      0.6499038070440293,
      0.6475116868813833,
      0.6497364302476247,
      0.6474999229113261,
      0.6475910226504008,
      0.6482336282730102,
      0.6488337477048238,
      0.646638051668803,
      0.6457732876141866,
      0.645645554860433,
      0.6455706258614858,
      0.6444711565971375,
      0.6440934360027313,
      0.6441782196362813,
      0.6444626828034719,
      0.6433447808027267,
      0.6433707038561504,
      0.6448946714401245,
      0.6433647702137629,
      0.6438488066196442,
      0.6431033074855804,
      0.6427244583765666,
      0.6411031226317088,
      0.64301238656044,
      0.6412417262792587,
      0.6416393359502156,
      0.642406576871872,
      0.642291647195816,
      0.6411214192708333,
      0.6400026063124339,
      0.6400652339061101,
      0.6410074830055237,
      0.6400860597689947,
      0.6392959028482437,
      0.6390864183505376,
      0.6406165152788162,
      0.6391362071037292,
      0.6384796023368835,
      0.6385666072368622,
      0.6385748356580734,
      0.6375665605068207,
      0.638099397222201,
      0.63789630929629,
      0.6389858921368917,
      0.6375824809074402,
      0.6365521222352981,
      0.6378244519233703,
      0.6363088766733805,
      0.6368311901887258
    ],
    "train_acc": [
      10.32011822546352,
      10.240155395804079,
      10.143523498837467,
      10.186051292931479,
      10.108121037301341,
      10.130797187533219,
      10.179972887210893,
      10.124596924677288,
      10.114955399138488,
      10.138775272293909,
      10.11413712908678,
      10.209011288781134,
      10.107825491242965,
      10.061580399804091,
      10.144425470776078,
      10.175200457304875,
      10.120789655750384,
      10.10764269718719,
      10.22370406062853,
      10.101110558782041,
      10.090780306785582,
      10.182302002158819,
      10.116915101430365,
      10.12780878010144,
      10.139057221292624,
      10.179623982722589,
      10.124739468801058,
      10.155946261143871,
      10.184405548016825,
      10.141137515749316,
      10.113462669972487,
      10.146446116492491,
      10.160058907382126,
      10.145570716207743,
      10.133410009336208,
      10.16371279891351,
      10.171003448525713,
      10.155399861533112,
      10.12086519292466,
      10.139025258327083,
      10.140692820954301,
      10.120904678500338,
      10.086117813347212,
      10.12784807908314,
      10.268586890549027,
      10.138821365739098,
      10.107300943828418,
      10.113434099352723,
      10.088383178285849,
      10.103436257423063,
      10.162175168025986,
      10.133446636854329,
      10.10631378476268,
      10.124921731901123,
      10.143528672465862,
      10.167130465978008,
      10.104166582031509,
      10.108258302793349,
      10.201856670780622,
      10.122492398906296,
      10.196409578210856,
      10.14237504005726,
      10.10757979545673,
      10.138756567086528,
      10.16421447931038,
      10.18415909987439,
      10.181425643884584,
      10.131357523014058,
      10.098567254926722,
      10.146327608298893,
      10.17529632083127,
      10.159917918679984,
      10.14339895530143,
      10.237337738357557,
      10.102637824811957,
      10.183740870121467,
      10.097285977127743,
      10.119855510345067,
      10.184041771806731,
      10.149797261028414,
      10.118601462393013,
      10.234477067430465,
      10.081221718837748,
      10.152530958591495,
      10.156533080796278,
      10.193740696144554,
      10.151744586834768,
      10.125372437600642,
      10.124453411693985,
      10.11349132266948,
      10.136147351891607,
      10.09677333526137,
      10.180931549891834,
      10.121262320241819,
      10.152850082460674,
      10.16592373067889,
      10.19952093196232,
      10.1125936143631,
      10.120168816980863,
      10.133621269242141
    ],