{
  "config": {
    "seed": 42,
    "bs_train": 16,
    "bs_test": 4,
    "batches": 100,
    "epochs": 40,
    "early_stopping": 10,
    "checkpoints": null,
    "lr": 0.0005,
    "print_every": 100,
    "h_dim": 256,
    "z_dim": 50,
    "betas": [
      0.1,
      0.1
    ],
    "kw": {},
    "RTplot": false,
    "out_dir": "./results/Res2/",
    "run_name": "MEGA_RUNh_256z_50s_1.5",
    "x_sigma2": 1.5
  },
  "results": {
    "num_epochs": 0,
    "train_loss": [
      1.3159955461819968,
      0.6408056567112604,
      0.2928405165672302,
      0.15737369135022164,
      0.12173519780238469,
      0.1140959712366263,
      0.11433422341942787,
      0.11031407068173091,
      0.10879975905021032,
      0.10616380001107852,
      0.10566804135839145,
      0.10458852524558702,
      0.1026656394203504,
      0.10237967198093732,
      0.10069259231289228,
      0.09770707512895266,
      0.09619354531168937,
      0.09676534235477448,
      0.09235578229029974,
      0.09450718586643538,
      0.09312207127610843,
      0.09235310703516006,
      0.09188808699448904,
      0.09197582354148229,
      0.09238383571306864,
      0.08967982729276021,
      0.091419534633557,
      0.09110396926601728,
      0.08944683447480202,
      0.08980821594595909,
      0.08787125324209531,
      0.0875726709763209,
      0.08551183765133222,
      0.08576131189862887,
      0.08692619800567628,
      0.08416190842787424,
      0.08539291967948277,
      0.08400227601329485,
      0.08253190169731776,
      0.08178172980745634
    ],
    "train_acc": [
      42.30480853386174,
      46.91267170085991,
      50.23138381247989,
      52.530362647813845,
      54.10548236963752,
      55.96083352100932,
      55.88557259853917,
      57.86452260799736,
      58.731866261931074,
      60.09338054778627,
      60.65971234494447,
      61.04003954668366,
      62.197717750504495,
      62.27590158264294,
      63.44570457134779,
      65.26523284608199,
      66.7237111937658,
      65.99178228108701,
      68.79570608532359,
      67.72726593649153,
      68.47322527008046,
      68.81343655453762,
      69.27830973461494,
      69.64939751238761,
      69.08522818614499,
      70.87775569019263,
      70.38596781964833,
      70.159080783589,
      71.31340502302761,
      71.69642057947542,
      72.33242480929192,
      72.63792025603126,
      74.19822339866735,
      74.63814051742136,
      73.47055146632333,
      75.510114681505,
      74.45553728916322,
      75.64705876249411,
      77.08671191135352,
      77.73299798139429
    ],
    "test_loss": [
      1.31596177816391,
      0.6498462706804276,
      0.4967372938990593,
      0.4147936627268791,
      0.5744207799434662,
      0.4074910432100296,
      0.4790879860520363,
      0.4594501256942749,
      0.45570335537195206,
      0.49048616737127304,
      0.4233608841896057,
      0.4779875725507736,
      0.3896517753601074,
      0.39977315813302994,
      0.47301415354013443,
      0.4240247458219528,
      0.5089019313454628,
      0.44003792107105255,
      0.44367412477731705,
      0.47049301862716675,
      0.4293489009141922,
      0.4596560299396515,
      0.5101949721574783,
      0.5018068253993988,
      0.5007590427994728,
      0.47069117426872253,
      0.5450432747602463,
      0.4555990919470787,
      0.495234377682209,
      0.4626134932041168,
      0.437783382833004,
      0.45371272414922714,
      0.4140116646885872,
      0.46531325578689575,
      0.4843367710709572,
      0.45603755861520767,
      0.4900565445423126,
      0.49466563761234283,
      0.4508562982082367,
      0.5247462391853333
    ],
    "test_acc": [
      23.240190584149477,
      20.588009912986415,
      19.270500950521445,
      19.45422536901512,
      13.817662662435131,
      18.882394574716496,
      16.55021509565725,
      17.055055893146676,
      17.219055552051298,
      15.58934695344021,
      18.067272270112557,
      15.878800831568354,
      19.62074364769435,
      19.05707746349098,
      16.05858028759138,
      17.88046132520072,
      15.560107699563961,
      17.182702868917666,
      17.194517721710806,
      16.687821834958214,
      17.865139174357545,
      16.723278669193753,
      15.390199841027307,
      15.33985171579738,
      15.35455482390242,
      16.611106175725723,
      14.30006160303801,
      16.58773451952072,
      15.399173367274756,
      16.41463581854111,
      17.602282957388685,
      16.993098537576266,
      18.729845822023954,
      16.363928679358892,
      16.119275396146598,
      16.771157674212333,
      15.526263851801252,
      15.52833593851653,
      16.772131730690763,
      14.700513009635696
    ]
  }
}