{
  "config": {
    "seed": 42,
    "bs_train": 64,
    "bs_test": 16,
    "batches": 100,
    "epochs": 100,
    "early_stopping": 10,
    "checkpoints": null,
    "lr": 0.005,
    "print_every": 100,
    "h_dim": 256,
    "z_dim": 10,
    "betas": [
      0.1,
      0.1
    ],
    "kw": {},
    "RTplot": false,
    "out_dir": "./results/Res2/",
    "run_name": "MEGA_RUNbs_64lr_0.005s_0.9",
    "x_sigma2": 0.9
  },
  "results": {
    "num_epochs": 0,
    "train_loss": [
      1.5608928203582764,
      1.109281837940216,
      1.4204011037945747,
      0.8054373823106289,
      1.2487769946455956,
      0.6309652924537659,
      0.6511576659977436,
      0.6332012638449669,
      0.8172136507928371,
      0.7344157174229622,
      0.6097889356315136,
      0.6009971797466278,
      0.58286252617836,
      0.5564789324998856,
      0.5403694957494736,
      0.4967702515423298,
      0.47452469542622566,
      0.46941085532307625,
      0.44971804320812225,
      0.4468468464910984,
      0.45983389392495155,
      0.4339573122560978,
      0.424786277115345,
      0.41417350992560387,
      0.41144436597824097,
      0.4101897403597832,
      0.40178802236914635,
      0.4007983133196831,
      0.3951788991689682,
      0.3971458449959755,
      0.39817776158452034,
      0.38923438638448715,
      0.38619179651141167,
      0.381494976580143,
      0.3702581748366356,
      0.37423354014754295,
      0.3692284971475601,
      0.36833620071411133,
      0.3689754381775856,
      0.3613634295761585,
      0.36370429396629333,
      0.3648207150399685,
      0.3637334108352661,
      0.3592592366039753,
      0.35382676869630814,
      0.3517201952636242,
      0.35237544402480125,
      0.35078101977705956,
      0.35097626224160194,
      0.3535460792481899,
      0.3482903353869915,
      0.3478185832500458,
      0.3440716080367565,
      0.3428335525095463,
      0.3400772958993912,
      0.3388209417462349,
      0.3310961127281189,
      0.3385881334543228,
      0.33103103190660477,
      0.3321347199380398,
      0.3343971408903599,
      0.3330019377171993,
      0.3371562585234642,
      0.33730826899409294,
      0.32949787750840187,
      0.32909778133034706,
      0.3263656832277775,
      0.32966433465480804,
      0.32796760648489,
      0.3304516114294529,
      0.3306375481188297,
      0.3260499909520149,
      0.3257938548922539,
      0.3269777223467827,
      0.3277384005486965,
      0.32417353987693787,
      0.3270409367978573,
      0.32519974559545517,
      0.324609000235796,
      0.3260291889309883,
      0.32733647897839546,
      0.32240407541394234,
      0.33265598118305206,
      0.32172346487641335,
      0.3236292786896229,
      0.32373738288879395,
      0.32029591128230095,
      0.3230919688940048,
      0.32885895296931267,
      0.32282890379428864,
      0.3252962566912174,
      0.3216898813843727,
      0.31827909871935844,
      0.32251865416765213,
      0.31832749024033546,
      0.3353585973381996,
      0.36083419248461723,
      0.33466337993741035,
      0.3364526703953743,
      0.32760118320584297
    ],
    "train_acc": [
      2.7375931010046517,
      2.7870049124461365,
      3.023231471807074,
      3.8382680460130927,
      3.007827436393249,
      4.819271066358848,
      4.482384013550543,
      4.4688540718247385,
      4.277309674166488,
      3.6896244449388034,
      4.46992921611954,
      4.574940460479275,
      4.870369963336765,
      4.741388758020416,
      5.06043734246506,
      5.248574596776377,
      5.438265712544375,
      5.514758680744177,
      5.552880209468845,
      5.4196292247720494,
      5.565214222486028,
      5.651676482510809,
      5.747400996793874,
      5.7597351638995615,
      5.780884188793001,
      5.72539214071461,
      5.868896916422962,
      5.781252875946403,
      5.827449898534662,
      5.865770778618754,
      5.810396783191493,
      5.726657527433078,
      5.811737858407638,
      5.827059210801532,
      5.9014482652986215,
      5.896651275234243,
      5.849293715300153,
      5.859431079791858,
      5.812931904664334,
      5.876807062280506,
      5.836713704814387,
      5.857829565330716,
      5.871295023982987,
      5.912760790860534,
      5.9142982606078105,
      5.903849845649334,
      5.8484625175964835,
      5.873739776589113,
      5.991588123367378,
      5.885929078013735,
      5.866156951812286,
      5.873808799788976,
      5.921060643950099,
      5.870135477688426,
      5.901296194665988,
      5.890009871447633,
      5.951007370464922,
      5.909987848286952,
      6.01490905258433,
      5.9552244253772395,
      5.863537716433291,
      5.922893784145405,
      5.864868510333913,
      5.881927472756318,
      6.021508011356938,
      5.947373951679386,
      5.998677604531476,
      5.966660196632153,
      5.963460738150955,
      5.9055714016316,
      5.934305261082685,
      6.025797334312119,
      6.004053700341619,
      5.958411979879554,
      5.919064958751319,
      5.9159267151843435,
      5.944214580131551,
      5.96576806711093,
      5.960816309371229,
      5.952029281065945,
      5.92913651879659,
      5.92589168161968,
      5.885330833500081,
      6.00749853941756,
      5.937994848060758,
      5.943533792916369,
      6.01857143320411,
      5.878692795684087,
      5.946616417054093,
      5.909827219839752,
      5.921310601597868,
      5.972350343640451,
      5.979797940882181,
      5.971299608012951,
      5.947731256060918,
      5.625119580311563,
      5.2505549280518755,
      5.724233120004925,
      5.671476261952938,
      5.830757333951273
    ],