{
  "config": {
    "seed": 42,
    "bs_train": 32,
    "bs_test": 8,
    "batches": 100,
    "epochs": 100,
    "early_stopping": 10,
    "checkpoints": null,
    "lr": 0.001,
    "print_every": 100,
    "h_dim": 256,
    "z_dim": 10,
    "betas": [
      0.1,
      0.1
    ],
    "kw": {},
    "RTplot": false,
    "out_dir": "./results/Res2/",
    "run_name": "MEGA_RUNbs_32lr_0.001s_0.5",
    "x_sigma2": 0.5
  },
  "results": {
    "num_epochs": 0,
    "train_loss": [
      1.3942003488540649,
      0.6635751088460287,
      0.6379668196042378,
      0.6387232800324758,
      0.6179110606511434,
      0.6139290412267049,
      0.6071726441383362,
      0.5984996676445007,
      0.5955635945002238,
      0.5875492890675863,
      0.585486916700999,
      0.5882490118344624,
      0.587251611550649,
      0.5847038547197978,
      0.6143552760283152,
      0.5839248239994049,
      0.6004823744297028,
      0.5800117472807567,
      0.5753117342789967,
      0.5569430708885192,
      0.5713670194149018,
      0.6011921008427937,
      0.5663972814877828,
      0.5831496596336365,
      0.5614791413148245,
      0.5762334247430165,
      0.5546666999657949,
      0.5578002790609996,
      0.5587645947933197,
      0.5485675871372223,
      0.5594259738922119,
      0.520815646648407,
      0.5398265719413757,
      0.5236887276172638,
      0.5168423136075337,
      0.5067095537980397,
      0.5379087865352631,
      0.490006023645401,
      0.5167367418607076,
      0.49834054907162983,
      0.5132745365301769,
      0.48328394492467247,
      0.478723414738973,
      0.4885303338368734,
      0.47838924328486127,
      0.4627693295478821,
      0.4954238136609395,
      0.48161047299702964,
      0.4640769839286804,
      0.4767874856789907,
      0.48146871527036034,
      0.4744348406791687,
      0.4623556315898895,
      0.46059155066808066,
      0.46229721705118815,
      0.45863162279129027,
      0.4527835408846537,
      0.4692268212636312,
      0.45616236130396526,
      0.453898427883784,
      0.4613427738348643,
      0.46976686517397565,
      0.457401837905248,
      0.4853490650653839,
      0.45039151708285013,
      0.4526917219161987,
      0.4436917285124461,
      0.4637530505657196,
      0.43539915879567465,
      0.44608097076416015,
      0.4558083514372508,
      0.43192487756411235,
      0.45492973923683167,
      0.4650207261244456,
      0.44593876401583354,
      0.4546828309694926,
      0.42606568336486816,
      0.4519943396250407,
      0.43211535811424256,
      0.4512467642625173,
      0.4304329554239909,
      0.43193418383598325,
      0.44032405614852904,
      0.447449791431427,
      0.42937647700309756,
      0.44731488029162086,
      0.4503123243649801,
      0.4161174714565277,
      0.4296992361545563,
      0.4207679490248362,
      0.4251672446727753,
      0.43538337349891665,
      0.41410805384318033,
      0.4241900404294332,
      0.42281050483385724,
      0.4291634698708852,
      0.41675543586413066,
      0.4036977489789327,
      0.4105204780896505,
      0.43950498501459756
    ],
    "train_acc": [
      4.957279783025326,
      5.3898733525833284,
      5.734263484443293,
      5.668134454813296,
      5.863373149189672,
      5.868267809616076,
      5.8836117386377875,
      5.913959648989091,
      5.995954635414333,
      5.977396952571844,
      5.974281896473158,
      6.019626463143442,
      6.057649344787766,
      6.043988389936577,
      5.958581143434935,
      6.031151517921461,
      6.034546445853911,
      6.172085449735556,
      6.1435647267631035,
      6.378529205523553,
      6.154543554327797,
      6.036765415831652,
      6.305557618727286,
      6.18457058508104,
      6.361626688611611,
      6.2881916686455295,
      6.563402477823248,
      6.567567811416765,
      6.479516384962832,
      6.4953857848346175,
      6.530067127280466,
      6.889320511560605,
      6.743831059579455,
      6.802751672536969,
      6.808348112301052,
      7.1339280989259395,
      6.516422844742733,
      7.244969357367064,
      6.804077123980756,
      7.071016203107847,
      7.081711065528956,
      7.226487652645425,
      7.468368738990648,
      7.198387062146669,
      7.293469146761649,
      7.576942786490188,
      7.17543015165277,
      7.229353942543199,
      7.523704442671985,
      7.375042812200636,
      7.300130994286619,
      7.372772349292713,
      7.575071547788858,
      7.480256047175509,
      7.4423738563108035,
      7.468375916466837,
      7.631616969337943,
      7.3913762096603834,
      7.581822572239709,
      7.610392227704052,
      7.6632853440925714,
      7.4457558693276145,
      7.562125289707092,
      7.222423612461729,
      7.626848169967308,
      7.58106688415388,
      7.757353903467464,
      7.621638420998885,
      7.8308080016626676,
      7.739704267767747,
      7.497376799266448,
      7.964321876914382,
      7.647989127074843,
      7.568472383942275,
      7.71198240932417,
      7.625920990026984,
      8.110334294467497,
      7.679342659500783,
      7.92922286160775,
      7.762731488836692,
      7.918793583749087,
      7.962223702635009,
      7.9894743238361015,
      7.752153382063405,
      8.092558074618573,
      7.800089697756859,
      7.865358940991027,
      8.276749602542136,
      8.04928669525937,
      8.16946286470335,
      8.041940082913081,
      7.965885811787492,
      8.341483075380195,
      8.240946000744186,
      8.155382892921152,
      8.081969341628794,
      8.33822690581371,
      8.56794539051716,
      8.376737669528403,
      8.165948243920585
    ],