{
  "config": {
    "seed": 42,
    "bs_train": 32,
    "bs_test": 8,
    "batches": 100,
    "epochs": 100,
    "early_stopping": 10,
    "checkpoints": null,
    "lr": 0.01,
    "print_every": 100,
    "h_dim": 256,
    "z_dim": 10,
    "betas": [
      0.1,
      0.1
    ],
    "kw": {},
    "RTplot": false,
    "out_dir": "./results/Res2/",
    "run_name": "MEGA_RUNbs_32lr_0.01s_0.5",
    "x_sigma2": 0.5
  },
  "results": {
    "num_epochs": 0,
    "train_loss": [
      10.150602054595947,
      1.7808809836705526,
      1.7535499652226767,
      1.5005577484766641,
      1.4587656339009603,
      1.4013787110646565,
      1.3287249724070231,
      1.2914947509765624,
      1.2821893294652302,
      1.2472909212112426,
      1.2452305793762206,
      1.2358087062835694,
      1.234540589650472,
      1.232807493209839,
      1.2311209201812745,
      1.224552869796753,
      1.2161885897318523,
      1.2144914229710897,
      1.2154650608698527,
      1.209639604886373,
      1.2112935066223145,
      1.2097386837005615,
      1.204743258158366,
      1.2042378584543865,
      1.1989575306574503,
      1.1955811500549316,
      1.1986613273620605,
      1.1925219138463339,
      1.1896097183227539,
      1.189856719970703,
      1.1848846038182577,
      1.185759166876475,
      1.1861804882685343,
      1.1815417528152465,
      1.1845678091049194,
      1.1862319310506184,
      1.1814830303192139,
      1.1787213166554769,
      1.1752929925918578,
      1.1755532066027323,
      1.176405398050944,
      1.1735669533411661,
      1.1713745594024658,
      1.1706628441810607,
      1.1693748394648233,
      1.1694844881693522,
      1.1691672563552857,
      1.1700312534968058,
      1.1680517037709555,
      1.1689774473508199,
      1.168669613202413,
      1.166120465596517,
      1.1678305466969807,
      1.1614456057548523,
      1.1680892705917358,
      1.165073275566101,
      1.1643499612808228,
      1.1631788651148478,
      1.1631052096684773,
      1.161563241481781,
      1.1587627410888672,
      1.161255709330241,
      1.1584252993265787,
      1.1592902700106302,
      1.1586770296096802,
      1.1591036121050518,
      1.1591028213500976,
      1.1569531083106994,
      1.1571221828460694,
      1.1585954507191976,
      1.1577133138974507,
      1.1559600989023844,
      1.1563775142033894,
      1.1542844772338867,
      1.1552178144454956,
      1.1542054494222005,
      1.1566084583600362,
      1.1559035380681355,
      1.155257793267568,
      1.15399173895518,
      1.153163997332255,
      1.1536288102467855,
      1.154125491778056,
      1.1531677961349487,
      1.1538038889567057,
      1.1519412755966187,
      1.1512779951095582,
      1.1534368872642518,
      1.1508703788121541,
      1.1498669703801474,
      1.1489044825236003,
      1.1502986510594686,
      1.149804679552714,
      1.1504975159962971,
      1.150334906578064,
      1.148865779240926,
      1.1507275740305583,
      1.1493483265240987,
      1.1487865606943766,
      1.1472432533899943
    ],
    "train_acc": [
      2.898478371430956,
      2.785203683833576,
      2.8024923912554596,
      2.7952074099655366,
      2.790611486055043,
      2.7913447885964047,
      2.7960832665769164,
      2.8138726166179517,
      2.7792897634954046,
      2.785546514569019,
      2.8001043228094553,
      2.8017363884503093,
      2.797478007717661,
      2.791568186274377,
      2.795449048273197,
      2.791898964642533,
      2.7977310251677414,
      2.7900679933074417,
      2.792247744359192,
      2.8036818529382037,
      2.8039533514828294,
      2.793202588643339,
      2.7906528474675363,
      2.806300211063582,
      2.795856119382692,
      2.799094392157026,
      2.802718060714588,
      2.7857952154257952,
      2.803602079659968,
      2.797155324355593,
      2.8001369940594096,
      2.795042183370678,
      2.7992323938703363,
      2.8068670125824555,
      2.793705113087414,
      2.794941644125337,
      2.794585775769994,
      2.79500722626193,
      2.789294461860223,
      2.8093378219313125,
      2.7883571428464915,
      2.7901075387889698,
      2.7924406104437094,
      2.803410896920923,
      2.800437772844958,
      2.8187803691623086,
      2.7934540221039175,
      2.787178962495388,
      2.8063612329483263,
      2.802021028001708,
      2.798591768696909,
      2.784408242575295,
      2.799772152182507,
      2.802987657538721,
      2.7934538398589055,
      2.804793270856193,
      2.7853642639898095,
      2.794742038519637,
      2.795397679210199,
      2.8074922636599817,
      2.790823790697658,
      2.7900470024975097,
      2.8026074194098562,
      2.798016838224731,
      2.8059403856932725,
      2.8022993289719076,
      2.7956872847047736,
      2.7929163034814137,
      2.8079249403201807,
      2.8009866589756127,
      2.8018078331834673,
      2.800685825059763,
      2.7867265003372466,
      2.7908987618263783,
      2.799205835683102,
      2.7950204381742267,
      2.8053647462734026,
      2.8057259420440808,
      2.79192087205048,
      2.7946268506696907,
      2.7977754802502153,
      2.7976778413075074,
      2.8013782318778544,
      2.7878502024571583,
      2.807661073535043,
      2.787275849314795,
      2.800298693492323,
      2.7977834105867116,
      2.794466730285039,
      2.794736015048033,
      2.8208586034337815,
      2.7945503631219726,
      2.789471625628872,
      2.79851076616674,
      2.789159449928073,
      2.8030300410318194,
      2.7978792592240387,
      2.800483719770892,
      2.789706558944755,
      2.80322687278566
    ],