{
  "config": {
    "seed": 42,
    "bs_train": 32,
    "bs_test": 8,
    "batches": 100,
    "epochs": 100,
    "early_stopping": 10,
    "checkpoints": null,
    "lr": 0.01,
    "print_every": 100,
    "h_dim": 256,
    "z_dim": 10,
    "betas": [
      0.1,
      0.1
    ],
    "kw": {},
    "RTplot": false,
    "out_dir": "./results/Res2/",
    "run_name": "MEGA_RUNbs_32lr_0.01s_0.9",
    "x_sigma2": 0.9
  },
  "results": {
    "num_epochs": 0,
    "train_loss": [
      10.838486925760906,
      1.7488786657651265,
      1.349279240767161,
      0.9760617772738139,
      0.9024104475975037,
      0.850934632619222,
      0.8350701212882996,
      0.8066477139790853,
      0.7920157392819722,
      0.7664382616678874,
      0.7594959378242493,
      0.7461216052373251,
      0.7422500133514405,
      0.7375249028205871,
      0.73043745358785,
      0.7224588354428609,
      0.7114466905593873,
      0.7073985656102498,
      0.709546160697937,
      0.705061121781667,
      0.7052763303120931,
      0.7025229851404826,
      0.6950666427612304,
      0.6952814062436422,
      0.6895583629608154,
      0.6870037078857422,
      0.6909944971402486,
      0.6871312300364176,
      0.6851512710253398,
      0.6858839114507039,
      0.6814652442932129,
      0.6805758873621622,
      0.6804623047510783,
      0.6763615767161052,
      0.6783313830693563,
      0.6793519775072734,
      0.6744944334030152,
      0.6724268317222595,
      0.6697186708450318,
      0.6708229343096416,
      0.6694236079851786,
      0.6689185698827108,
      0.6666459957758586,
      0.6660129427909851,
      0.6659205317497253,
      0.6657772620519002,
      0.6654459834098816,
      0.6656455914179484,
      0.6640336712201437,
      0.6645656069119771,
      0.6656586766242981,
      0.6640726963678996,
      0.6647264997164408,
      0.660286259651184,
      0.6660075306892395,
      0.6640273491541545,
      0.662869926293691,
      0.6624918301900228,
      0.6633286635080974,
      0.6615941524505615,
      0.6584146181742351,
      0.6617738087972005,
      0.6588345090548198,
      0.6585040092468262,
      0.6596049706141154,
      0.6585119088490804,
      0.6581512014071147,
      0.657744558652242,
      0.6575440923372905,
      0.6570155580838521,
      0.6563094933827718,
      0.6542316277821859,
      0.654143230120341,
      0.6522385795911153,
      0.6534536361694336,
      0.6525734901428223,
      0.6536106785138448,
      0.6538904428482055,
      0.6527943054835001,
      0.6508224646250407,
      0.6515895048777263,
      0.6525881210962932,
      0.6519838094711303,
      0.6504740476608276,
      0.651801323890686,
      0.6500954429308573,
      0.6510762055714925,
      0.6517555077870687,
      0.6487401127815247,
      0.6488170027732849,
      0.6481537520885468,
      0.6478391249974569,
      0.6484745820363362,
      0.6483619570732116,
      0.6486206293106079,
      0.6474138538042704,
      0.6486746549606324,
      0.6466871579488118,
      0.6460880239804586,
      0.6452624162038167
    ],
    "train_acc": [
      5.217261020872573,
      5.0390875632236085,
      5.0490473576872805,
      5.043670676923456,
      5.023100501586045,
      5.024420593082666,
      5.03294992224326,
      5.0649707102707415,
      5.0316916064190025,
      5.013983542371217,
      5.040187871795417,
      5.043125405419312,
      5.035460472566175,
      5.024822351484317,
      5.031808206056958,
      5.025417956280774,
      5.035915835128248,
      5.022122326395254,
      5.026045848644484,
      5.046627159719857,
      5.047116032808213,
      5.027764656410495,
      5.023175071330789,
      5.051340348699661,
      5.032541063811676,
      5.038369938076757,
      5.044892572989151,
      5.014431238644787,
      5.04648392607724,
      5.03487951222969,
      5.040246614285817,
      5.031075836982825,
      5.038618157823462,
      5.052360635837881,
      5.028668836747112,
      5.030895136854426,
      5.030254307982241,
      5.031013042947687,
      5.020730071372867,
      5.056807810821633,
      5.019042972167145,
      5.022193415979446,
      5.0263930667326555,
      5.046139327815261,
      5.040787767535757,
      5.0738045480615295,
      5.02821710298355,
      5.0169222668826405,
      5.05145013167199,
      5.043637570182818,
      5.037464748980277,
      5.011934621490861,
      5.03958987853228,
      5.04537754757707,
      5.028216844743938,
      5.048627674775527,
      5.013655795831063,
      5.030535646834293,
      5.031715661975885,
      5.053485774824515,
      5.023482681319115,
      5.022084514870941,
      5.044693311000202,
      5.036430058643541,
      5.050692713261105,
      5.04413892722773,
      5.0322370974982364,
      5.027249385795596,
      5.054264739851861,
      5.041776053498258,
      5.0432542613272755,
      5.041234548647693,
      5.016107686178062,
      5.023617387696923,
      5.038570190857417,
      5.031036688283123,
      5.0496564814110165,
      5.050306516487991,
      5.02545761047654,
      5.030328160779577,
      5.035995916758416,
      5.0358199140784095,
      5.042480888053008,
      5.0181303099852395,
      5.053789920756927,
      5.0170964195028205,
      5.040537467643306,
      5.036010111428157,
      5.030039952643503,
      5.030524668473145,
      5.077545312765118,
      5.030190458973501,
      5.021048871179953,
      5.0373192130667155,
      5.020486719647609,
      5.045453997199044,
      5.03618243391319,
      5.040870611407768,
      5.021471571829112,
      5.0458082435840135
    ],