{
  "config": {
    "seed": 42,
    "bs_train": 64,
    "bs_test": 16,
    "batches": 100,
    "epochs": 100,
    "early_stopping": 10,
    "checkpoints": null,
    "lr": 0.001,
    "print_every": 100,
    "h_dim": 256,
    "z_dim": 10,
    "betas": [
      0.1,
      0.1
    ],
    "kw": {},
    "RTplot": false,
    "out_dir": "./results/Res2/",
    "run_name": "MEGA_RUNbs_64lr_0.001s_0.5",
    "x_sigma2": 0.5
  },
  "results": {
    "num_epochs": 0,
    "train_loss": [
      1.9819930717349052,
      0.8022250905632973,
      0.6650676801800728,
      0.6677514538168907,
      0.61428102850914,
      0.633297324180603,
      0.6191836297512054,
      0.6496601030230522,
      0.6321899518370628,
      0.6357874572277069,
      0.6049355715513229,
      0.65215764939785,
      0.6080817133188248,
      0.6150478795170784,
      0.6034106239676476,
      0.6154376864433289,
      0.5886832922697067,
      0.5976444259285927,
      0.5689099505543709,
      0.5853183418512344,
      0.6058291606605053,
      0.6236270442605019,
      0.6317631080746651,
      0.6148740351200104,
      0.6454933844506741,
      0.6253721565008163,
      0.5855270139873028,
      0.5790109485387802,
      0.5859126672148705,
      0.5790569484233856,
      0.5910383835434914,
      0.5662552490830421,
      0.5809882394969463,
      0.5771020129323006,
      0.5990662761032581,
      0.57436079159379,
      0.584295004606247,
      0.5557888746261597,
      0.6000668965280056,
      0.5900522395968437,
      0.569004699587822,
      0.5752895474433899,
      0.5739915631711483,
      0.5941263400018215,
      0.5439419001340866,
      0.5907897241413593,
      0.5519690997898579,
      0.5955845080316067,
      0.5455832406878471,
      0.5220867432653904,
      0.5480554886162281,
      0.5522560700774193,
      0.5681329965591431,
      0.5295219495892525,
      0.5165513679385185,
      0.5583156757056713,
      0.5186342932283878,
      0.5341029316186905,
      0.53975610435009,
      0.49696897342801094,
      0.49635522812604904,
      0.5241470597684383,
      0.6276563107967377,
      0.5423912815749645,
      0.5527938939630985,
      0.4993653632700443,
      0.5182336308062077,
      0.4913954474031925,
      0.4996243268251419,
      0.45879000425338745,
      0.5337553843855858,
      0.4695582427084446,
      0.5009676180779934,
      0.5177119337022305,
      0.48056798055768013,
      0.48785921186208725,
      0.5342468060553074,
      0.4607890695333481,
      0.5009090080857277,
      0.47027381509542465,
      0.5235120020806789,
      0.4786910228431225,
      0.48215271160006523,
      0.5039872378110886,
      0.4705565348267555,
      0.4733055308461189,
      0.5083464533090591,
      0.47059762105345726,
      0.494373831897974,
      0.5062363855540752,
      0.45000502467155457,
      0.4670278951525688,
      0.48896196857094765,
      0.4726448282599449,
      0.459290262311697,
      0.4846593476831913,
      0.47904763743281364,
      0.48850228637456894,
      0.4829115979373455,
      0.4488864429295063
    ],
    "train_acc": [
      2.5849070441902957,
      2.53074567790011,
      2.8937118542580857,
      2.9166289080097787,
      3.0769617496738024,
      3.057119007369186,
      3.0779451909163225,
      2.9781051809133965,
      3.1014454267453293,
      3.098563200951289,
      3.1206706680102414,
      3.061547376053231,
      3.1677595836196417,
      3.1460194069998324,
      3.1671288400929964,
      3.1354734427790447,
      3.2503453638834423,
      3.134202735094492,
      3.2672074423549646,
      3.2398675949240325,
      3.080286874995406,
      3.0865208870242182,
      3.190438652783143,
      3.1727959327988127,
      3.0936415629442657,
      3.082269471073776,
      3.287806407407794,
      3.2526261241791747,
      3.275789992772732,
      3.259860019834484,
      3.2760544972546892,
      3.342854718429769,
      3.3085103896049386,
      3.2994448037614625,
      3.280722381538995,
      3.3623912496080046,
      3.3069428446142344,
      3.361286840342914,
      3.234623754173014,
      3.388400666142314,
      3.3271388391452734,
      3.3659005189470435,
      3.429862781645095,
      3.24125146426321,
      3.439466885429746,
      3.4407112817297123,
      3.5061726770242134,
      3.3500465951033895,
      3.5286123459640417,
      3.6313402591016812,
      3.5029336716180506,
      3.479303818994371,
      3.5076259871786686,
      3.6142001777503387,
      3.7771526373715356,
      3.4486677399012464,
      3.6896871248729664,
      3.6281676654048782,
      3.6550912965385063,
      3.775448746758384,
      3.8352035189256326,
      3.7064020993005724,
      3.4550500678636213,
      3.5733880983083113,
      3.4236451909193115,
      3.801993200039893,
      3.694345114651993,
      3.808821987495416,
      3.817115915017634,
      4.065004945692939,
      3.5679233127702656,
      4.013949353323778,
      3.9466702719234377,
      3.6873264111989674,
      3.9289435259354137,
      3.922628824630064,
      3.6166059310466565,
      4.053469014344399,
      3.7178093665859575,
      3.9686740746730527,
      3.650212808616383,
      3.869619081501078,
      3.8895808527122733,
      3.627512659570122,
      3.9495162062693048,
      3.9363929218780327,
      3.727432343696823,
      3.878798282957452,
      3.8405720542938937,
      3.70398565144024,
      4.088401350377888,
      4.089842639886511,
      3.784072808257007,
      3.8723744795990758,
      4.016851972671785,
      3.8554992591983304,
      4.005965927177482,
      3.9655574316120012,
      3.900453543726044,
      4.052716076966475
    ],