{
  "config": {
    "seed": 42,
    "bs_train": 16,
    "bs_test": 4,
    "batches": 100,
    "epochs": 40,
    "early_stopping": 10,
    "checkpoints": null,
    "lr": 0.0005,
    "print_every": 100,
    "h_dim": 128,
    "z_dim": 50,
    "betas": [
      0.1,
      0.1
    ],
    "kw": {},
    "RTplot": false,
    "out_dir": "./results/Res2/",
    "run_name": "MEGA_RUNh_128z_50s_1.2",
    "x_sigma2": 1.2
  },
  "results": {
    "num_epochs": 0,
    "train_loss": [
      1.5023366848627726,
      0.8908923586209615,
      0.5774720887343089,
      0.41130968828996023,
      0.31163596659898757,
      0.24464991639057795,
      0.20079983174800872,
      0.17314702918132147,
      0.15405776153008144,
      0.14688168068726856,
      0.1374078445136547,
      0.1308011213938395,
      0.13003336812059085,
      0.12544722855091095,
      0.12279891098539035,
      0.12035393193364144,
      0.11913393462697665,
      0.12173511882623037,
      0.11782847295204799,
      0.11589921986063322,
      0.11622472206751505,
      0.11336570506294569,
      0.11415684794386229,
      0.11238017876942953,
      0.11189456234375636,
      0.11057082389791807,
      0.10859259466330211,
      0.1091677114367485,
      0.10650365427136421,
      0.10836780245105425,
      0.10588527619838714,
      0.10499219323198,
      0.10374532962838809,
      0.10609458436568578,
      0.10453845138351123,
      0.10013820255796115,
      0.10243589282035828,
      0.10059676716725031,
      0.10228090584278107,
      0.10199986497561137
    ],
    "train_acc": [
      33.537357493155625,
      38.50510990909049,
      41.20116324664273,
      42.76827406271513,
      43.964970502743654,
      45.29390352179994,
      46.527092608517876,
      47.60266315730903,
      48.788716252457036,
      48.30836306794188,
      49.84237062614636,
      50.85975836245405,
      50.64190705151321,
      51.68791317047937,
      52.6383506937174,
      53.354117060768914,
      53.80961366099937,
      52.76092885350861,
      54.589293113219554,
      55.25339292222245,
      55.188042329224935,
      56.414493249956465,
      56.01403870479609,
      56.61614261882946,
      57.02239461844233,
      57.83862125156471,
      58.837800209034945,
      58.28939468051182,
      59.88403437890043,
      58.74154225883205,
      60.31808407218046,
      60.61206755075516,
      61.60326164667896,
      60.19897790927018,
      61.191981470789855,
      63.63386476980765,
      62.495217261641606,
      63.4875346059565,
      62.67805436764757,
      62.657761298527845
    ],
    "test_loss": [
      1.4750188887119293,
      1.0437282025814056,
      0.9763909727334976,
      0.7287337332963943,
      0.7724350988864899,
      0.5951895713806152,
      0.6399287581443787,
      0.6845909059047699,
      0.597162589430809,
      0.6481908559799194,
      0.6071234792470932,
      0.48295383900403976,
      0.5640856623649597,
      0.5494865700602531,
      0.5719830393791199,
      0.6381660401821136,
      0.557892844080925,
      0.5995082184672356,
      0.5658479332923889,
      0.6260520815849304,
      0.5380527451634407,
      0.5406338423490524,
      0.6250868737697601,
      0.5799337550997734,
      0.5691669136285782,
      0.5194279626011848,
      0.5912610739469528,
      0.5965856686234474,
      0.545168399810791,
      0.5114232823252678,
      0.7110667079687119,
      0.6352118402719498,
      0.6334532797336578,
      0.5821282491087914,
      0.5905246660113335,
      0.5497756749391556,
      0.5915707647800446,
      0.5821162834763527,
      0.4943336024880409,
      0.5432560741901398
    ],
    "test_acc": [
      24.703586551028906,
      15.14858584583269,
      11.67962838322902,
      14.87510372297847,
      12.05413374271076,
      14.822727655216205,
      13.110172100543007,
      11.685392708067328,
      13.37019155979013,
      11.992844832669787,
      12.849473453212319,
      16.01190552041335,
      13.970662853154204,
      14.186663833182616,
      13.38509136870892,
      11.994106441284444,
      13.77416175568847,
      13.182453258483148,
      13.520341439228991,
      12.283421297374883,
      14.184524858618184,
      14.325255633969507,
      12.249196602724158,
      13.235012432271567,
      13.343454655843786,
      14.675546865040907,
      12.820588305807643,
      12.974299474038164,
      13.986365150089203,
      14.953738809515768,
      10.683423589725738,
      12.215284918606319,
      11.992605221409955,
      13.250215023992444,
      13.344835773445649,
      13.801306191523425,
      12.802019744955654,
      13.2183214041969,
      15.528379650500971,
      14.15201668534558
    ]
  }
}