{
  "config": {
    "out_dir": "./results/Res2/",
    "seed": 42,
    "bs_train": 16,
    "bs_test": 4,
    "batches": 100,
    "epochs": 100,
    "early_stopping": 10,
    "checkpoints": null,
    "lr": 0.01,
    "print_every": 2,
    "h_dim": 256,
    "z_dim": 10,
    "betas": [
      0.1,
      0.1
    ],
    "kw": {},
    "RTplot": false,
    "run_name": "MEGA_RUNbs_16lr_0.01s_0.9",
    "x_sigma2": 0.9
  },
  "results": {
    "num_epochs": 0,
    "train_loss": [
      64.95700133045514,
      1.0698974589506784,
      0.9049136360486348,
      0.8213725050290426,
      0.79456600745519,
      0.7795362889766693,
      0.7646674712498983,
      0.7510644416014354,
      0.7374442338943481,
      0.7170685152212779,
      0.7045456210772196,
      0.7020832518736522,
      0.6929285029570261,
      0.6922485808531443,
      0.6835692048072814,
      0.6822671870390574,
      0.6770252744356792,
      0.6710449635982514,
      0.6722888986269633,
      0.673061066865921,
      0.6688570320606232,
      0.6679972479740779,
      0.6695671717325846,
      0.6647232552369435,
      0.6610965510209401,
      0.6636871953805288,
      0.6590030789375305,
      0.6595420877138773,
      0.661518144607544,
      0.656899681687355,
      0.6567588071028392,
      0.6553112804889679,
      0.6564593811829885,
      0.6537399411201477,
      0.6538485536972681,
      0.6535866955916086,
      0.653737485408783,
      0.6494510650634766,
      0.6524449825286865,
      0.6509339173634847,
      0.6502181549866994,
      0.6492788970470429,
      0.6497744977474212,
      0.6495453685522079,
      0.6485977510611216,
      0.6482261538505554,
      0.6482913712660472,
      0.6478737831115723,
      0.646824316183726,
      0.6477308770020803,
      0.6447384178638458,
      0.6458681285381317,
      0.646037902434667,
      0.644602233171463,
      0.6439462165037791,
      0.6444485872983933,
      0.6431293706099193,
      0.6435698866844177,
      0.644874773422877,
      0.6439511438210805,
      0.6442041337490082,
      0.6430493940909704,
      0.642696064710617,
      0.6420812507470449,
      0.6421980579694112,
      0.6432760169108709,
      0.6420507967472077,
      0.6415616114934285,
      0.6411871085564296,
      0.6407109628121058,
      0.6406542042891185,
      0.6408662309249242,
      0.6410734514395396,
      0.6400161027908325,
      0.6387694736321767,
      0.639371931552887,
      0.6393759469191234,
      0.6392032563686371,
      0.6391629248857498,
      0.6382472475369771,
      0.6387576858202616,
      0.6390842358271281,
      0.6389429728190105,
      0.6380800843238831,
      0.6370123495658239,
      0.6385091245174408,
      0.6364317119121552,
      0.6371100584665934,
      0.6374736716349919,
      0.6363148709138234,
      0.6367857128381729,
      0.6364833335081737,
      0.6359788358211518,
      0.6351119498411815,
      0.634032130241394,
      0.6343620876471202,
      0.6341730693976084,
      0.6337672392527263,
      0.6328622003396353,
      0.6328287472327551
    ],
    "train_acc": [
      10.32011822546352,
      10.240155395804079,
      10.143523498837467,
      10.11001673673125,
      10.097944559127926,
      10.199740243706831,
      10.189611003282302,
      10.249235785728859,
      10.159373980451953,
      10.140912000310564,
      10.09657023772874,
      10.170516458126906,
      10.150810846285,
      10.139239398029371,
      10.164021236291406,
      10.077927461901012,
      10.158333319128422,
      10.111569629705762,
      10.13535995329339,
      10.153187095538168,
      10.123788574349915,
      10.242909199561645,
      10.124126041946907,
      10.12428105775799,
      10.151586199761633,
      10.112914246536349,
      10.129528939892019,
      10.170764783951684,
      10.182538931689953,
      10.251684055071065,
      10.133106362641705,
      10.117938147452394,
      10.16864905647488,
      10.156601655532643,
      10.16903453727124,
      10.126939143102355,
      10.13931557492987,
      10.140545884455479,
      10.195285731541594,
      10.07507756570156,
      10.127143933646998,
      10.138161099391874,
      10.211328186158653,
      10.156402528760694,
      10.10561430258678,
      10.095972507375006,
      10.11642227102434,
      10.13946845463894,
      10.114835710982394,
      10.173861720824016,
      10.143902467047456,
      10.138872296213524,
      10.163478594284559,
      10.122605975429336,
      10.13054864198667,
      10.139585129231742,
      10.218863545894516,
      10.106788395373353,
      10.1752061671371,
      10.106288075998778,
      10.15643207778952,
      10.15326523611506,
      10.14568179754339,
      10.123421328755242,
      10.162735561868788,
      10.169704581527725,
      10.164767500667233,
      10.102384641631668,
      10.116136698561958,
      10.158032620340801,
      10.179383025678124,
      10.141679085840897,
      10.171527005574161,
      10.18124302842756,
      10.128803403141314,
      10.143933359848036,
      10.159513349203465,
      10.084960091285112,
      10.193196417449723,
      10.150092102836753,
      10.135250545051326,
      10.16237633674395,
      10.148496239646352,
      10.10979743109159,
      10.12990856326009,
      10.115134859301126,
      10.166372580129162,
      10.085179766683323,
      10.134079944873946,
      10.076808588766735,
      10.115534575553117,
      10.157739691699442,
      10.137377267839769,
      10.129174695785178,
      10.143854336093076,
      10.11788689426131,
      10.130833679545821,
      10.084854292860909,
      10.182050973390247,
      10.103613149704755
    ],