{
  "config": {
    "out_dir": "./results/Res2/",
    "seed": 42,
    "bs_train": 16,
    "bs_test": 4,
    "batches": 100,
    "epochs": 100,
    "early_stopping": 10,
    "checkpoints": null,
    "lr": 0.0005,
    "print_every": 2,
    "h_dim": 256,
    "z_dim": 10,
    "betas": [
      0.1,
      0.1
    ],
    "kw": {},
    "RTplot": false,
    "run_name": "MEGA_RUNbs_16lr_0.0005s_0.9",
    "x_sigma2": 0.9
  },
  "results": {
    "num_epochs": 0,
    "train_loss": [
      0.9708761364221573,
      0.34153467118740083,
      0.33169543941815693,
      0.3298704485098521,
      0.3262860188881556,
      0.3215406447649002,
      0.3247116257747014,
      0.32025213688611986,
      0.31876273155212403,
      0.3137878328561783,
      0.32042831033468244,
      0.31917392611503603,
      0.31328701674938203,
      0.31591136107842127,
      0.31506154040495554,
      0.30186699430147806,
      0.3043841357032458,
      0.30508672147989274,
      0.2945247451464335,
      0.2882911741733551,
      0.285174364844958,
      0.28656440128882726,
      0.29472748388846715,
      0.27637512584527335,
      0.2757224842905998,
      0.2670274684826533,
      0.28289739588896434,
      0.2707462171713511,
      0.2649877096215884,
      0.26256779779990513,
      0.2647109776735306,
      0.2777093107501666,
      0.26369951516389845,
      0.26038568913936616,
      0.2563378855586052,
      0.25491210669279096,
      0.25869596302509307,
      0.25656372706095376,
      0.2591597894827525,
      0.25510878711938856,
      0.2527507667740186,
      0.2479269176721573,
      0.2505717943112055,
      0.25402418126662574,
      0.24960865279038746,
      0.24412913322448732,
      0.2503645901878675,
      0.24282150665918986,
      0.24550124605496723,
      0.24945046603679658,
      0.24616176784038543,
      0.240445110698541,
      0.2428709536790848,
      0.23794074654579161,
      0.24246282428503035,
      0.23645688146352767,
      0.2358985150853793,
      0.23987613171339034,
      0.2303176651398341,
      0.23321199665466943,
      0.23409123967091242,
      0.22922915021578472,
      0.23586997091770173,
      0.23061933914820354,
      0.23171256532271703,
      0.2277158459027608,
      0.23081403523683547,
      0.2312004377444585,
      0.2245492642124494,
      0.2264746233820915,
      0.2355956455071767,
      0.22869378278652827,
      0.22841037263472874,
      0.22925487359364827,
      0.23167957017819088,
      0.22133507778247197,
      0.23549757252136866,
      0.22529708494742712,
      0.22082095046838124,
      0.22358890225489933,
      0.22101540466149647,
      0.2257867857813835,
      0.22124071270227433,
      0.22490578293800353,
      0.2224298338095347,
      0.22629480063915253,
      0.2173993284503619,
      0.22365616410970687,
      0.22156170705954234,
      0.2258177161216736,
      0.22337237000465393,
      0.2206694394350052,
      0.22189972102642058,
      0.22116879373788834,
      0.21607356170813244,
      0.2198849618434906,
      0.21464334726333617,
      0.21504185249408087,
      0.21863503257433572,
      0.21820162882407507
    ],
    "train_acc": [
      19.145982871859474,
      21.0083805106455,
      21.664858147887692,
      21.87270091782001,
      22.193299943708386,
      22.6377449430464,
      22.791355776464293,
      22.963037101411302,
      22.986226025016503,
      23.222553132331907,
      22.958220751764955,
      23.084355752542656,
      23.19668271656487,
      23.060890918198815,
      23.02192818863816,
      24.32091108071555,
      24.38038463410788,
      23.830611794304847,
      25.152039027132968,
      25.18986893615115,
      25.287675534282908,
      24.94010046323108,
      24.63716226921838,
      25.659501200406655,
      25.778231922838327,
      26.511794351072098,
      25.200234002959256,
      26.216023015606496,
      26.577197639829052,
      27.056653128904543,
      26.872984070640012,
      25.60468138687378,
      26.880718842031463,
      26.651847668691765,
      27.344660642656184,
      27.545859004183853,
      27.117841260011705,
      27.14399846321708,
      27.221734216264498,
      27.1379543557474,
      27.492193458196837,
      28.05345301703193,
      27.810299753653883,
      27.38397668228901,
      28.01240254011873,
      28.326408069636177,
      27.623612084560577,
      28.5458073065778,
      27.913519585919772,
      27.813175286181924,
      28.352082100500557,
      28.615982106793567,
      28.435449029224902,
      29.293878971605178,
      28.53823570338967,
      29.07551887847638,
      29.495399024963366,
      28.883251620218275,
      29.77091105165282,
      29.444989598908332,
      29.46094473052019,
      29.846385476327672,
      29.137519033783352,
      29.673729793800877,
      29.510545622061745,
      30.305458234883645,
      29.73591974440009,
      29.67597024780641,
      30.237504027505647,
      30.313357327940412,
      29.311244408568367,
      29.85488390840969,
      29.85263398786482,
      29.925194390268402,
      29.342051084804186,
      30.94797236457445,
      29.516622337851032,
      30.152230709047995,
      30.794692860962396,
      30.48747317042922,
      30.749775754038414,
      30.370353546873236,
      30.711132985986122,
      30.20245953283595,
      30.627096553601525,
      30.016237801507565,
      31.333162975903036,
      30.418302249442014,
      30.760041611180327,
      30.259869558142828,
      30.565119246474204,
      30.736899991341193,
      30.771511248662517,
      30.652125891371032,
      31.58128969050269,
      30.880978951167627,
      31.676967831770998,
      31.459455909281676,
      31.204263630290487,
      31.1535058793022
    ],