{
  "config": {
    "seed": 42,
    "bs_train": 16,
    "bs_test": 4,
    "batches": 100,
    "epochs": 100,
    "early_stopping": 10,
    "checkpoints": null,
    "lr": 0.0005,
    "print_every": 100,
    "h_dim": 256,
    "z_dim": 10,
    "betas": [
      0.1,
      0.1
    ],
    "kw": {},
    "RTplot": false,
    "out_dir": "./results/Res2/",
    "run_name": "MEGA_RUNbs_16lr_0.0005s_0.9",
    "x_sigma2": 0.9
  },
  "results": {
    "num_epochs": 0,
    "train_loss": [
      0.971090500553449,
      0.34856808483600615,
      0.3351341664791107,
      0.3311700910329819,
      0.32636490911245347,
      0.3193509529034297,
      0.32764176030953723,
      0.32651017407576244,
      0.3206786026557287,
      0.31907363136609396,
      0.31987748642762504,
      0.3223484714825948,
      0.31925477931896845,
      0.31195326844851173,
      0.3067253480354945,
      0.3120429734388987,
      0.30623495976130166,
      0.30541382133960726,
      0.29862988193829854,
      0.29871114740769067,
      0.2938241109251976,
      0.2888461728890737,
      0.28867970655361813,
      0.28065090825160344,
      0.28417048752307894,
      0.2857943465312322,
      0.2753434131542842,
      0.2756682068109512,
      0.2757917697230975,
      0.2674513906240463,
      0.26466026653846103,
      0.2699056516091029,
      0.2588330671191216,
      0.26508127798636755,
      0.2647570863366127,
      0.2589924082159996,
      0.25552375564972557,
      0.2564171517888705,
      0.25593169728914894,
      0.25929437031348546,
      0.2586207762360573,
      0.2530185282230377,
      0.252494685848554,
      0.250306598842144,
      0.24702270229657491,
      0.2456380953391393,
      0.24947179903586705,
      0.24918076793352764,
      0.24245885262886682,
      0.25067603488763174,
      0.24679592698812486,
      0.2446658988793691,
      0.2454512506723404,
      0.23592617362737656,
      0.23761524707078935,
      0.23902373810609182,
      0.23856405119101207,
      0.23936495234568914,
      0.23643317172924677,
      0.23401556710402172,
      0.23409654597441357,
      0.23800615419944127,
      0.23757375131050745,
      0.2354778453707695,
      0.2294643774628639,
      0.23430158843596777,
      0.22965190758307774,
      0.23027875721454621,
      0.2343591352303823,
      0.23245403667291006,
      0.22949221680561702,
      0.22348196307818094,
      0.2279643878340721,
      0.22927016019821167,
      0.22754242569208144,
      0.22399580975373587,
      0.23024622599283853,
      0.22383610556523006,
      0.2238964060942332,
      0.22295038402080536,
      0.22351651241381962,
      0.22315771182378133,
      0.22349838713804882,
      0.22412951389948527,
      0.21894474526246388,
      0.2237312803665797,
      0.21870148281256357,
      0.21823123047749202,
      0.21732814063628514,
      0.2206118623415629,
      0.2160379613439242,
      0.21763164848089217,
      0.2144395147760709,
      0.2187194362282753,
      0.21829717655976613,
      0.21602841118971508,
      0.21216967850923538,
      0.21017298102378845,
      0.21138963599999747,
      0.21258064458767573
    ],
    "train_acc": [
      19.135505771754868,
      20.786135126205092,
      21.550673400478107,
      21.97677457477491,
      22.210237550208504,
      22.658781285799527,
      22.404808609611745,
      22.451766789784166,
      22.852193852854462,
      22.862469960022054,
      22.905139864932924,
      22.983016821351484,
      22.85897721847889,
      22.931001972042843,
      23.885959663429244,
      23.828853456194636,
      24.170250212885335,
      24.01073072502433,
      24.468059747997213,
      24.75560739224878,
      24.90296217232955,
      24.821294556978284,
      24.908891798730046,
      25.58564241456033,
      25.38746683008888,
      25.356332033426416,
      25.797580123103092,
      25.518321189623144,
      26.105519530539347,
      26.50776997705374,
      26.37262023795579,
      26.110029728095366,
      27.027699748036312,
      26.500274713085464,
      26.81748265410771,
      26.726850395184364,
      27.13886500743833,
      27.32957996023892,
      26.91550276099634,
      27.034419861222144,
      26.859322684216778,
      27.3533272772378,
      27.224703086698632,
      27.610788202314524,
      27.87753313110782,
      27.999701052671732,
      27.87304435128715,
      27.744905047895323,
      28.18228569336429,
      27.220620267012734,
      27.646213359084,
      28.23152251775336,
      28.091309095262602,
      29.128572543649575,
      28.835105634760065,
      28.605936359522687,
      29.024525771217554,
      29.002273596886027,
      29.030599427634314,
      29.118873368033416,
      29.446215020352177,
      28.945024396938628,
      28.834819706817036,
      29.243663981219456,
      29.880266354208473,
      29.49565624540017,
      30.037941241034215,
      29.82151637068022,
      29.256783566611215,
      29.740563526770956,
      29.682105918438275,
      30.822765192240123,
      29.86787603042935,
      29.94263673236435,
      29.99276560301502,
      30.47498131073613,
      29.621753620165475,
      30.27013374645405,
      30.41648742510007,
      30.603918841340732,
      30.3844350155299,
      30.636123412426713,
      30.413510090304033,
      30.226474065484837,
      31.360080103849103,
      30.374281678048956,
      30.973920080257567,
      30.98250787733718,
      31.31719937569926,
      30.820106863718564,
      31.31561969140358,
      31.049686645403074,
      31.71378764355677,
      31.32635640940338,
      31.188765157964735,
      31.528292372965048,
      31.896611494666764,
      32.17766133587816,
      32.26179868043966,
      31.82086630373372
    ],