{
  "config": {
    "seed": 42,
    "bs_train": 16,
    "bs_test": 4,
    "batches": 100,
    "epochs": 100,
    "early_stopping": 10,
    "checkpoints": null,
    "lr": 0.001,
    "print_every": 100,
    "h_dim": 256,
    "z_dim": 10,
    "betas": [
      0.1,
      0.1
    ],
    "kw": {},
    "RTplot": false,
    "out_dir": "./results/Res2/",
    "run_name": "MEGA_RUNbs_16lr_0.001s_0.9",
    "x_sigma2": 0.9
  },
  "results": {
    "num_epochs": 0,
    "train_loss": [
      0.7820168594519298,
      0.3953787833452225,
      0.3751547892888387,
      0.3651148438453674,
      0.36219970385233563,
      0.3511840264002482,
      0.348445717493693,
      0.34523829619089763,
      0.3419835011164347,
      0.34015165865421293,
      0.33800713618596395,
      0.3372648745775223,
      0.33386662006378176,
      0.3257994463046392,
      0.32973800748586657,
      0.3237331012884776,
      0.32355123609304426,
      0.32372733354568484,
      0.32135720252990724,
      0.31810329457124076,
      0.3213038812081019,
      0.3300397833188375,
      0.32541185766458514,
      0.3199090838432312,
      0.31745589822530745,
      0.3133866086602211,
      0.3005203406016032,
      0.3115903869271278,
      0.29352061996857326,
      0.29047852208216984,
      0.2866860280434291,
      0.28253353536129,
      0.2773930738369624,
      0.27977566172679263,
      0.28953216473261517,
      0.27927409758170446,
      0.278078493475914,
      0.2712652812401454,
      0.2727977598706881,
      0.2750445728500684,
      0.27066960334777834,
      0.26896167993545533,
      0.2643343091011047,
      0.2662315075596174,
      0.2660102277994156,
      0.2719597960511843,
      0.2656824951370557,
      0.2632851958274841,
      0.2565714617570241,
      0.26766924460728964,
      0.25225821832815803,
      0.255630819996198,
      0.2621937597791354,
      0.25643213192621866,
      0.25569835553566617,
      0.2526933675010999,
      0.25332314322392147,
      0.2597109536329905,
      0.2490257372458776,
      0.25487808833519615,
      0.2563667118549347,
      0.24755689948797227,
      0.25186984489361447,
      0.24771012316147487,
      0.248906576136748,
      0.24954265902439754,
      0.2610356623927752,
      0.24903511703014375,
      0.25185859153668083,
      0.24940093904733657,
      0.2394883453845978,
      0.24221488783756892,
      0.24773614307244618,
      0.2370877295732498,
      0.24554656992355983,
      0.24209338029225666,
      0.24314094384511312,
      0.23995916694402694,
      0.2295222337047259,
      0.23558056354522705,
      0.2338029866417249,
      0.22880070408185324,
      0.23687901397546132,
      0.23116340339183808,
      0.22772163649400076,
      0.23357482453187306,
      0.23063503354787826,
      0.231035482386748,
      0.22940214325984318,
      0.22941577583551406,
      0.2332192063331604,
      0.23003246784210205,
      0.23334164321422576,
      0.2276332790652911,
      0.23111638923486075,
      0.2249931255976359,
      0.2301016221443812,
      0.2363221640388171,
      0.23375493387381235,
      0.22537155101696651
    ],
    "train_acc": [
      17.516275053895463,
      20.15579483007553,
      20.829882055858437,
      21.062425286686434,
      21.476730501145333,
      21.745014082393485,
      21.639686380575764,
      21.94368533653012,
      22.019244542752205,
      21.958433560433505,
      22.165094822869648,
      22.202421900653043,
      22.281160616273997,
      22.115736729606432,
      22.329998380999378,
      22.372469425392758,
      22.42705225314024,
      22.476074690276853,
      22.66814952107984,
      22.846507023713002,
      22.73459602837828,
      23.110864593456796,
      23.471173470105356,
      23.203748013788882,
      23.328248451774467,
      24.305547747602116,
      24.656514717695284,
      24.075501816029718,
      25.02948470192696,
      25.153350976523956,
      25.540134241681486,
      25.76090166070438,
      26.17936128638213,
      25.796830709426516,
      25.730734323825523,
      26.02416009545748,
      26.42834721787503,
      26.547273170227182,
      26.407099270939938,
      26.248916577960596,
      26.49108097440339,
      27.17558897905185,
      26.98343497857034,
      26.524710796744866,
      27.162948560898286,
      26.34460779221601,
      26.493673206094638,
      26.743544273001724,
      27.361559642214385,
      26.58639888081265,
      27.759590917887184,
      27.184973889627916,
      26.55400913946077,
      27.18533915526991,
      27.381421536676324,
      27.51325960196234,
      27.157261569749622,
      26.838222086370983,
      27.797408685451312,
      27.461519539659545,
      27.19812193618661,
      27.840792889920795,
      27.574060847422235,
      27.817419967621166,
      27.74490610091589,
      27.79513875531041,
      27.29899309593389,
      27.722896841129018,
      27.745957371080586,
      27.674828487745753,
      28.715724341746064,
      28.7027758649219,
      27.784335938370607,
      29.108520079440503,
      28.0675263540012,
      28.67525215592012,
      28.75380861369541,
      28.57223406440202,
      29.86448668110061,
      29.068791006326737,
      29.393857725092868,
      29.932015092340027,
      29.136842307290745,
      29.816780692763135,
      30.115791247081155,
      29.105768496410686,
      29.580744140112348,
      29.323158919513446,
      29.82801241183035,
      29.707521063169963,
      29.261165340896316,
      29.81861813691398,
      29.74355687313504,
      30.034701508024867,
      29.47860252517598,
      30.332277907392548,
      29.676426043746385,
      29.18118663264835,
      29.517559541315396,
      29.950077164628855
    ],