{
  "config": {
    "seed": 42,
    "bs_train": 16,
    "bs_test": 4,
    "batches": 100,
    "epochs": 40,
    "early_stopping": 10,
    "checkpoints": null,
    "lr": 0.0005,
    "print_every": 100,
    "h_dim": 256,
    "z_dim": 20,
    "betas": [
      0.1,
      0.1
    ],
    "kw": {},
    "RTplot": false,
    "out_dir": "./results/Res2/",
    "run_name": "MEGA_RUNh_256z_20s_1.5",
    "x_sigma2": 1.5
  },
  "results": {
    "num_epochs": 0,
    "train_loss": [
      1.247575185696284,
      0.4242930293083191,
      0.16234825551509857,
      0.1219414805372556,
      0.11880702301859855,
      0.11614835063616434,
      0.11306234622995058,
      0.11219075943032901,
      0.11042996048927307,
      0.11054570029179255,
      0.10585470994313557,
      0.10504673024018606,
      0.10264017060399055,
      0.1018579180041949,
      0.09981346552570661,
      0.09814322615663211,
      0.09882807458440462,
      0.0970875767370065,
      0.09461627105871837,
      0.09446770995855332,
      0.09465472002824148,
      0.09334931870301565,
      0.09045186912020048,
      0.09089243734876315,
      0.09152059555053711,
      0.08885186637441317,
      0.09048001989722251,
      0.08895035261909166,
      0.08845728834470114,
      0.08753255059321721,
      0.08865412026643753,
      0.08560687378048897,
      0.08540477951367696,
      0.08387048915028572,
      0.08477770586808522,
      0.0849470262726148,
      0.08251242463787396,
      0.0830288752913475,
      0.08275047565499942,
      0.08537889719009399
    ],
    "train_acc": [
      40.86748371741905,
      44.43623809263732,
      48.32216027558535,
      52.45745357329828,
      53.913524192751225,
      55.22436861148546,
      56.67662356242281,
      56.905343117027385,
      57.8839950490886,
      57.99791493910225,
      60.399770591236646,
      60.67934349199105,
      62.08908569447496,
      62.71429141188439,
      64.00909793733057,
      64.95504972587221,
      64.86402679508146,
      65.8710479720441,
      67.55268985644456,
      67.89162459960465,
      67.79671746238834,
      68.63298912610976,
      70.65642364678203,
      70.26529983216818,
      69.77855536351596,
      71.71281946365727,
      70.66107394429729,
      71.78305195063882,
      71.8806806301321,
      72.76574662785337,
      72.06944807124356,
      74.38385563685979,
      74.71933234146056,
      75.98992605412856,
      75.0640047326059,
      75.17318675713534,
      77.11000675954193,
      76.68478763725234,
      76.8645664998378,
      75.03911213913364
    ],
    "test_loss": [
      1.1125629544258118,
      0.4663613364100456,
      0.5348681136965752,
      0.5122470483183861,
      0.4422396346926689,
      0.5501574575901031,
      0.5375716835260391,
      0.4604603201150894,
      0.4711091071367264,
      0.5384999737143517,
      0.4822861775755882,
      0.44614075869321823,
      0.43991853296756744,
      0.5522976741194725,
      0.45020026713609695,
      0.5112607479095459,
      0.4625330790877342,
      0.48486220091581345,
      0.5683040767908096,
      0.46063943207263947,
      0.4152105152606964,
      0.5646490305662155,
      0.5069205984473228,
      0.5082834959030151,
      0.44938842952251434,
      0.6042061597108841,
      0.5338055565953255,
      0.4564911276102066,
      0.4503953158855438,
      0.5148707777261734,
      0.4649021402001381,
      0.4224685803055763,
      0.45356838405132294,
      0.5218381509184837,
      0.49179602414369583,
      0.5031960234045982,
      0.41241270303726196,
      0.46815231442451477,
      0.48037800937891006,
      0.5080879405140877
    ],
    "test_acc": [
      31.31288662766858,
      20.769949371753228,
      14.456533141751628,
      15.427365063679872,
      18.289256097873416,
      13.930216597279387,
      14.559819407927195,
      16.56562656197287,
      16.250657370652775,
      14.834149151376764,
      15.735083586946805,
      17.466855380784427,
      17.334602086050687,
      14.073083080185464,
      16.860296026187445,
      15.540471339869924,
      16.41911732839906,
      15.742467055288595,
      13.585373192737562,
      16.944182805312604,
      18.309825002051383,
      13.432974747469702,
      15.41611649458082,
      15.406645633911387,
      16.918760867468546,
      12.601921015142718,
      15.297371968075534,
      16.60446173117049,
      17.17546422314689,
      14.978619871794491,
      16.525172770968247,
      18.003354110797922,
      16.981039931134557,
      14.806093138328873,
      15.612052327489234,
      15.281903949451204,
      18.37916770968414,
      16.921586894466227,
      15.987393820723213,
      15.242130630353588
    ]
  }
}