{
  "config": {
    "seed": 42,
    "bs_train": 64,
    "bs_test": 16,
    "batches": 100,
    "epochs": 100,
    "early_stopping": 10,
    "checkpoints": null,
    "lr": 0.001,
    "print_every": 100,
    "h_dim": 256,
    "z_dim": 10,
    "betas": [
      0.1,
      0.1
    ],
    "kw": {},
    "RTplot": false,
    "out_dir": "./results/Res2/",
    "run_name": "MEGA_RUNbs_64lr_0.001s_0.9",
    "x_sigma2": 0.9
  },
  "results": {
    "num_epochs": 0,
    "train_loss": [
      1.6912735775113106,
      0.4933757372200489,
      0.4313920587301254,
      0.4285992383956909,
      0.3846490904688835,
      0.39646290242671967,
      0.3960847146809101,
      0.37887901067733765,
      0.3713581785559654,
      0.3671700842678547,
      0.3667570613324642,
      0.3703007474541664,
      0.3610597774386406,
      0.37976885586977005,
      0.36772308871150017,
      0.366314884275198,
      0.3517406955361366,
      0.35667650774121284,
      0.3640023097395897,
      0.3461512178182602,
      0.35940002277493477,
      0.3499116711318493,
      0.34990397840738297,
      0.34214233979582787,
      0.35314804688096046,
      0.3475373014807701,
      0.34363794326782227,
      0.3427998013794422,
      0.34692228585481644,
      0.3373158499598503,
      0.34638502821326256,
      0.3388129025697708,
      0.3370775878429413,
      0.3367370404303074,
      0.3335617333650589,
      0.3427256867289543,
      0.3296709880232811,
      0.3345528319478035,
      0.3339805491268635,
      0.3329162038862705,
      0.331052727997303,
      0.3350842818617821,
      0.3350271061062813,
      0.3322838544845581,
      0.32511168345808983,
      0.32588403671979904,
      0.3387129306793213,
      0.3379763439297676,
      0.3339225910604,
      0.3425218462944031,
      0.3394417427480221,
      0.3414420634508133,
      0.3233526535332203,
      0.33361272886395454,
      0.3258267603814602,
      0.3475077450275421,
      0.324891597032547,
      0.3301553688943386,
      0.32077503949403763,
      0.318878386169672,
      0.3187037222087383,
      0.32892027869820595,
      0.3364452235400677,
      0.32923999056220055,
      0.31792402639985085,
      0.3183470703661442,
      0.3529907688498497,
      0.30741868540644646,
      0.32905448228120804,
      0.31267134845256805,
      0.32576098665595055,
      0.34236565977334976,
      0.31362834945321083,
      0.3376462869346142,
      0.34650294855237007,
      0.3134574294090271,
      0.31220467761158943,
      0.3198821544647217,
      0.31672272086143494,
      0.32635991647839546,
      0.3059333637356758,
      0.31034477427601814,
      0.29667716287076473,
      0.31842274591326714,
      0.30657293647527695,
      0.3148228172212839,
      0.3113533817231655,
      0.2833600416779518,
      0.32291504740715027,
      0.2979438528418541,
      0.29928045719861984,
      0.28633275628089905,
      0.28277745842933655,
      0.30964910611510277,
      0.3167408872395754,
      0.3072818387299776,
      0.28805873543024063,
      0.3023235388100147,
      0.28243549168109894,
      0.30430098809301853
    ],
    "train_acc": [
      4.659692701310406,
      4.405317948232773,
      4.757428385788344,
      5.062927037273591,
      5.416567618250223,
      5.224059103001854,
      5.392965155656021,
      5.461889855923358,
      5.612276400053017,
      5.656931892329551,
      5.639991512408852,
      5.683526780353439,
      5.725780825759437,
      5.3855391334615295,
      5.599629133559942,
      5.680589871873791,
      5.824938210436876,
      5.63407904709555,
      5.601951943609157,
      5.826850099584653,
      5.5941557410234175,
      5.776262644165548,
      5.77427237492261,
      5.86512262803658,
      5.721346463518065,
      5.821366654776636,
      5.830879287145992,
      5.847452055777425,
      5.751044248044595,
      5.941408925092672,
      5.766246231676267,
      5.876360161934499,
      5.918461115031734,
      5.859800625950481,
      5.914518238851701,
      5.851053363084479,
      5.904607234573831,
      5.835307163047174,
      5.899418037825786,
      5.8903273200551745,
      5.915043214545949,
      5.874494931931377,
      5.881976019812838,
      5.875087187995393,
      5.988181312850953,
      5.934477077292663,
      5.658121608291073,
      5.832206172479812,
      5.90059602304952,
      5.7689721561186245,
      5.732459336737819,
      5.793561211914233,
      5.9558016178919235,
      5.797962928736591,
      5.894709388497804,
      5.630257738651729,
      5.999527744225585,
      5.821637278834865,
      5.952938489991341,
      6.059831565912827,
      6.077763747616962,
      5.928686968073456,
      5.738476178529854,
      6.04324382722599,
      6.062798216754289,
      6.065186619032635,
      5.682592510354284,
      6.306645064713524,
      6.002157773812104,
      6.201654882381214,
      6.002124687556612,
      5.816052502693087,
      6.289276928615735,
      5.995399146483495,
      5.912761689251293,
      6.265867850313783,
      6.267958945204807,
      6.269940159753028,
      6.206489460236531,
      6.111905745504209,
      6.402077519159754,
      6.394506906116782,
      6.490415381056533,
      6.176791217776873,
      6.421543314830846,
      6.329212077686076,
      6.276166834582597,
      6.821840577224265,
      6.346726950982809,
      6.571195008174294,
      6.627906842940539,
      6.7733363731345735,
      6.898118778697615,
      6.465749119538686,
      6.294849542166379,
      6.473803142493576,
      6.777862872772566,
      6.494756860431448,
      6.842445271692325,
      6.8790411588982865
    ],