{
  "config": {
    "seed": 42,
    "bs_train": 16,
    "bs_test": 4,
    "batches": 100,
    "epochs": 40,
    "early_stopping": 10,
    "checkpoints": null,
    "lr": 0.0005,
    "print_every": 100,
    "h_dim": 256,
    "z_dim": 50,
    "betas": [
      0.1,
      0.1
    ],
    "kw": {},
    "RTplot": false,
    "out_dir": "./results/Res2/",
    "run_name": "MEGA_RUNh_256z_50s_1.2",
    "x_sigma2": 1.2
  },
  "results": {
    "num_epochs": 0,
    "train_loss": [
      1.3725961645444233,
      0.6929044951995214,
      0.3350877106189728,
      0.19393451809883117,
      0.1525438497463862,
      0.1407939483722051,
      0.13817462027072908,
      0.13335134635368984,
      0.13209842443466185,
      0.12789587204655012,
      0.12660072694222133,
      0.12538162445028622,
      0.12272020305196445,
      0.12147794937094053,
      0.12177171682318051,
      0.11827962746222814,
      0.11761833975712459,
      0.11973043059309324,
      0.11427197853724162,
      0.11617866704861322,
      0.11479353134830793,
      0.1140043206512928,
      0.11426133960485459,
      0.11412282809615135,
      0.1144868902862072,
      0.11136498674750328,
      0.1136372740070025,
      0.11330345074335733,
      0.11047825093070666,
      0.11177328949173292,
      0.10953088775277138,
      0.10935074215133984,
      0.1064367505411307,
      0.10721421812971434,
      0.10852565492192905,
      0.10541000540057818,
      0.1059458022316297,
      0.10480027124285698,
      0.1034876748919487,
      0.10190128311514854
    ],
    "train_acc": [
      34.16637851363569,
      38.27092296452831,
      40.345018265558295,
      41.79617268704285,
      43.26177441744045,
      45.34245413434098,
      46.17662436362924,
      47.85198392404584,
      48.446791585106254,
      49.85853381384822,
      50.5955805347637,
      50.84161926400412,
      51.89441632811896,
      52.54776668258752,
      52.531761427165605,
      53.91855532389237,
      54.53332017493747,
      53.32531814928581,
      55.537857407182734,
      54.954818657315165,
      55.50103603136157,
      55.691822019977714,
      55.704441821214374,
      56.12821973466012,
      55.70956262792018,
      57.152569850008334,
      56.60814866272181,
      56.44758932542711,
      57.72981805569618,
      57.5416610757023,
      57.994303432014746,
      58.21480430489901,
      59.61848422323219,
      59.54467918788677,
      58.89381082721005,
      60.3479088537071,
      60.02702520719353,
      60.67532757194756,
      61.56143485952252,
      62.364423161139044
    ],
    "test_loss": [
      1.3842081725597382,
      0.75539231300354,
      0.6492047756910324,
      0.5558128580451012,
      0.6111875623464584,
      0.5886680036783218,
      0.6397479996085167,
      0.529229961335659,
      0.6372005790472031,
      0.5569432452321053,
      0.5846292674541473,
      0.5965915322303772,
      0.5134994760155678,
      0.5619951784610748,
      0.5777934640645981,
      0.5303752571344376,
      0.704855814576149,
      0.5992679744958878,
      0.5272989571094513,
      0.6294693276286125,
      0.5682199746370316,
      0.5513648241758347,
      0.6788507401943207,
      0.5536317378282547,
      0.594207152724266,
      0.6138825342059135,
      0.6546839773654938,
      0.6019811183214188,
      0.5709093362092972,
      0.5613892674446106,
      0.4925028905272484,
      0.5295803993940353,
      0.5041366741061211,
      0.5505894497036934,
      0.6063761860132217,
      0.5431171804666519,
      0.6345529705286026,
      0.5603054165840149,
      0.5946444198489189,
      0.6673156768083572
    ],
    "test_acc": [
      21.239670303268053,
      16.495993043269976,
      14.599415873303426,
      14.637486674937609,
      12.488114170229991,
      13.121319442984392,
      12.45854316111914,
      15.022161292082913,
      11.935449781396168,
      13.702188735346857,
      13.301182192773881,
      12.712944038025677,
      14.886062150745449,
      13.525746723761493,
      13.392586771811608,
      14.302634225953215,
      11.077679223496197,
      12.652990072224085,
      14.377701072463669,
      12.451766740447976,
      13.476376955088417,
      13.976264914679533,
      11.281393373189854,
      13.809720875237884,
      12.916641829424458,
      12.670370670779683,
      11.543912404370001,
      12.703371363067983,
      13.28670690543755,
      13.570639328573648,
      15.474542157336188,
      14.37587302487604,
      15.718866733425388,
      13.949664401087103,
      12.747668056235636,
      14.047715198722099,
      11.974926812730814,
      13.628724340087123,
      12.860000353177421,
      11.473700029173065
    ]
  }
}