{
  "config": {
    "out_dir": "./results/Res2/",
    "seed": 42,
    "bs_train": 16,
    "bs_test": 4,
    "batches": 100,
    "epochs": 100,
    "early_stopping": 10,
    "checkpoints": null,
    "lr": 0.001,
    "print_every": 2,
    "h_dim": 256,
    "z_dim": 10,
    "betas": [
      0.1,
      0.1
    ],
    "kw": {},
    "RTplot": false,
    "run_name": "MEGA_RUNbs_16lr_0.001s_0.5",
    "x_sigma2": 0.5
  },
  "results": {
    "num_epochs": 0,
    "train_loss": [
      1.0590337206919989,
      0.6254772136608759,
      0.6186177829901377,
      0.6123118340969086,
      0.5993958791097005,
      0.5948427806297938,
      0.5890024334192276,
      0.5947082807620366,
      0.5789770722389221,
      0.5709676057100296,
      0.5648857384920121,
      0.5628087530533473,
      0.5568553815285365,
      0.5592045823733012,
      0.5630393902460734,
      0.566674546400706,
      0.5624101012945175,
      0.5501140117645263,
      0.5433748245239258,
      0.5447915802399318,
      0.5282057831684749,
      0.5151591310898463,
      0.519650916258494,
      0.49509424169858296,
      0.5036349336306254,
      0.4957382430632909,
      0.5017927249272665,
      0.4869180013736089,
      0.480797803401947,
      0.47855394581953686,
      0.4802124152580897,
      0.48444507221380867,
      0.4608385175466537,
      0.4665307402610779,
      0.46464695533116657,
      0.45713241696357726,
      0.4736459126075109,
      0.46223518351713816,
      0.4477836529413859,
      0.464476282397906,
      0.4644310494263967,
      0.45097668568293253,
      0.45381118059158326,
      0.4528855343659719,
      0.4485733300447464,
      0.43901838958263395,
      0.450866495569547,
      0.44661817252635955,
      0.43489009042580923,
      0.4375219315290451,
      0.43019861777623497,
      0.4238930801550547,
      0.42992141644159954,
      0.4237880120674769,
      0.42887008786201475,
      0.42262275516986847,
      0.41799571315447487,
      0.4188154439131419,
      0.4283033092816671,
      0.42402168214321134,
      0.4183948576450348,
      0.40781698425610863,
      0.4127235909303029,
      0.4115370611349742,
      0.40581118563810986,
      0.4108405143022537,
      0.4052514930566152,
      0.4118003070354462,
      0.4094590942064921,
      0.4030731956164042,
      0.4063135097424189,
      0.4142453521490097,
      0.4077137678861618,
      0.398016553123792,
      0.39576051334540047,
      0.40155298709869386,
      0.40186491211255393,
      0.39591644207636517,
      0.3942878017822901,
      0.39140963057676953,
      0.40574491024017334,
      0.40383128027121223,
      0.3901718328396479,
      0.39567070504029594,
      0.3878629724184672,
      0.38507297535737356,
      0.3937436242898305,
      0.38755580385526023,
      0.38431789378325143,
      0.3797890583674113,
      0.3899286091327667,
      0.37874198456605274,
      0.37935868203639983,
      0.3808659056822459,
      0.3835241218407949,
      0.36966823240121205,
      0.3759939839442571,
      0.3735598752895991,
      0.37794636686642963,
      0.3728454997142156
    ],
    "train_acc": [
      10.075443536558385,
      11.473460055292994,
      11.77271383290519,
      11.716145205344256,
      11.922094474847114,
      11.847100395209146,
      12.029006375622501,
      12.02885104913481,
      12.178800794839976,
      12.162057384983195,
      12.204797915877851,
      12.3027412357669,
      12.352537274661023,
      12.316309808777847,
      12.421090771666561,
      12.538932074971175,
      13.080129344634976,
      12.743753212759186,
      13.199780580517242,
      13.305067107599067,
      13.561262235911743,
      13.719517439235462,
      13.749607139512806,
      14.330518867635158,
      14.22592551163651,
      14.262884137605829,
      14.347861126718795,
      14.489425509409765,
      14.631636390239544,
      14.548269071448464,
      14.524536954164645,
      14.425800352352223,
      15.102029682271668,
      14.87309895801218,
      14.917215436104751,
      15.00376992147657,
      14.709611564422623,
      14.898636670739975,
      15.295691505007165,
      14.920823305332922,
      14.854128819116687,
      15.30976292167964,
      15.237591858762,
      15.172200705934255,
      15.327822355515924,
      15.706920329196954,
      15.195437596716479,
      15.34761836157323,
      15.725206919418117,
      15.645761630128504,
      15.927612202400242,
      16.093523747727325,
      15.864227750091366,
      16.107477327589383,
      15.760963748864453,
      15.961953246306065,
      16.42107514971595,
      16.309667383479503,
      15.827723750166774,
      16.224556947796692,
      16.244516707423045,
      16.65778781313296,
      16.446263292879046,
      16.437940733193326,
      16.820704188062056,
      16.441658606290996,
      16.71603680897071,
      16.423966023751266,
      16.451058338583028,
      16.773135033666854,
      16.77252488542048,
      16.486603200653857,
      16.723931225113407,
      16.997185922726015,
      17.136512578734813,
      16.797455340314166,
      16.998645996830305,
      17.029842226145067,
      17.101163303623423,
      17.254130205329478,
      16.780687254933436,
      16.8401099554822,
      17.269627891271533,
      17.09721028106635,
      17.46047204548648,
      17.475665955552856,
      17.20819731879283,
      17.406597382503023,
      17.703811709685997,
      17.79807466528575,
      17.380306611983404,
      17.86596313446666,
      17.835720757746007,
      17.679224203228483,
      17.77402137272154,
      18.26097456071745,
      18.008725131632325,
      17.90819098781526,
      17.875472237648847,
      18.043728615851254
    ],