{
  "config": {
    "seed": 42,
    "bs_train": 8,
    "bs_test": 2,
    "batches": 100,
    "epochs": 100,
    "early_stopping": 10,
    "checkpoints": null,
    "lr": 0.0005,
    "print_every": 100,
    "h_dim": 256,
    "z_dim": 128,
    "betas": [
      0.9,
      0.999
    ],
    "kw": {},
    "RTplot": false,
    "out_dir": "./results/Res2/",
    "run_name": "MEGA_RUNlr_0.0005s_0.9",
    "x_sigma2": 0.9
  },
  "results": {
    "num_epochs": 0,
    "train_loss": [
      1.571164115269979,
      1.0142137517531713,
      0.6952637592951457,
      0.556607556839784,
      0.481278428932031,
      0.4324695378541946,
      0.392372885843118,
      0.36853855699300764,
      0.3420826390385628,
      0.32559137493371965,
      0.31649360855420433,
      0.3039600988229116,
      0.29238732780019444,
      0.28927847544352214,
      0.2826975358029207,
      0.2767461225390434,
      0.27734237114588417,
      0.2748891020814578,
      0.26542648747563363,
      0.2629336001972357,
      0.2556143179535866,
      0.248732287188371,
      0.24719723910093308,
      0.2460210089882215,
      0.24029171640674274,
      0.236951994150877,
      0.234292292346557,
      0.2322044591108958,
      0.22713885828852654,
      0.22474860896666846,
      0.22612996598084767,
      0.22186433151364326,
      0.21722940082351366,
      0.21402631923556328,
      0.2159224805732568,
      0.2112622914214929,
      0.20939480115969974,
      0.2113206739226977,
      0.20742747063438097,
      0.20578760008017222,
      0.20216472173730532,
      0.2000334051748117,
      0.19372099166115125,
      0.19326269775629043,
      0.1921422320107619,
      0.19275098765889803,
      0.18782855744163196,
      0.18670738637447357,
      0.18336196293433507,
      0.18253387436270713,
      0.17953732286890348,
      0.1799469470977783,
      0.18061285441120464,
      0.1813093381623427,
      0.18147319480776786,
      0.17571814556916554,
      0.17521076872944832,
      0.16989866842826207,
      0.16729320958256721,
      0.16730919082959492,
      0.16543145676453908,
      0.16374140083789826,
      0.16256562024354934,
      0.16559684139986833,
      0.1620088388522466,
      0.1576199445873499,
      0.15827945992350578,
      0.15623676776885986,
      0.15691646349926788,
      0.15699939156572024,
      0.1533884447067976,
      0.15193717405200005,
      0.15239447951316834,
      0.15131864932676156,
      0.147641118367513,
      0.14751381191114585,
      0.1479200559357802,
      0.145289043088754,
      0.14624800570309163,
      0.14412062913179396,
      0.14273666714628538,
      0.1448151854177316,
      0.14326907495657604,
      0.14345184738437336,
      0.14339227428038914,
      0.14242925556997457,
      0.1404594749212265,
      0.14046084384123483,
      0.13927706802884737,
      0.13725077919662,
      0.13821498254934947,
      0.13939366824924945,
      0.13952157100041707,
      0.13763764177759488,
      0.13898441853622595,
      0.13608220641811689,
      0.13656415939331054,
      0.13540767927964528,
      0.13718227967619895,
      0.13849204294383527
    ],
    "train_acc": [
      47.98081308933172,
      50.53218388629435,
      51.47404128185608,
      54.53302606063874,
      56.17867853181598,
      56.57599211029773,
      58.75535817940061,
      59.59495792283672,
      61.570421457416046,
      62.756732398408055,
      63.030924216518166,
      64.2274168643918,
      66.26026710535068,
      65.84737940825187,
      67.14444999450816,
      67.93621868298787,
      66.97279550272374,
      67.18429411322475,
      69.77045499495887,
      70.07356158121304,
      71.22346924227357,
      73.28106075824896,
      73.79603876238157,
      73.38404787863065,
      75.1454690236601,
      76.22791114325294,
      76.98812331113588,
      77.51782317760332,
      78.30093498047026,
      79.52735766575414,
      77.60916501858206,
      79.28435090782584,
      80.6183655373772,
      81.52308905536003,
      80.55162279270894,
      81.79956717216093,
      82.42422705357892,
      80.59639338638033,
      81.97919728530378,
      82.92732493894252,
      83.74296077911754,
      84.04696131167744,
      86.94752346163307,
      86.59289016343095,
      86.1646343808239,
      85.3435812378145,
      87.9175194169077,
      87.50816342672921,
      89.10867314061672,
      88.81570073149318,
      90.1028585596287,
      88.74219632476391,
      88.04471005405458,
      87.24294569898206,
      87.03139106288614,
      88.78769828468734,
      88.89535585839043,
      91.71682193838991,
      92.10856231157234,
      91.38785305579218,
      92.37998218486011,
      93.51761579641787,
      93.53019938052839,
      91.45034156687173,
      92.6220179000959,
      95.21396330952265,
      94.1447137480381,
      95.05495780636586,
      94.24008866605804,
      93.45146057042868,
      96.10283452876367,
      96.1483347728095,
      95.80570675102241,
      96.15430969578719,
      98.00911368025167,
      98.48516254994249,
      97.48186491966287,
      98.90706541804308,
      98.32181198849821,
      99.3935081524062,
      100.06946140436374,
      98.01128435775284,
      99.61531877265085,
      99.22769588492743,
      98.78806302368895,
      99.48081039148765,
      101.07916181354378,
      100.68619383677171,
      101.31125339306325,
      103.30301286281023,
      102.3405904415555,
      101.41846081934241,
      100.47147241898251,
      102.42658384443178,
      101.28416663848353,
      103.4023689585202,
      102.92504457166442,
      103.93162118377859,
      102.50162370058727,
      101.23897730739526
    ],