{
  "config": {
    "seed": 42,
    "bs_train": 64,
    "bs_test": 16,
    "batches": 100,
    "epochs": 100,
    "early_stopping": 10,
    "checkpoints": null,
    "lr": 0.01,
    "print_every": 100,
    "h_dim": 256,
    "z_dim": 10,
    "betas": [
      0.1,
      0.1
    ],
    "kw": {},
    "RTplot": false,
    "out_dir": "./results/Res2/",
    "run_name": "MEGA_RUNbs_64lr_0.01s_0.5",
    "x_sigma2": 0.5
  },
  "results": {
    "num_epochs": 0,
    "train_loss": [
      24.60573686659336,
      4.099098220467567,
      3.5433002710342407,
      2.117773249745369,
      1.893689215183258,
      1.7293736934661865,
      1.6766430139541626,
      1.438568726181984,
      1.501906305551529,
      1.391473412513733,
      1.368245244026184,
      1.3587765991687775,
      1.3462841361761093,
      1.3340326249599457,
      1.3167042136192322,
      1.3038526326417923,
      1.2804068624973297,
      1.2772234082221985,
      1.2589759230613708,
      1.2508773505687714,
      1.2589263319969177,
      1.245518997311592,
      1.237065851688385,
      1.2481751292943954,
      1.243223175406456,
      1.243016541004181,
      1.2262738794088364,
      1.2261410802602768,
      1.2129393965005875,
      1.2100818902254105,
      1.2216098308563232,
      1.2103275805711746,
      1.2071728259325027,
      1.2061108499765396,
      1.2000780403614044,
      1.2061476111412048,
      1.1997879892587662,
      1.2050784826278687,
      1.2069732993841171,
      1.1952355653047562,
      1.204179361462593,
      1.2027420401573181,
      1.2086004167795181,
      1.193198099732399,
      1.18478424847126,
      1.180026650428772,
      1.1897894740104675,
      1.1812638491392136,
      1.1831025779247284,
      1.1866562813520432,
      1.192638784646988,
      1.1835682392120361,
      1.1799512803554535,
      1.1968867778778076,
      1.184942439198494,
      1.1985039114952087,
      1.1789907068014145,
      1.1922973841428757,
      1.1721083223819733,
      1.1782205998897552,
      1.1795815229415894,
      1.1799545735120773,
      1.1845361441373825,
      1.1926009804010391,
      1.1719308495521545,
      1.1794128715991974,
      1.168564721941948,
      1.17791186273098,
      1.1756018996238708,
      1.1832206100225449,
      1.1902019381523132,
      1.1701371520757675,
      1.1713034808635712,
      1.1864814907312393,
      1.182010680437088,
      1.1796781867742538,
      1.1810548156499863,
      1.1712220311164856,
      1.1724525839090347,
      1.1841665208339691,
      1.1717586517333984,
      1.1631926894187927,
      1.18524569272995,
      1.1666188538074493,
      1.1753095537424088,
      1.1701246798038483,
      1.1700348407030106,
      1.1798397898674011,
      1.1692673712968826,
      1.177222415804863,
      1.1755808889865875,
      1.1674265712499619,
      1.1693348437547684,
      1.1645680367946625,
      1.1672024428844452,
      1.1703224629163742,
      1.1585581004619598,
      1.1632746011018753,
      1.1611795127391815,
      1.1725572049617767
    ],
    "train_acc": [
      1.5716230217868021,
      1.4756204649496039,
      1.4553263663638556,
      1.4910477529358637,
      1.4410440756262604,
      1.4800115714944428,
      1.4832717027621105,
      1.4824379355532518,
      1.496078616128767,
      1.4838417886955106,
      1.4809561007125525,
      1.4818946778939432,
      1.4787864760903513,
      1.4876267140448798,
      1.4744227476196705,
      1.4815481563534054,
      1.492745257829989,
      1.4791914137721367,
      1.4893367848434753,
      1.4945529076461557,
      1.4775589499900712,
      1.4880366987254097,
      1.5022288204684264,
      1.4777581625284937,
      1.4825866301338486,
      1.4775280202872065,
      1.4913698203120453,
      1.4824520120913771,
      1.4981534758071375,
      1.5015264750129322,
      1.4823216277095332,
      1.483200666960478,
      1.4919537927520283,
      1.4869491073729963,
      1.4953704911856076,
      1.4869097385417946,
      1.482573465467258,
      1.4813178071039408,
      1.4760455149294576,
      1.4905264033309138,
      1.4761737039841332,
      1.481334707045808,
      1.4749965158638296,
      1.487084601286201,
      1.4928627190497148,
      1.497698439801836,
      1.4833680370759126,
      1.4952150298825608,
      1.5003587573553223,
      1.4927166609848868,
      1.478010275857783,
      1.489079424296972,
      1.4989841986282681,
      1.4742199236206392,
      1.48646506612115,
      1.4734072610358657,
      1.4884399523104794,
      1.4775742941919028,
      1.5021601366686828,
      1.4921578102771582,
      1.4855589476479591,
      1.486774482383429,
      1.4820614964041274,
      1.4785771947932076,
      1.4992934550653538,
      1.4839858398286225,
      1.5042604796494028,
      1.4870658431717785,
      1.4884969621888287,
      1.4792259213051984,
      1.4761842182930285,
      1.4999500028804182,
      1.4940244714311306,
      1.4756048339883652,
      1.4777084483672325,
      1.4774979148988392,
      1.477196759373816,
      1.4933209751326884,
      1.4841063516488353,
      1.478381427700089,
      1.4877757234474367,
      1.4953891929156284,
      1.4775765336800422,
      1.4917702315099308,
      1.4823188189361447,
      1.4836035906720757,
      1.4850336875787478,
      1.473883464576832,
      1.486155250627518,
      1.4745733057802328,
      1.476693669369719,
      1.4858561465911009,
      1.48608081102062,
      1.4864354588891933,
      1.4861081290747957,
      1.4799729370603634,
      1.4941401594501929,
      1.4926130464449532,
      1.4872631758573982,
      1.4758213871797345
    ],