{
  "config": {
    "seed": 42,
    "bs_train": 16,
    "bs_test": 4,
    "batches": 100,
    "epochs": 100,
    "early_stopping": 10,
    "checkpoints": null,
    "lr": 0.01,
    "print_every": 100,
    "h_dim": 256,
    "z_dim": 10,
    "betas": [
      0.1,
      0.1
    ],
    "kw": {},
    "RTplot": false,
    "out_dir": "./results/Res2/",
    "run_name": "MEGA_RUNbs_16lr_0.01s_0.5",
    "x_sigma2": 0.5
  },
  "results": {
    "num_epochs": 0,
    "train_loss": [
      65.53910983006159,
      1.566994712750117,
      1.3955969134966533,
      1.330859802166621,
      1.3017251133918761,
      1.2843297243118286,
      1.2718299468358358,
      1.2483528097470602,
      1.2350549101829529,
      1.2209420283635457,
      1.2099762936433156,
      1.2049369633197784,
      1.1945431391398111,
      1.192733605702718,
      1.1895700732866923,
      1.185042675336202,
      1.1791751066843668,
      1.1762822628021241,
      1.1756820539633432,
      1.1726985692977905,
      1.1731848915417988,
      1.1658854603767395,
      1.1680096288522084,
      1.1681391298770905,
      1.1664210518201192,
      1.1646092275778452,
      1.1642977098623912,
      1.1632016321023306,
      1.1617793679237365,
      1.1614402731259663,
      1.1616403182347617,
      1.1602923631668092,
      1.160482637087504,
      1.1588655273119608,
      1.1585149546464284,
      1.157424028714498,
      1.157574031750361,
      1.1554400066534678,
      1.1547766705354054,
      1.1564386447270711,
      1.1528759857018789,
      1.154695326089859,
      1.1527512709299723,
      1.151474505662918,
      1.149343913793564,
      1.1510274211565654,
      1.1506498495737711,
      1.1505701879660288,
      1.1498781859874725,
      1.1481487055619557,
      1.1502479712168376,
      1.147445982694626,
      1.1493179639180502,
      1.146461453040441,
      1.1455731391906738,
      1.146261501312256,
      1.1461162368456523,
      1.1459217071533203,
      1.1448449591795604,
      1.1436221659183503,
      1.143983014424642,
      1.1431949198246003,
      1.1447534322738648,
      1.1426080167293549,
      1.1412953635056813,
      1.1447933038075766,
      1.1427800953388214,
      1.1416419009367624,
      1.1425605754057566,
      1.141202801465988,
      1.141813596089681,
      1.1410045087337495,
      1.1401463210582734,
      1.13927477200826,
      1.142742391427358,
      1.1394858757654827,
      1.1405828177928925,
      1.1404225409030915,
      1.1403669575850168,
      1.140358833471934,
      1.138299705584844,
      1.1365653932094575,
      1.1386222740014393,
      1.1387998739878336,
      1.1377982219060263,
      1.1356701691945394,
      1.1376090049743652,
      1.1362604320049285,
      1.1355486730734508,
      1.1358866413434348,
      1.1361713449160258,
      1.1351434965928395,
      1.1356727262338002,
      1.1353659272193908,
      1.136263503630956,
      1.1354621609052022,
      1.1337973733743032,
      1.1346400757630666,
      1.1335069795449575,
      1.133056112130483
    ],
    "train_acc": [
      5.733399116786017,
      5.686310552889152,
      5.635290887634546,
      5.65891759685188,
      5.6156230937622444,
      5.628220817646512,
      5.655540674703287,
      5.624776377322032,
      5.619420017075899,
      5.632653178981527,
      5.618965350684577,
      5.671673253553708,
      5.615458740934754,
      5.589767138822587,
      5.635792134700921,
      5.652889499330166,
      5.622660852045756,
      5.615357499157372,
      5.679835892901765,
      5.611728202866579,
      5.605989133300225,
      5.656834479355008,
      5.6205085082998885,
      5.626560651589004,
      5.632809790885812,
      5.655346988884447,
      5.624855390057967,
      5.642192479758626,
      5.658003377157017,
      5.633965659532246,
      5.618590575290051,
      5.636914901850137,
      5.64447741706098,
      5.63642831451234,
      5.6296724696757545,
      5.646507395130257,
      5.650557728605198,
      5.641888963667897,
      5.622703261044267,
      5.632791815548005,
      5.633718620042639,
      5.622725030737252,
      5.6033988521433145,
      5.626582542163229,
      5.704770594601761,
      5.632678665665562,
      5.615167233233493,
      5.618574871122821,
      5.604657629412909,
      5.6130204672568444,
      5.645653212194967,
      5.629692739989902,
      5.6146189939094615,
      5.624956790655414,
      5.63529390583417,
      5.648405839469779,
      5.613426185924309,
      5.6156993960824275,
      5.667698293928083,
      5.6236071977751845,
      5.664672350552126,
      5.634652952984109,
      5.6153222918704415,
      5.632642752305037,
      5.646786018792968,
      5.657866369988024,
      5.656347736384748,
      5.6285322768270145,
      5.6103154338450505,
      5.636848806275298,
      5.65294266695855,
      5.644399083167217,
      5.635221715396848,
      5.687410184111654,
      5.61257683686994,
      5.657634071538797,
      5.609603481189736,
      5.62214224073218,
      5.65780129005693,
      5.638776437553163,
      5.621445393982343,
      5.685820785246727,
      5.600679038154076,
      5.640295156383989,
      5.642518599695959,
      5.663189525797703,
      5.639858357459667,
      5.625207062291404,
      5.624696508529567,
      5.618606302411251,
      5.631193207813032,
      5.6093187286174455,
      5.656073345993748,
      5.622923768232389,
      5.640472551103316,
      5.64773559934429,
      5.66640063414421,
      5.618107749904655,
      5.622316213818295,
      5.6297898764611425
    ],