{
  "config": {
    "seed": 42,
    "bs_train": 8,
    "bs_test": 2,
    "batches": 100,
    "epochs": 100,
    "early_stopping": 10,
    "checkpoints": null,
    "lr": 0.0005,
    "print_every": 100,
    "h_dim": 256,
    "z_dim": 128,
    "betas": [
      0.9,
      0.999
    ],
    "kw": {},
    "RTplot": false,
    "out_dir": "./results/Res2/",
    "run_name": "MEGA_RUNBig_Architequre_NoBNAtEnd",
    "x_sigma2": 0.9
  },
  "results": {
    "num_epochs": 0,
    "train_loss": [
      1.599446670214335,
      0.8567036281029383,
      0.5899397005637487,
      0.48204587896664935,
      0.42739245146512983,
      0.39656307647625605,
      0.3645494083563487,
      0.3387938444813093,
      0.3212596893310547,
      0.3089026143153509,
      0.29007382641235985,
      0.2802701358993848,
      0.271259755641222,
      0.26058215548594793,
      0.2536637246608734,
      0.2449261389672756,
      0.2420855162044366,
      0.23842864284912746,
      0.23135801951090496,
      0.23041522353887559,
      0.228239993005991,
      0.22589342147111893,
      0.22286246741811436,
      0.2162692186733087,
      0.2169923424720764,
      0.21467388073603313,
      0.2098849835495154,
      0.20515270605683328,
      0.20480078036586444,
      0.19751289362708727,
      0.20050343697269757,
      0.1947993129491806,
      0.1892072379589081,
      0.18670098682244618,
      0.18714768489201863,
      0.18763092532753944,
      0.18684993411103884,
      0.18361480335394542,
      0.17748651454846065,
      0.17526204958558084,
      0.17624491080641747,
      0.17203292598327,
      0.17087321678797404,
      0.1682749758164088,
      0.16668050189812977,
      0.16846297383308412,
      0.16504044234752654,
      0.16565224751830102,
      0.1607736013829708,
      0.1607485423485438,
      0.1579387430101633,
      0.15520214264591534,
      0.15887169341246288,
      0.15832165653506916,
      0.15470419575770697,
      0.1530424834539493,
      0.15679315949479739,
      0.14878663333753744,
      0.14637974773844084,
      0.15005912855267525,
      0.14736401041348776,
      0.14660536423325538,
      0.14337690360844135,
      0.14557002820074558,
      0.14535157171388466,
      0.1422431819140911,
      0.14221548040707907,
      0.14483531254033247,
      0.1423129181067149,
      0.14042836378018062,
      0.13861158800621828,
      0.1411496096601089,
      0.14084315697352093,
      0.1381745873639981,
      0.1374024188766877,
      0.13817612354954084,
      0.13923728403945765,
      0.13625317936142287,
      0.13590117146571476,
      0.13814885864655177,
      0.1341429358969132,
      0.13372971912225087,
      0.1328202672302723,
      0.13278926052153112,
      0.13138426889975865,
      0.1323723815381527,
      0.13226304637889066,
      0.13306001449624696,
      0.12936625157793363,
      0.13052322442332903,
      0.12771364102760951,
      0.13049021661281585,
      0.12918282635509967,
      0.12921708188951014,
      0.12884146297971408,
      0.12547089383006096,
      0.12481102210779985,
      0.12532390939692656,
      0.1269749948134025,
      0.12703118932743868
    ],
    "train_acc": [
      50.923424292524565,
      58.26900129723843,
      60.562812771136784,
      63.726155375672214,
      65.37776003278505,
      64.61359941426068,
      66.84101763974115,
      69.46732971491028,
      69.143845857374,
      68.4674657112366,
      71.28124274225236,
      71.27268615542827,
      70.78622259954619,
      72.81238646149993,
      73.41205323587755,
      74.61075140452873,
      74.73809436557426,
      74.77249563391602,
      76.72864947016201,
      76.08459602632334,
      75.79278491104313,
      75.90799275892125,
      76.53899697853504,
      78.49523946284914,
      77.31800684803669,
      78.2391087104559,
      79.54610148470593,
      80.86254497965798,
      80.94592492826489,
      83.39468839229279,
      81.70541152279378,
      84.48621704367227,
      85.77723780545861,
      86.5925780989244,
      85.475555071644,
      84.76649976063587,
      84.5951771737326,
      85.85572007214637,
      88.47738062092513,
      89.83500714386939,
      88.08380566376873,
      90.282036063338,
      90.95139411953703,
      91.76303362137901,
      92.51848748189045,
      90.95177566174141,
      92.9707290788714,
      92.25861671824025,
      94.69842291214671,
      94.27958131777426,
      96.29085077612552,
      97.9804247403976,
      95.0062247615559,
      94.27407390441836,
      97.39879443598096,
      98.13365773242137,
      95.38888676141774,
      101.15932432497921,
      102.34127508127602,
      98.89641267259086,
      100.81441775887056,
      101.85698686199922,
      104.60295504176464,
      102.13787386474831,
      102.4521211319711,
      104.90068518810477,
      104.67868951388085,
      102.71509418916182,
      104.71387052274048,
      106.22097881792574,
      107.17053142677217,
      105.14815290360173,
      105.06757155297531,
      106.95935194547138,
      107.78034094141593,
      107.28648649271514,
      106.61017126327991,
      108.43134411574154,
      108.70821110299781,
      107.14464831980882,
      110.13656379732284,
      110.40903457142325,
      111.04278078075468,
      111.12424017091726,
      112.263737067006,
      111.52617225853588,
      112.20182019678552,
      110.23730986337301,
      114.0192975189496,
      112.59124478663125,
      115.55086896848258,
      113.28230788806594,
      114.54285434521968,
      113.40047517992643,
      113.62675309391149,
      117.16402637670984,
      117.51464264546395,
      117.93161349383755,
      115.80792756458533,
      115.43521892320294
    ],