{
  "config": {
    "seed": 42,
    "bs_train": 16,
    "bs_test": 4,
    "batches": 100,
    "epochs": 40,
    "early_stopping": 10,
    "checkpoints": null,
    "lr": 0.0005,
    "print_every": 100,
    "h_dim": 128,
    "z_dim": 20,
    "betas": [
      0.1,
      0.1
    ],
    "kw": {},
    "RTplot": false,
    "out_dir": "./results/Res2/",
    "run_name": "MEGA_RUNh_128z_20s_1",
    "x_sigma2": 1
  },
  "results": {
    "num_epochs": 0,
    "train_loss": [
      1.1673011124134063,
      0.4170401195685069,
      0.21667005668083827,
      0.17715879579385121,
      0.17204988102118174,
      0.16637503405412038,
      0.1621676261226336,
      0.15841998706261318,
      0.15380501051743825,
      0.15412468562523524,
      0.1525482972462972,
      0.15292762517929076,
      0.14765130480130514,
      0.14782028223077456,
      0.14405183295408885,
      0.14293604741493862,
      0.13957771187027296,
      0.14144050901134808,
      0.13818736945589383,
      0.1338647981484731,
      0.13554701482256254,
      0.13174588332573572,
      0.132313135266304,
      0.1310202471911907,
      0.13204908867677054,
      0.12901481737693152,
      0.12881613299250602,
      0.12487125073870023,
      0.1264614462852478,
      0.12526368324955303,
      0.12388629813989004,
      0.12336812938253085,
      0.12347903549671173,
      0.12092467397451401,
      0.11930127541224161,
      0.1202579674621423,
      0.1190540112555027,
      0.11850319678584735,
      0.11783356467882793,
      0.11832634756962458
    ],
    "train_acc": [
      27.92088195645332,
      31.798453411511144,
      34.15467724993847,
      36.16765796400221,
      37.253637834377706,
      38.422195198756086,
      39.28686733118063,
      40.20471638162261,
      41.55947468535512,
      41.40536447240287,
      41.90860874902624,
      41.722814351564246,
      43.02241130053497,
      43.276133064914575,
      44.30670781243492,
      44.70429633198214,
      45.58554380432625,
      45.08339758152542,
      46.166298413360316,
      47.70954126728151,
      47.12943142838021,
      48.436612703839224,
      48.05793901313795,
      48.746676735041305,
      48.47484336938442,
      49.36561781987253,
      49.465728442052516,
      51.03971007243315,
      50.391708174718424,
      50.975000739992566,
      51.49927151956812,
      51.585266565130254,
      51.634772175868925,
      52.736347893397514,
      53.192823015897254,
      52.97144014425826,
      53.82591275669187,
      53.823555641985806,
      54.102820440255144,
      53.782513441409094
    ],
    "test_loss": [
      1.0535300076007843,
      0.8369399309158325,
      0.6609898060560226,
      0.788137897849083,
      0.5860763639211655,
      0.7189564555883408,
      0.6447848528623581,
      0.677820160984993,
      0.6299954354763031,
      0.722922757267952,
      0.6088939756155014,
      0.7575621753931046,
      0.6970244646072388,
      0.7851610034704208,
      0.7001117765903473,
      0.7533244788646698,
      0.8610389530658722,
      0.703086331486702,
      0.70468470454216,
      0.6445885822176933,
      0.7963620871305466,
      0.7519354373216629,
      0.740201786160469,
      0.7418783903121948,
      0.7317872196435928,
      0.7013015300035477,
      0.8797162771224976,
      0.7741414159536362,
      0.722224086523056,
      0.7456061691045761,
      0.7756491154432297,
      0.7822055369615555,
      0.7133963704109192,
      0.8543465882539749,
      0.6617003828287125,
      0.6781714260578156,
      0.7004036456346512,
      0.6920762360095978,
      0.7299589961767197,
      0.7287939637899399
    ],
    "test_acc": [
      21.278296745537077,
      10.102983327488705,
      11.553851988059334,
      9.660046375698737,
      13.134149250984487,
      10.671154039091686,
      11.834664268959212,
      11.562072296499018,
      12.02169446568784,
      10.459550805971627,
      12.42337276121502,
      10.156084760758906,
      10.996005743794997,
      9.684029251840853,
      11.052822505742935,
      10.243062192947772,
      8.79661611574706,
      10.80818435059321,
      10.823329354681904,
      12.074366153675408,
      10.122333052925999,
      10.133753877061425,
      10.239340474976677,
      10.322710655678723,
      10.455191149245927,
      10.956381142258959,
      8.722086140314108,
      9.878218719968022,
      10.605953003034733,
      10.382811306701734,
      9.843746636564791,
      9.755401068618891,
      10.941538565477037,
      9.111941575539428,
      11.67693810180891,
      11.292758449523383,
      10.916665503583825,
      11.175353504638245,
      10.441179919611383,
      10.424378821222128
    ]
  }
}