{
  "config": {
    "seed": 42,
    "bs_train": 16,
    "bs_test": 4,
    "batches": 100,
    "epochs": 100,
    "early_stopping": 10,
    "checkpoints": null,
    "lr": 0.005,
    "print_every": 100,
    "h_dim": 256,
    "z_dim": 10,
    "betas": [
      0.1,
      0.1
    ],
    "kw": {},
    "RTplot": false,
    "out_dir": "./results/Res2/",
    "run_name": "MEGA_RUNbs_16lr_0.005s_0.5",
    "x_sigma2": 0.5
  },
  "results": {
    "num_epochs": 0,
    "train_loss": [
      1.7912425518035888,
      1.1609916011492412,
      0.8614461282889049,
      0.772081071138382,
      0.7132273336251577,
      0.6885201553503673,
      0.6795616745948792,
      0.6563169817129771,
      0.6191525598367055,
      0.6006566902001699,
      0.594160736600558,
      0.585936286052068,
      0.5749857544898986,
      0.5748759865760803,
      0.5781888882319133,
      0.5811538616816203,
      0.5875511606534322,
      0.5782106310129166,
      0.5496826608975728,
      0.5516530086596807,
      0.5514895657698313,
      0.5480364253123601,
      0.5373652478059133,
      0.5270479798316956,
      0.5358385523160298,
      0.5222020804882049,
      0.5158424526453018,
      0.554673750201861,
      0.5141507585843405,
      0.5336647868156433,
      0.5097329775492351,
      0.5303675432999929,
      0.5011164824167887,
      0.5064331263303756,
      0.5045361369848251,
      0.5017720659573873,
      0.48732251624266304,
      0.49992850522200266,
      0.49829829633235934,
      0.49269062479337056,
      0.4929385254780451,
      0.49149636924266815,
      0.49227038423220315,
      0.4992761820554733,
      0.4918426175912221,
      0.49224762320518495,
      0.47796248098214467,
      0.4746468077103297,
      0.47221706410249076,
      0.4830155322949092,
      0.4828945815563202,
      0.4871882806221644,
      0.4884407132863998,
      0.48072025577227273,
      0.4802136282126109,
      0.47034713327884675,
      0.46881819466749824,
      0.47174811561902363,
      0.47781566083431243,
      0.475592248638471,
      0.48626958529154457,
      0.47500215470790863,
      0.46781286199887595,
      0.47116046249866483,
      0.4734117239713669,
      0.47303380966186526,
      0.4740335206190745,
      0.47942458689212797,
      0.4657703161239624,
      0.46841181615988414,
      0.4600273718436559,
      0.4657453685998917,
      0.467691167195638,
      0.46790616611639657,
      0.46571138203144075,
      0.46924034456411995,
      0.46670785049597424,
      0.48514977693557737,
      0.45815684298674264,
      0.473774982492129,
      0.46047774453957874,
      0.46807897587617237,
      0.47562979261080424,
      0.4642564058303833,
      0.467489293217659,
      0.46587230066458385,
      0.4658432533343633,
      0.4640997886657715,
      0.46027391652266186,
      0.4682415395975113,
      0.4674506068229675,
      0.46103230913480125,
      0.4695253650347392,
      0.45292119880517323,
      0.48408995270729066,
      0.4602089772621791,
      0.45849281052748364,
      0.46536589761575065,
      0.48100878099600475,
      0.4583903541167577
    ],
    "train_acc": [
      5.644226171930193,
      9.264636598510307,
      10.541459153421881,
      11.16560171330216,
      11.573039514128858,
      11.56716681961752,
      11.607227257012472,
      11.832467687745167,
      11.958332332613537,
      12.003297083189919,
      12.077515026618789,
      12.214568371597611,
      12.13787793166458,
      12.174333113270187,
      12.187475904771805,
      12.057853733411484,
      12.036361711713374,
      12.324834556987343,
      13.007061432112085,
      13.08245727648741,
      12.921932204018447,
      13.371325512034492,
      13.280036382840365,
      13.479746947688827,
      13.244925114838662,
      13.759375593499161,
      13.624974325221045,
      12.75629836898588,
      13.785717399290355,
      13.07989214891363,
      13.769732172948695,
      13.258368480311434,
      13.756680182443448,
      13.707629295335247,
      13.784234221986717,
      13.782642005489532,
      14.153096951136645,
      14.06028827057324,
      13.878970601724877,
      13.950241845967893,
      14.083291868604611,
      14.050613217225441,
      13.899788985013323,
      13.805333201351953,
      14.014157402599444,
      14.043610444770472,
      14.17819559469072,
      14.24570853805467,
      14.376388232519128,
      14.047707419823515,
      14.14443354450063,
      13.890818051812031,
      13.90804029627586,
      14.050747922841387,
      14.139981110208643,
      14.266696059434185,
      14.268494393960454,
      14.336557894885672,
      14.266427313554113,
      14.066757833353432,
      13.8917403369378,
      14.10004746429377,
      14.208638838792098,
      14.254888185950142,
      14.216040806241873,
      14.079683514258114,
      14.189629221282814,
      13.951325039048866,
      14.262277502627942,
      14.258564509350865,
      14.436439100024202,
      14.393903998618786,
      14.204908405328574,
      14.303461490928497,
      14.224504991444887,
      14.28232829578379,
      14.250316886696407,
      13.853680732109396,
      14.507811949388236,
      14.126078265370536,
      14.438087496057472,
      14.282444493548386,
      14.074527798929054,
      14.352901650588128,
      14.217470968601752,
      14.266240926814897,
      14.221300512840884,
      14.36832882917144,
      14.387772871791721,
      14.211855310273053,
      14.164571336337298,
      14.415988896487756,
      14.313511688909403,
      14.524253260639934,
      13.941440322997348,
      14.43430654424535,
      14.458779912348756,
      14.317520632720086,
      13.912298348880949,
      14.40319807513853
    ],