{
  "config": {
    "seed": 42,
    "bs_train": 32,
    "bs_test": 8,
    "batches": 100,
    "epochs": 100,
    "early_stopping": 10,
    "checkpoints": null,
    "lr": 0.001,
    "print_every": 100,
    "h_dim": 256,
    "z_dim": 10,
    "betas": [
      0.1,
      0.1
    ],
    "kw": {},
    "RTplot": false,
    "out_dir": "./results/Res2/",
    "run_name": "MEGA_RUNbs_32lr_0.001s_0.9",
    "x_sigma2": 0.9
  },
  "results": {
    "num_epochs": 0,
    "train_loss": [
      1.1091528097788492,
      0.42720035711924237,
      0.3857911507288615,
      0.38340382774670917,
      0.36694817145665487,
      0.3688075284163157,
      0.3774814208348592,
      0.36348052422205607,
      0.36347173651059467,
      0.3568339169025421,
      0.3524786094824473,
      0.3525365710258484,
      0.34803453485171,
      0.3503001848856608,
      0.3434628228346507,
      0.3421628475189209,
      0.3469769358634949,
      0.3430911620457967,
      0.3397563616434733,
      0.33826465010643003,
      0.33459644913673403,
      0.33583781123161316,
      0.3361531833807627,
      0.33514399925867716,
      0.3341211140155792,
      0.33424490491549175,
      0.32556767265001935,
      0.32775349418322247,
      0.3297208587328593,
      0.32646922071774803,
      0.3269421319166819,
      0.32563666502634686,
      0.3260989864667257,
      0.32863798340161643,
      0.32130293250083924,
      0.32198163866996765,
      0.32535468339920043,
      0.31985551317532857,
      0.32248638073603314,
      0.328668670852979,
      0.3303848465283712,
      0.3426940123240153,
      0.33282515207926433,
      0.3248105784257253,
      0.328043923775355,
      0.30985888838768005,
      0.324428391456604,
      0.3146503418684006,
      0.3142648011445999,
      0.31915181974569956,
      0.30087953607241313,
      0.31492782533168795,
      0.3132208993037542,
      0.285992685953776,
      0.2955151190360387,
      0.2970740695794423,
      0.29997009138266245,
      0.28337494830290477,
      0.29176633556683856,
      0.2896318723758062,
      0.2887444267670313,
      0.2845610817273458,
      0.27918650408585866,
      0.299970930814743,
      0.2690567493438721,
      0.2710947354634603,
      0.2852255036433538,
      0.28428815603256224,
      0.281935445467631,
      0.2662442614634832,
      0.28040347894032797,
      0.282198624809583,
      0.25773124198118846,
      0.28584147890408834,
      0.28215319017569224,
      0.2659177621205648,
      0.2647533337275187,
      0.2739905675252279,
      0.257548459370931,
      0.26951266527175904,
      0.27146176199118294,
      0.2661409318447113,
      0.2636535733938217,
      0.2644020269314448,
      0.26933496495087944,
      0.2866811990737915,
      0.2700634032487869,
      0.26255540748437245,
      0.27760692139466603,
      0.2645409305890401,
      0.2725026289621989,
      0.2708223025004069,
      0.2600785712401072,
      0.26046389639377593,
      0.26238956252733864,
      0.2652795960505803,
      0.2566772917906443,
      0.2632000019152959,
      0.2551463931798935,
      0.25730433464050295
    ],
    "train_acc": [
      8.861944418556085,
      9.526901399372436,
      10.327959109828797,
      10.328924422045958,
      10.610422362652555,
      10.678718757660198,
      10.35470423317657,
      10.720374830136654,
      10.542771434051671,
      10.726447325619855,
      10.819300486888599,
      10.886945621515693,
      10.891102361888644,
      10.814434871606368,
      10.8620139082471,
      11.000097240632979,
      10.856530843460364,
      10.937257647688282,
      10.92315314301196,
      10.956898871305402,
      11.05422019234508,
      10.918229090363056,
      10.899303874324449,
      10.96185899118525,
      11.055641050657668,
      11.009654246249994,
      11.117107210759858,
      11.060981286468335,
      11.040348540573728,
      11.027072209472143,
      11.097971740892074,
      11.076314781282395,
      10.973868128633347,
      11.045489508187341,
      11.166517233186877,
      11.144385847788252,
      11.138816232323977,
      11.449826842056371,
      11.37147574688046,
      11.244207441791026,
      11.093750280582038,
      10.899794375405527,
      11.289317676461089,
      11.528394613895465,
      11.321942494866896,
      11.704908591061193,
      11.421137501160217,
      11.758696440902028,
      11.802303940036596,
      11.840954827545072,
      12.091854914610812,
      11.993513832289489,
      11.974977734140307,
      12.694747426058635,
      12.442050340675562,
      12.371465426117,
      12.258586989785552,
      12.653190361085258,
      12.326208382972938,
      12.730270127778194,
      12.667012225233005,
      12.729407195377945,
      12.699919874625623,
      12.391151377161767,
      13.342787399490902,
      13.431827477072481,
      12.784118232361417,
      12.7760542131276,
      13.017622894218313,
      13.362190000065326,
      12.975638391004058,
      12.959208405133467,
      13.728332372402289,
      12.623981641337094,
      12.752427055840515,
      13.333218520848101,
      13.266552187438155,
      13.047238128265391,
      13.632036808173135,
      13.204831368838443,
      13.014732000567014,
      13.14366517056361,
      13.565516790489925,
      13.426592951944812,
      13.120007087456969,
      12.819655746097398,
      13.218870729578788,
      13.518044580992582,
      12.88768440884221,
      13.414315387067262,
      12.999246522701569,
      13.100967280787147,
      13.401338700434936,
      13.511423800435384,
      13.478077207252719,
      13.439510816589312,
      13.575666104104315,
      13.405820513806699,
      13.764691516557667,
      13.642130627461354
    ],