{
  "config": {
    "seed": 42,
    "bs_train": 64,
    "bs_test": 16,
    "batches": 100,
    "epochs": 100,
    "early_stopping": 10,
    "checkpoints": null,
    "lr": 0.01,
    "print_every": 100,
    "h_dim": 256,
    "z_dim": 10,
    "betas": [
      0.1,
      0.1
    ],
    "kw": {},
    "RTplot": false,
    "out_dir": "./results/Res2/",
    "run_name": "MEGA_RUNbs_64lr_0.01s_0.9",
    "x_sigma2": 0.9
  },
  "results": {
    "num_epochs": 0,
    "train_loss": [
      23.884672954678535,
      1.770969495177269,
      1.454948604106903,
      1.2299792021512985,
      1.380834348499775,
      1.1272855699062347,
      1.1636067293584347,
      0.9976619482040405,
      1.1001886017620564,
      0.8346072286367416,
      0.7995135858654976,
      0.9044268056750298,
      0.6109751090407372,
      0.5331884957849979,
      0.47932904586195946,
      0.47361987084150314,
      0.45963622629642487,
      0.4539182223379612,
      0.45221300795674324,
      0.4419292323291302,
      0.4339315928518772,
      0.5377705693244934,
      0.42552100494503975,
      0.4219021610915661,
      0.42417753860354424,
      0.4195040091872215,
      0.409523069858551,
      0.41639235988259315,
      0.4115000404417515,
      0.4053323417901993,
      0.4017293453216553,
      0.4407176822423935,
      0.4041050747036934,
      0.4047464095056057,
      0.4049528203904629,
      0.40129875019192696,
      0.38884155452251434,
      0.41179557144641876,
      0.40093181282281876,
      0.3949701301753521,
      0.40307342633605003,
      0.3955978751182556,
      0.38995037227869034,
      0.3909550607204437,
      0.45413386821746826,
      0.3847690299153328,
      0.3877156190574169,
      0.3942435197532177,
      0.3921392261981964,
      0.3804369680583477,
      0.38169024884700775,
      0.3762297257781029,
      0.37972788512706757,
      0.37602735310792923,
      0.37868135422468185,
      0.37244829162955284,
      0.36543747037649155,
      0.3706607408821583,
      0.36016693338751793,
      0.36185692250728607,
      0.3601999133825302,
      0.36041058972477913,
      0.3586917370557785,
      0.3573181629180908,
      0.3500450551509857,
      0.3506561778485775,
      0.34887488186359406,
      0.3552667424082756,
      0.35187849402427673,
      0.35142676532268524,
      0.3526904322206974,
      0.3488256707787514,
      0.347972359508276,
      0.3505774065852165,
      0.3477942459285259,
      0.3460179790854454,
      0.3485156148672104,
      0.346238624304533,
      0.345617201179266,
      0.34766481444239616,
      0.3473310321569443,
      0.34413348138332367,
      0.3459683209657669,
      0.34319692477583885,
      0.34647491946816444,
      0.3435952439904213,
      0.3414859212934971,
      0.3491351045668125,
      0.3411458693444729,
      0.3443293906748295,
      0.3439687490463257,
      0.3404214344918728,
      0.34026677533984184,
      0.34314584732055664,
      0.3419794775545597,
      0.3400022126734257,
      0.3386137932538986,
      0.3355902321636677,
      0.3354901373386383,
      0.33632007241249084
    ],
    "train_acc": [
      2.8289215738659887,
      2.6561165887244034,
      2.6898717022751626,
      2.683886016056935,
      2.672861090552003,
      2.5159456644502365,
      2.8029662558064152,
      3.5670961529845715,
      2.8263318133800905,
      2.945703443901798,
      4.247446978485224,
      4.143308925937316,
      4.434323906373573,
      4.769588832232319,
      5.236823613511843,
      5.1162851407573555,
      5.189448513920932,
      5.2055920758052325,
      5.1620305110876945,
      5.182680276146645,
      5.267464682499864,
      5.105791719143517,
      5.286557938333032,
      5.303335819450167,
      5.224588190626985,
      5.2933807291124735,
      5.426228851831459,
      5.2785285905830825,
      5.366374254163706,
      5.394288457029269,
      5.366542967873191,
      5.331066208947187,
      5.356128708739924,
      5.37412468942966,
      5.383717727973398,
      5.399335203518461,
      5.4412974642122105,
      5.238623004011394,
      5.366733096631,
      5.3525024959108904,
      5.274069380542545,
      5.39999644701538,
      5.443676037994036,
      5.450258235080822,
      5.431126558456792,
      5.445891698263243,
      5.363667237643027,
      5.289278302121072,
      5.443116904088595,
      5.436278659586891,
      5.439557230309622,
      5.491722911925266,
      5.427778379202678,
      5.455283590174664,
      5.42891240382555,
      5.428076220233111,
      5.516961893700783,
      5.479672250165118,
      5.561260393347148,
      5.523301517688568,
      5.472748483312664,
      5.474680203633129,
      5.456883323319385,
      5.462063778169842,
      5.582283263146997,
      5.513364772747782,
      5.548883256594121,
      5.455217997491602,
      5.480501706535456,
      5.493651438546056,
      5.477225962875116,
      5.583796001587525,
      5.553746667943835,
      5.4963142341177225,
      5.496500459202156,
      5.5023935601585094,
      5.488201577495586,
      5.524892251536145,
      5.513612245332793,
      5.489592926233709,
      5.510925795888845,
      5.495354906531721,
      5.511639892225518,
      5.553329583238252,
      5.488347078703023,
      5.518518143996461,
      5.5354303324425915,
      5.425124640030931,
      5.500576952745633,
      5.485734995138517,
      5.478737472696608,
      5.524216940276309,
      5.54874021072934,
      5.485067166344872,
      5.496547271349397,
      5.514205813848505,
      5.492525337492274,
      5.57522407499435,
      5.538206728799896,
      5.550214119143815
    ],