{
  "config": {
    "seed": 42,
    "bs_train": 16,
    "bs_test": 4,
    "batches": 100,
    "epochs": 40,
    "early_stopping": 10,
    "checkpoints": null,
    "lr": 0.0005,
    "print_every": 100,
    "h_dim": 256,
    "z_dim": 50,
    "betas": [
      0.1,
      0.1
    ],
    "kw": {},
    "RTplot": false,
    "out_dir": "./results/Res2/",
    "run_name": "MEGA_RUNh_256z_50s_1",
    "x_sigma2": 1
  },
  "results": {
    "num_epochs": 0,
    "train_loss": [
      1.4364909450213115,
      0.751620215177536,
      0.3828378836313883,
      0.2298666889468829,
      0.18358231633901595,
      0.16969856421152751,
      0.16811183393001555,
      0.16221633354822795,
      0.16182737549146017,
      0.15606180727481841,
      0.15376644010345142,
      0.1520241936047872,
      0.14882369041442872,
      0.1489667202035586,
      0.14960640519857407,
      0.14564494639635087,
      0.14449081147710482,
      0.14673670505483946,
      0.14012524137894314,
      0.14193798353274664,
      0.139399624367555,
      0.1384740600983302,
      0.13715381522973377,
      0.13751905113458635,
      0.13753557056188584,
      0.132424712429444,
      0.1348756027718385,
      0.13451607624689738,
      0.13199345593651135,
      0.13351767659187316,
      0.13069240599870682,
      0.13035551235079765,
      0.12702328140536945,
      0.12792501250902813,
      0.1303259626030922,
      0.12585027987758318,
      0.12737397452195484,
      0.1260709397494793,
      0.12488436376055082,
      0.12248589520653089
    ],
    "train_acc": [
      28.28183381231163,
      32.50683736592064,
      34.07534259119457,
      35.14683116962816,
      36.20273617375405,
      37.63210392607093,
      37.90938109792964,
      39.28460346736383,
      39.4937394560513,
      40.84827930409766,
      41.63131481843482,
      41.937028678744376,
      42.832006359740284,
      42.80428258721261,
      42.71228200314585,
      43.79311625499686,
      44.33118732860693,
      43.47008434509978,
      45.25529204094332,
      45.00809825685977,
      45.745923853558345,
      45.803746200120315,
      46.36520028283506,
      46.508607482584715,
      46.334735070819676,
      48.06801417969256,
      47.727823676555,
      47.532161527118106,
      48.29055509818577,
      48.24673782511035,
      48.629823230933546,
      48.858414847939,
      49.92622754454868,
      49.93855806634128,
      48.9987879171431,
      50.44364406465672,
      49.89315266439172,
      50.40364844165555,
      50.98746017206618,
      51.861427364907705
    ],
    "test_loss": [
      1.6682663261890411,
      0.938477098941803,
      0.7395772188901901,
      0.6421138271689415,
      0.875455915927887,
      0.7298055291175842,
      0.7950626313686371,
      0.7353435903787613,
      0.8542329967021942,
      0.728134274482727,
      0.7431295812129974,
      0.7289426773786545,
      0.6738554388284683,
      0.7205169945955276,
      0.7205924540758133,
      0.6116287559270859,
      0.7335946410894394,
      0.739086851477623,
      0.6451244950294495,
      0.7379492521286011,
      0.6783994436264038,
      0.7043238431215286,
      0.8383963257074356,
      0.6883934885263443,
      0.7753643542528152,
      0.7525475174188614,
      0.7372764647006989,
      0.7418837249279022,
      0.6765473783016205,
      0.7026860117912292,
      0.6632219552993774,
      0.701751098036766,
      0.6493139415979385,
      0.7018312066793442,
      0.7441242933273315,
      0.7116054147481918,
      0.7299232184886932,
      0.671160489320755,
      0.671624094247818,
      0.8399860560894012
    ],
    "test_acc": [
      11.869748695658041,
      12.428348142715047,
      12.287449732898454,
      12.729938931503996,
      9.088615837627298,
      10.494621788599984,
      9.69233989024435,
      11.425760366523647,
      8.86512899246301,
      10.749102539275636,
      10.24282085878756,
      10.402010711058134,
      11.284970396714101,
      10.544599784982104,
      10.559839244466339,
      12.402924088047609,
      10.480254796090735,
      10.344667078555034,
      11.747133814552868,
      10.806287822979318,
      11.337259520896703,
      10.831763473847664,
      9.158517229744511,
      11.105403061789605,
      9.965197163400621,
      10.213609210674864,
      10.275741470720652,
      10.288480848712211,
      11.210701720384897,
      10.78685608195128,
      11.496396177356935,
      11.020506509243347,
      12.026019745828444,
      10.827817380484772,
      10.402507573941387,
      10.807956246335955,
      10.435915181276314,
      11.418670399810965,
      11.314080097189118,
      9.126895105781408
    ]
  }
}