{
  "config": {
    "seed": 42,
    "bs_train": 16,
    "bs_test": 4,
    "batches": 100,
    "epochs": 100,
    "early_stopping": 10,
    "checkpoints": null,
    "lr": 0.001,
    "print_every": 100,
    "h_dim": 256,
    "z_dim": 10,
    "betas": [
      0.1,
      0.1
    ],
    "kw": {},
    "RTplot": false,
    "out_dir": "./results/Res2/",
    "run_name": "MEGA_RUNbs_16lr_0.001s_0.5",
    "x_sigma2": 0.5
  },
  "results": {
    "num_epochs": 0,
    "train_loss": [
      1.0603101879358292,
      0.6506503442923228,
      0.632075838247935,
      0.6133973191181818,
      0.6099845916032791,
      0.5932311564683914,
      0.6116105794906617,
      0.6004685451587041,
      0.5874469677607218,
      0.5834677477677663,
      0.5654856671889623,
      0.5714358945687612,
      0.5689676642417908,
      0.5442660629749299,
      0.5292862246433894,
      0.5141879270474116,
      0.521466287970543,
      0.49473387201627095,
      0.4989906132221222,
      0.48675678968429564,
      0.48046288192272185,
      0.4851333777109782,
      0.4796742667754491,
      0.47466933031876885,
      0.4651108632485072,
      0.4667062073945999,
      0.4725194831689199,
      0.45833238661289216,
      0.4535312205553055,
      0.4456557055314382,
      0.43545464078585305,
      0.44195763568083446,
      0.4355449299017588,
      0.44272536734739937,
      0.44197016060352323,
      0.4295239677031835,
      0.4346286078294118,
      0.4281579673290253,
      0.41840453346570333,
      0.42324151992797854,
      0.4187388390302658,
      0.4220103810230891,
      0.41247819662094115,
      0.42497761150201163,
      0.4121372898419698,
      0.4110758384068807,
      0.4111875871817271,
      0.41233239670594535,
      0.407721080382665,
      0.4143523007631302,
      0.4049074401458104,
      0.4054213831822077,
      0.4106722782055537,
      0.4061954617500305,
      0.4039962162574132,
      0.3972979565461477,
      0.40003339648246766,
      0.4020522018273672,
      0.40339186986287434,
      0.39918032387892405,
      0.39370320638020834,
      0.3931404093901316,
      0.3871037632226944,
      0.3956120212872823,
      0.3980839262406031,
      0.39507401088873545,
      0.3883956690629323,
      0.38590430418650307,
      0.38103456298510235,
      0.3793571482102076,
      0.37308628658453624,
      0.37705275813738504,
      0.3862838427225749,
      0.37521991233030955,
      0.3697454591592153,
      0.3744840969642003,
      0.37424209117889407,
      0.36745427747567494,
      0.3642193953196208,
      0.3783146679401398,
      0.37306532661120095,
      0.3674109319845835,
      0.38300990959008535,
      0.3757190823554993,
      0.3652315855026245,
      0.36465647717316946,
      0.3670647879441579,
      0.3696550051371256,
      0.3590944151083628,
      0.3685755987962087,
      0.365241727232933,
      0.36861598789691924,
      0.3760016371806463,
      0.36619538565476734,
      0.3763090709845225,
      0.36074751019477846,
      0.3584695597489675,
      0.3633244266112646,
      0.3680402080217997,
      0.36027019619941714
    ],
    "train_acc": [
      10.070345041890265,
      11.285734777453902,
      11.656023620597496,
      11.545935004707962,
      11.987981063603304,
      12.105852270121996,
      11.868297884703267,
      12.080337198596014,
      12.314307493246941,
      12.237383626747894,
      12.58180890032583,
      12.732320731241542,
      13.089621583924306,
      13.394242293758772,
      13.842956544779078,
      13.79175072672118,
      13.93502512805088,
      14.396026754819488,
      14.224140729009314,
      14.578202997062444,
      14.513003087035248,
      14.593691788255919,
      14.743000678627002,
      14.584883622939891,
      14.88740854935677,
      14.870820505682834,
      14.6905789525274,
      15.29327033672367,
      15.269955317286982,
      15.408304044103016,
      15.792189517165825,
      15.632132095684582,
      15.921333507018478,
      15.741050626387445,
      15.924444561792477,
      16.06631730957872,
      15.885636308827747,
      15.84115438656603,
      16.246577365826603,
      16.189584619768798,
      16.25446442266687,
      16.07727313943816,
      16.38083016271887,
      15.963408374476172,
      16.420009041844697,
      16.477158255175787,
      16.453771514595484,
      16.48725574869231,
      16.727315076280806,
      16.347309241630505,
      16.690577059573176,
      16.700193573966008,
      16.470310856566485,
      16.63735557939626,
      16.65434687410741,
      16.849867659269098,
      17.034385176144923,
      16.850916376115368,
      16.78728528938867,
      17.027196202014505,
      17.11398238319437,
      17.1222687616242,
      17.388948741547985,
      16.95594725359977,
      17.01726061322931,
      17.216659921210102,
      17.469825846121278,
      17.42507733025362,
      17.654681658077298,
      17.721608703606602,
      17.957335938913666,
      17.783259148926764,
      17.4488751285495,
      18.026451595807618,
      18.10984606431056,
      18.03197340270585,
      17.981999029535466,
      18.364874922048237,
      18.48594971507172,
      18.076108180470143,
      18.2237922602079,
      18.368370571812413,
      17.833206805065288,
      17.903530294683417,
      18.406599783689725,
      18.35933491689289,
      18.46210370024343,
      18.089174627617705,
      18.698471736743812,
      18.22476390975119,
      18.248423900081338,
      18.279687703986006,
      17.832329554641614,
      18.424208710638005,
      17.97889415339048,
      18.65952974800172,
      18.80075045599172,
      18.42398347681736,
      18.393799784892494,
      18.54960131220907
    ],