{
  "config": {
    "seed": 42,
    "bs_train": 64,
    "bs_test": 16,
    "batches": 100,
    "epochs": 100,
    "early_stopping": 10,
    "checkpoints": null,
    "lr": 0.005,
    "print_every": 100,
    "h_dim": 256,
    "z_dim": 10,
    "betas": [
      0.1,
      0.1
    ],
    "kw": {},
    "RTplot": false,
    "out_dir": "./results/Res2/",
    "run_name": "MEGA_RUNbs_64lr_0.005s_0.5",
    "x_sigma2": 0.5
  },
  "results": {
    "num_epochs": 0,
    "train_loss": [
      2.0985026359558105,
      1.9809615463018417,
      1.934874027967453,
      1.7317409962415695,
      0.9860176295042038,
      0.9220245033502579,
      0.8892978206276894,
      0.8813978359103203,
      0.7820594310760498,
      0.8001787588000298,
      0.7831416502594948,
      0.7766009792685509,
      0.7812312617897987,
      0.7575625479221344,
      0.7541806399822235,
      0.7514882683753967,
      0.7248059958219528,
      0.7307064905762672,
      0.7128355801105499,
      0.7130928337574005,
      0.7087952196598053,
      0.7052266523241997,
      0.6916821971535683,
      0.7029826790094376,
      0.6950003802776337,
      0.6997935697436333,
      0.6804396361112595,
      0.6867699548602104,
      0.6811049357056618,
      0.6703971177339554,
      0.6684027537703514,
      0.6733823344111443,
      0.6568132787942886,
      0.6587356105446815,
      0.6582451537251472,
      0.6488827615976334,
      0.6531513705849648,
      0.653248094022274,
      0.6514028757810593,
      0.6471762657165527,
      0.6525973007082939,
      0.6442403942346573,
      0.6474371626973152,
      0.6378360167145729,
      0.6356732100248337,
      0.6401937380433083,
      0.6472599282860756,
      0.6391274780035019,
      0.6292340606451035,
      0.6275410354137421,
      0.6357636228203773,
      0.6273000240325928,
      0.6318789720535278,
      0.6335815489292145,
      0.6286276578903198,
      0.6345624476671219,
      0.6266967877745628,
      0.6240569725632668,
      0.6175593286752701,
      0.6195129528641701,
      0.6206845939159393,
      0.6170784458518028,
      0.6202819421887398,
      0.6209756955504417,
      0.6088966578245163,
      0.6146009191870689,
      0.6143738850951195,
      0.6114930808544159,
      0.6143225580453873,
      0.615420825779438,
      0.6157956570386887,
      0.605540469288826,
      0.6051945835351944,
      0.613999143242836,
      0.616625651717186,
      0.6137002184987068,
      0.6119540706276894,
      0.6069404035806656,
      0.6094545647501945,
      0.6114135310053825,
      0.6066846624016762,
      0.606175109744072,
      0.611407920718193,
      0.601784735918045,
      0.6085844412446022,
      0.6072195917367935,
      0.6012816801667213,
      0.6096930801868439,
      0.6136349961161613,
      0.6068051159381866,
      0.6108300015330315,
      0.6082903295755386,
      0.6012784764170647,
      0.6084681898355484,
      0.6081475913524628,
      0.6018384993076324,
      0.606826663017273,
      0.6029813811182976,
      0.6049430519342422,
      0.6011936813592911
    ],
    "train_acc": [
      1.5119998259541958,
      1.4618465938564993,
      1.4647585798576743,
      2.0964226635443737,
      2.7572683287448676,
      2.80239527433132,
      2.88006806959714,
      2.86973406321603,
      2.9229722558108095,
      2.911084302557083,
      2.9025412350480773,
      2.838628536424269,
      2.9153470720951082,
      2.9066808431702316,
      2.9208325375181676,
      2.882582142345064,
      2.9366952914140043,
      2.896627745741038,
      2.922788066003462,
      2.9221685305049907,
      2.920608482353803,
      2.920324614023075,
      2.9484337556381637,
      2.916918339164695,
      2.9176567950856045,
      2.9134482210522274,
      2.95941179202685,
      2.930407780153143,
      2.936837975971754,
      2.9636266170992585,
      2.9332467976367775,
      2.9362660094427007,
      2.9594003390494863,
      2.935971259651262,
      2.954607898067566,
      2.9658022884746114,
      2.9665674471984524,
      2.92508099847514,
      2.939436365516152,
      2.952233873091574,
      2.9171782243711557,
      2.944659550075815,
      2.9344917157733392,
      2.9476686373510796,
      2.967925453624782,
      2.951009463889548,
      2.916987506745036,
      2.948705682699575,
      2.9684297221815115,
      2.968481790682931,
      2.9383035200964263,
      2.9691769645882387,
      2.933803347650151,
      2.9368462032199862,
      2.941010424859829,
      2.924269401696789,
      2.955468799484698,
      2.9500910778586564,
      2.9917617916978103,
      2.9667473802858604,
      2.954620195210339,
      2.9594655013780886,
      2.942596885374268,
      2.9395786591888533,
      2.9953669644141225,
      2.957024274285199,
      2.969813302919086,
      2.966246524892112,
      2.9557397046157363,
      2.9443541856663122,
      2.94007721973235,
      2.9878466168777473,
      2.981979188340069,
      2.948065275234329,
      2.939205453999974,
      2.945520196663157,
      2.941477107990308,
      2.9715257328387663,
      2.9601766770838345,
      2.935718817360867,
      2.95621895916023,
      2.967556512103264,
      2.9333576406350383,
      2.986687286996012,
      2.947164832590361,
      2.9564959134176307,
      2.984810212090153,
      2.9382928552907055,
      2.944414250284178,
      2.954693265395468,
      2.938791310566822,
      2.958081805909286,
      2.971029753211682,
      2.9442320350797657,
      2.945731623662793,
      2.965514814593949,
      2.9524037373045573,
      2.971431684249308,
      2.958336556448713,
      2.97368597574719
    ],