{
  "config": {
    "seed": 42,
    "bs_train": 16,
    "bs_test": 4,
    "batches": 100,
    "epochs": 40,
    "early_stopping": 10,
    "checkpoints": null,
    "lr": 0.0005,
    "print_every": 100,
    "h_dim": 256,
    "z_dim": 20,
    "betas": [
      0.1,
      0.1
    ],
    "kw": {},
    "RTplot": false,
    "out_dir": "./results/Res2/",
    "run_name": "MEGA_RUNh_256z_20s_1.2",
    "x_sigma2": 1.2
  },
  "results": {
    "num_epochs": 0,
    "train_loss": [
      1.3001007239023845,
      0.46281635065873467,
      0.1979122872153918,
      0.15089117139577865,
      0.14728340605894724,
      0.14384683469931284,
      0.14154253502686817,
      0.13963470409313838,
      0.1383681297302246,
      0.13898000220457712,
      0.13586482455333074,
      0.1356412058075269,
      0.13418480878074965,
      0.13179788862665495,
      0.12904604499538738,
      0.12587607229749362,
      0.1269098994632562,
      0.12472666129469871,
      0.12151413261890412,
      0.12024911070863406,
      0.12020593086878459,
      0.11853003079692523,
      0.11467932537198067,
      0.11419041852156321,
      0.11614654064178467,
      0.11270738492409388,
      0.11454384550452232,
      0.11280266692241032,
      0.11162386710445087,
      0.11132259741425514,
      0.11263756155967712,
      0.1086805467804273,
      0.1086911104619503,
      0.10772426252563795,
      0.1080346405506134,
      0.10827053164442381,
      0.10458647534251213,
      0.10643373603622118,
      0.10553654730319977,
      0.10862839122613271
    ],
    "train_acc": [
      33.29672554875963,
      37.1795663006799,
      38.97795180557567,
      42.379777202984684,
      43.44206836146763,
      44.57807342717835,
      45.29534725224668,
      45.68851226571365,
      46.14429752196541,
      46.12467003751351,
      47.04409381733083,
      46.94447369188525,
      47.45507399018641,
      48.49382573766074,
      49.43667090292209,
      50.53670526949364,
      50.39484942605828,
      51.243988846368445,
      52.59027451983708,
      53.28193645487657,
      53.35940400530484,
      54.0246724176574,
      55.61712053546462,
      55.837619654882374,
      54.99477698230686,
      56.4948432157648,
      55.79868475988303,
      56.48170927692428,
      56.94920638036294,
      57.17106476999207,
      56.797897163613825,
      58.67561293894097,
      58.701417378307134,
      59.10572485054189,
      58.83200771390576,
      58.99941224381186,
      60.80617926523276,
      59.829854104692195,
      60.22161362338106,
      58.84200789479668
    ],
    "test_loss": [
      1.2116126120090485,
      0.6178184598684311,
      0.588911160826683,
      0.655507430434227,
      0.5655154436826706,
      0.6789748072624207,
      0.6698850989341736,
      0.6000231355428696,
      0.6329213678836823,
      0.7220759987831116,
      0.592939481139183,
      0.5799137055873871,
      0.5281118527054787,
      0.7649325132369995,
      0.5236126109957695,
      0.6483288556337357,
      0.5543426349759102,
      0.5226362571120262,
      0.6790652722120285,
      0.5851284191012383,
      0.5383908301591873,
      0.6365372687578201,
      0.5782029330730438,
      0.6364531815052032,
      0.5257773622870445,
      0.6911593228578568,
      0.6745060905814171,
      0.5841938480734825,
      0.559256300330162,
      0.6505340933799744,
      0.5719345435500145,
      0.5419943928718567,
      0.5557355433702469,
      0.7271043360233307,
      0.6459739953279495,
      0.6154227256774902,
      0.5132506787776947,
      0.6104987412691116,
      0.5875765457749367,
      0.6219141781330109
    ],
    "test_acc": [
      22.267542436226226,
      14.62432082520694,
      13.772793056691413,
      11.822293781033816,
      14.334556858874084,
      11.348172060380021,
      11.754825000816115,
      12.62054202775561,
      11.98735703065172,
      10.858741209077811,
      12.923777889184182,
      13.44901297723181,
      14.415502882064002,
      10.057990805002003,
      14.564719327173126,
      11.962115224035891,
      13.884576002864998,
      14.692664157625213,
      11.578772219602767,
      13.379501834009073,
      14.123553334408784,
      11.961507637619386,
      13.621838422469605,
      12.301702792562715,
      14.418301150474493,
      11.008999555071316,
      12.046144664516138,
      13.324024742508225,
      13.722984498219644,
      11.778824077096738,
      13.371419642350977,
      14.269893462664703,
      13.818017572674782,
      10.55232828102573,
      11.96446425815845,
      12.354549210586928,
      14.865060230432043,
      12.5073102050955,
      13.152510294481317,
      12.277467460124553
    ]
  }
}