{
  "config": {
    "seed": 42,
    "bs_train": 16,
    "bs_test": 4,
    "batches": 100,
    "epochs": 40,
    "early_stopping": 10,
    "checkpoints": null,
    "lr": 0.0005,
    "print_every": 100,
    "h_dim": 128,
    "z_dim": 50,
    "betas": [
      0.1,
      0.1
    ],
    "kw": {},
    "RTplot": false,
    "out_dir": "./results/Res8/",
    "run_name": "MEGA_RUNh_128z_50s_0.85",
    "x_sigma2": 0.85
  },
  "results": {
    "num_epochs": 0,
    "train_loss": [
      1.6249111493428547,
      1.0121359964211782,
      0.6731015304724376,
      0.49795130292574563,
      0.39069555004437767,
      0.3180989851554235,
      0.2704727853337924,
      0.23900132725636164,
      0.21527622789144515,
      0.20583719958861668,
      0.19154471009969712,
      0.1818928768237432,
      0.1807043711344401,
      0.1749398599068324,
      0.17032306541999181,
      0.16697137554486594,
      0.1655747890472412,
      0.16858532776435217,
      0.16400458365678788,
      0.16201242754856746,
      0.16119642555713654,
      0.15655298680067062,
      0.15696643789609274,
      0.15403446108102797,
      0.1542113646864891,
      0.1517962565024694,
      0.1509446198741595,
      0.1505112369855245,
      0.14813272381822268,
      0.14984411299228667,
      0.14738775566220283,
      0.14602110783259073,
      0.14299871971209843,
      0.14614358246326448,
      0.1449224593738715,
      0.1384235590696335,
      0.14064360757668812,
      0.13928690999746324,
      0.1406469911336899,
      0.1400607444345951
    ],
    "train_acc": [
      24.069985216419976,
      27.67894694833603,
      29.91419456646289,
      30.64062626981215,
      31.800415900613075,
      32.62636549491675,
      33.40968541290596,
      34.0191693910538,
      35.017752683850254,
      34.92986615226151,
      36.39539939768285,
      37.23046781677463,
      37.0071354517163,
      37.65263411323994,
      38.443903196510476,
      38.79504816112629,
      39.04205490022457,
      38.26633894008119,
      39.34713074327012,
      39.69322056100175,
      39.90837070762967,
      40.92237274258554,
      40.81842248453827,
      41.40013371923924,
      41.41500416597214,
      42.157254860567654,
      42.31869254747645,
      42.27390742684331,
      43.06594581943227,
      42.42103244485148,
      43.32083307484969,
      43.652583163655045,
      44.6211605165679,
      43.64886005965194,
      44.11815501080106,
      46.03376143840172,
      45.40868128379028,
      45.877996894100676,
      45.503845291068615,
      45.55487688850147
    ],
    "test_loss": [
      1.735244244337082,
      1.2385005056858063,
      1.0734512209892273,
      0.9252537339925766,
      0.9440568387508392,
      0.8232622891664505,
      0.9795395731925964,
      0.7663010358810425,
      0.7570532560348511,
      0.8179910778999329,
      0.8189430385828018,
      0.6753381639719009,
      0.8114341348409653,
      0.774383932352066,
      0.7257702648639679,
      0.9173546731472015,
      0.8304860293865204,
      0.8449353873729706,
      0.8551830500364304,
      0.7203747928142548,
      0.7943984419107437,
      0.759527713060379,
      0.8844514191150665,
      0.6810539960861206,
      0.764055997133255,
      0.7585676312446594,
      0.9247015863656998,
      0.814355805516243,
      0.8527517467737198,
      0.7416829764842987,
      1.0002943277359009,
      0.9716064929962158,
      0.8306614309549332,
      0.8310541212558746,
      0.7192907929420471,
      0.8831610083580017,
      0.7696695327758789,
      0.7814158499240875,
      0.7577386647462845,
      0.8202907294034958
    ],
    "test_acc": [
      15.205397685089533,
      11.75964598404075,
      10.492744199851545,
      11.00608723382432,
      9.633052146810146,
      10.455070218590386,
      8.320111715893729,
      11.006050787296122,
      10.500448553867407,
      9.529190660524016,
      9.578436907775922,
      11.488199710239545,
      9.839333728207642,
      9.960170045214022,
      10.50189719128975,
      8.523763857322956,
      9.425947604117013,
      9.061673720407596,
      8.953136274054183,
      10.706411075989328,
      9.69345606247593,
      10.203477606178613,
      8.666737542890296,
      11.231339962396612,
      9.951225350990821,
      10.090749015151385,
      8.61066642163371,
      9.611802981081752,
      9.012089153921302,
      10.419806486172835,
      7.740774351968214,
      7.8878618342188,
      9.16805239722493,
      9.191171794789035,
      10.774185929393525,
      8.699307800771262,
      9.837881922102463,
      9.834282740695532,
      10.062828529983861,
      9.31075308295826
    ]
  }
}