{
  "config": {
    "seed": 42,
    "bs_train": 16,
    "bs_test": 4,
    "batches": 100,
    "epochs": 40,
    "early_stopping": 10,
    "checkpoints": null,
    "lr": 0.0005,
    "print_every": 100,
    "h_dim": 256,
    "z_dim": 20,
    "betas": [
      0.1,
      0.1
    ],
    "kw": {},
    "RTplot": false,
    "out_dir": "./results/Res8/",
    "run_name": "MEGA_RUNh_256z_20s_0.9",
    "x_sigma2": 0.9
  },
  "results": {
    "num_epochs": 0,
    "train_loss": [
      1.4086548149585725,
      0.5550085475047429,
      0.25741351942221324,
      0.20119788746039072,
      0.19536739786465962,
      0.19000858416159946,
      0.18733834673961003,
      0.18425057083368301,
      0.18052393247683843,
      0.1816355382402738,
      0.1759317363301913,
      0.17616892258326214,
      0.17385031133890153,
      0.17287316024303437,
      0.17231344332297643,
      0.16848480155070622,
      0.17108885794878007,
      0.1683948571483294,
      0.16403075456619262,
      0.16221891591946283,
      0.1611953670779864,
      0.1589197779695193,
      0.15346781462430953,
      0.15330634911855062,
      0.1555429125825564,
      0.15072521020968754,
      0.15383563563227654,
      0.15078822175661724,
      0.15044157058000565,
      0.14906435211499533,
      0.15110800738135974,
      0.14525741338729858,
      0.14604725018143655,
      0.14326175202926,
      0.1451253905892372,
      0.14509015679359435,
      0.1404315009713173,
      0.14290934776266415,
      0.14205642342567443,
      0.14646623879671097
    ],
    "train_acc": [
      24.766383956447232,
      28.29909748021354,
      30.073361162448396,
      31.790682378873388,
      32.733656949727035,
      33.65393792640811,
      34.14797585613994,
      34.56159058738727,
      35.349838607013865,
      35.23497010900401,
      36.27398436393366,
      36.09304854410643,
      36.587993001577686,
      36.88796541884801,
      37.02270533545985,
      37.75985243346563,
      37.32441267743529,
      37.94396132878801,
      38.922586184799165,
      39.499233744436545,
      39.66440929886719,
      40.2870811989936,
      41.52858210771201,
      41.53001362522938,
      41.01553475646481,
      42.22257687587513,
      41.52901950524275,
      42.22578309127113,
      42.228838010773735,
      42.666790615863206,
      42.348445411696176,
      43.824995985619246,
      43.658810674887896,
      44.43539137371231,
      43.8027830076015,
      44.02097641002501,
      45.2957433846288,
      44.58016993868199,
      44.759326917124405,
      43.65447029123521
    ],
    "test_loss": [
      1.3411221206188202,
      0.7913655489683151,
      0.7767522931098938,
      0.6903896480798721,
      0.5802875533699989,
      0.8098055571317673,
      0.7939373701810837,
      0.7715403437614441,
      0.8324868977069855,
      0.8788329064846039,
      0.8309009820222855,
      0.788913369178772,
      0.7852414697408676,
      1.009631022810936,
      0.7043146640062332,
      0.812068298459053,
      0.7793764472007751,
      0.6812978237867355,
      0.9411660134792328,
      0.7513275891542435,
      0.6992296427488327,
      0.8020842671394348,
      0.8887287825345993,
      0.8408267199993134,
      0.7316656410694122,
      0.9267892092466354,
      0.8549136966466904,
      0.755862221121788,
      0.7574779242277145,
      0.9013229161500931,
      0.7654826939105988,
      0.7317374795675278,
      0.7844339907169342,
      0.8237483203411102,
      0.8124721050262451,
      0.7690901607275009,
      0.6845077127218246,
      0.7586577385663986,
      0.8445332050323486,
      0.823481023311615
    ],
    "test_acc": [
      19.90070307000466,
      11.349743763168762,
      10.482936435738154,
      11.120415737973858,
      15.795847430349605,
      9.47684792260756,
      9.583739087981874,
      9.877023685623481,
      9.277215337762247,
      9.048000032338324,
      9.25457506716082,
      10.02324035287165,
      9.869197797850124,
      7.846866688964724,
      10.803892689072452,
      9.431628378386065,
      9.876464081018472,
      11.24242835884016,
      8.35285678460162,
      10.511857477331432,
      10.855438361058603,
      9.4903251492745,
      9.094610511807746,
      9.353489004836502,
      10.388204245339049,
      8.23777512236823,
      9.195253765856329,
      10.082609831154677,
      10.136860214093455,
      8.440458363384534,
      9.892243022983283,
      10.456663391428474,
      9.906193316155067,
      9.406791627952014,
      9.308248893745697,
      9.867246091355687,
      11.091778471496626,
      9.980527862161145,
      9.036247667346586,
      9.384149365087335
    ]
  }
}