{
  "config": {
    "seed": 42,
    "bs_train": 16,
    "bs_test": 4,
    "batches": 100,
    "epochs": 40,
    "early_stopping": 10,
    "checkpoints": null,
    "lr": 0.0005,
    "print_every": 100,
    "h_dim": 128,
    "z_dim": 20,
    "betas": [
      0.1,
      0.1
    ],
    "kw": {},
    "RTplot": false,
    "out_dir": "./results/Res8/",
    "run_name": "MEGA_RUNh_128z_20s_0.9",
    "x_sigma2": 0.9
  },
  "results": {
    "num_epochs": 0,
    "train_loss": [
      1.2056228995323182,
      0.4552201191584269,
      0.23948842634757359,
      0.19638910442590712,
      0.19022517104943593,
      0.185086361070474,
      0.18167410095532735,
      0.17651571035385133,
      0.1714970126748085,
      0.1705259824792544,
      0.1693935071428617,
      0.1682682563861211,
      0.1630989521741867,
      0.16203002333641053,
      0.16000964840253193,
      0.15862256089846294,
      0.1548205445210139,
      0.15765376289685568,
      0.15407984505097072,
      0.14952475527922313,
      0.15290111203988394,
      0.1489155833919843,
      0.1499170333147049,
      0.14744792009393373,
      0.14884406700730324,
      0.14553258841236433,
      0.1451023851831754,
      0.1413623703022798,
      0.14326056639353435,
      0.14138050451874734,
      0.14040094415346782,
      0.1387161244948705,
      0.13931502476334573,
      0.13691168650984764,
      0.1350900948047638,
      0.13505298420786857,
      0.1348409692446391,
      0.13386655276020368,
      0.13278656154870988,
      0.13356993496418
    ],
    "train_acc": [
      25.334174047186192,
      28.705428972021032,
      31.2422678326398,
      32.701895583896146,
      33.69074495251266,
      34.450042373064974,
      35.030227743023524,
      36.036347856317384,
      37.24160683711195,
      37.39858733993042,
      37.69427770351433,
      37.973722660377675,
      38.96042116832232,
      39.464896576254375,
      39.87730806211872,
      40.20103290627576,
      41.09617923142607,
      40.42746840663694,
      41.38128962278649,
      42.637669287666384,
      41.78659159931224,
      42.86032238106715,
      42.42084769938432,
      43.205746778658586,
      43.009992819182976,
      43.74816370853668,
      43.86685537077254,
      45.04201596796288,
      44.449916175195504,
      45.21595366911636,
      45.475254433975934,
      45.838334032868296,
      45.82337969975623,
      46.51378938024033,
      46.95237720993627,
      47.15410828373779,
      47.48808062396953,
      47.67980098006706,
      47.99037689435295,
      47.54245710940187
    ],
    "test_loss": [
      1.1028324663639069,
      0.8948246389627457,
      0.778761237859726,
      0.7656849771738052,
      0.6771958768367767,
      0.7913095951080322,
      0.7582595497369766,
      0.7819104939699173,
      0.8524806648492813,
      0.8502511084079742,
      0.6847825348377228,
      0.8289733678102493,
      0.7468069195747375,
      0.8887569308280945,
      0.8140416145324707,
      0.9105761796236038,
      0.9659264981746674,
      0.8484542518854141,
      0.7713541984558105,
      0.6975920796394348,
      0.9750031530857086,
      0.8684371262788773,
      0.8907409757375717,
      0.8803010135889053,
      0.8941778540611267,
      0.8616701811552048,
      0.9966647028923035,
      0.8759608864784241,
      0.8432929217815399,
      0.7695389091968536,
      0.8634830117225647,
      0.8124313205480576,
      0.7315123379230499,
      0.8713272213935852,
      0.7387265264987946,
      0.7851077169179916,
      0.789640337228775,
      0.7583538889884949,
      0.8104278445243835,
      0.8554813265800476
    ],
    "test_acc": [
      20.61715330346434,
      9.529879682187058,
      9.915290141076328,
      10.097485926077459,
      11.251668931153839,
      9.733403034658892,
      10.206525955178373,
      9.844961375621072,
      8.983902722185466,
      8.893122142254514,
      11.23962846510389,
      9.258416050612823,
      10.2701462779663,
      8.611686455843161,
      9.507960330189341,
      8.454901640146012,
      7.832709924410209,
      8.942382122831228,
      9.992650030410955,
      11.162949826377766,
      7.984730198368952,
      9.00315406008199,
      8.535392282399075,
      8.794624987074968,
      8.661763921840716,
      8.899979526292626,
      7.900019539445923,
      8.665224771975915,
      9.243101314301112,
      9.967690256678525,
      8.798975222791853,
      9.309983858116437,
      10.49671930586018,
      8.90421325099874,
      10.4565255334712,
      10.134391290153772,
      9.624068794165098,
      10.250560593006952,
      9.477916895526203,
      9.037578787628162
    ]
  }
}