{
  "config": {
    "seed": 42,
    "bs_train": 16,
    "bs_test": 4,
    "batches": 100,
    "epochs": 40,
    "early_stopping": 10,
    "checkpoints": null,
    "lr": 0.0005,
    "print_every": 100,
    "h_dim": 256,
    "z_dim": 50,
    "betas": [
      0.1,
      0.1
    ],
    "kw": {},
    "RTplot": false,
    "out_dir": "./results/Res8/",
    "run_name": "MEGA_RUNh_256z_50s_0.9",
    "x_sigma2": 0.9
  },
  "results": {
    "num_epochs": 0,
    "train_loss": [
      1.4677201827367148,
      0.7929413974285126,
      0.4097081621487935,
      0.2521867816646894,
      0.20318195174137751,
      0.1853617529074351,
      0.18405525336662928,
      0.1790645807981491,
      0.1789144406716029,
      0.1739642485976219,
      0.17346609930197399,
      0.16955175201098124,
      0.16544416695833206,
      0.16548142383495967,
      0.16642224838336309,
      0.16077034026384354,
      0.1600649545590083,
      0.16122916614015897,
      0.15385577082633972,
      0.15625384201606116,
      0.15375987763206164,
      0.15269118100404738,
      0.15180395791927973,
      0.15154478599627813,
      0.15139417697985966,
      0.14694775665799778,
      0.1496441548069318,
      0.14971119835972785,
      0.14556486681103706,
      0.14666592304905254,
      0.14406669810414313,
      0.14297343467672666,
      0.13925347005327543,
      0.14061110292871792,
      0.14243078579505283,
      0.1375239541133245,
      0.13962706650296847,
      0.13798163458704948,
      0.13606706435481708,
      0.1340703174471855
    ],
    "train_acc": [
      25.924469782567588,
      28.930900845230955,
      30.547635662244286,
      31.742335706368436,
      32.78972391828849,
      34.5203848775251,
      34.70388827427406,
      35.63876077683607,
      35.703165799580454,
      36.66236378655074,
      36.861258035858675,
      37.59249076780418,
      38.46460254209919,
      38.50496906000582,
      38.404782112897614,
      39.64906407782779,
      40.026940581606965,
      39.54271450568445,
      41.251044580164304,
      40.89398624020367,
      41.462472403286995,
      41.559529746595594,
      41.88438724985838,
      42.2523189296865,
      42.07175838346745,
      43.27712494049596,
      42.985493622581814,
      42.650165617752506,
      43.722617810981326,
      43.88494544671223,
      44.04489965279517,
      44.461576690181,
      45.53707026983225,
      45.41616933504747,
      44.819660162766816,
      46.14599037156067,
      45.50640189639904,
      46.05932509843478,
      46.76558715836965,
      47.394840918169486
    ],
    "test_loss": [
      1.6460515260696411,
      1.0442988872528076,
      0.7383217960596085,
      0.7001534104347229,
      1.0095747113227844,
      0.8317094594240189,
      0.9106804430484772,
      0.8463948369026184,
      0.8020700365304947,
      0.731646716594696,
      0.6763792335987091,
      0.8623394072055817,
      0.8083831518888474,
      0.8024723082780838,
      0.7798960506916046,
      0.6789374947547913,
      0.9521439522504807,
      0.8119125366210938,
      0.769368514418602,
      0.7892001867294312,
      0.7507046610116959,
      0.7366921007633209,
      1.0088712573051453,
      0.7586299479007721,
      0.8178799748420715,
      0.864945188164711,
      0.8737722933292389,
      0.8414459079504013,
      0.7967661619186401,
      0.8302944302558899,
      0.7190666794776917,
      0.700531855225563,
      0.7384452670812607,
      0.7482296675443649,
      0.7559315711259842,
      0.8101723492145538,
      0.8545056581497192,
      0.7018769979476929,
      0.6843932121992111,
      0.9115173667669296
    ],
    "test_acc": [
      13.594700569246495,
      11.021851417126744,
      12.216568569525482,
      11.732842963232592,
      8.03407822350608,
      9.386905883312489,
      8.552934910082474,
      9.62183515519095,
      9.825818184435846,
      10.541803785597754,
      11.246163194941674,
      8.777284329889461,
      9.351045925615312,
      9.453828908858407,
      9.762925345717422,
      11.185352178722722,
      8.024646998365606,
      9.4407162507461,
      9.890378886983491,
      10.074965962063882,
      10.342529796696171,
      10.510610477388754,
      7.553630648944755,
      10.133783002046556,
      9.554775978805937,
      8.884451930884026,
      8.693280873059408,
      8.991677260927078,
      9.511468970643458,
      9.229940438868956,
      10.51318999560305,
      10.925992241559452,
      10.503126742744302,
      10.149381464029178,
      10.155079317514158,
      9.465524954248204,
      8.867891824462472,
      10.80432719155373,
      11.156181346131222,
      8.443498133958006
    ]
  }
}