{
  "config": {
    "seed": 42,
    "bs_train": 16,
    "bs_test": 4,
    "batches": 100,
    "epochs": 40,
    "early_stopping": 10,
    "checkpoints": null,
    "lr": 0.0005,
    "print_every": 100,
    "h_dim": 128,
    "z_dim": 20,
    "betas": [
      0.1,
      0.1
    ],
    "kw": {},
    "RTplot": false,
    "out_dir": "./results/Res8/",
    "run_name": "MEGA_RUNh_128z_20s_0.95",
    "x_sigma2": 0.95
  },
  "results": {
    "num_epochs": 0,
    "train_loss": [
      1.1895047386487325,
      0.43948624829451244,
      0.2286827231446902,
      0.1897583246231079,
      0.1827872688571612,
      0.1762006570895513,
      0.17430142213900884,
      0.1696686973174413,
      0.16323211938142776,
      0.16298683633406957,
      0.16167489190896353,
      0.1595113217830658,
      0.1559417833884557,
      0.15357983708381653,
      0.1508445791900158,
      0.1483265998462836,
      0.14535595575968424,
      0.14702979425589244,
      0.14509612744053205,
      0.14050536702076594,
      0.14312501003344855,
      0.1393512338399887,
      0.13887837752699853,
      0.1372656171520551,
      0.13895246187845867,
      0.13619517063101133,
      0.13571003799637157,
      0.1317846044898033,
      0.1331662562986215,
      0.13289166887601217,
      0.13190826252102852,
      0.13090333665410678,
      0.13081312874952952,
      0.12923509726921717,
      0.12739449789126714,
      0.12765517060955364,
      0.12766069521506626,
      0.12584913820028304,
      0.12584370821714402,
      0.12607385044296582
    ],
    "train_acc": [
      26.548950852288037,
      30.209109543903573,
      32.557384242126986,
      33.79434627471042,
      35.04193206268359,
      36.21568420090847,
      36.544048861418624,
      37.525553609298356,
      39.10688788764379,
      39.16217071061895,
      39.474868736577385,
      40.03734215221613,
      40.699812667541714,
      41.676628976547846,
      42.28470704067657,
      43.067132533603605,
      43.77730332759421,
      43.33130964822506,
      43.927009955680354,
      45.41124857955658,
      44.677829950465025,
      45.80628461455906,
      45.80294239492849,
      46.462065598861436,
      45.992522838611436,
      46.73837349494323,
      46.920421485417314,
      48.345449311015045,
      47.85197512656636,
      48.0913577131266,
      48.32990024790287,
      48.64422318504423,
      48.786455285748985,
      49.32854347951748,
      49.8126823579252,
      49.81663485332315,
      50.199338180869354,
      50.697715303685655,
      50.6352134816287,
      50.409741130289135
    ],
    "test_loss": [
      1.1002621948719025,
      0.7896441370248795,
      0.790441170334816,
      0.7686328440904617,
      0.5876725018024445,
      0.6880442202091217,
      0.7167972922325134,
      0.7143577933311462,
      0.7044810205698013,
      0.857376292347908,
      0.7427243590354919,
      0.8104011714458466,
      0.715981975197792,
      0.8148808777332306,
      0.7321421951055527,
      0.8203209489583969,
      0.8349165171384811,
      0.8031960725784302,
      0.7288780510425568,
      0.6642635241150856,
      0.8188870400190353,
      0.8133085817098618,
      0.6641350463032722,
      0.8027192801237106,
      0.7986221164464951,
      0.8006325960159302,
      0.8815997838973999,
      0.7613853365182877,
      0.6669513583183289,
      0.7495560199022293,
      0.8451966494321823,
      0.7373927384614944,
      0.7213627845048904,
      0.8393763303756714,
      0.7183334082365036,
      0.7230203598737717,
      0.7164773344993591,
      0.7732724100351334,
      0.8039991706609726,
      0.7742941081523895
    ],
    "test_acc": [
      19.81273136221316,
      11.158653768389067,
      9.679907805774691,
      10.242752205303894,
      12.907657012209524,
      11.189975764782943,
      10.705961354836136,
      10.670935856149953,
      10.770154808596548,
      8.897096514984158,
      10.251581657330133,
      9.376425659707357,
      10.683395567066148,
      9.326208977548516,
      10.697656297586411,
      9.451349473280176,
      9.091134799667365,
      9.545728507514399,
      10.51035835780894,
      11.76860083499514,
      9.438929656162333,
      9.566742012115784,
      11.978563874315798,
      9.613063103553591,
      9.55263728499738,
      9.828304246675595,
      8.68532835926243,
      10.046039431260224,
      11.57707880127892,
      10.141301353650906,
      8.982689310776786,
      10.31649165106235,
      10.594483213520189,
      9.045579964115259,
      10.732807791891052,
      10.712931770031261,
      10.68571841150056,
      10.076048391918448,
      9.559402926525586,
      9.889567825970198
    ]
  }
}