{
  "config": {
    "seed": 42,
    "bs_train": 16,
    "bs_test": 4,
    "batches": 100,
    "epochs": 40,
    "early_stopping": 10,
    "checkpoints": null,
    "lr": 0.0005,
    "print_every": 100,
    "h_dim": 128,
    "z_dim": 50,
    "betas": [
      0.1,
      0.1
    ],
    "kw": {},
    "RTplot": false,
    "out_dir": "./results/Res8/",
    "run_name": "MEGA_RUNh_128z_50s_0.95",
    "x_sigma2": 0.95
  },
  "results": {
    "num_epochs": 0,
    "train_loss": [
      1.5789258162180582,
      0.9657178044319152,
      0.6418828248977662,
      0.4671652207771937,
      0.36279350916544595,
      0.29177913069725037,
      0.24514719595511755,
      0.215450456738472,
      0.1938442811369896,
      0.18468665232261022,
      0.17482247104247411,
      0.16496033867200216,
      0.1645922357837359,
      0.15848527053991954,
      0.1548035904765129,
      0.1521527111530304,
      0.1511431336402893,
      0.15310914888978006,
      0.14853712071975073,
      0.1463956316312154,
      0.146151419232289,
      0.1425723411142826,
      0.14285563429196677,
      0.13946719194451968,
      0.1394758885105451,
      0.13714017818371455,
      0.13552644600470862,
      0.13536101852854093,
      0.13248146921396256,
      0.13391649723052979,
      0.1314159611860911,
      0.13043003901839256,
      0.12774793008963267,
      0.13199023579557737,
      0.1299136164287726,
      0.12414531807104746,
      0.12752537230650585,
      0.12528808017571766,
      0.1258904198805491,
      0.12632778783639273
    ],
    "train_acc": [
      26.674775430606605,
      30.730798723297717,
      32.7084567061219,
      34.454227851427795,
      35.13406829812406,
      35.842890560930115,
      36.57095371442053,
      37.28509578158041,
      38.37319179169273,
      38.23271358810535,
      39.1132243211028,
      40.43361507185271,
      40.186981886676286,
      41.03252119582333,
      41.88052816879507,
      42.26625486541966,
      42.52122372355142,
      41.9584755083028,
      43.2713132933669,
      43.73451531493222,
      43.93789101400956,
      44.83445043587463,
      44.856997911015746,
      45.722457622151786,
      45.69824000038543,
      46.606605112182145,
      47.133349908156376,
      46.99140593952033,
      48.16471684029383,
      47.44673576523406,
      48.5951865486377,
      48.82939198296229,
      49.943154241699155,
      48.320554571605776,
      49.25482495341443,
      51.273414390007176,
      50.15376562718125,
      51.01127672792296,
      50.87584855649546,
      50.52926710431765
    ],
    "test_loss": [
      1.5432654023170471,
      1.1713008284568787,
      1.0913498401641846,
      0.9554653763771057,
      0.8727089464664459,
      0.7252847105264664,
      0.806350365281105,
      0.7703671604394913,
      0.7332813441753387,
      0.714294821023941,
      0.7209199070930481,
      0.6542582660913467,
      0.7135905027389526,
      0.7270825505256653,
      0.8247851878404617,
      0.7736091613769531,
      0.6692698150873184,
      0.7583338767290115,
      0.839061439037323,
      0.6595895439386368,
      0.641168087720871,
      0.6452015340328217,
      0.7896845936775208,
      0.6662692874670029,
      0.677129402756691,
      0.6694605350494385,
      0.8703436553478241,
      0.8119757920503616,
      0.6820087805390358,
      0.664240837097168,
      0.9281047433614731,
      0.7801869511604309,
      0.759740874171257,
      0.6822066605091095,
      0.7059053853154182,
      0.6722590774297714,
      0.7184266597032547,
      0.662637323141098,
      0.6862036287784576,
      0.7615121454000473
    ],
    "test_acc": [
      21.6044998620867,
      12.95922120079417,
      10.165476855433617,
      10.448882407068771,
      10.632060819158172,
      11.921509308584652,
      10.378809448818677,
      10.720931161128698,
      11.203711340545444,
      11.28606499862202,
      10.746728099530426,
      11.90070857027629,
      10.787284893145596,
      10.895322652615153,
      9.457062429232879,
      9.978203476765058,
      11.33676822990195,
      10.107751465233555,
      9.125070079495318,
      11.5990383946988,
      11.913769848494105,
      11.873532110869975,
      9.842357055339622,
      11.423973906275386,
      11.186773820032569,
      11.309623467344291,
      8.737989076343831,
      9.741958304484289,
      11.598773586227457,
      11.606849945484543,
      8.39060844530625,
      9.839336328755603,
      10.033659325044452,
      11.13586864677884,
      11.270641871887916,
      11.246432989727744,
      10.513437385116843,
      11.579205081449269,
      11.090070881120639,
      10.102312338410108
    ]
  }
}