{
  "config": {
    "seed": 42,
    "bs_train": 16,
    "bs_test": 4,
    "batches": 100,
    "epochs": 40,
    "early_stopping": 10,
    "checkpoints": null,
    "lr": 0.0005,
    "print_every": 100,
    "h_dim": 256,
    "z_dim": 50,
    "betas": [
      0.1,
      0.1
    ],
    "kw": {},
    "RTplot": false,
    "out_dir": "./results/Res8/",
    "run_name": "MEGA_RUNh_256z_50s_0.85",
    "x_sigma2": 0.85
  },
  "results": {
    "num_epochs": 0,
    "train_loss": [
      1.496365757783254,
      0.8146849711736043,
      0.4277169863382975,
      0.26751431028048195,
      0.2166771560907364,
      0.20020863115787507,
      0.19949669688940047,
      0.19183676888545353,
      0.1897732307513555,
      0.18283139367898305,
      0.18115959763526918,
      0.1789448102315267,
      0.1747729793190956,
      0.1748043050368627,
      0.17486270964145662,
      0.1700790802637736,
      0.16991340667009353,
      0.17217426598072053,
      0.16363367835680645,
      0.16555417875448863,
      0.16265660176674526,
      0.16115803917249044,
      0.1604861984650294,
      0.16037798076868057,
      0.15999210278193157,
      0.15503004242976506,
      0.15761499032378196,
      0.15703599005937577,
      0.15329554279645283,
      0.15585866967837017,
      0.15258809650937716,
      0.15140041907628377,
      0.14749805380900702,
      0.1482040119667848,
      0.15078050519029298,
      0.14558593183755875,
      0.14766309708356856,
      0.14539656167229018,
      0.14369379977385202,
      0.1415316308538119
    ],
    "train_acc": [
      24.425616856179417,
      27.615854214735947,
      29.274204011809598,
      29.912551493469362,
      30.8053251569687,
      31.921556907335066,
      31.97343678896575,
      33.20474925075207,
      33.65610892813091,
      34.836034590978194,
      35.292294492783356,
      35.59134570046214,
      36.47307397674822,
      36.43533392243066,
      36.53794865736134,
      37.50249560450305,
      37.730568985563714,
      37.04196531643916,
      38.77114619032953,
      38.56842587181645,
      39.159797020603904,
      39.33072152749061,
      39.61521046340945,
      39.90479651430247,
      39.85856434315249,
      41.0555892239417,
      40.76338966025683,
      40.72466749808994,
      41.52269476425758,
      41.34847999390312,
      41.653451637348915,
      42.050096257902034,
      42.967694703643886,
      43.15941826027758,
      42.39776421312367,
      43.59327639073692,
      43.03568724819554,
      43.70276368083714,
      44.30245815115434,
      44.8582331563554
    ],
    "test_loss": [
      1.7462698221206665,
      1.1554698199033737,
      0.8784368932247162,
      0.769679918885231,
      0.9435454457998276,
      0.9104481190443039,
      0.8489235937595367,
      0.9450435936450958,
      0.9282102733850479,
      0.7700586318969727,
      0.8077578842639923,
      0.8405085951089859,
      0.7232198268175125,
      0.8409124910831451,
      0.7872909158468246,
      0.7238302379846573,
      0.9697415232658386,
      0.8432528525590897,
      0.7934600859880447,
      0.8361830562353134,
      0.7345298230648041,
      0.8210544139146805,
      0.9458071887493134,
      0.8869247734546661,
      0.919035017490387,
      0.8852263689041138,
      0.8768943548202515,
      0.8756521493196487,
      0.9121216088533401,
      0.8869204521179199,
      0.7447777092456818,
      0.7627972215414047,
      0.7747355848550797,
      0.7894612550735474,
      0.8253854811191559,
      0.9312857687473297,
      0.8401934057474136,
      0.7851414531469345,
      0.7340503931045532,
      1.0011007487773895
    ],
    "test_acc": [
      11.507533885892968,
      9.866550903739865,
      9.970856898391082,
      10.649107632145139,
      8.600076549230245,
      8.429515565540125,
      9.206548471058117,
      8.367355028694753,
      8.50193745421197,
      9.884767264457569,
      9.425607919090398,
      9.035987462185592,
      10.646161129753501,
      9.038937543229407,
      9.666354365844509,
      10.494558104702563,
      8.194368049403087,
      9.086124421235692,
      9.744430273099166,
      9.489990491197343,
      10.637018432667938,
      9.335014651992939,
      7.9926929903207045,
      8.598242011926844,
      8.539988329624189,
      8.818392037248907,
      8.720873248751516,
      8.69419770338716,
      8.339715068640361,
      8.647410513790051,
      10.18224617735934,
      10.006753545732264,
      10.201746512954164,
      9.645943112980786,
      9.351904592676693,
      8.174919788672506,
      9.148065752802317,
      9.88474479355213,
      10.472006623297974,
      7.719535802494902
    ]
  }
}