{
  "config": {
    "seed": 42,
    "bs_train": 16,
    "bs_test": 4,
    "batches": 100,
    "epochs": 40,
    "early_stopping": 10,
    "checkpoints": null,
    "lr": 0.0005,
    "print_every": 100,
    "h_dim": 128,
    "z_dim": 20,
    "betas": [
      0.1,
      0.1
    ],
    "kw": {},
    "RTplot": false,
    "out_dir": "./results/Res8/",
    "run_name": "MEGA_RUNh_128z_20s_0.85",
    "x_sigma2": 0.85
  },
  "results": {
    "num_epochs": 0,
    "train_loss": [
      1.2296162088712057,
      0.46675063769022623,
      0.25322113136450447,
      0.21174782911936443,
      0.20281817118326823,
      0.1950623964269956,
      0.19217292120059332,
      0.1857828731338183,
      0.1814655567208926,
      0.18042810211579005,
      0.17817732294400532,
      0.1772303546468417,
      0.1708067740003268,
      0.16944561004638672,
      0.1674252187212308,
      0.1654244268933932,
      0.16215887814760208,
      0.16464742372433344,
      0.16193349162737528,
      0.1576763431231181,
      0.15990137259165446,
      0.1571128805478414,
      0.15622611592213312,
      0.15450063322981197,
      0.15627269397179286,
      0.1533279707034429,
      0.15088109970092772,
      0.1484639510512352,
      0.14955514868100483,
      0.14885092427333196,
      0.14755446016788482,
      0.14651445274551708,
      0.14579072718818983,
      0.143862667431434,
      0.14211828584472339,
      0.14171470701694489,
      0.14103575001160304,
      0.1397513282795747,
      0.1403756414850553,
      0.1404448501765728
    ],
    "train_acc": [
      23.813035760110317,
      27.273324774782385,
      29.14016621094992,
      30.357197908863963,
      31.62574976900782,
      32.730793310033846,
      33.15216834538214,
      34.25204148775881,
      35.20328152035545,
      35.33186496497576,
      35.84464301011238,
      36.0662257431627,
      37.21611761431843,
      37.74045786485853,
      38.10765624953673,
      38.62904641913287,
      39.269109451742054,
      38.755614447097884,
      39.3578963587589,
      40.43159695622411,
      39.996942924867774,
      40.6035078778649,
      40.71753013686531,
      41.32745826915342,
      40.90675201061865,
      41.512464907530784,
      42.19664938819388,
      42.87122100434976,
      42.587359129387764,
      42.994137530085446,
      43.264597384478044,
      43.41916428886938,
      43.80804003925941,
      44.26886385942329,
      44.62863255512358,
      44.94257393407945,
      45.44094557747146,
      45.67034271322607,
      45.421575935464446,
      45.2730904084203
    ],
    "test_loss": [
      1.108985424041748,
      0.9104232490062714,
      0.9514345973730087,
      0.8798860609531403,
      0.6865778118371964,
      0.8385653644800186,
      0.7828423231840134,
      0.7254464775323868,
      0.80122971534729,
      0.8729150295257568,
      0.8145706355571747,
      0.9014294892549515,
      0.9392522871494293,
      0.9045961946249008,
      0.8181337416172028,
      0.922352209687233,
      0.8936473429203033,
      0.8094787299633026,
      0.8537864983081818,
      0.7515223026275635,
      0.904034823179245,
      0.843299463391304,
      0.8093774318695068,
      0.8999164551496506,
      0.9022346884012222,
      0.8638923317193985,
      1.05661042034626,
      0.9108578711748123,
      0.8273361176252365,
      0.8759884089231491,
      0.9840197265148163,
      0.9462127387523651,
      0.8534858971834183,
      0.9264727085828781,
      0.8396075963973999,
      0.8190853744745255,
      0.8292854577302933,
      0.8891582787036896,
      0.8652050942182541,
      0.9151329696178436
    ],
    "test_acc": [
      19.996177974729864,
      9.538127335718128,
      8.032153454753189,
      8.780390465581942,
      11.15343896167414,
      9.09645281965994,
      9.93949349467787,
      10.713504657858827,
      9.519416083833878,
      8.80459565791209,
      9.471757685394522,
      8.390556836206107,
      8.38274216226723,
      8.398516850343054,
      9.416633417356579,
      8.378508725372338,
      8.483491071514418,
      9.437337728299333,
      8.965547559295944,
      10.391339730201253,
      8.580598411995872,
      9.018895674988897,
      9.366247651947718,
      8.615578970794251,
      8.513284439932645,
      9.078253462733862,
      7.293140362823844,
      8.444254265762414,
      9.47944377879525,
      8.696201710890602,
      8.095891285064981,
      8.12864806052159,
      9.004857111508501,
      8.364472045225988,
      9.398286393435528,
      9.576547854068346,
      9.168374003224999,
      8.569594141589718,
      8.729836342903315,
      8.499583504130346
    ]
  }
}