{
  "config": {
    "seed": 42,
    "bs_train": 16,
    "bs_test": 4,
    "batches": 100,
    "epochs": 40,
    "early_stopping": 10,
    "checkpoints": null,
    "lr": 0.0005,
    "print_every": 100,
    "h_dim": 256,
    "z_dim": 20,
    "betas": [
      0.1,
      0.1
    ],
    "kw": {},
    "RTplot": false,
    "out_dir": "./results/Res8/",
    "run_name": "MEGA_RUNh_256z_20s_0.85",
    "x_sigma2": 0.85
  },
  "results": {
    "num_epochs": 0,
    "train_loss": [
      1.4292849779129029,
      0.5749301960070928,
      0.2718618094921112,
      0.21263751139243445,
      0.20572651127974192,
      0.20206416845321656,
      0.19799570242563883,
      0.19472472071647645,
      0.19119313110907873,
      0.19191687156756718,
      0.18574013710021972,
      0.18522272258996964,
      0.18426748861869177,
      0.18254060049851736,
      0.1785940483212471,
      0.17368574390808741,
      0.17637504388888678,
      0.17427790363629658,
      0.17006792922814687,
      0.16965395559867222,
      0.17077220032612483,
      0.1684551273783048,
      0.1641896774371465,
      0.16428748766581217,
      0.16667222281297048,
      0.16205984701712925,
      0.16581912686427433,
      0.16240907907485963,
      0.16150698562463126,
      0.16033875197172165,
      0.16238721410433452,
      0.15645000735918682,
      0.1569780911008517,
      0.15499684909979503,
      0.15572544634342195,
      0.1551856058339278,
      0.15010147591431935,
      0.15250107745329539,
      0.15146089444557825,
      0.15669128596782683
    ],
    "train_acc": [
      23.46100899477874,
      26.76664855457382,
      28.31758330574197,
      30.062879234961354,
      31.06019062802291,
      31.6979098465887,
      32.30427859210781,
      32.70936787798729,
      33.407826611632245,
      33.37445196507744,
      34.3646906353114,
      34.35967508615413,
      34.566595761756346,
      34.98103175164866,
      35.72383285380718,
      36.61261214219302,
      36.16173094683031,
      36.61471642978152,
      37.51241793665178,
      37.70977728574533,
      37.48348569647729,
      37.99197628842292,
      38.87117089021785,
      38.75702332224571,
      38.26430503540032,
      39.2494978811128,
      38.54672674852257,
      39.22146306855741,
      39.288599437238965,
      39.63090616128966,
      39.42482176035438,
      40.67431559212549,
      40.67024783924916,
      41.05846291078205,
      40.81981292953529,
      41.10281353255245,
      42.35188477153116,
      41.6948381316044,
      41.9708606252593,
      40.78514595818041
    ],
    "test_loss": [
      1.4280607402324677,
      0.9153624773025513,
      0.7802420854568481,
      0.8628716468811035,
      0.7212935015559196,
      1.0035974085330963,
      0.8815881758928299,
      0.786467894911766,
      0.9058747440576553,
      0.9859218150377274,
      0.8594344258308411,
      0.7866892367601395,
      0.8566144555807114,
      0.9656665027141571,
      0.8042401522397995,
      0.9421376287937164,
      0.880988210439682,
      0.7237276136875153,
      0.9162681251764297,
      0.8082759827375412,
      0.7392447292804718,
      0.8752858340740204,
      0.9141435474157333,
      0.8687699288129807,
      0.8025582283735275,
      1.0408444255590439,
      0.8240851908922195,
      0.8159656822681427,
      0.8228525668382645,
      0.9897940754890442,
      0.8216454386711121,
      0.7465935498476028,
      0.7986232191324234,
      1.0716549009084702,
      0.9151989668607712,
      0.8818585723638535,
      0.7887949794530869,
      0.8508276045322418,
      0.8242059051990509,
      0.9359654039144516
    ],
    "test_acc": [
      15.27341332363773,
      9.895979165019023,
      10.419219972042825,
      8.828855923734505,
      11.268955530223627,
      7.551090900151323,
      8.84119280473701,
      9.747909026421105,
      8.48787208448317,
      8.07960491536642,
      9.099929863340702,
      9.79303525865061,
      8.998762664181259,
      8.10492718124498,
      9.519772507211165,
      8.13802568224273,
      8.772764192716169,
      10.626189325302068,
      8.668000575693805,
      9.726992383459402,
      10.22050708095651,
      8.716156019041348,
      8.661312937548596,
      8.964747472679962,
      9.542075684383027,
      7.376037671440094,
      9.47233133099308,
      9.367239074604736,
      9.30515641673929,
      7.6485609800717755,
      9.2340804726009,
      10.510236119556586,
      9.528404612723469,
      7.329595752237785,
      8.288834800794692,
      8.636056729661371,
      9.686088600490335,
      9.018073027458735,
      9.471760070226955,
      8.31700330216017
    ]
  }
}