{
  "config": {
    "seed": 42,
    "bs_train": 16,
    "bs_test": 4,
    "batches": 100,
    "epochs": 40,
    "early_stopping": 10,
    "checkpoints": null,
    "lr": 0.0005,
    "print_every": 100,
    "h_dim": 256,
    "z_dim": 20,
    "betas": [
      0.1,
      0.1
    ],
    "kw": {},
    "RTplot": false,
    "out_dir": "./results/Res8/",
    "run_name": "MEGA_RUNh_256z_20s_0.95",
    "x_sigma2": 0.95
  },
  "results": {
    "num_epochs": 0,
    "train_loss": [
      1.3774434089660645,
      0.5305785199006399,
      0.24686194509267806,
      0.19062513013680776,
      0.1840938632686933,
      0.17737942586342495,
      0.17383011827866238,
      0.17187979221343994,
      0.17041082282861073,
      0.1711958959698677,
      0.16571973711252214,
      0.16501865337292354,
      0.16389500200748444,
      0.16294908970594407,
      0.16014087746540706,
      0.15652800103028616,
      0.1573524807890256,
      0.15559550871451697,
      0.15200837949911752,
      0.15094719380140303,
      0.15036795834700267,
      0.14867516607046127,
      0.14412511338790257,
      0.14396602337559064,
      0.14497268746296565,
      0.14170353934168817,
      0.14388051107525826,
      0.14184160282214484,
      0.14075110604365668,
      0.1402923824886481,
      0.1416333702703317,
      0.13727375815312068,
      0.13765492737293245,
      0.13541947230696677,
      0.13669885868827503,
      0.13544847468535107,
      0.131817943106095,
      0.1338055933515231,
      0.13180849924683571,
      0.13571377247571945
    ],
    "train_acc": [
      26.445282104091618,
      29.45864192357379,
      31.177010677850326,
      33.45725814838404,
      34.72328489709286,
      36.03432058971241,
      36.87589830451225,
      37.08762403373587,
      37.506543239604035,
      37.408483606197564,
      38.535227202089345,
      38.57011499734275,
      38.83370981253081,
      39.18163594215742,
      39.88900192675212,
      40.650234172168375,
      40.57782234398914,
      41.040753755207774,
      41.99178648855852,
      42.406742387657566,
      42.601488144550075,
      42.99687347989008,
      44.256446422962796,
      44.29740201932488,
      44.07771819752784,
      44.90115789616154,
      44.44668718454539,
      44.92828112473184,
      45.10445721505933,
      45.383125736115446,
      45.17350147590548,
      46.32856124619968,
      46.29440497078029,
      46.973559929645575,
      46.546234032327625,
      47.14196188285975,
      48.24920343909699,
      47.58816085807556,
      48.24989076288517,
      47.12400427329217
    ],
    "test_loss": [
      1.2317999601364136,
      0.7815515547990799,
      0.8020316660404205,
      0.6363480240106583,
      0.6661858409643173,
      0.7469304800033569,
      0.8613952994346619,
      0.794064924120903,
      0.8389332294464111,
      0.782329261302948,
      0.8111667484045029,
      0.7018124759197235,
      0.7028562873601913,
      0.9566505402326584,
      0.6898234486579895,
      0.7872900068759918,
      0.750450000166893,
      0.6547108441591263,
      0.8151556849479675,
      0.6929295510053635,
      0.7019536793231964,
      0.8461633920669556,
      0.7876055836677551,
      0.7576645910739899,
      0.7092624306678772,
      0.8909256160259247,
      0.7775222361087799,
      0.6967968493700027,
      0.7514271587133408,
      0.8233525604009628,
      0.7414084076881409,
      0.6827209442853928,
      0.7138239294290543,
      0.8234493583440781,
      0.7950471639633179,
      0.7438865005970001,
      0.6863833069801331,
      0.7567892372608185,
      0.7623491734266281,
      0.7820746600627899
    ],
    "test_acc": [
      21.882389051565497,
      11.476140775561278,
      9.962605393287658,
      12.145345732658042,
      11.780832504501067,
      10.296819033068575,
      9.072642664933714,
      9.64151373699421,
      9.038068410225323,
      9.93233121133417,
      9.621966346076976,
      11.15699828126054,
      10.889234875756289,
      8.019719405077907,
      11.0193828803149,
      9.824395720979007,
      10.12624884659426,
      11.667433402664264,
      9.499184322230708,
      11.315460743122319,
      10.776766100602568,
      8.996889278399859,
      9.82451014226949,
      10.205163013098101,
      10.708556862490934,
      8.560320353330823,
      10.111235125088676,
      10.862030880185465,
      10.268579986292789,
      9.32785760582217,
      10.24438028095726,
      11.462642275723631,
      10.809108605070485,
      9.445220234785811,
      9.529311014393478,
      10.414298011794823,
      11.01998579162857,
      10.286451092086226,
      10.067890984239645,
      9.832074815807035
    ]
  }
}