{
  "config": {
    "seed": 42,
    "bs_train": 8,
    "bs_test": null,
    "batches": 100,
    "epochs": 100,
    "early_stopping": 10,
    "checkpoints": null,
    "gen_lr": 0.0008,
    "des_lr": 0.0005,
    "print_every": 10,
    "generator_optim": "SGD",
    "dsc_optim": "SGD",
    "h_dim": 256,
    "z_dim": 128,
    "kw": {},
    "RTplot": false,
    "data_label": 1,
    "label_noise": 0.3,
    "out_dir": "./results/Res7/",
    "run_name": "Gan_Tain_1outof2DSC_SGDGEN_SGDgenlr_0.0008deslr0.0005"
  },
  "results": {
    "num_epochs": 100,
    "generator_loss": [
      0.6613138673910454,
      0.6397596731114743,
      0.609305621083103,
      0.5718084271274396,
      0.5314758384405677,
      0.4867788330832524,
      0.4421142584352351,
      0.39514292042646837,
      0.34968165897611364,
      0.3023279309272766,
      0.25899418810410285,
      0.2183373265746814,
      0.1849870119077056,
      0.15457002974268216,
      0.13032884295306987,
      0.11113455502399758,
      0.09496216186836584,
      0.08138021915706235,
      0.07003267565325125,
      0.06370709091424942,
      0.054059742491191894,
      0.04808446637062884,
      0.042750374205521684,
      0.038357745133229156,
      0.035160794798562774,
      0.031093935329300253,
      0.029370303502056137,
      0.026280581978942032,
      0.02328695668213403,
      0.02151677006883408,
      0.02060974255871417,
      0.018480953996750846,
      0.016642926066224254,
      0.015848721655558295,
      0.014665654137619395,
      0.013195471601810917,
      0.012101205733062616,
      0.01099815332233461,
      0.010765996497513643,
      0.010469751279634325,
      0.009554554889006401,
      0.00874638316958253,
      0.008959787814363615,
      0.008456048555672169,
      0.008090255483150927,
      0.008093178446001527,
      0.007751500852572829,
      0.008028951202477538,
      0.007543108488585967,
      0.006942394335490109,
      0.006711459558790744,
      0.006893729415736092,
      0.007093563787083128,
      0.006523562664749907,
      0.006308687051563565,
      0.006032623204666732,
      0.005464375748841175,
      0.005231596001270992,
      0.004907285134349741,
      0.005084510691074738,
      0.004534153941907545,
      0.004275342247990975,
      0.004327700987680635,
      0.00418696134809905,
      0.004216689334959904,
      0.003931273428250605,
      0.0038845935183118526,
      0.0037914083457426793,
      0.0037675713703258715,
      0.0037667064566109607,
      0.004184387742416628,
      0.00410208977244572,
      0.0039895330659989545,
      0.004396897420954348,
      0.004483930439924571,
      0.004279761144251965,
      0.004078114335772706,
      0.004068440997472673,
      0.0038467676156381174,
      0.0036437039527652867,
      0.003611636108287902,
      0.003345579906269463,
      0.0030860115336115235,
      0.0029807009129548694,
      0.0031572790058857912,
      0.0033043842248396196,
      0.0034436943016445906,
      0.0033432452925550404,
      0.0029529306842987217,
      0.002558863850366046,
      0.002595254348646571,
      0.0025376905026887335,
      0.002853063383459378,
      0.002819151367380548,
      0.0026292107380759804,
      0.0027639000544519123,
      0.0026928377407255456,
      0.0025627178925353646,
      0.0023793142094318547,
      0.002233623855385874
    ],
    "descriminator_loss": [
      1.346597418856265,
      1.2868569235303509,
      1.2227138369830686,
      1.1608357020278475,
      1.0908590359474295,
      1.025826359862712,
      0.9701790551641094,
      0.922907146055307,
      0.8871851688000694,
      0.8604118236854895,
      0.8230141330121169,
      0.7860482637561969,
      0.7785341339324837,
      0.7557740985457577,
      0.7514556859856221,
      0.7361537004584697,
      0.7481340401208223,
      0.7223375799940593,
      0.7349629597877388,
      0.7376229473903998,
      0.7212854419181596,
      0.7351203720961044,
      0.7233907144461105,
      0.7476344998203107,
      0.7109305000127252,
      0.7383414417950075,
      0.7232885178345353,
      0.7162054585876749,
      0.7056426170156963,
      0.7188580529903298,
      0.7215041553796228,
      0.7042696653906979,
      0.7091196143805091,
      0.7175159756817034,
      0.68526634885304,
      0.6965168692282776,
      0.6715268296981926,
      0.7181446472210671,
      0.7134380442882652,
      0.6948299826081119,
      0.6670401194202367,
      0.7191159871976767,
      0.6804414907498146,
      0.6807039371177331,
      0.702496196796645,
      0.7243526800354915,
      0.7123645815386701,
      0.7089615846747783,
      0.679562382733644,
      0.6737579827878013,
      0.702961471988194,
      0.7356549630414194,
      0.7129352390766144,
      0.6410185596836147,
      0.7039792773438923,
      0.704316437689226,
      0.6443091573110268,
      0.6799923724202968,
      0.7028803042511442,
      0.6802866427756068,
      0.6599180787356932,
      0.6653038387867942,
      0.6741154420731673,
      0.670038781059322,
      0.6544893517423032,
      0.6694511700032363,
      0.6699765213389894,
      0.6579646267997685,
      0.6670156899672836,
      0.7195555154067367,
      0.7311181537250975,
      0.6745016459208816,
      0.6866626063389565,
      0.7746883750851474,
      0.6805125301453605,
      0.6882618501115201,
      0.6768893817467476,
      0.6697761710010358,
      0.6572526235189011,
      0.6972832879913387,
      0.7053993388788024,
      0.652387810287191,
      0.6654822830833605,
      0.7378975219690977,
      0.6626598118846097,
      0.69837273412676,
      0.6982262921867086,
      0.6710513460991988,
      0.6551007922015973,
      0.6714302981967357,
      0.6634871755073319,
      0.7052736909531835,
      0.7141729793441829,
      0.6507707304918944,
      0.6841670301423144,
      0.6468392650582897,
      0.6962913292557446,
      0.6875841154981015,
      0.6589207159939097,
      0.6762723589121405
    ]
  }
}