{
  "config": {
    "seed": 42,
    "bs_train": 16,
    "bs_test": 4,
    "batches": 100,
    "epochs": 40,
    "early_stopping": 10,
    "checkpoints": null,
    "lr": 0.0005,
    "print_every": 100,
    "h_dim": 128,
    "z_dim": 50,
    "betas": [
      0.1,
      0.1
    ],
    "kw": {},
    "RTplot": false,
    "out_dir": "./results/Res7/",
    "run_name": "MEGA_RUNh_128z_50lr_0.0005",
    "x_sigma2": 0.95
  },
  "results": {
    "num_epochs": 0,
    "train_loss": [
      1.5842815438906352,
      0.9729727327823638,
      0.6445128162701924,
      0.46653220256169636,
      0.36093036035696663,
      0.2895487720767657,
      0.24400469313065212,
      0.2143089885512988,
      0.1926033819715182,
      0.18482428938150405,
      0.17426639099915822,
      0.16618289252122243,
      0.16499825517336528,
      0.15864577690760295,
      0.15438360770543416,
      0.15174188415209452,
      0.1509661724170049,
      0.1527364085117976,
      0.14771906460324924,
      0.14701062341531118,
      0.1470028740664323,
      0.14307920237382252,
      0.1433716394007206,
      0.14107528800765673,
      0.1410778063038985,
      0.13917168801029522,
      0.13785719747344652,
      0.13736243918538094,
      0.13424378434816997,
      0.13584730724493663,
      0.13384368817011516,
      0.1326213484009107,
      0.12921968922019006,
      0.132954853028059,
      0.13128096635142963,
      0.12537763317426046,
      0.12811952481667202,
      0.1269120119512081,
      0.1281270205974579,
      0.12723363166054089
    ],
    "train_acc": [
      26.680228758977417,
      30.337464377639805,
      32.827812020845876,
      34.32725857458194,
      35.24738780481545,
      36.20968004530407,
      36.90221887283911,
      37.75196679178674,
      38.72525245404739,
      38.33793889051321,
      39.379529824523864,
      40.18694036743591,
      40.10853455892955,
      41.08003553606365,
      42.03194126258514,
      42.37830194091758,
      42.60041727229483,
      42.092540044882526,
      43.44379614344128,
      43.61530472843006,
      43.644878421358115,
      44.66930742893874,
      44.689158398847695,
      45.14375452200395,
      45.197826173610096,
      45.958351278191124,
      46.335624276530105,
      46.318135721548536,
      47.523732853996236,
      46.77126904443377,
      47.717728450401715,
      48.04356562298625,
      49.37317380271807,
      47.97118575440719,
      48.76129133294897,
      50.76806722085779,
      49.90286731361029,
      50.387708901590706,
      49.9890218795914,
      50.197449985146
    ],
    "test_loss": [
      1.577134221792221,
      1.195139080286026,
      1.1563916206359863,
      0.9561541229486465,
      0.8271362781524658,
      0.7483146488666534,
      0.749352216720581,
      0.8046300560235977,
      0.7799772173166275,
      0.7632298767566681,
      0.7299246340990067,
      0.650611937046051,
      0.7606566697359085,
      0.7467808276414871,
      0.6549599319696426,
      0.7279769033193588,
      0.6960329413414001,
      0.6921496987342834,
      0.780611202120781,
      0.7302854210138321,
      0.627423569560051,
      0.5919486284255981,
      0.7829024791717529,
      0.6501367837190628,
      0.6601341515779495,
      0.6753941625356674,
      0.8182480186223984,
      0.7271086722612381,
      0.6649420037865639,
      0.6561229228973389,
      0.8469926416873932,
      0.7609798312187195,
      0.6667487472295761,
      0.7096389085054398,
      0.7893333584070206,
      0.6891503036022186,
      0.6903065890073776,
      0.7076414078474045,
      0.6648242920637131,
      0.7188325226306915
    ],
    "test_acc": [
      21.358595888682053,
      12.521489721929994,
      9.883332583482067,
      10.290588914020612,
      11.210791445659732,
      11.632624806127005,
      11.184135723960418,
      9.998696325500717,
      10.332253192863519,
      10.807964675703868,
      10.584953129948214,
      11.85174135566678,
      10.120956727439637,
      10.653916435392075,
      11.74979612237012,
      10.419750807708358,
      10.938429666869776,
      11.440048196072365,
      9.770666849497532,
      10.502822482886431,
      12.152106853746528,
      12.99971077228504,
      9.719186458206332,
      12.025409855991349,
      11.65349656890659,
      11.197775909646444,
      9.279173991070683,
      10.73710057270155,
      11.721803404652228,
      11.792784426721967,
      9.059996493679431,
      10.046682356124416,
      11.339702822811978,
      10.866357464334797,
      10.01818013164336,
      11.021077428264377,
      10.950647169000211,
      10.859527973916446,
      11.708607693447387,
      10.597307584487298
    ]
  }
}