{
  "config": {
    "seed": 42,
    "bs_train": 16,
    "bs_test": 4,
    "batches": 100,
    "epochs": 40,
    "early_stopping": 10,
    "checkpoints": null,
    "lr": 0.0005,
    "print_every": 100,
    "h_dim": 256,
    "z_dim": 20,
    "betas": [
      0.1,
      0.1
    ],
    "kw": {},
    "RTplot": false,
    "out_dir": "./results/Res7/",
    "run_name": "MEGA_RUNh_256z_20lr_0.0005",
    "x_sigma2": 0.95
  },
  "results": {
    "num_epochs": 0,
    "train_loss": [
      1.3762828409671783,
      0.5396414130926133,
      0.24340166350205739,
      0.1886920283238093,
      0.18106878449519476,
      0.1767082596818606,
      0.17281148384014766,
      0.1712538277109464,
      0.16944393813610076,
      0.1705404117703438,
      0.165924567480882,
      0.1639918918410937,
      0.16398481279611588,
      0.1629252811272939,
      0.16105263978242873,
      0.15828159203131995,
      0.15968280633290607,
      0.15783271690209708,
      0.15417493532101315,
      0.15304882203539213,
      0.15277249266703924,
      0.14942726194858552,
      0.14546335265040397,
      0.1444703203936418,
      0.1460203893482685,
      0.142384056498607,
      0.14525397668282192,
      0.1419411597152551,
      0.1416117678085963,
      0.1413389096657435,
      0.14172924707333248,
      0.13758522098263104,
      0.13769328718384108,
      0.13538841754198075,
      0.13708563620845476,
      0.13571451033155124,
      0.13219388698538145,
      0.13442884087562562,
      0.13274409597118694,
      0.13658741787075995
    ],
    "train_acc": [
      26.56312977382796,
      29.60018489228075,
      32.21924665716118,
      33.86037642908552,
      35.23104522349627,
      36.163412245736005,
      37.018247862063006,
      37.21133235386552,
      37.679707200379,
      37.57511221172258,
      38.46409524941734,
      38.78777750725034,
      38.79853868654703,
      39.1855132935014,
      39.63355912066168,
      40.20124118905057,
      39.99987996364232,
      40.46954972462142,
      41.4146721530599,
      41.83622762374963,
      41.88437651377919,
      42.81704958886701,
      43.89461023903211,
      44.14903331770096,
      43.662382686002196,
      44.726251210250766,
      44.03359686982647,
      44.86585705772554,
      44.830669337564,
      45.0141589348191,
      45.09426142732464,
      46.24696186039692,
      46.33412445245677,
      46.95748673160035,
      46.3627722591132,
      47.04711774502391,
      48.10681658811454,
      47.38903579461749,
      47.91872312079916,
      46.82822576067192
    ],
    "test_loss": [
      1.3103630542755127,
      0.7861486375331879,
      0.8243622928857803,
      0.875881016254425,
      0.6272376999258995,
      0.7581988126039505,
      0.9132680743932724,
      0.7177474498748779,
      0.821635901927948,
      0.7989316582679749,
      0.8048876076936722,
      0.7105094790458679,
      0.7649250775575638,
      0.9156688749790192,
      0.6749120354652405,
      0.775481641292572,
      0.7280218005180359,
      0.7016246914863586,
      0.9057233780622482,
      0.7386697083711624,
      0.6722255349159241,
      0.8601887971162796,
      0.7917077913880348,
      0.7508409917354584,
      0.7603264302015305,
      0.9410572946071625,
      0.8024600148200989,
      0.808794692158699,
      0.7690505236387253,
      0.8360463082790375,
      0.7746072113513947,
      0.7370652407407761,
      0.7061477154493332,
      0.8228439539670944,
      0.7580744177103043,
      0.7712282985448837,
      0.7093636095523834,
      0.7339446842670441,
      0.78585185110569,
      0.7908087223768234
    ],
    "test_acc": [
      18.57001270459587,
      11.896495890077821,
      9.426464591943482,
      8.845289995960997,
      12.777878375544226,
      10.085375666895766,
      8.571440450973753,
      10.911327138406849,
      9.343403782498816,
      9.730886588909492,
      9.598965679386778,
      10.917840578440567,
      10.050709057169767,
      8.480085048126169,
      11.305844005892862,
      9.997976109832289,
      10.561097618120861,
      10.833280434799077,
      8.648910693826894,
      10.421657280850761,
      11.296212328411615,
      8.83898966830201,
      10.2628567640617,
      10.348175313177036,
      10.13143067097551,
      8.057758868866376,
      9.827236631025345,
      9.421480548962137,
      10.054233977192647,
      9.221220635446377,
      9.778638395217627,
      10.438468132028367,
      10.863111366405258,
      9.43884823715017,
      9.99083585624173,
      10.005316313664188,
      10.735245763054342,
      10.822618583585694,
      9.774813714771478,
      9.775160435805168
    ]
  }
}