{
  "config": {
    "seed": 42,
    "bs_train": 16,
    "bs_test": 4,
    "batches": 100,
    "epochs": 40,
    "early_stopping": 10,
    "checkpoints": null,
    "lr": 0.0005,
    "print_every": 100,
    "h_dim": 128,
    "z_dim": 20,
    "betas": [
      0.1,
      0.1
    ],
    "kw": {},
    "RTplot": false,
    "out_dir": "./results/Res7/",
    "run_name": "MEGA_RUNh_128z_20lr_0.0005",
    "x_sigma2": 0.95
  },
  "results": {
    "num_epochs": 0,
    "train_loss": [
      1.1860875030358633,
      0.4384927819172541,
      0.22774214347203572,
      0.1859639714161555,
      0.17997407913208008,
      0.1742958719531695,
      0.17213617463906605,
      0.1670549511909485,
      0.16178257117668787,
      0.16130887866020202,
      0.16100700497627257,
      0.15938127686580023,
      0.15503522356351215,
      0.15361495092511177,
      0.15179963385065395,
      0.14963640347123147,
      0.14683608983953794,
      0.14896078854799272,
      0.146168851852417,
      0.14214071358243624,
      0.14488495861490566,
      0.14054306248823803,
      0.1407835677266121,
      0.13882116650541623,
      0.14052981932957967,
      0.1376843844850858,
      0.13606111779809,
      0.13280824522177379,
      0.13431499476234118,
      0.13332019373774529,
      0.13254586358865103,
      0.1317527731259664,
      0.1316813660164674,
      0.129741337398688,
      0.12832018062472345,
      0.1288203316430251,
      0.12778185655673344,
      0.12677198772629103,
      0.12707836975653966,
      0.1268561730782191
    ],
    "train_acc": [
      26.711915707771176,
      30.402422975039052,
      32.74775975380221,
      34.50945045151965,
      35.62348425843547,
      36.59753131453347,
      37.018492055168544,
      38.114813575816335,
      39.49323512978605,
      39.517957162909575,
      39.66510019114012,
      40.0715530417258,
      40.974582908685264,
      41.61938257235685,
      42.009779558707905,
      42.61973877252839,
      43.33878703985322,
      42.77295574428907,
      43.59609005318675,
      44.909652093370525,
      44.08650124360502,
      45.40927079116579,
      45.18363981292239,
      45.89953324876949,
      45.51292898233949,
      46.23641178786172,
      46.78224494538546,
      47.97587596741949,
      47.37397329418803,
      47.922286244912165,
      48.153880012362244,
      48.32555321939478,
      48.45371818160434,
      49.10991275491718,
      49.43337096872368,
      49.398380769384886,
      50.11390850085402,
      50.34430340366838,
      50.11922092735636,
      50.08665122223446
    ],
    "test_loss": [
      1.06195729970932,
      0.7643334865570068,
      0.7612686902284622,
      0.7193538546562195,
      0.5962366461753845,
      0.7971913516521454,
      0.7114217728376389,
      0.7023032009601593,
      0.6618217974901199,
      0.7933043390512466,
      0.7138956934213638,
      0.8093071579933167,
      0.7717265784740448,
      0.8334622234106064,
      0.7501535415649414,
      0.8092531263828278,
      0.8157269656658173,
      0.6521730124950409,
      0.70074263215065,
      0.6458310484886169,
      0.867346316576004,
      0.7766543179750443,
      0.8256800919771194,
      0.7845407277345657,
      0.8155780583620071,
      0.7943842709064484,
      0.9934612661600113,
      0.763423427939415,
      0.7626416832208633,
      0.7740485072135925,
      0.8367643356323242,
      0.7794292718172073,
      0.7476306855678558,
      0.7898084968328476,
      0.7019474804401398,
      0.7484885007143021,
      0.7834058552980423,
      0.7624341994524002,
      0.8236216008663177,
      0.839525431394577
    ],
    "test_acc": [
      20.64609601951135,
      11.680998467058599,
      10.083719001713485,
      10.901791235510895,
      12.775108239149363,
      9.664239405959592,
      10.802279444971553,
      10.992481380410775,
      11.46428399235603,
      9.673605842560502,
      10.595463975032606,
      9.516230737836832,
      10.016066615105437,
      9.086322074956952,
      10.36223210264462,
      9.434098209544173,
      9.30849651601291,
      11.628090061634584,
      10.801765900143808,
      11.965212551682871,
      9.076752463567754,
      9.935450512174036,
      9.221224605907489,
      9.999572354138824,
      9.48427574711665,
      9.812774535929021,
      7.76022640231647,
      9.95359831213381,
      10.032715947385778,
      9.817581244268403,
      9.178126007180799,
      9.741729287776604,
      10.292578974671198,
      9.643305798525292,
      10.950649931997265,
      10.479671607337796,
      9.700218544987978,
      10.180850666519662,
      9.262501881259373,
      9.021409498097189
    ]
  }
}