{
  "config": {
    "seed": 12,
    "bs_train": 8,
    "bs_test": null,
    "batches": 100,
    "epochs": 100,
    "early_stopping": 10,
    "checkpoints": null,
    "gen_lr": 0.001,
    "des_lr": 0.001,
    "print_every": 100,
    "generator_optim": "SGD",
    "dsc_optim": "SGD",
    "h_dim": 256,
    "z_dim": 128,
    "kw": {},
    "RTplot": false,
    "data_label": 1,
    "label_noise": 0.3,
    "out_dir": "results/",
    "run_name": "Gan_First_Run"
  },
  "results": {
    "num_epochs": 100,
    "generator_loss": [
      0.6158235918230085,
      0.45752645250576646,
      0.3411080939556236,
      0.24933669460353566,
      0.18174678598766897,
      0.13121505559825186,
      0.09927206597666242,
      0.07736389038722906,
      0.05794941961987695,
      0.04546522249036761,
      0.03348672139778066,
      0.026757842541408183,
      0.024996670685819726,
      0.023140098121184022,
      0.0188199884272111,
      0.015252997806823966,
      0.0129103939424255,
      0.011789217924893791,
      0.009417418230658592,
      0.0073205785784147565,
      0.006931618363387994,
      0.007205951416781589,
      0.0065392222213767354,
      0.006448383658512759,
      0.006637318838220924,
      0.0060489891694664065,
      0.004536521304815785,
      0.003934134920336195,
      0.0033353913172301073,
      0.002918194652771327,
      0.0028723898420193747,
      0.0029976318621618755,
      0.002921928823647548,
      0.0033743759554657918,
      0.003009532491412403,
      0.002714481388927618,
      0.0026477223832104633,
      0.0026467129546426126,
      0.0024217827030137847,
      0.0023506649564812654,
      0.002094640085515358,
      0.0018514776758766218,
      0.0017467047306778494,
      0.0015481200639102886,
      0.0014111204281338115,
      0.0015631497667323965,
      0.0017458957797194371,
      0.0016773710089888591,
      0.0014370321322218584,
      0.0014198732609276784,
      0.0013283890317569472,
      0.0014526398883743295,
      0.0013789662121753417,
      0.0015295495299983825,
      0.0014619124365219875,
      0.0013517342810171532,
      0.0013596942099228279,
      0.0011931153608541658,
      0.0009551121985345189,
      0.001009897734629296,
      0.0011067808025391466,
      0.0009800108947179544,
      0.0008620050085930904,
      0.0006873649857771486,
      0.000637346867788166,
      0.000455874595235088,
      0.00038364175194526896,
      0.00034253660015198887,
      0.000283491019760745,
      0.0002646410723526114,
      0.00029673565912352346,
      0.00022552294614064549,
      0.0002626811711068974,
      0.0002453208739396685,
      0.00016800852988954328,
      0.00022151079024500977,
      0.00034439536080862495,
      0.0004939621869551102,
      0.0005078577404362219,
      0.0004317917715090869,
      0.0004536474615321564,
      0.0006224332206166669,
      0.00044739103325253435,
      0.00038202402638896964,
      0.00041073585518135397,
      0.0003560185610532149,
      0.0003465979369600484,
      0.0002327621897070933,
      0.00027395994771695905,
      0.00029373582588932686,
      0.00027335423467083096,
      0.00021306952807371185,
      0.00022203761996499806,
      0.00017365104479301693,
      0.00019272965187495296,
      0.00022118713523421103,
      0.00022692693142852842,
      0.0002066438437531591,
      0.0002418620235620261,
      0.0003255984835837509
    ],
    "descriminator_loss": [
      1.24517482074339,
      0.9861088928891651,
      0.8179652441793414,
      0.7629086811151078,
      0.7392387132146465,
      0.7478970600597894,
      0.7378716197476458,
      0.7228238649332701,
      0.702304292525818,
      0.7184216913892262,
      0.6982187949009796,
      0.7197608373947998,
      0.7221709271865104,
      0.7110812459419023,
      0.6789182718120405,
      0.7184147621268657,
      0.7321827594024032,
      0.7013290942604862,
      0.6988169840022699,
      0.7093957333422419,
      0.7160052176731736,
      0.7153423935619753,
      0.7030031245146224,
      0.6872453694023303,
      0.7293832862555091,
      0.6807708290975485,
      0.6983324947641857,
      0.7053001901107048,
      0.6600593217273256,
      0.7082438473381213,
      0.6601611140059002,
      0.6704038497227341,
      0.7204639395671104,
      0.7280601512140302,
      0.6642706594360408,
      0.6742184691464723,
      0.6914829113590184,
      0.694891001306363,
      0.6897482115830949,
      0.7289909991755414,
      0.6805425766688674,
      0.7035937251439736,
      0.647110685928544,
      0.7012233840885447,
      0.717874861475247,
      0.6801175145960566,
      0.681255160872616,
      0.6774338190235308,
      0.7103832146125053,
      0.7203790300817632,
      0.6970304508707417,
      0.7017767714030707,
      0.7165001911013874,
      0.6827376951922232,
      0.7103023075345737,
      0.6899819396325012,
      0.7119396813769838,
      0.6877330964180961,
      0.7269748711763923,
      0.7241195644905318,
      0.6534399906201149,
      0.6798474806458202,
      0.6399673948537058,
      0.6707235601410937,
      0.6422355206155065,
      0.6427018175374216,
      0.6420595672593188,
      0.666166556860084,
      0.6978417457039676,
      0.7205623606247689,
      0.6693214742995021,
      0.6698276658556355,
      0.7100852567758134,
      0.6660218358929477,
      0.7068374708517274,
      0.6869111225676181,
      0.7330663004028264,
      0.6878440678119659,
      0.738611436601895,
      0.6822121614840493,
      0.6836321549629097,
      0.648826549747097,
      0.7076336768136096,
      0.6507964748055187,
      0.6805069566662632,
      0.663582280945422,
      0.6916890566918388,
      0.6866019715124102,
      0.7198823432424175,
      0.6911295234267392,
      0.6750981736539016,
      0.684783315480645,
      0.6797752451540818,
      0.6901782542022307,
      0.7488043103645097,
      0.6941343425814785,
      0.6243050552126187,
      0.6805606626752597,
      0.7473901661474314,
      0.7425743568299422
    ]
  }
}