{
  "config": {
    "out_dir": "./results",
    "seed": 42,
    "bs_train": 32,
    "bs_test": 8,
    "batches": 100,
    "epochs": 30,
    "early_stopping": 3,
    "checkpoints": null,
    "lr": 0.0005,
    "h_dim": 256,
    "z_dim": 5,
    "betas": [
      0.1,
      0.1
    ],
    "kw": {},
    "run_name": "MEGA_RUNlr_0.0005s_0.5",
    "x_sigma2": 0.9
  },
  "results": {
    "num_epochs": 0,
    "train_loss": [
      0.5508906602859497,
      0.4049826045831045,
      0.3566986421744029,
      0.34042508800824484,
      0.32573930621147157,
      0.3273752987384796,
      0.3031357616186142,
      0.2988230913877487,
      0.30136875013510384,
      0.29703254997730255,
      0.27671873370806377,
      0.28278494377930957,
      0.28080011705557506,
      0.27928692996501925,
      0.28299157520135243,
      0.2715451369682948,
      0.2733945240577062,
      0.257128898302714,
      0.2702099680900574,
      0.2543155978123347,
      0.2699423134326935,
      0.2588556538025538,
      0.25877411365509034,
      0.25424963533878325,
      0.2555407166481018,
      0.2560055196285248,
      0.24434036513169607,
      0.2509501626094182,
      0.24881477455298107,
      0.2598990728457769
    ],
    "train_acc": [
      9.156408543104902,
      9.962680386235457,
      10.433998124271483,
      10.648775048240823,
      11.307410428518828,
      10.712520842387217,
      11.68441117330631,
      11.733107405757094,
      11.577651574980983,
      11.63252542706152,
      12.289113964850436,
      12.177068381082606,
      12.270771375994583,
      12.159289662873295,
      12.054301757177573,
      12.407560359054093,
      12.518293759692853,
      12.920727985599779,
      12.418747093832572,
      13.160659425315377,
      12.65885834985026,
      13.073141305666184,
      13.039153029407633,
      13.249468390229849,
      13.145935007970182,
      13.28158540686028,
      13.808954189544178,
      13.372452604766098,
      13.484046194296955,
      13.13382610487049
    ],
    "test_loss": [
      0.5263048708438873,
      0.34225474298000336,
      0.3793899118900299,
      0.29370908439159393,
      0.31903044879436493,
      0.30767031013965607,
      0.4424566179513931,
      0.29325075447559357,
      0.25731050968170166,
      0.2603408321738243,
      0.3086462467908859,
      0.2856058031320572,
      0.27097293734550476,
      0.24705955386161804,
      0.26835690438747406,
      0.25942274928092957,
      0.29143012315034866,
      0.3182830363512039,
      0.3217056840658188,
      0.27304551750421524,
      0.2432107776403427,
      0.29655253887176514,
      0.27746953070163727,
      0.24210988730192184,
      0.24839570373296738,
      0.24832312017679214,
      0.31295472383499146,
      0.29398205876350403,
      0.25307126343250275,
      0.2321740761399269
    ],
    "test_acc": [
      10.440263905367956,
      12.95434031813048,
      11.52906302236244,
      13.777561021521068,
      13.24202736518519,
      13.46169434866207,
      9.201683897745959,
      13.427099597556115,
      15.57837926464731,
      15.241583634308693,
      13.116794956898534,
      14.150425583699016,
      14.323828980171896,
      15.836172425285014,
      14.799732181203563,
      15.641369035105122,
      13.933756156904602,
      12.553983337848235,
      12.249576997660704,
      14.745621938174148,
      16.335213056552444,
      13.582735366253385,
      14.346716616274401,
      16.637190789220917,
      15.895365013589535,
      15.72698053080605,
      12.804399635468764,
      13.63583649346519,
      15.708824423658546,
      17.23470671898531
    ]
  }
}