{
  "config": {
    "run_name": "MEGA_RUNbs_16lr_0.005s_0.5",
    "out_dir": "./results",
    "seed": 42,
    "bs_train": 16,
    "bs_test": 4,
    "batches": 100,
    "epochs": 30,
    "early_stopping": 3,
    "checkpoints": null,
    "lr": 0.005,
    "h_dim": 256,
    "z_dim": 5,
    "betas": [
      0.1,
      0.1
    ],
    "kw": {},
    "x_sigma2": 0.9
  },
  "results": {
    "num_epochs": 0,
    "train_loss": [
      1043107039185033.6,
      0.5676464060942332,
      0.3957330683867137,
      0.35825351377328235,
      0.3541137715180715,
      0.3545079936583837,
      0.36990824341773987,
      0.3619704395532608,
      0.3645723481973012,
      0.362148384253184,
      0.3604899913072586,
      0.3582738349835078,
      0.35855441391468046,
      0.35719929337501527,
      0.35659133791923525,
      0.35557249983151756,
      0.3554609636465708,
      0.355288236339887,
      0.35533086756865184,
      0.35402789811293284,
      0.35428379774093627,
      0.35396875242392223,
      0.3542428344488144,
      0.3559871623913447,
      0.3540077735980352,
      0.35410403509934746,
      0.3545567363500595,
      0.35473104814688367,
      0.3540480216344198,
      0.3538465271393458
    ],
    "train_acc": [
      13.219095648080026,
      16.77227149282434,
      19.00365268910999,
      20.543439976562183,
      20.98143918272038,
      21.18583674420457,
      19.92271942184406,
      20.308296370318054,
      20.264642734373293,
      20.416684833722197,
      20.478711990764754,
      20.54372795492835,
      20.567602755874812,
      20.694952339973813,
      20.679099507949406,
      20.707106169715598,
      20.791186512087314,
      20.751472423053976,
      20.80834933292261,
      20.822308442981843,
      20.88636388538836,
      20.943825814728147,
      20.807578918491238,
      20.69992070951338,
      20.831711112803703,
      20.914968914240482,
      20.876347813935308,
      20.787080465945145,
      20.889859934416513,
      20.881281965535795
    ],
    "test_loss": [
      0.438330814242363,
      0.5501184239983559,
      0.3484233096241951,
      0.32849590480327606,
      0.39829227328300476,
      0.35717862844467163,
      0.3463928624987602,
      0.36066608875989914,
      0.3623002842068672,
      0.35111232846975327,
      0.3486654609441757,
      0.3856256902217865,
      0.3508841544389725,
      0.3506499007344246,
      0.3394690826535225,
      0.3488988131284714,
      0.3702377900481224,
      0.3356238082051277,
      0.34376661479473114,
      0.34749723970890045,
      0.3511178120970726,
      0.35678255558013916,
      0.34030579775571823,
      0.3512239307165146,
      0.34859126061201096,
      0.3553925082087517,
      0.3596293702721596,
      0.3425094559788704,
      0.36452632397413254,
      0.4020121842622757
    ],
    "test_acc": [
      21.708227953840627,
      19.331677163428534,
      25.807894642738063,
      27.936105524630648,
      21.944705981073184,
      25.710094538006206,
      25.517029594789292,
      24.71391214203022,
      24.596029001119675,
      25.455723369184376,
      25.379725286562323,
      23.17106745768956,
      25.302635740363222,
      25.252402796855815,
      26.393477005710697,
      25.2360359927674,
      23.556876445919855,
      27.058694319734098,
      25.781824494859972,
      25.406642048921086,
      25.362566730664128,
      24.77507899769567,
      26.45051829460776,
      25.109890165608245,
      25.23651814513743,
      24.844268434542304,
      24.438560583885312,
      25.939115126148042,
      23.98790154361829,
      21.42957853379502
    ]
  }
}