{
  "config": {
    "run_name": "MEGA_RUNbs_16lr_0.01h_128z_2s_0.5",
    "out_dir": "./results",
    "seed": 42,
    "bs_train": 16,
    "bs_test": 4,
    "batches": 100,
    "epochs": 30,
    "early_stopping": 3,
    "checkpoints": null,
    "lr": 0.01,
    "h_dim": 128,
    "z_dim": 2,
    "betas": [
      0.1,
      0.1
    ],
    "kw": {},
    "x_sigma2": 0.5
  },
  "results": {
    "num_epochs": 0,
    "train_loss": [
      NaN,
      NaN,
      NaN,
      NaN,
      NaN,
      NaN,
      NaN,
      NaN,
      NaN,
      NaN,
      NaN,
      NaN,
      NaN,
      NaN,
      NaN,
      NaN,
      NaN,
      NaN,
      NaN,
      NaN,
      NaN,
      NaN,
      NaN,
      NaN,
      NaN,
      NaN,
      NaN,
      NaN,
      NaN,
      NaN
    ],
    "train_acc": [
      10.096930995335867,
      10.8124512138625,
      10.842448390687261,
      10.926564273639316,
      10.989217761065783,
      10.999475482910317,
      11.004532166272044,
      11.006289656663759,
      11.015062784334082,
      11.06818799663965,
      11.063862023928367,
      11.092019751878384,
      11.061080626017944,
      11.143746313361106,
      11.117149139674128,
      11.129704930462117,
      11.104189278104528,
      11.171821446349226,
      11.090564224295335,
      11.105237438413647,
      11.157892372081973,
      11.092021382996244,
      11.133766744036846,
      11.118658400181998,
      11.139499699982062,
      11.11475205071609,
      11.136303223537494,
      11.149556175342854,
      11.1643370976747,
      11.078098080849516
    ],
    "test_loss": [
      NaN,
      NaN,
      NaN,
      NaN,
      NaN,
      NaN,
      NaN,
      NaN,
      NaN,
      NaN,
      NaN,
      NaN,
      NaN,
      NaN,
      NaN,
      NaN,
      NaN,
      NaN,
      NaN,
      NaN,
      NaN,
      NaN,
      NaN,
      NaN,
      NaN,
      NaN,
      NaN,
      NaN,
      NaN,
      NaN
    ],
    "test_acc": [
      13.56965326554568,
      13.573736754676629,
      13.083081657341788,
      12.861305334898002,
      13.712353183811462,
      13.674203505769128,
      13.08710645485618,
      14.384956795710487,
      13.844425275645477,
      13.466292588447544,
      14.2304473370658,
      13.61230624387501,
      14.071345611894976,
      13.13236841797761,
      13.566170412435586,
      13.341190116435104,
      13.943362881704907,
      13.691291995072799,
      13.422941555461893,
      13.36187495460605,
      13.876880345813241,
      14.614880966912942,
      13.737396324260713,
      13.367434556229641,
      14.036001493035457,
      13.7610751626858,
      13.645394016597235,
      13.833814359554472,
      13.59418091162609,
      13.918141684196895
    ]
  }
}