{
  "config": {
    "out_dir": "./results",
    "seed": 42,
    "bs_train": 64,
    "bs_test": 16,
    "batches": 100,
    "epochs": 100,
    "early_stopping": 3,
    "checkpoints": null,
    "lr": 0.001,
    "h_dim": 256,
    "z_dim": 5,
    "betas": [
      0.1,
      0.1
    ],
    "kw": {},
    "run_name": "MEGA_RUNbs_64lr_0.001s_0.9",
    "x_sigma2": 0.9
  },
  "results": {
    "num_epochs": 0,
    "train_loss": [
      1.212574440985918,
      0.529557965695858,
      0.41038938239216805,
      0.39261123165488243,
      0.36653421074151993,
      0.3357615955173969,
      0.3142152391374111,
      0.3061535730957985,
      0.305084690451622,
      0.3091465122997761,
      0.3045155145227909,
      0.30322737246751785,
      0.31617419607937336,
      0.2973819300532341,
      0.3159087747335434,
      0.30179258063435555,
      0.30999287217855453,
      0.31032500974833965,
      0.30083468556404114,
      0.2982082720845938,
      0.2945377714931965,
      0.2887859772890806,
      0.31467566452920437,
      0.28491545282304287,
      0.3056548833847046,
      0.30370262265205383,
      0.2764695007354021,
      0.29242078959941864,
      0.282164404168725,
      0.29680672101676464,
      0.28877403400838375,
      0.2890960071235895,
      0.2731372304260731,
      0.27077117189764977,
      0.28345428965985775,
      0.31059612333774567,
      0.28079208359122276,
      0.2956537287682295,
      0.2853549625724554,
      0.2748120687901974,
      0.30325298197567463,
      0.2745840083807707,
      0.2702662758529186,
      0.29243889078497887,
      0.27811687625944614,
      0.27545250952243805,
      0.27356031723320484,
      0.2786511294543743,
      0.26830058358609676,
      0.2877849154174328,
      0.2752541918307543,
      0.2838323023170233,
      0.26320591010153294,
      0.27920561097562313,
      0.28857301734387875,
      0.2943942751735449,
      0.2895285952836275,
      0.28919089399278164,
      0.27512835152447224,
      0.271711066365242,
      0.26526773162186146,
      0.27546260692179203,
      0.2704461459070444,
      0.26203710958361626,
      0.28606781363487244,
      0.25974210537970066,
      0.2601200770586729,
      0.282631853595376,
      0.29694893956184387,
      0.27245997823774815,
      0.27142326161265373,
      0.27740126475691795,
      0.2831626981496811,
      0.26591646671295166,
      0.274269238114357,
      0.2789668757468462,
      0.26287953183054924,
      0.27538725547492504,
      0.2529429607093334,
      0.27226967364549637,
      0.2733552046120167,
      0.27848233468830585,
      0.27262285351753235,
      0.26309192180633545,
      0.28221494145691395,
      0.2932178322225809,
      0.2725183442234993,
      0.26128893345594406,
      0.27790737710893154,
      0.26630557887256145,
      0.26600146293640137,
      0.26380851306021214,
      0.2757657840847969,
      0.2781139872968197,
      0.27470837906003,
      0.2948209811002016,
      0.26489132829010487,
      0.2740729842334986,
      0.27199904434382915,
      0.2522385064512491
    ],
    "train_acc": [
      4.576449417365183,
      4.659589813494793,
      4.8922895040296766,
      5.0291994037719885,
      5.26658614304453,
      5.400742590628775,
      5.545817944182896,
      5.7204052533912115,
      5.656225089777572,
      5.661861363417785,
      5.733994633519564,
      5.797618859424169,
      5.876667618330117,
      6.083945435359003,
      5.780568578058511,
      6.083982296610114,
      5.847346372979385,
      5.9413476354582135,
      5.963562459518489,
      6.146216921606149,
      6.088322655531057,
      6.18018023984527,
      5.967517404759365,
      6.3927729006442116,
      5.984655510989472,
      6.1486231062029715,
      6.496877040849371,
      6.097156672639503,
      6.421259183577879,
      6.2975928392543565,
      6.321609201220045,
      6.415486234683556,
      6.748450968797688,
      6.572531443426199,
      6.411196078666048,
      5.995303774480302,
      6.4794130704225,
      6.286829405032781,
      6.405164523503081,
      6.653618377938542,
      6.092719720939365,
      6.532728980974568,
      6.693464154161387,
      6.447075225060146,
      6.517393871060051,
      6.770542467093715,
      6.591303937887961,
      6.470902737282675,
      6.698110364390954,
      6.344710562353111,
      6.548952095276225,
      6.544486505730461,
      6.839686120527101,
      6.5972311426765895,
      6.392829992097663,
      6.077990275517119,
      6.3845765134349595,
      6.460214059068922,
      6.574419971696412,
      6.668750120313105,
      6.784733126612918,
      6.585419453144423,
      6.625170635458713,
      6.886599807280929,
      6.28349788361866,
      6.9714143797554105,
      6.974022793077688,
      6.543827897140899,
      6.196927243574779,
      6.705641652396164,
      6.6061842675488585,
      6.666982464431894,
      6.529019853829508,
      6.820821301508863,
      6.629738006173481,
      6.69878429827624,
      6.84485549647482,
      6.53323113535009,
      7.168497818059121,
      6.652924963635866,
      6.515963170080896,
      6.519916428396068,
      6.692415265069135,
      6.897765412947322,
      6.488754151853651,
      6.458954843513385,
      6.704532591867498,
      6.9446417945060865,
      6.484700769273475,
      6.749137017602526,
      6.747262191253099,
      6.919399508369852,
      6.616422088844502,
      6.565060423581807,
      6.62820385764562,
      6.318700303628882,
      6.85332356936077,
      6.703137440075277,
      6.63991913099624,
      7.049379479154275
    ],