{
  "config": {
    "out_dir": "./results",
    "seed": 42,
    "bs_train": 32,
    "bs_test": 8,
    "batches": 100,
    "epochs": 30,
    "early_stopping": 3,
    "checkpoints": null,
    "lr": 0.01,
    "h_dim": 256,
    "z_dim": 5,
    "betas": [
      0.1,
      0.1
    ],
    "kw": {},
    "run_name": "MEGA_RUNlr_0.01s_0.5",
    "x_sigma2": 0.9
  },
  "results": {
    "num_epochs": 0,
    "train_loss": [
      NaN,
      NaN,
      NaN,
      NaN,
      NaN,
      NaN,
      NaN,
      NaN,
      NaN,
      NaN,
      NaN,
      NaN,
      NaN,
      NaN,
      NaN,
      NaN,
      NaN,
      NaN,
      NaN,
      NaN,
      NaN,
      NaN,
      NaN,
      NaN,
      NaN,
      NaN,
      NaN,
      NaN,
      NaN,
      NaN
    ],
    "train_acc": [
      8.751459924336087,
      9.560365177809024,
      9.687254174475589,
      9.7360526743307,
      9.775479022376931,
      9.78635890855761,
      9.79187449270374,
      9.870238351650126,
      9.84078316577079,
      9.880240860387609,
      9.912718868703456,
      9.916247854158579,
      9.861468031434674,
      9.905079078624318,
      9.911996551868079,
      9.915487379533184,
      9.934716703532962,
      9.898204821744681,
      9.908669529604616,
      9.950326653066075,
      9.943062127335466,
      9.958928188184318,
      9.934332553376345,
      9.975842478076588,
      9.951370173854187,
      9.953133552338295,
      9.954936525122505,
      9.976101121219255,
      9.944241558781776,
      10.01281388628479
    ],
    "test_loss": [
      NaN,
      NaN,
      NaN,
      NaN,
      NaN,
      NaN,
      NaN,
      NaN,
      NaN,
      NaN,
      NaN,
      NaN,
      NaN,
      NaN,
      NaN,
      NaN,
      NaN,
      NaN,
      NaN,
      NaN,
      NaN,
      NaN,
      NaN,
      NaN,
      NaN,
      NaN,
      NaN,
      NaN,
      NaN,
      NaN
    ],
    "test_acc": [
      9.600966765577986,
      12.055342482675405,
      11.251433494985855,
      12.078818891693377,
      11.693207619135002,
      11.573351449611117,
      11.90980755698029,
      11.53677167085329,
      12.216783453154845,
      12.162147643567646,
      11.86442883753121,
      12.15378261929205,
      12.024941529411482,
      12.280225691655174,
      11.932530147688311,
      12.066915187799216,
      11.863512736754863,
      12.101127220173144,
      12.02052441324239,
      11.968613577013395,
      12.115318483410647,
      12.12089456844968,
      11.881395006307027,
      12.032106928713004,
      12.212794541943666,
      12.142354985014702,
      12.180694114484751,
      12.198715060849603,
      11.841869373345203,
      12.31053618267342
    ]
  }
}