{
  "config": {
    "out_dir": "./results",
    "seed": 42,
    "bs_train": 32,
    "bs_test": 8,
    "batches": 100,
    "epochs": 30,
    "early_stopping": 3,
    "checkpoints": null,
    "lr": 0.0005,
    "h_dim": 256,
    "z_dim": 5,
    "betas": [
      0.1,
      0.1
    ],
    "kw": {},
    "run_name": "MEGA_RUNlr_0.0005s_0.9",
    "x_sigma2": 0.9
  },
  "results": {
    "num_epochs": 0,
    "train_loss": [
      0.5508010387420654,
      0.40045085151990256,
      0.3540647407372793,
      0.3428037424882253,
      0.3261317869027456,
      0.3238297879695892,
      0.30861343642075856,
      0.3111106425523758,
      0.3079311152299245,
      0.2939339210589727,
      0.296624082326889,
      0.2800389220317205,
      0.2846300760904948,
      0.2851769536733627,
      0.2847299555937449,
      0.28104715049266815,
      0.2890657067298889,
      0.2780557443698247,
      0.2719401329755783,
      0.26072886188824973,
      0.2637994507948557,
      0.25854568084081014,
      0.2573191205660502,
      0.2599174300829569,
      0.26941945950190227,
      0.25625147819519045,
      0.2575029581785202,
      0.2459496070941289,
      0.2486738880475362,
      0.25713557402292886
    ],
    "train_acc": [
      9.149525576841823,
      9.88907213207439,
      10.62977802922352,
      10.546175300963386,
      11.135777299488781,
      11.045139461161526,
      11.270126209995334,
      11.138741361506456,
      11.359033125771171,
      11.82277156364425,
      11.707452936553892,
      12.23512234420209,
      12.049513400956279,
      11.877289588763574,
      12.134441912834752,
      12.05348106098499,
      11.994910222623469,
      12.277929073956072,
      12.501196486773866,
      12.770662952181667,
      12.756891116474025,
      13.140383193518419,
      13.026962236955564,
      13.011165954732705,
      12.63425506505111,
      13.276803246577245,
      13.196695625749843,
      13.631404535016861,
      13.53042053550812,
      13.078393744071343
    ],
    "test_loss": [
      0.5267777442932129,
      0.36534158885478973,
      0.36814597249031067,
      0.30744364857673645,
      0.3396218568086624,
      0.2825856953859329,
      0.3534960597753525,
      0.27470771968364716,
      0.30708134174346924,
      0.28137533366680145,
      0.2831193059682846,
      0.30236993730068207,
      0.40902572870254517,
      0.2703101187944412,
      0.2977280169725418,
      0.25880376249551773,
      0.2785935401916504,
      0.25400884449481964,
      0.25035951286554337,
      0.25003479421138763,
      0.3321390599012375,
      0.2596844434738159,
      0.2642607316374779,
      0.24921206384897232,
      0.2470804676413536,
      0.356189027428627,
      0.2955157905817032,
      0.24512842297554016,
      0.24950747191905975,
      0.24577725678682327
    ],
    "test_acc": [
      10.342737683338536,
      12.929501629442687,
      13.06366707384166,
      13.58346115295863,
      12.34088725746149,
      14.31660434781829,
      11.661516442046146,
      14.729273266520632,
      13.12222412914866,
      14.310464122346328,
      14.30660086128554,
      13.281795830643329,
      9.572517387967165,
      14.524199603029555,
      13.288593299033678,
      15.199858819326842,
      14.003489739432942,
      15.43278527559476,
      15.970801279177138,
      15.740758895817038,
      11.750778612399996,
      15.199744073759103,
      15.09182763053047,
      16.15625786864842,
      16.078080537647775,
      11.358411607311165,
      13.579097780539747,
      16.563024808453484,
      15.80928384895495,
      16.15391878785507
    ]
  }
}