{
  "config": {
    "out_dir": "./results",
    "seed": 42,
    "bs_train": 32,
    "bs_test": 8,
    "batches": 100,
    "epochs": 100,
    "early_stopping": 3,
    "checkpoints": null,
    "lr": 0.005,
    "h_dim": 256,
    "z_dim": 5,
    "betas": [
      0.1,
      0.1
    ],
    "kw": {},
    "run_name": "MEGA_RUNlr_0.005s_0.5",
    "x_sigma2": 0.9
  },
  "results": {
    "num_epochs": 0,
    "train_loss": [
      5.602419295828749e+17,
      0.4505615810553233,
      0.5709913849830628,
      1.1476696530977886,
      0.43513696392377216,
      0.3767557402451833,
      0.38382894595464073,
      0.3626250366369883,
      0.4062977989514669,
      0.37194650173187255,
      0.354690812031428,
      0.36342201630274457,
      0.3614709496498108,
      0.3641066014766693,
      0.37192442615826926,
      0.3671495755513509,
      0.35818465749422707,
      0.3562027116616567,
      0.35440828204154967,
      0.3577410141626994,
      0.3575059771537781,
      0.3569047451019287,
      0.35736108223597207,
      0.3560953040917714,
      0.3541596611340841,
      0.3546589255332947,
      0.3529138425985972,
      0.3567300101121267,
      0.35349737604459125,
      0.353948575258255,
      0.35281496644020083,
      0.35356975396474205,
      0.3519625663757324,
      0.3527461051940918,
      0.35353499253590903,
      0.3529045204321543,
      0.35293609897295636,
      0.3514842689037323,
      0.3574012339115143,
      0.3532382468382517,
      0.35218918323516846,
      0.35294527808825177,
      0.3533037602901459,
      0.3525179704030355,
      0.35326080322265624,
      0.35266823768615724,
      0.35155592759450277,
      0.3515629569689433,
      0.35176754792531334,
      0.35246594150861105,
      0.35170768698056537,
      0.35165008902549744,
      0.3529379367828369,
      0.35100852251052855,
      0.35155335664749143,
      0.3507983903090159,
      0.3515839676062266,
      0.351672758658727,
      0.3512955725193024,
      0.352008585135142,
      0.3512331982453664,
      0.35092669328053794,
      0.350851168235143,
      0.3503661493460337,
      0.3518513023853302,
      0.351579475402832,
      0.35232818524042764,
      0.3517388880252838,
      0.35041835308074953,
      0.35285056034723916,
      0.3519857843716939,
      0.3508871853351593,
      0.350999915599823,
      0.3506325900554657,
      0.35111304322878517,
      0.34973207116127014,
      0.3521973172823588,
      0.35105870962142943,
      0.3508732517560323,
      0.352380500237147,
      0.3509548485279083,
      0.35041238864262897,
      0.3511424501736959,
      0.3513230621814728,
      0.3522035578886668,
      0.3512653589248657,
      0.3509205241998037,
      0.3526057442029317,
      0.3509308675924937,
      0.35067171454429624,
      0.3503955602645874,
      0.3505851189295451,
      0.35081299940745037,
      0.35006978511810305,
      0.3511385361353556,
      0.35156704783439635,
      0.35077984929084777,
      0.3517760376135508,
      0.35077074567476907,
      0.35079204638799033
    ],
    "train_acc": [
      5.885399194426139,
      8.22496587194734,
      8.492398212774958,
      8.644174484233895,
      9.217297473603153,
      9.9132512946255,
      9.565356636531634,
      10.056304673582558,
      9.61692655245341,
      9.92134597374315,
      10.31831931912987,
      10.0217217397925,
      10.080660908951344,
      10.032294631227437,
      10.03479615093737,
      10.256581917318053,
      10.255516951325687,
      10.247831676450527,
      10.261010135323696,
      10.213115647304996,
      10.223504381073145,
      10.236312941598626,
      10.235654763630059,
      10.274261177636097,
      10.337243812686996,
      10.313951781673962,
      10.348638931158648,
      10.275375220428977,
      10.351819547676914,
      10.33820696686102,
      10.355278258329934,
      10.32752234240257,
      10.390889273677725,
      10.38109808841911,
      10.336535433011516,
      10.372773723625855,
      10.401745780572886,
      10.422812600842601,
      10.336824544618487,
      10.353850878758925,
      10.372732979943967,
      10.395422771252615,
      10.346849479028926,
      10.36674567897986,
      10.335143057436964,
      10.413389082412984,
      10.43723214932756,
      10.411489128743392,
      10.389241810186789,
      10.396753225144817,
      10.382770322648211,
      10.409919571530976,
      10.382874105117436,
      10.440519697148886,
      10.433885809088531,
      10.421972633881591,
      10.436805422418354,
      10.395461829032952,
      10.416919619371658,
      10.388460195651406,
      10.428241448832997,
      10.432963219962412,
      10.427564898425544,
      10.447748189664699,
      10.432348902509485,
      10.399261636432344,
      10.380407310136064,
      10.411062831085157,
      10.437453616349657,
      10.367410163638858,
      10.392927177795078,
      10.438595443425468,
      10.433870701521919,
      10.430587115931834,
      10.455390115333518,
      10.457171478378669,
      10.374031045401047,
      10.424192227800509,
      10.446148428922474,
      10.412186128656513,
      10.416266235177764,
      10.46271427065648,
      10.437472251094137,
      10.411002603341805,
      10.414897494049336,
      10.410290718847756,
      10.443004254754518,
      10.430695298277374,
      10.44900469667526,
      10.444377593473028,
      10.44246320331252,
      10.447928049522202,
      10.441345230697083,
      10.515018960800678,
      10.458228797180427,
      10.419079753551534,
      10.432628684243777,
      10.42445179578499,
      10.42604402330302,
      10.421749640086826
    ],