{
  "config": {
    "out_dir": "./results",
    "seed": 42,
    "bs_train": 16,
    "bs_test": 4,
    "batches": 100,
    "epochs": 100,
    "early_stopping": 3,
    "checkpoints": null,
    "lr": 0.005,
    "h_dim": 256,
    "z_dim": 5,
    "betas": [
      0.1,
      0.1
    ],
    "kw": {},
    "run_name": "MEGA_RUNbs_16lr_0.005s_0.9",
    "x_sigma2": 0.9
  },
  "results": {
    "num_epochs": 0,
    "train_loss": [
      1043110689907235.2,
      1.08216004272302,
      0.42447491188844044,
      0.3770494749148687,
      0.3778307348489761,
      0.35980879167715707,
      0.34587971965471903,
      0.3413803289333979,
      0.3484404146671295,
      0.34022564589977267,
      0.3544183760881424,
      0.3630355010430018,
      0.3566204696893692,
      0.36002080539862313,
      0.3595844576756159,
      0.3563076317310333,
      0.35500709116458895,
      0.3553850660721461,
      0.3547959605852763,
      0.355869522690773,
      0.3556666721900304,
      0.3561296453078588,
      0.35355544785658516,
      0.3536794900894165,
      0.35502668817838035,
      0.35551237165927885,
      0.35395030975341796,
      0.35597000221411385,
      0.353983794649442,
      0.35357587138811747,
      0.3534599393606186,
      0.35401567419370017,
      0.3537461777528127,
      0.3537800133228302,
      0.35469601551691693,
      0.35346825420856476,
      0.3531311064958572,
      0.35394715468088783,
      0.35239514807860056,
      0.35408103962739307,
      0.35343117415905,
      0.3530366688966751,
      0.3522869924704234,
      0.35346967975298565,
      0.35378541350364684,
      0.3525954057772954,
      0.35345757404963174,
      0.3535805294911067,
      0.35324302812417346,
      0.3520011285940806,
      0.3521777540445328,
      0.3534473111232122,
      0.3530364175637563,
      0.35290237367153166,
      0.3537887473901113,
      0.3529500643412272,
      0.3528619011243184,
      0.35348852078119913,
      0.3525839686393738,
      0.3528175493081411,
      0.3522485961516698,
      0.3532473733027776,
      0.352912492553393,
      0.3531889150540034,
      0.35302679042021434,
      0.3530298560857773,
      0.35289797087510427,
      0.3539534201224645,
      0.35400787194569905,
      0.35287930369377135,
      0.35359626412391665,
      0.35279574294885,
      0.3547683040301005,
      0.3534136970837911,
      0.3534954150517782,
      0.35314998229344685,
      0.35337230463822683,
      0.35275718371073406,
      0.3542757441600164,
      0.35225958228111265,
      0.35395515263080596,
      0.35327818294366203,
      0.3519548445940018,
      0.3531440993150075,
      0.353514634569486,
      0.3547993540763855,
      0.353884345293045,
      0.3530356377363205,
      0.35304605464140576,
      0.3538628359635671,
      0.3529358297586441,
      0.35311974783738453,
      0.3531130125125249,
      0.35336885750293734,
      0.3536483973264694,
      0.35235163966814675,
      0.35305899381637573,
      0.3523246894280116,
      0.3529543379942576,
      0.35440655549367267
    ],
    "train_acc": [
      12.736286410572268,
      13.868427522848826,
      18.24474473285874,
      19.572869096872505,
      20.00524061401755,
      20.651288681954604,
      21.338580596927628,
      21.745145954860863,
      21.315526476719,
      21.83749739007036,
      20.932064589613482,
      20.314249858211202,
      20.642766080687124,
      20.43430315189525,
      20.442634514858945,
      20.65532398057877,
      20.803954260780248,
      20.776804398957392,
      20.82144347558143,
      20.679753380030412,
      20.756044307282387,
      20.680761440341456,
      20.906133495990726,
      20.86965632076037,
      20.74525809518935,
      20.787515525693273,
      20.864541287993255,
      20.86096782645536,
      20.857331214243064,
      20.89458693087573,
      20.8967858913588,
      20.76034026013736,
      20.869899139885177,
      20.796580485754863,
      20.72330869992377,
      20.918075527883303,
      20.935626157787325,
      20.937573988304155,
      20.929675080554812,
      20.808921522506655,
      20.861490736688104,
      20.92675819031082,
      20.947540544979773,
      20.847823563420025,
      20.962481654877063,
      21.001128235830226,
      20.862439345453893,
      20.902904961085053,
      20.87481121877191,
      21.028876871676736,
      20.91584542715727,
      20.891748833608705,
      20.961465846414942,
      20.933197218571248,
      20.891567041625404,
      20.944766125387613,
      20.940547742710976,
      20.852232458380136,
      20.909790942056006,
      20.954742411016618,
      20.92229452255607,
      20.956772279252085,
      20.97679360319318,
      20.846529063445015,
      20.882399799507258,
      20.930698182819974,
      20.995725575384423,
      20.89943681121153,
      20.80551668374044,
      20.9542919964671,
      20.89356168355694,
      20.992056263971325,
      20.779522577164574,
      20.90293738442972,
      20.91463989502275,
      20.982839733013005,
      20.89569425419162,
      20.890951902956132,
      20.87462992864548,
      20.918640844879278,
      20.893656008396626,
      20.88005335575122,
      20.93088323131947,
      20.962448125393575,
      20.961784613945433,
      20.847311100440816,
      20.81476575724078,
      20.9004617972484,
      20.893530616925833,
      20.84127932480623,
      20.984043728629914,
      20.911339043727324,
      20.889133692452024,
      20.904751347990967,
      20.856731454326297,
      20.95134280562161,
      20.924897643420547,
      21.058706283621582,
      20.947947965239123,
      20.83808470433899
    ],