{
  "config": {
    "out_dir": "./results",
    "seed": 42,
    "bs_train": 64,
    "bs_test": 16,
    "batches": 100,
    "epochs": 100,
    "early_stopping": 3,
    "checkpoints": null,
    "lr": 0.005,
    "h_dim": 256,
    "z_dim": 5,
    "betas": [
      0.1,
      0.1
    ],
    "kw": {},
    "run_name": "MEGA_RUNbs_64lr_0.005s_0.9",
    "x_sigma2": 0.9
  },
  "results": {
    "num_epochs": 0,
    "train_loss": [
      1.6762886271113626e+17,
      0.7466003447771072,
      0.5351451337337494,
      0.5751540139317513,
      0.49617427960038185,
      0.6235114969313145,
      0.4378100223839283,
      0.4027203768491745,
      0.41426679491996765,
      0.3663615398108959,
      0.3651508279144764,
      0.34029000625014305,
      0.37012022733688354,
      0.38359759375452995,
      0.3587886579334736,
      0.3627405986189842,
      0.34421292692422867,
      0.3575526885688305,
      0.34328141063451767,
      0.3467112071812153,
      0.3482276648283005,
      0.35384687408804893,
      0.34003815427422523,
      0.3402129001915455,
      0.34421980381011963,
      0.33470626175403595,
      0.3376440778374672,
      0.34563132375478745,
      0.3437262959778309,
      0.3411535620689392,
      0.33589935675263405,
      0.3594868630170822,
      0.33220477029681206,
      0.3360786661505699,
      0.3506734222173691,
      0.36718983575701714,
      0.35972463339567184,
      0.35632743313908577,
      0.3581875041127205,
      0.3573310300707817,
      0.35630905628204346,
      0.3617374561727047,
      0.35725903511047363,
      0.3570532910525799,
      0.35800549387931824,
      0.355693057179451,
      0.3544969819486141,
      0.3571244962513447,
      0.35556814447045326,
      0.3535652719438076,
      0.3550650216639042,
      0.3551667556166649,
      0.35900600999593735,
      0.3558643087744713,
      0.3569861091673374,
      0.3561331294476986,
      0.3533942252397537,
      0.3562155179679394,
      0.3564768023788929,
      0.3552321530878544,
      0.35274161770939827,
      0.35532087832689285,
      0.35422149673104286,
      0.3563753180205822,
      0.35655440390110016,
      0.3546111583709717,
      0.35311510786414146,
      0.35422738268971443,
      0.35484805703163147,
      0.35352714732289314,
      0.3561440519988537,
      0.3560349643230438,
      0.35269591212272644,
      0.3535638451576233,
      0.3511476181447506,
      0.35336482524871826,
      0.3531975708901882,
      0.3527120463550091,
      0.3563739024102688,
      0.35552266612648964,
      0.35582203045487404,
      0.35256684198975563,
      0.35523563995957375,
      0.352220743894577,
      0.3531506918370724,
      0.3536495678126812,
      0.35405614972114563,
      0.3523018918931484,
      0.35471249744296074,
      0.35340166464447975,
      0.35517924651503563,
      0.3514128774404526,
      0.354567501693964,
      0.35252736508846283,
      0.3534163050353527,
      0.3547714538872242,
      0.3536757305264473,
      0.3548143096268177,
      0.35356734693050385,
      0.3527361713349819
    ],
    "train_acc": [
      2.8582167404620926,
      3.2926112088320503,
      4.289005755580749,
      3.9125306656672088,
      4.66646141918409,
      4.343941546731364,
      4.93977611807626,
      5.32030663645745,
      5.023941803649784,
      5.573035926319256,
      5.510226166860206,
      5.681551852338276,
      5.264668888415304,
      5.341491352237379,
      5.396982974768215,
      5.391401900435972,
      5.6678949818363265,
      5.472774053791251,
      5.73664606936271,
      5.653045395564153,
      5.63882411134071,
      5.683815599353789,
      5.725744962057863,
      5.76367353102644,
      5.744204768946548,
      5.785799786669585,
      5.7909229460287595,
      5.704061282986339,
      5.708020840124402,
      5.7519290578910915,
      5.871374521665631,
      5.48111104247173,
      5.882522911654812,
      5.870531006674402,
      5.593702193757675,
      5.290990152453081,
      5.417341159439395,
      5.48446871614385,
      5.445061276605324,
      5.460137200420761,
      5.4722238239250895,
      5.4031984661437935,
      5.460862818162355,
      5.472761018396547,
      5.456542493488293,
      5.48420711722855,
      5.525346751846152,
      5.464286242258986,
      5.4958531514750835,
      5.528670849161877,
      5.498140149079486,
      5.500071494779358,
      5.447210212272258,
      5.4860294160899254,
      5.470796264137356,
      5.490806773262324,
      5.533319435834985,
      5.478494545251487,
      5.478538739440102,
      5.500970747319493,
      5.549325717564915,
      5.496311013261593,
      5.525411796815012,
      5.48715328846967,
      5.474430697717887,
      5.512444043239736,
      5.539933170684893,
      5.519150264346785,
      5.515558496219609,
      5.52874864280553,
      5.487887520782554,
      5.4863804850371185,
      5.54911330853953,
      5.526049359046568,
      5.579493970517874,
      5.552388569864501,
      5.527302504653852,
      5.545582530172772,
      5.482874850475256,
      5.494350210184985,
      5.501749816887974,
      5.552378683545076,
      5.502657154366005,
      5.562672109044748,
      5.532425553848434,
      5.531654043884674,
      5.513976014917676,
      5.558036705368838,
      5.513152934023959,
      5.538040624227615,
      5.511848154472407,
      5.569718949074299,
      5.510410743519838,
      5.549076021423454,
      5.530273899669816,
      5.507549610415685,
      5.533703342085758,
      5.504103992014614,
      5.523338485409618,
      5.548268634123452
    ],