{
  "config": {
    "out_dir": "./results",
    "seed": 42,
    "bs_train": 32,
    "bs_test": 8,
    "batches": 100,
    "epochs": 30,
    "early_stopping": 3,
    "checkpoints": null,
    "lr": 0.005,
    "h_dim": 256,
    "z_dim": 5,
    "betas": [
      0.1,
      0.1
    ],
    "kw": {},
    "run_name": "MEGA_RUNlr_0.005s_0.5",
    "x_sigma2": 0.9
  },
  "results": {
    "num_epochs": 0,
    "train_loss": [
      5.602358822689221e+17,
      0.48964933355649315,
      1.2247775653998056,
      0.5756177941958109,
      0.4770980099836985,
      0.3731081942717234,
      0.35699415604273477,
      0.35180561741193134,
      0.35440849463144936,
      0.35405606428782144,
      0.3655869960784912,
      0.3642962396144867,
      0.3651448051134745,
      0.3570438305536906,
      0.3556346913178762,
      0.35685014724731445,
      0.35597845911979675,
      0.3560100475947062,
      0.3556003431479136,
      0.3549776713053385,
      0.3547725240389506,
      0.35501957933108014,
      0.35472943385442096,
      0.35411964654922484,
      0.35371971130371094,
      0.35500749548276267,
      0.35590234597524006,
      0.35410213669141133,
      0.354312131802241,
      0.35281551678975426
    ],
    "train_acc": [
      5.886212013933635,
      8.32301340400329,
      8.16417657953235,
      9.271979989843912,
      9.521533109561906,
      9.97157137693077,
      10.221682784659116,
      10.421567869248829,
      10.322770718700825,
      10.370575946113634,
      10.035277584106682,
      10.025658087159345,
      9.981305068566236,
      10.21094017726515,
      10.266864511885007,
      10.220923359593904,
      10.261663339942318,
      10.251271148910352,
      10.274964534490707,
      10.284277274231584,
      10.30488373837015,
      10.29804145999256,
      10.293075113164324,
      10.333845413416933,
      10.327485654382208,
      10.276627380556675,
      10.280472851838871,
      10.348569419942699,
      10.31906167158905,
      10.37678423448586
    ],
    "test_loss": [
      0.4107806384563446,
      0.3430883586406708,
      1.0751783847808838,
      0.3750067502260208,
      0.3871466964483261,
      0.32618875801563263,
      0.3346233069896698,
      0.3402331620454788,
      0.33310213685035706,
      0.3507576882839203,
      0.40045276284217834,
      0.42201097309589386,
      0.3480724096298218,
      0.34313449263572693,
      0.37440288066864014,
      0.3494490087032318,
      0.3974495530128479,
      0.34107740223407745,
      0.35316747426986694,
      0.3475950211286545,
      0.35995301604270935,
      0.3473922461271286,
      0.35366159677505493,
      0.3631298691034317,
      0.3713027536869049,
      0.3491816371679306,
      0.345453143119812,
      0.341245174407959,
      0.3642347902059555,
      0.34679554402828217
    ],
    "test_acc": [
      10.351795771786904,
      12.193007839176394,
      10.93639962999658,
      12.003068454921184,
      11.521540655150222,
      12.726814944429037,
      12.99407256403496,
      12.953756986786503,
      13.112616000290329,
      12.709873258131699,
      10.763417026150217,
      10.082709831364086,
      12.629434486074805,
      12.809727511358439,
      11.604864559912784,
      12.566192146532448,
      10.816609353168596,
      12.892882576313674,
      12.40544811523211,
      12.602426396272564,
      12.172948111982546,
      12.614312842244418,
      12.366617651809127,
      12.087665957026017,
      11.697198657766231,
      12.541020832099107,
      12.727760014479717,
      12.882105899845966,
      11.950263051934856,
      12.75521570826622
    ]
  }
}