{
  "config": {
    "out_dir": "./results",
    "seed": 42,
    "bs_train": 16,
    "bs_test": 4,
    "batches": 100,
    "epochs": 100,
    "early_stopping": 3,
    "checkpoints": null,
    "lr": 0.0005,
    "h_dim": 256,
    "z_dim": 5,
    "betas": [
      0.1,
      0.1
    ],
    "kw": {},
    "run_name": "MEGA_RUNbs_16lr_0.0005s_0.5",
    "x_sigma2": 0.9
  },
  "results": {
    "num_epochs": 0,
    "train_loss": [
      0.4679037163654963,
      0.3478463331858317,
      0.31111548890670143,
      0.3077270979682604,
      0.29566194464763007,
      0.3003078316648801,
      0.27778635968764626,
      0.27981705019871395,
      0.28063664386669795,
      0.2729207381606102,
      0.26462212999661766,
      0.26937158157428104,
      0.2633742168545723,
      0.26632009347279867,
      0.2599547271927198,
      0.25924943933884304,
      0.26151944845914843,
      0.26427593727906545,
      0.2584685395161311,
      0.2519762173295021,
      0.25325293590625125,
      0.2558389867345492,
      0.25676730026801425,
      0.2494213581085205,
      0.2533060083786646,
      0.24759112546841303,
      0.2463488797346751,
      0.24652706682682038,
      0.24075611780087153,
      0.2446148882309596,
      0.24993342955907186,
      0.2439580092827479,
      0.24020254909992217,
      0.24644922763109206,
      0.23981376389662426,
      0.24306731621424357,
      0.23478859017292658,
      0.24423849135637282,
      0.24547681311766306,
      0.24076443115870158,
      0.24582817703485488,
      0.23626837482055027,
      0.24003712187210718,
      0.24614731470743814,
      0.23980556577444076,
      0.2387882024049759,
      0.2392714520295461,
      0.23652864694595338,
      0.23882499436537424,
      0.2432374695936839,
      0.2343722899754842,
      0.24280010958512624,
      0.24205343872308732,
      0.23728818545738856,
      0.23433227241039276,
      0.23816742698351542,
      0.23712234745423,
      0.2312073955933253,
      0.23017479876677197,
      0.2370678539077441,
      0.23760291437307993,
      0.23273424655199051,
      0.2405644302566846,
      0.23437783668438594,
      0.23813394109408062,
      0.23733210215965908,
      0.24427551279465357,
      0.23481125136216482,
      0.23423141439755757,
      0.22667766312758128,
      0.23754488279422123,
      0.23580958247184752,
      0.23651857525110245,
      0.2319593702753385,
      0.23047770857810973,
      0.23506019314130147,
      0.23588073352972666,
      0.22974119186401368,
      0.23031955709060034,
      0.2265800952911377,
      0.2346455176671346,
      0.24115173866351444,
      0.23184996445973713,
      0.2275945360461871,
      0.2387227977315585,
      0.2291338269909223,
      0.23219915429751078,
      0.22875738044579824,
      0.22842103292544683,
      0.2307225853204727,
      0.22928570061922074,
      0.2333175793290138,
      0.22894888669252395,
      0.23760476460059485,
      0.23164312342802684,
      0.2293907195329666,
      0.2273867090543111,
      0.23448134710391363,
      0.234130422770977,
      0.2327786197264989
    ],
    "train_acc": [
      19.386616961786483,
      20.92999760250936,
      22.086770278427178,
      22.51689341606254,
      23.77569397769896,
      23.21534186543892,
      24.491068344696274,
      24.500569012902407,
      24.197369477753966,
      25.211471504776373,
      25.313307137040983,
      25.309045760005407,
      25.518784418372558,
      25.2374416769621,
      25.715908174537464,
      25.635099653102827,
      25.612215137895518,
      25.300784069566998,
      26.107378452400766,
      26.47674021170887,
      26.200825044864885,
      25.945776605601193,
      26.10379808024848,
      26.6477565826464,
      26.381741808376184,
      26.92546449462601,
      27.129188946907455,
      27.47197561659266,
      27.585959914083503,
      27.32496315279452,
      27.074895120910753,
      27.53675364404767,
      27.835852780391964,
      27.31840642289039,
      27.80196831442551,
      27.79674781961607,
      28.318931624607195,
      27.520852288568808,
      27.665535129420352,
      28.005616169894875,
      27.600590350287778,
      28.284584808789035,
      28.05156366169635,
      27.391791733165995,
      28.074632373110987,
      27.964705683431276,
      27.92472210901762,
      28.244630132108107,
      28.240258537942832,
      27.794539227585034,
      28.51542391033902,
      27.77673541204013,
      27.727129962673082,
      28.049675417741415,
      28.701608325015094,
      28.428901506404564,
      28.33828734141233,
      28.750131258089656,
      28.92829450761676,
      28.78521137517599,
      28.173553562401025,
      28.98030575636447,
      27.840778363000485,
      28.448371459335878,
      28.212610627972538,
      28.38601590463895,
      28.0440380503979,
      28.813417151624378,
      28.628148187582035,
      29.751447005903906,
      28.24257479984916,
      28.454474864178366,
      28.512163112633164,
      28.85403788862219,
      29.322063497471856,
      28.450145406624543,
      28.75026595720888,
      29.15750438846174,
      29.11101456360724,
      29.42748989685684,
      28.55254447773046,
      27.981685141076014,
      29.158185116845093,
      29.47396580166742,
      28.319226185293108,
      29.2945834299343,
      28.8946894314589,
      29.156085335614605,
      29.302753448187687,
      29.28673049980498,
      29.1471725884372,
      28.737163447880693,
      29.078964363361305,
      28.19536172561257,
      28.879145506748962,
      29.08963160399743,
      29.484942324620146,
      28.698915424601385,
      28.682341530277267,
      28.889471886959623
    ],