{
  "config": {
    "out_dir": "./results",
    "seed": 42,
    "bs_train": 32,
    "bs_test": 8,
    "batches": 100,
    "epochs": 30,
    "early_stopping": 3,
    "checkpoints": null,
    "lr": 0.001,
    "h_dim": 256,
    "z_dim": 5,
    "betas": [
      0.1,
      0.1
    ],
    "kw": {},
    "run_name": "MEGA_RUNlr_0.001s_0.9",
    "x_sigma2": 0.9
  },
  "results": {
    "num_epochs": 0,
    "train_loss": [
      1.0027890066305796,
      0.43333971897761026,
      0.33072650035222373,
      0.3146379748980204,
      0.3105273405710856,
      0.31530957023302714,
      0.31373596787452696,
      0.3150872896114985,
      0.31796240409215293,
      0.29495363930861157,
      0.29343245128790535,
      0.3036748121182124,
      0.2948904037475586,
      0.295394641160965,
      0.28714742163817086,
      0.29463619689146675,
      0.30075194537639616,
      0.27367029587427777,
      0.2846590260664622,
      0.2947424590587616,
      0.2821112195650736,
      0.2811115711927414,
      0.270525332291921,
      0.28747132122516633,
      0.2657624324162801,
      0.28415866394837697,
      0.2894217828909556,
      0.289927147825559,
      0.2770952800909678,
      0.28080676794052123
    ],
    "train_acc": [
      8.492240491356684,
      9.27028342998042,
      10.291807508456047,
      10.488909244534678,
      10.630969170078078,
      10.391127657600222,
      10.729814061904028,
      11.08880593861369,
      10.953105010356175,
      11.46313265658492,
      11.537081286607721,
      11.378443067528424,
      11.592291374777021,
      11.59225288685716,
      12.030976467698586,
      11.665288601308124,
      11.323666987453057,
      12.406043959542021,
      12.234683585338889,
      11.847216220166727,
      12.084681176750331,
      12.144806675010447,
      12.428955413755428,
      11.880699706356916,
      12.695668253300605,
      12.272061638493465,
      12.123794325688822,
      11.77922362777848,
      12.414542323138702,
      12.24268391539738
    ],
    "test_loss": [
      0.5088045597076416,
      0.2968272268772125,
      0.3218895047903061,
      0.3655012547969818,
      0.393153116106987,
      0.3026202768087387,
      0.399353951215744,
      0.27639128267765045,
      0.26252108812332153,
      0.2765154540538788,
      0.2759656757116318,
      0.40447644889354706,
      0.28022585809230804,
      0.30288833379745483,
      0.3148282468318939,
      0.29790452122688293,
      0.3094823956489563,
      0.29619717597961426,
      0.3312973529100418,
      0.30424246191978455,
      0.26800912618637085,
      0.3625631630420685,
      0.3315659314393997,
      0.2521357610821724,
      0.2934207320213318,
      0.3147583156824112,
      0.3565954267978668,
      0.2920204997062683,
      0.3803354650735855,
      0.26628902554512024
    ],
    "test_acc": [
      11.479916878214608,
      13.0156402721654,
      12.386109951296838,
      10.63911821100329,
      9.814730457497435,
      12.897088287815505,
      9.643911638267735,
      14.318119740295728,
      14.72975076526117,
      14.387450181944864,
      14.29942497796742,
      9.802851030562453,
      14.398284315024497,
      13.311265502147982,
      12.61492661821595,
      13.279268458762031,
      13.33023753462984,
      13.31055113746749,
      11.76888788045766,
      13.622125021738292,
      14.948908571061308,
      10.707311696039346,
      11.864988250977124,
      15.946194615398554,
      13.544277449443134,
      12.855045064823447,
      11.185165750076933,
      13.662698508754081,
      10.319240324478573,
      15.36033121700232
    ]
  }
}