{
  "config": {
    "run_name": "MEGA_RUNbs_16lr_0.01h_128z_2s_0.9",
    "out_dir": "./results",
    "seed": 42,
    "bs_train": 16,
    "bs_test": 4,
    "batches": 100,
    "epochs": 30,
    "early_stopping": 3,
    "checkpoints": null,
    "lr": 0.01,
    "h_dim": 128,
    "z_dim": 2,
    "betas": [
      0.1,
      0.1
    ],
    "kw": {},
    "x_sigma2": 0.9
  },
  "results": {
    "num_epochs": 0,
    "train_loss": [
      NaN,
      NaN,
      NaN,
      NaN,
      NaN,
      NaN,
      NaN,
      NaN,
      NaN,
      NaN,
      NaN,
      NaN,
      NaN,
      NaN,
      NaN,
      NaN,
      NaN,
      NaN,
      NaN,
      NaN,
      NaN,
      NaN,
      NaN,
      NaN,
      NaN,
      NaN,
      NaN,
      NaN,
      NaN,
      NaN
    ],
    "train_acc": [
      18.14556581604947,
      19.45717439880403,
      19.511061002875255,
      19.667228416643454,
      19.782960043796315,
      19.8073521495388,
      19.816046676647883,
      19.81868018137144,
      19.831349588218284,
      19.92155320474137,
      19.91577038825819,
      19.99347757500284,
      19.92861571140297,
      20.069916978343464,
      20.01084442262151,
      20.02128679896682,
      19.974622021873945,
      20.098104056750266,
      19.959101800069913,
      19.963225777163252,
      20.083299419288135,
      19.953042546888327,
      20.030651763408414,
      19.987117389299307,
      20.018428527265836,
      19.992727773152854,
      20.04233881947863,
      20.072236095332737,
      20.085007014292245,
      19.95122125275581
    ],
    "test_loss": [
      NaN,
      NaN,
      NaN,
      NaN,
      NaN,
      NaN,
      NaN,
      NaN,
      NaN,
      NaN,
      NaN,
      NaN,
      NaN,
      NaN,
      NaN,
      NaN,
      NaN,
      NaN,
      NaN,
      NaN,
      NaN,
      NaN,
      NaN,
      NaN,
      NaN,
      NaN,
      NaN,
      NaN,
      NaN,
      NaN
    ],
    "test_acc": [
      24.503561473673123,
      24.426792167815318,
      23.561721781869608,
      23.14580032916529,
      24.689816988077887,
      24.620758289919838,
      23.56259064948577,
      25.926392611087543,
      24.9038695700553,
      24.275216693462898,
      25.54742206707556,
      24.52768144685787,
      25.30800890741485,
      23.754743809320065,
      24.36769313598626,
      24.00305790203713,
      25.14393996205353,
      24.6967043752813,
      24.24151933906736,
      23.97147742946746,
      24.958483730062255,
      26.324516183048193,
      24.703884742236333,
      23.999120642263012,
      25.27368015209679,
      24.746367493095526,
      24.53553495734299,
      25.04621724013615,
      24.526888970070406,
      25.06080978403968
    ]
  }
}