{
  "config": {
    "run_name": "MEGA_RUNbs_16lr_0.01h_128z_2s_0.7",
    "out_dir": "./results",
    "seed": 42,
    "bs_train": 16,
    "bs_test": 4,
    "batches": 100,
    "epochs": 30,
    "early_stopping": 3,
    "checkpoints": null,
    "lr": 0.01,
    "h_dim": 128,
    "z_dim": 2,
    "betas": [
      0.1,
      0.1
    ],
    "kw": {},
    "x_sigma2": 0.7
  },
  "results": {
    "num_epochs": 0,
    "train_loss": [
      NaN,
      NaN,
      NaN,
      NaN,
      NaN,
      NaN,
      NaN,
      NaN,
      NaN,
      NaN,
      NaN,
      NaN,
      NaN,
      NaN,
      NaN,
      NaN,
      NaN,
      NaN,
      NaN,
      NaN,
      NaN,
      NaN,
      NaN,
      NaN,
      NaN,
      NaN,
      NaN,
      NaN,
      NaN,
      NaN
    ],
    "train_acc": [
      14.125165497582465,
      15.137099965824724,
      15.189030990036564,
      15.306030060194383,
      15.390374263905645,
      15.406279730493013,
      15.420233510562596,
      15.422451839114718,
      15.433204012177505,
      15.514330668533773,
      15.504743067061018,
      15.54941013031138,
      15.491823371156588,
      15.592865612852849,
      15.550110742576646,
      15.584934872370196,
      15.560681978880174,
      15.64775299638526,
      15.563860721250263,
      15.550992892124038,
      15.628100471770257,
      15.536210767911657,
      15.587334598075712,
      15.572248792241682,
      15.595929428139522,
      15.561021200025696,
      15.591852519166505,
      15.609977628349219,
      15.630701870970942,
      15.5098389660178
    ],
    "test_loss": [
      NaN,
      NaN,
      NaN,
      NaN,
      NaN,
      NaN,
      NaN,
      NaN,
      NaN,
      NaN,
      NaN,
      NaN,
      NaN,
      NaN,
      NaN,
      NaN,
      NaN,
      NaN,
      NaN,
      NaN,
      NaN,
      NaN,
      NaN,
      NaN,
      NaN,
      NaN,
      NaN,
      NaN,
      NaN,
      NaN
    ],
    "test_acc": [
      18.99223445710167,
      19.006755030315695,
      18.33869110099361,
      18.0104091827401,
      19.194897700964344,
      19.139308765488774,
      18.33638729450149,
      20.128659709374745,
      19.42994126032971,
      18.867478149815753,
      19.917159097989085,
      19.072374272872544,
      19.617162714260495,
      18.255082210464558,
      18.978468919837898,
      18.675931860634215,
      19.550012432744,
      19.177724086957976,
      18.769802452678086,
      18.6604395373105,
      19.56944308061251,
      20.463166439946427,
      19.227033041436133,
      18.712198480227745,
      19.656365028235072,
      19.27017865129874,
      19.10819321511744,
      19.36849094847701,
      19.036163194513943,
      19.487563844982457
    ]
  }
}