{
  "config": {
    "run_name": "MEGA_RUNbs_16lr_0.01h_128z_5s_0.5",
    "out_dir": "./results",
    "seed": 42,
    "bs_train": 16,
    "bs_test": 4,
    "batches": 100,
    "epochs": 30,
    "early_stopping": 3,
    "checkpoints": null,
    "lr": 0.01,
    "h_dim": 128,
    "z_dim": 5,
    "betas": [
      0.1,
      0.1
    ],
    "kw": {},
    "x_sigma2": 0.5
  },
  "results": {
    "num_epochs": 0,
    "train_loss": [
      NaN,
      NaN,
      NaN,
      NaN,
      NaN,
      NaN,
      NaN,
      NaN,
      NaN,
      NaN,
      NaN,
      NaN,
      NaN,
      NaN,
      NaN,
      NaN,
      NaN,
      NaN,
      NaN,
      NaN,
      NaN,
      NaN,
      NaN,
      NaN,
      NaN,
      NaN,
      NaN,
      NaN,
      NaN,
      NaN
    ],
    "train_acc": [
      10.113410533113791,
      10.74926039457897,
      11.016145582842416,
      11.188610632387027,
      11.306325852567756,
      11.284781869957916,
      11.385806620138187,
      11.273693920745853,
      11.480806298625893,
      11.476158478553055,
      11.411026306501395,
      11.477383629263807,
      11.4670654870817,
      11.51336994568408,
      11.554048772566517,
      11.529147770647167,
      11.545924045394132,
      11.508698256330499,
      11.529049251014984,
      11.51848229377467,
      11.538976456877892,
      11.562310871522142,
      11.578117099405521,
      11.5955315251781,
      11.531228020146116,
      11.577206605999873,
      11.568355957605505,
      11.58239029850462,
      11.486209169880679,
      11.569885996715133
    ],
    "test_loss": [
      NaN,
      NaN,
      NaN,
      NaN,
      NaN,
      NaN,
      NaN,
      NaN,
      NaN,
      NaN,
      NaN,
      NaN,
      NaN,
      NaN,
      NaN,
      NaN,
      NaN,
      NaN,
      NaN,
      NaN,
      NaN,
      NaN,
      NaN,
      NaN,
      NaN,
      NaN,
      NaN,
      NaN,
      NaN,
      NaN
    ],
    "test_acc": [
      12.793085961849304,
      11.336538189317276,
      14.602501227966325,
      14.246398204520323,
      14.17589725993638,
      13.082995951906266,
      14.268920658869142,
      14.35202293630166,
      13.852881036879888,
      13.569857949799415,
      13.46623527502684,
      13.856353574447645,
      13.702474851556222,
      11.399644058032013,
      14.3367829714188,
      14.761496100461313,
      14.011739988064733,
      14.320210259468666,
      13.903582247118017,
      13.940857966421332,
      13.333605978286142,
      13.46106931501327,
      14.03417514001299,
      14.307503921039885,
      14.695416580986052,
      14.234904870851217,
      12.573446703142357,
      13.986471427905204,
      14.406885650529832,
      13.573878650544337
    ]
  }
}