{
  "config": {
    "out_dir": "./results",
    "seed": 42,
    "bs_train": 16,
    "bs_test": 4,
    "batches": 100,
    "epochs": 100,
    "early_stopping": 3,
    "checkpoints": null,
    "lr": 0.001,
    "h_dim": 256,
    "z_dim": 5,
    "betas": [
      0.1,
      0.1
    ],
    "kw": {},
    "run_name": "MEGA_RUNbs_16lr_0.001s_0.5",
    "x_sigma2": 0.9
  },
  "results": {
    "num_epochs": 0,
    "train_loss": [
      0.6581608424584071,
      0.3404525632659594,
      0.309137295683225,
      0.3112523277600606,
      0.30998563120762507,
      0.3034572809934616,
      0.29299014508724214,
      0.2914183373252551,
      0.2855644926428795,
      0.2846185187498728,
      0.28570943623781203,
      0.28367386311292647,
      0.2824260969956716,
      0.2806484286983808,
      0.27518704583247505,
      0.27607099066178004,
      0.2695602188507716,
      0.2777197723587354,
      0.2702612703045209,
      0.272746608654658,
      0.2749159519871076,
      0.2906921590367953,
      0.2790124634901682,
      0.2806896686553955,
      0.2733833099404971,
      0.2710918292403221,
      0.2688655495643616,
      0.27098234593868253,
      0.2718521758913994,
      0.2692344526449839,
      0.265745576719443,
      0.27655773361523944,
      0.27001710385084154,
      0.2711098849773407,
      0.26740636477867763,
      0.2781554862856865,
      0.2679547116160393,
      0.2687811940908432,
      0.2694216052691142,
      0.2682837173342705,
      0.26951014846563337,
      0.26621324867010115,
      0.2810184478759766,
      0.2797993302345276,
      0.276554078857104,
      0.2767822081844012,
      0.2661193256576856,
      0.2779386540253957,
      0.269330820441246,
      0.27346845467885333,
      0.2673589135209719,
      0.2757484883069992,
      0.2885092819730441,
      0.27105647027492524,
      0.2703610330820084,
      0.2751582731803258,
      0.2704227661093076,
      0.2645107348759969,
      0.26702356388171516,
      0.27200717280308406,
      0.2746410951018333,
      0.27074576665957767,
      0.2752482478817304,
      0.2779554416735967,
      0.27519156982501347,
      0.2818708956241608,
      0.2779048129916191,
      0.2714866727590561,
      0.261610675851504,
      0.26581653008858364,
      0.2686818927526474,
      0.27128813068072,
      0.2729324777921041,
      0.269359727203846,
      0.27335125058889387,
      0.26570470780134203,
      0.2711380864183108,
      0.2760394016901652,
      0.27789140741030377,
      0.26772999664147695,
      0.2713501756389936,
      0.2699936558802923,
      0.26999850968519845,
      0.26606126576662065,
      0.2683279688159625,
      0.2724081873893738,
      0.27412497649590173,
      0.2739167124032974,
      0.2714578822255135,
      0.2678365757067998,
      0.27171113193035124,
      0.27453388820091884,
      0.2561919117967288,
      0.27014160255591074,
      0.2767044241229693,
      0.2589158977071444,
      0.26555009732643764,
      0.2647964482506116,
      0.25804353604714075,
      0.2666683286428452
    ],
    "train_acc": [
      18.673406924446738,
      20.296219672354784,
      21.370872404850072,
      21.916859982746736,
      22.455666861532215,
      22.957227005246462,
      23.361760765427523,
      23.567626124855597,
      23.982604813804137,
      24.12318165182381,
      24.574365090921813,
      24.29651726882711,
      24.268095117780117,
      24.604174170586887,
      24.72928942824469,
      24.474686083049196,
      25.284522868013163,
      24.377427260049252,
      25.420648592401353,
      24.91103468298929,
      24.793009250094286,
      23.626822505854808,
      24.769214405039346,
      24.471526279312805,
      24.976892010595108,
      25.163355896986573,
      25.232260971019198,
      25.181278266919012,
      25.127719808325196,
      25.46141240035588,
      25.47779069095673,
      24.751490368013528,
      25.335186051108863,
      24.87134146408628,
      25.639213125797294,
      24.670168581077753,
      25.510035594282694,
      25.13881725066591,
      25.61388151628819,
      25.401808983615705,
      25.325177018722734,
      25.561064445629487,
      24.349144369758257,
      24.536963179339907,
      24.7280221388788,
      24.89808953705723,
      25.748586567318185,
      24.89195658340805,
      25.695705458878624,
      24.93730541491179,
      25.464897961280105,
      25.00439221244794,
      23.999042428369638,
      25.499940943118446,
      25.615371533909304,
      25.24863792184224,
      25.302387920392295,
      25.589923407758118,
      25.79331249303705,
      25.39097730198981,
      25.00485914796242,
      25.454549986055476,
      25.31758859954705,
      24.938672036407407,
      25.666598272707986,
      25.42777700690824,
      25.466595178714506,
      25.876577891450555,
      26.62415406594719,
      25.80452485780781,
      25.986556848303245,
      25.535591824270647,
      25.174357531786477,
      25.77086860009519,
      25.622337371428237,
      26.103246925753464,
      25.621522417596015,
      25.188428012450377,
      25.04484788338698,
      26.21359918143401,
      25.70314739819583,
      25.616351388372543,
      25.74206552842293,
      25.697401946252263,
      26.186267908896294,
      25.515285396447037,
      25.409203706064083,
      25.826836732539967,
      25.463967813130722,
      26.035119128872353,
      25.41030293158081,
      25.26701646934319,
      26.819795164709376,
      25.774039288849337,
      25.131611522867264,
      26.56974615242699,
      25.89229827049473,
      26.03453761981741,
      26.470748750272033,
      25.86149236300952
    ],