{
  "config": {
    "out_dir": "./results",
    "seed": 42,
    "bs_train": 16,
    "bs_test": 4,
    "batches": 100,
    "epochs": 100,
    "early_stopping": 3,
    "checkpoints": null,
    "lr": 0.001,
    "h_dim": 256,
    "z_dim": 5,
    "betas": [
      0.1,
      0.1
    ],
    "kw": {},
    "run_name": "MEGA_RUNbs_16lr_0.001s_0.9",
    "x_sigma2": 0.9
  },
  "results": {
    "num_epochs": 0,
    "train_loss": [
      0.6642497062683106,
      0.3291714131832123,
      0.30568624337514244,
      0.3038968086242676,
      0.3067841187119484,
      0.31289206991593044,
      0.2926886409521103,
      0.30868550191322963,
      0.2874553640683492,
      0.2983408932884534,
      0.28529760191837944,
      0.29726315836111705,
      0.28660184343655903,
      0.27956063449382784,
      0.2772884652018547,
      0.2755640854438146,
      0.27499095847209293,
      0.2833082074920336,
      0.2834287717938423,
      0.27908054093519846,
      0.2922085478901863,
      0.28297400126854577,
      0.2877954199910164,
      0.27769087851047514,
      0.28403274714946747,
      0.28732437640428543,
      0.2740645254651705,
      0.27531054665644966,
      0.28304519603649775,
      0.27738173951705297,
      0.2844164609909058,
      0.2670092647274335,
      0.2855798403422038,
      0.2751887857913971,
      0.27886460175116856,
      0.29368206709623335,
      0.2753007084131241,
      0.26937758127848305,
      0.27075803180535635,
      0.2757489740848541,
      0.2846043050289154,
      0.27460030019283294,
      0.27357776860396066,
      0.28204991966485976,
      0.2708567167321841,
      0.27314906666676203,
      0.2752876356244087,
      0.27184593776861826,
      0.27283044308424,
      0.2744386653105418,
      0.2734139437476794,
      0.27671347657839457,
      0.27342716107765835,
      0.26813858399788537,
      0.2653209179639816,
      0.27361734757820766,
      0.26535912305116655,
      0.26646369993686675,
      0.27515887121359506,
      0.273951810101668,
      0.2708490312099457,
      0.2729586159189542,
      0.27643647442261376,
      0.2746872782707214,
      0.27829308609167736,
      0.2750414083401362,
      0.2730571617682775,
      0.2700107365846634,
      0.2624239161610603,
      0.27441611836353935,
      0.2717161923646927,
      0.26956280767917634,
      0.2718263785044352,
      0.26817343483368555,
      0.27032471150159837,
      0.27075436860322954,
      0.2724422593911489,
      0.2702617878715197,
      0.27146558413902916,
      0.26897589266300204,
      0.2668620253602664,
      0.2705971797307332,
      0.2675246983766556,
      0.26658350030581157,
      0.2644890775283178,
      0.27345118472973506,
      0.2658182556430499,
      0.274902905523777,
      0.26889244268337886,
      0.26078249563773476,
      0.26635929544766745,
      0.27578420490026473,
      0.2579852749903997,
      0.28752830425898235,
      0.2646577969193459,
      0.266071184972922,
      0.2747996668020884,
      0.2790684257944425,
      0.2606764535109202,
      0.27064835180838903
    ],
    "train_acc": [
      18.457952423923455,
      20.55958751461985,
      21.281275533534824,
      21.215131685382822,
      21.90623341571506,
      21.831164880974715,
      23.03721082469352,
      22.712368873389362,
      23.67433906725017,
      22.961436478431942,
      23.822886045037887,
      23.349505688385978,
      23.878678587399776,
      23.95915524704296,
      24.27804361913433,
      24.463458539964424,
      24.413370739654244,
      24.006148422382793,
      23.81696242617725,
      23.85264022726892,
      23.064489393854036,
      23.75231188750437,
      23.390572728315977,
      24.2310409810295,
      23.915412913606147,
      23.981582049545818,
      24.42579739067242,
      24.739893724965057,
      23.646029989343237,
      24.48352081000749,
      23.644846778527896,
      24.98536947166276,
      23.680582784236634,
      24.35675002660891,
      24.174022942889362,
      23.319925133014102,
      24.66848126523714,
      24.712192494236728,
      24.938809151139075,
      24.205507525837685,
      23.627398742555357,
      24.382293499190514,
      24.573230293660096,
      24.02545010775677,
      24.902630307266868,
      24.670513018875035,
      24.413790130784502,
      24.854974653558717,
      25.145138435324345,
      24.67664163097392,
      24.50339896732896,
      24.625217099945676,
      24.380772782826657,
      24.85559554384455,
      25.15741252455246,
      25.147741163691606,
      25.139787654985728,
      24.984709314392102,
      24.385264304306563,
      24.746102502552084,
      24.661462940339025,
      24.814727090602464,
      24.4734658617227,
      24.290715844248588,
      24.241694820666183,
      24.378504767176747,
      24.482490876646363,
      24.814354275227824,
      25.441666261327647,
      24.777152604015356,
      24.61781125557673,
      25.025527288943234,
      25.089953168504753,
      24.732335927715397,
      24.84339501726516,
      24.69754226140061,
      24.66297259610031,
      24.90082645313802,
      24.69983910053899,
      24.674322767013326,
      25.01906206355196,
      24.883718771242126,
      25.062798981848932,
      25.08517942587729,
      25.036519836388226,
      24.590445890773044,
      24.932473648513657,
      24.43592469979668,
      24.790423488767065,
      25.756901197533615,
      25.18001953584206,
      24.298562745235348,
      25.744917190082397,
      23.44681597905454,
      25.104560078734206,
      25.11387152523318,
      24.64016487742802,
      24.575985437947615,
      25.629721133471886,
      24.69227308143293
    ],