{
  "config": {
    "out_dir": "./results",
    "seed": 42,
    "bs_train": 16,
    "bs_test": 4,
    "batches": 100,
    "epochs": 100,
    "early_stopping": 3,
    "checkpoints": null,
    "lr": 0.01,
    "print_every": 2,
    "h_dim": 128,
    "z_dim": 2,
    "betas": [
      0.1,
      0.1
    ],
    "kw": {},
    "RTplot": false,
    "run_name": "MEGA_RUNbs_16lr_0.01h_128z_2s_0.3",
    "x_sigma2": 0.3
  },
  "results": {
    "num_epochs": 0,
    "train_loss": [
      2.8287314613660177,
      1.4942113836606343,
      1.1012937208016713,
      1.0803326467672985,
      1.0230831960837046,
      1.0060744047164918,
      1.0012752374013265,
      0.9901941140492757,
      0.9953802247842153,
      0.9868464529514313,
      0.9823496599992116,
      0.9717536926269531,
      0.972118079662323,
      0.9614213605721792,
      0.958902915318807,
      0.9562768975893656,
      0.9400695204734802,
      0.9369530200958252,
      0.9388272682825725,
      0.9349805196126302,
      0.9326626340548198,
      0.9284201343854268,
      0.925163475672404,
      0.930179770787557,
      0.9273407498995463,
      0.9267127195994059,
      0.926039449373881,
      0.9226004262765248,
      0.9228236893812816,
      0.9208574910958608,
      0.9230152130126953,
      0.9242244025071462,
      0.921862256526947,
      0.9269155581792196,
      0.918956583738327,
      0.919554328918457,
      0.9205948551495869,
      0.9119997441768646,
      0.9171844542026519,
      0.9173101385434469,
      0.9246575435002645,
      0.9119233946005504,
      0.9141002655029297,
      0.9143455108006795,
      0.911245318253835,
      0.9216612676779429,
      0.9175751845041911,
      0.9170903563499451,
      0.9134361883004506,
      0.9179511447747548,
      0.920588223139445,
      0.9160266439119975,
      0.912693440914154,
      0.9132676323254904,
      0.9149449467658997,
      0.9144373655319213,
      0.9099211613337199,
      0.9154373526573181,
      0.9140643994013469,
      0.9192927002906799,
      0.9145865102608999,
      0.9145621577898662,
      0.9150396962960561,
      0.9136469801266988,
      0.9146897435188294,
      0.9175808648268382,
      0.9137379447619121,
      0.914537121852239,
      0.9171042064825694,
      0.9139669378598531,
      0.9131544133027395,
      0.9115583459536235,
      0.9202624062697092,
      0.9140881558259328,
      0.9108955423037212,
      0.9164985160032908,
      0.9088049491246541,
      0.9202800929546356,
      0.9162160774072011,
      0.9137154837449392,
      0.91499249736468,
      0.9112307926019033,
      0.9160918136437733,
      0.9097136537233989,
      0.9112649043401082,
      0.9208487451076508,
      0.910988837480545,
      0.9142648180325826,
      0.9102011521657308,
      0.9148773312568664,
      0.9117128709952037,
      0.9167224864164988,
      0.9100537399450938,
      0.9116048455238343,
      0.9147550205389658,
      0.9139179468154908,
      0.9114200651645661,
      0.9126520057519277,
      0.9128814935684204,
      0.9101660470167796
    ],
    "train_acc": [
      3.477279746590024,
      5.87681718102316,
      6.421238009465056,
      6.564201712603603,
      6.602257097218792,
      6.677260859056708,
      6.6491563101448055,
      6.671383024036913,
      6.680145297277534,
      6.648120502562134,
      6.674046141208808,
      6.741231579527308,
      6.711052453844366,
      6.755667958759807,
      6.779986978653205,
      6.811219201597369,
      6.8831155044040315,
      6.872542205207962,
      6.853571921869261,
      6.9135494556064545,
      6.893123281849951,
      6.937148424556061,
      6.966429671660077,
      6.905979800846023,
      6.905281477441454,
      6.910448461032892,
      6.939668422920534,
      6.937925008216021,
      6.9266845680875875,
      6.921968696355715,
      6.904381654225365,
      6.8870822362111666,
      6.936116870943236,
      6.8670466408046344,
      6.974559099852,
      6.9141520788187485,
      6.915889191449367,
      6.9933081166703825,
      6.931696593596973,
      6.951134048949465,
      6.8890601384426535,
      6.983065146007308,
      6.932659034213463,
      6.927580934940256,
      6.972169196683422,
      6.897872906460276,
      6.93468846462282,
      6.901181320598176,
      6.943754955081688,
      6.900376199060301,
      6.906882172683165,
      6.921483339265871,
      6.963720591154495,
      6.943743367616534,
      6.941252946168286,
      6.924122643252662,
      6.965250316163457,
      6.93934849242544,
      6.940437911911396,
      6.903351207692477,
      6.955157482507934,
      6.925067017284299,
      6.931895316522432,
      6.9416051962525955,
      6.92563122060057,
      6.930855897975781,
      6.9262677556133045,
      6.935847767461667,
      6.939192521396578,
      6.92815216654784,
      6.972065919173304,
      6.949147638057418,
      6.910873448169026,
      6.932828251353524,
      6.977779138360394,
      6.927667743016811,
      6.98356886723742,
      6.890512583176291,
      6.9136436339174825,
      6.964758542458237,
      6.9195502979652845,
      6.964771676165916,
      6.917997293789366,
      6.986042980148632,
      6.975997887791815,
      6.916590866730172,
      6.978422636331158,
      6.9281849367098625,
      6.976836713684811,
      6.914233264545209,
      6.973296813758976,
      6.932992727056803,
      6.961121756823404,
      6.956994504904089,
      6.925715899915334,
      6.934701011802515,
      6.977565905672148,
      6.942550103819887,
      6.968968761691642,
      6.977993413434471
    ],