{
  "config": {
    "out_dir": "./results",
    "seed": 42,
    "bs_train": 32,
    "bs_test": 8,
    "batches": 100,
    "epochs": 100,
    "early_stopping": 3,
    "checkpoints": null,
    "lr": 0.005,
    "h_dim": 256,
    "z_dim": 5,
    "betas": [
      0.1,
      0.1
    ],
    "kw": {},
    "run_name": "MEGA_RUNbs_32lr_0.005s_0.5",
    "x_sigma2": 0.9
  },
  "results": {
    "num_epochs": 0,
    "train_loss": [
      5.6097270166108243e+17,
      0.4702545245488485,
      0.5100013752778371,
      1.7552388310432434,
      0.4591334144274394,
      0.3841564158598582,
      0.4002329885959625,
      0.38572832345962527,
      0.3625566144784292,
      0.3613404889901479,
      0.35899132092793784,
      0.3567005157470703,
      0.35545294284820556,
      0.3575293918450673,
      0.35834962328275044,
      0.35617342591285706,
      0.3550544261932373,
      0.35530391335487366,
      0.3535370469093323,
      0.353278777996699,
      0.35478092630704244,
      0.3524431506792704,
      0.3541480203469594,
      0.35664495825767517,
      0.354904842376709,
      0.3541090567906698,
      0.35274490118026736,
      0.35587590336799624,
      0.3526550730069478,
      0.3533028304576874,
      0.3520941515763601,
      0.3534282346566518,
      0.35237114429473876,
      0.35233634114265444,
      0.35374247630437217,
      0.35172784129778545,
      0.35237885316212975,
      0.3511916995048523,
      0.3516851246356964,
      0.3529594957828522,
      0.3519578178723653,
      0.3533220330874125,
      0.3530121644337972,
      0.3528270324071248,
      0.3536374111970266,
      0.35216594537099205,
      0.35104435682296753,
      0.3527278741200765,
      0.35228185057640077,
      0.35195395747820535,
      0.3512994388739268,
      0.35142441987991335,
      0.3521128296852112,
      0.35186537901560466,
      0.35146186550458275,
      0.3515040139357249,
      0.3510921895503998,
      0.3514233191808065,
      0.35137445529301964,
      0.35176892479260763,
      0.3515528420607249,
      0.35101820826530455,
      0.35069467425346373,
      0.3507116059462229,
      0.3515454649925232,
      0.3513790329297384,
      0.35188195705413816,
      0.35167211492856343,
      0.3504764139652252,
      0.3533947944641113,
      0.35153792103131615,
      0.3508083462715149,
      0.3507338523864746,
      0.35037641326586405,
      0.3502760291099548,
      0.35029408931732176,
      0.351519376039505,
      0.35092094739278157,
      0.3511876881122589,
      0.351742027203242,
      0.35101138750712074,
      0.35033637086550395,
      0.35080637137095133,
      0.35070074796676637,
      0.3515674889087677,
      0.3510091205437978,
      0.35147375663121544,
      0.3520488619804382,
      0.35116008917490643,
      0.3506518324216207,
      0.35074896812438966,
      0.3504143019517263,
      0.3508340259393056,
      0.3505050639311473,
      0.3507738967736562,
      0.3508653501669566,
      0.3510114332040151,
      0.351326721906662,
      0.3503366470336914,
      0.35095064640045165
    ],
    "train_acc": [
      6.673506439781544,
      8.367983109449456,
      8.779248876353657,
      8.52854552601876,
      9.394407554298517,
      9.669423969441759,
      9.768808061912614,
      9.812668190644422,
      9.974153546517721,
      10.099216904430765,
      10.211080819650748,
      10.222583523762037,
      10.271274314395619,
      10.221589724015073,
      10.211471903297536,
      10.260850418226868,
      10.283153081310354,
      10.297479887304284,
      10.339387872082112,
      10.347866901785354,
      10.295904929175306,
      10.37934005808055,
      10.329946238856744,
      10.276413035950227,
      10.335797661244017,
      10.331193205954696,
      10.355090129975066,
      10.300107088859004,
      10.378386241162662,
      10.356827815620587,
      10.379631411125965,
      10.331608131620452,
      10.374529431302324,
      10.398358027139615,
      10.326123258084618,
      10.411809049377661,
      10.41503480649731,
      10.431378645416855,
      10.409125697611115,
      10.373587320327916,
      10.381341205187933,
      10.38434457096636,
      10.355406764438195,
      10.358870164974944,
      10.324086684460486,
      10.440227584494648,
      10.456553964055985,
      10.371604261199833,
      10.385945200155787,
      10.41980096874283,
      10.39790583733435,
      10.41439065571473,
      10.409342191195853,
      10.413164032824412,
      10.436178251972391,
      10.3962471158575,
      10.452425653794785,
      10.403768637446753,
      10.417426593079439,
      10.40492458261511,
      10.41522174452215,
      10.432154641374442,
      10.430684052882567,
      10.437447878997151,
      10.439173980059827,
      10.408706956604275,
      10.39585181918885,
      10.414395192267255,
      10.43455241161712,
      10.358758055411457,
      10.410531398636445,
      10.439213644780082,
      10.441267944192122,
      10.442124063596186,
      10.48307437889196,
      10.438917745885306,
      10.397682221888658,
      10.434414314517104,
      10.43136535177006,
      10.42870120498247,
      10.411629400364378,
      10.464463845781134,
      10.449141530034684,
      10.433005600184725,
      10.431957960114339,
      10.418571563492975,
      10.427637974606357,
      10.443826206943019,
      10.436463067278998,
      10.446798680544681,
      10.42828785569303,
      10.451758456666512,
      10.438999631616548,
      10.498242664523758,
      10.469131740447988,
      10.439109146741337,
      10.424014308871037,
      10.439921830562072,
      10.440675507223075,
      10.41947226539856
    ],