{
  "config": {
    "run_name": "MEGA_RUNbs_16lr_0.005h_512z_2s_0.5",
    "out_dir": "./results",
    "seed": 42,
    "bs_train": 16,
    "bs_test": 4,
    "batches": 100,
    "epochs": 30,
    "early_stopping": 3,
    "checkpoints": null,
    "lr": 0.005,
    "h_dim": 512,
    "z_dim": 2,
    "betas": [
      0.1,
      0.1
    ],
    "kw": {},
    "x_sigma2": 0.5
  },
  "results": {
    "num_epochs": 0,
    "train_loss": [
      1452.3601949314277,
      1.4839911659558613,
      1.4860756834348043,
      1.4857241312662761,
      1.4851943492889403,
      1.4855199972788493,
      1.4857237935066223,
      1.4878848791122437,
      1.484506869316101,
      1.4874743819236755,
      1.4852393786112468,
      1.4872637351353963,
      1.4865862449010214,
      1.4879485885302226,
      1.4854087551434836,
      1.4864227096239726,
      1.4855775078137716,
      1.486657456556956,
      1.485592039426168,
      1.486373241742452,
      1.4841553966204326,
      1.486566670735677,
      1.4865536610285441,
      1.4867416580518087,
      1.4869461536407471,
      1.4865042090415954,
      1.4865395148595175,
      1.4869598110516866,
      1.4850949923197427,
      1.4861716667811076
    ],
    "train_acc": [
      5.736208815828832,
      5.6079662637353405,
      5.653261837803983,
      5.656979950543351,
      5.676694726238842,
      5.630692202323855,
      5.646653511660248,
      5.639640076410889,
      5.63024751489433,
      5.673719764930669,
      5.606714642417853,
      5.6091318930234415,
      5.637600182517935,
      5.6326039575331235,
      5.6143829889777725,
      5.662446653919798,
      5.624820164616889,
      5.635494861920738,
      5.653317039949091,
      5.663796942924456,
      5.721447817014092,
      5.609135699024435,
      5.632920421957731,
      5.633716358542672,
      5.599092481162105,
      5.636566642909183,
      5.633266400676508,
      5.6164899393844205,
      5.660114231534264,
      5.633254301220535
    ],
    "test_loss": [
      1.6496339738368988,
      1.6235703527927399,
      1.7038681507110596,
      1.6530672311782837,
      1.5888530015945435,
      1.5988459885120392,
      1.583118200302124,
      1.6521419286727905,
      1.6253347992897034,
      1.654097706079483,
      1.664863646030426,
      1.6703497767448425,
      1.6217613518238068,
      1.5835318267345428,
      1.646519660949707,
      1.62003692984581,
      1.6419717073440552,
      1.591710776090622,
      1.6509169340133667,
      1.6448060274124146,
      1.6520095467567444,
      1.6696597635746002,
      1.6416797041893005,
      1.6133427321910858,
      1.5741319954395294,
      1.71212437748909,
      1.6429429650306702,
      1.6298553347587585,
      1.625925213098526,
      1.6550851464271545
    ],
    "test_acc": [
      5.977045697350835,
      5.954254493671826,
      5.74316838966083,
      5.84949834008592,
      6.147332454629937,
      6.134565771624797,
      6.254292534665767,
      5.8377441106714345,
      6.012663429233696,
      5.859188837125356,
      5.7948764327125755,
      5.871788546772892,
      5.979362536650374,
      6.259903288292961,
      5.8605363065208325,
      6.010793439254494,
      5.872556690355467,
      6.221685795347469,
      5.829996150022753,
      5.876881955990291,
      5.860197442064443,
      5.81521603267739,
      5.92543998749683,
      6.0392777067594565,
      6.291441575026143,
      5.718691978314233,
      5.952883991377395,
      5.923765716139232,
      5.952581690741855,
      5.855912886809991
    ]
  }
}