{
  "config": {
    "out_dir": "./results",
    "seed": 42,
    "bs_train": 32,
    "bs_test": 8,
    "batches": 100,
    "epochs": 30,
    "early_stopping": 3,
    "checkpoints": null,
    "lr": 0.01,
    "h_dim": 256,
    "z_dim": 5,
    "betas": [
      0.1,
      0.1
    ],
    "kw": {},
    "run_name": "MEGA_RUNlr_0.01s_0.9",
    "x_sigma2": 0.9
  },
  "results": {
    "num_epochs": 0,
    "train_loss": [
      NaN,
      NaN,
      NaN,
      NaN,
      NaN,
      NaN,
      NaN,
      NaN,
      NaN,
      NaN,
      NaN,
      NaN,
      NaN,
      NaN,
      NaN,
      NaN,
      NaN,
      NaN,
      NaN,
      NaN,
      NaN,
      NaN,
      NaN,
      NaN,
      NaN,
      NaN,
      NaN,
      NaN,
      NaN,
      NaN
    ],
    "train_acc": [
      8.751459796188044,
      9.560365471617668,
      9.687254621241342,
      9.736052946370815,
      9.77547982313061,
      9.786362121447455,
      9.791875766659954,
      9.870240378061952,
      9.840785723836268,
      9.880232421370039,
      9.912718870913048,
      9.916250218754856,
      9.861468827013327,
      9.905043699431916,
      9.911986994757697,
      9.91548062829121,
      9.93470592884246,
      9.898211241907426,
      9.908670416937534,
      9.950326861670892,
      9.943030952820726,
      9.958095761174205,
      9.93438213536525,
      9.975900291462919,
      9.951225153886757,
      9.95262698251965,
      9.95462601371279,
      9.976556746097739,
      9.944345236242256,
      10.012987491953682
    ],
    "test_loss": [
      NaN,
      NaN,
      NaN,
      NaN,
      NaN,
      NaN,
      NaN,
      NaN,
      NaN,
      NaN,
      NaN,
      NaN,
      NaN,
      NaN,
      NaN,
      NaN,
      NaN,
      NaN,
      NaN,
      NaN,
      NaN,
      NaN,
      NaN,
      NaN,
      NaN,
      NaN,
      NaN,
      NaN,
      NaN,
      NaN
    ],
    "test_acc": [
      9.600965183259294,
      12.055349338248192,
      11.25143949870546,
      12.07881772555526,
      11.693203401004586,
      11.573337902133886,
      11.909804775379596,
      11.536765844344037,
      12.216785847315865,
      12.162143031135933,
      11.864419506372922,
      12.153780887653912,
      12.024941529411482,
      12.280290965178068,
      11.93260652659741,
      12.06692229582986,
      11.863648725980273,
      12.101135261815715,
      12.020511482499234,
      11.968181083859646,
      12.111564453637746,
      12.118976589037823,
      11.881808492310384,
      12.033374487784837,
      12.214728530407966,
      12.13691680323446,
      12.176395919322658,
      12.198958586296476,
      11.84161139137368,
      12.313608276762569
    ]
  }
}