{
  "config": {
    "run_name": "MEGA_RUNbs_16lr_0.01h_128z_5s_0.7",
    "out_dir": "./results",
    "seed": 42,
    "bs_train": 16,
    "bs_test": 4,
    "batches": 100,
    "epochs": 30,
    "early_stopping": 3,
    "checkpoints": null,
    "lr": 0.01,
    "h_dim": 128,
    "z_dim": 5,
    "betas": [
      0.1,
      0.1
    ],
    "kw": {},
    "x_sigma2": 0.7
  },
  "results": {
    "num_epochs": 0,
    "train_loss": [
      NaN,
      NaN,
      NaN,
      NaN,
      NaN,
      NaN,
      NaN,
      NaN,
      NaN,
      NaN,
      NaN,
      NaN,
      NaN,
      NaN,
      NaN,
      NaN,
      NaN,
      NaN,
      NaN,
      NaN,
      NaN,
      NaN,
      NaN,
      NaN,
      NaN,
      NaN,
      NaN,
      NaN,
      NaN,
      NaN
    ],
    "train_acc": [
      14.159186176685639,
      14.974667088252165,
      15.40397973864989,
      15.318369584262703,
      15.601781528421224,
      15.698376203351549,
      15.87736748346445,
      15.697714244382375,
      15.996739167674425,
      15.879035711956385,
      15.934880871623527,
      16.093884334101496,
      15.996621033580253,
      16.03752306906725,
      16.07996048931303,
      16.08930013256912,
      16.151474498115252,
      16.06926796296215,
      16.07968316311479,
      16.129150489620372,
      16.158077462594186,
      16.08813249351845,
      16.165996590139837,
      16.205470828527606,
      16.136681315546504,
      16.156018304652147,
      16.214850102573813,
      16.12371476998836,
      16.046491460161416,
      16.124468716369066
    ],
    "test_loss": [
      NaN,
      NaN,
      NaN,
      NaN,
      NaN,
      NaN,
      NaN,
      NaN,
      NaN,
      NaN,
      NaN,
      NaN,
      NaN,
      NaN,
      NaN,
      NaN,
      NaN,
      NaN,
      NaN,
      NaN,
      NaN,
      NaN,
      NaN,
      NaN,
      NaN,
      NaN,
      NaN,
      NaN,
      NaN,
      NaN
    ],
    "test_acc": [
      17.893146424704888,
      19.070571193675864,
      20.101141191352593,
      16.04830049749524,
      20.028524471550494,
      18.155841475973865,
      18.903555879679484,
      20.617741671603277,
      19.29912899360624,
      17.633677283898397,
      17.964759121391012,
      19.73175443924827,
      18.699180881470298,
      14.680210322201047,
      19.335075559850996,
      20.582723783855442,
      19.587149557686445,
      19.956431875174136,
      19.309868138685943,
      19.541608079613468,
      18.785772272082113,
      17.644540421546928,
      19.907285590234196,
      20.078224679985713,
      20.627841500441264,
      19.79440844998103,
      16.825715286341385,
      20.02914982812546,
      20.27585372507017,
      17.49110675819824
    ]
  }
}