{
  "config": {
    "out_dir": "./results",
    "seed": 42,
    "bs_train": 16,
    "bs_test": 4,
    "batches": 100,
    "epochs": 100,
    "early_stopping": 3,
    "checkpoints": null,
    "lr": 0.0005,
    "h_dim": 256,
    "z_dim": 5,
    "betas": [
      0.1,
      0.1
    ],
    "kw": {},
    "run_name": "MEGA_RUNbs_16lr_0.0005s_0.9",
    "x_sigma2": 0.9
  },
  "results": {
    "num_epochs": 0,
    "train_loss": [
      0.46922528048356377,
      0.35498196830352147,
      0.32311280171076456,
      0.3131961037715276,
      0.30502145538727443,
      0.3013607248663902,
      0.2874778613448143,
      0.2789695923527082,
      0.2712959701816241,
      0.28055212199687957,
      0.2730918327967326,
      0.26480997453133265,
      0.26523568431536354,
      0.26482233007748923,
      0.2622725124160449,
      0.2559778943657875,
      0.2564394628008207,
      0.25915939211845396,
      0.26586415072282155,
      0.252783964574337,
      0.25153832932313286,
      0.26638172268867494,
      0.2598181262612343,
      0.24674245566129685,
      0.25709183563788734,
      0.2554098889231682,
      0.2481494997938474,
      0.2449117749929428,
      0.24936085691054663,
      0.24838412503401439,
      0.24426397929588953,
      0.24620323379834494,
      0.24944558093945185,
      0.24361652334531148,
      0.2499334121743838,
      0.24684047549962998,
      0.23820727566878,
      0.24429988215367,
      0.2409751112262408,
      0.23762297381957373,
      0.24037524461746215,
      0.23521644473075867,
      0.24486411462227503,
      0.2478963350256284,
      0.24003019283215205,
      0.24459894200166066,
      0.23767000138759614,
      0.2339338685075442,
      0.24156043579181036,
      0.24404484778642654,
      0.2398688609401385,
      0.24161094874143602,
      0.23641271342833836,
      0.24039828032255173,
      0.23581801652908324,
      0.24087083091338476,
      0.2312604919075966,
      0.22975617001454035,
      0.23373759339253108,
      0.23733543306589128,
      0.23001085023085277,
      0.23692342589298884,
      0.23477513839801153,
      0.2358211373289426,
      0.23681090970834096,
      0.23548781176408132,
      0.2302342842022578,
      0.2345149502158165,
      0.22735043217738468,
      0.2333739697933197,
      0.2284873217344284,
      0.23127062420050304,
      0.240149321158727,
      0.23147419591744742,
      0.23260499487320582,
      0.23007984807093937,
      0.2359124466776848,
      0.2300097569823265,
      0.23399720688660938,
      0.22503996988137562,
      0.23473503589630126,
      0.2273000329732895,
      0.23055570870637893,
      0.22599707494179408,
      0.2289331540465355,
      0.22443770617246628,
      0.23254385987917583,
      0.23470163693030674,
      0.22846056719621022,
      0.2282688130935033,
      0.2304085299372673,
      0.23263553778330484,
      0.22674613296985627,
      0.23276376525561016,
      0.2233486255009969,
      0.22820361604293188,
      0.2303292488058408,
      0.23232313245534897,
      0.22681910594304402,
      0.23462639302015303
    ],
    "train_acc": [
      19.376753348079315,
      21.07621133315692,
      21.96706305219166,
      22.470137874931886,
      22.972898252023523,
      23.3075419167495,
      23.94298053895025,
      24.597096363602176,
      25.06371683060342,
      24.37383414432114,
      24.771744333703026,
      25.427756640652365,
      25.447287796701303,
      25.598914890855365,
      25.561218205778257,
      25.839811233020367,
      25.977346525366787,
      26.186895744655818,
      25.27431861303969,
      26.374177136294364,
      26.54258834266799,
      25.183552795069968,
      25.853879981959494,
      27.079081009195008,
      26.253715713662487,
      26.393778375047663,
      27.03468519188233,
      27.42225081634012,
      26.98457980995612,
      27.029484629145237,
      27.141219769117097,
      27.084484365811317,
      26.936610209213644,
      27.66865801436749,
      27.18264681298438,
      26.96799653506518,
      28.278015636612437,
      27.24119214953713,
      27.89586472898904,
      28.245518948758484,
      27.977019605817777,
      28.484600257105704,
      27.330353832179817,
      27.385402767109184,
      28.0411240640397,
      27.547402610534164,
      28.376623621955318,
      28.64469756220027,
      27.708749821931253,
      27.76790247020125,
      28.379751957645365,
      28.169026858608554,
      28.503157510098962,
      27.74428865838829,
      28.369078644541684,
      28.127213599260173,
      29.006670159173467,
      29.303318131906096,
      28.736289454707425,
      28.648321525807116,
      29.190894624760958,
      28.62634015261894,
      28.90265493473512,
      28.389675903099246,
      28.595828511227705,
      28.941517786530277,
      29.24900296077353,
      28.708149262377,
      29.568954995047427,
      28.672693909724376,
      29.556984289761576,
      29.113627608127114,
      28.385543056603797,
      29.227512980566676,
      29.28089713211398,
      29.27482563912755,
      28.83172375845177,
      29.286525975581057,
      28.81523764260535,
      29.82587266397383,
      28.879701228178167,
      29.555493424231784,
      29.519542993697442,
      29.842797298613398,
      29.290733974250855,
      30.11743365577952,
      29.242857924045108,
      29.280710096211145,
      29.370633186578907,
      29.5938028434816,
      29.492508171932805,
      29.064149136384138,
      30.0664766979755,
      29.06263666106464,
      30.265944400703997,
      29.54985528717187,
      29.242619737762144,
      29.101204889636783,
      29.833421347413104,
      29.13408235521762
    ],