{
  "config": {
    "out_dir": "./results",
    "seed": 42,
    "bs_train": 16,
    "bs_test": 4,
    "batches": 100,
    "epochs": 100,
    "early_stopping": 3,
    "checkpoints": null,
    "lr": 0.01,
    "h_dim": 256,
    "z_dim": 5,
    "betas": [
      0.1,
      0.1
    ],
    "kw": {},
    "run_name": "MEGA_RUNbs_16lr_0.01s_0.5",
    "x_sigma2": 0.9
  },
  "results": {
    "num_epochs": 0,
    "train_loss": [
      NaN,
      NaN,
      NaN,
      NaN,
      NaN,
      NaN,
      NaN,
      NaN,
      NaN,
      NaN,
      NaN,
      NaN,
      NaN,
      NaN,
      NaN,
      NaN,
      NaN,
      NaN,
      NaN,
      NaN,
      NaN,
      NaN,
      NaN,
      NaN,
      NaN,
      NaN,
      NaN,
      NaN,
      NaN,
      NaN,
      NaN,
      NaN,
      NaN,
      NaN,
      NaN,
      NaN,
      NaN,
      NaN,
      NaN,
      NaN,
      NaN,
      NaN,
      NaN,
      NaN,
      NaN,
      NaN,
      NaN,
      NaN,
      NaN,
      NaN,
      NaN,
      NaN,
      NaN,
      NaN,
      NaN,
      NaN,
      NaN,
      NaN,
      NaN,
      NaN,
      NaN,
      NaN,
      NaN,
      NaN,
      NaN,
      NaN,
      NaN,
      NaN,
      NaN,
      NaN,
      NaN,
      NaN,
      NaN,
      NaN,
      NaN,
      NaN,
      NaN,
      NaN,
      NaN,
      NaN,
      NaN,
      NaN,
      NaN,
      NaN,
      NaN,
      NaN,
      NaN,
      NaN,
      NaN,
      NaN,
      NaN,
      NaN,
      NaN,
      NaN,
      NaN,
      NaN,
      NaN,
      NaN,
      NaN,
      NaN
    ],
    "train_acc": [
      18.182224158915666,
      19.487174064077042,
      19.753315848041026,
      19.940534253435814,
      20.081315281895943,
      20.42404910181135,
      20.426362809239013,
      20.569347164136296,
      20.4263677228226,
      20.688069110655746,
      20.71060943042145,
      20.72563714158834,
      20.76076486385257,
      20.567630838594656,
      20.631674102871266,
      20.712220994225763,
      20.80682011810769,
      20.82891410295094,
      20.8430660645503,
      20.748654355406835,
      20.82603432925171,
      20.79519526146577,
      20.771999979969895,
      20.780880606661025,
      20.713134840943987,
      20.862007187468894,
      20.85787883995294,
      20.83450765935915,
      20.8114933050442,
      20.73242650680957,
      20.780611821052137,
      20.745900757957454,
      20.841866374094028,
      20.708847324690026,
      20.648861004917876,
      20.846801007907413,
      20.837535217601715,
      20.791063270668374,
      20.864300706174046,
      20.7823489284584,
      20.760663804978538,
      20.836863090633678,
      20.916085968166996,
      20.699107902405796,
      20.94164607355747,
      20.90615574686496,
      20.82634085036179,
      20.778780354962834,
      20.814835623285806,
      20.942668464880004,
      20.869164324346222,
      20.75335137835346,
      20.831072926622014,
      20.826749300479378,
      20.881409270805367,
      20.784220054341862,
      20.8106364170307,
      20.84739682642551,
      20.836777354124674,
      20.90727243899165,
      20.891330210480813,
      20.910915829143367,
      20.945586512448585,
      20.782820166406875,
      20.825252760731786,
      20.88225070746977,
      20.96757322261901,
      20.894386428010904,
      20.767043775089384,
      20.896062764100808,
      20.875639477105764,
      20.958979476015838,
      20.72127084415558,
      20.869294647351655,
      20.89221929163952,
      20.95419379983934,
      20.857008690553705,
      20.84983728206216,
      20.897181177426624,
      20.88035000071181,
      20.816491594096483,
      20.78768104281234,
      20.867567655542725,
      20.84981178392622,
      21.00525477991493,
      20.81498896316371,
      20.779763222177724,
      20.844301470580117,
      20.86802503834963,
      20.818994958410226,
      20.9532769397732,
      20.878099698848214,
      20.812782757442978,
      20.857277960594615,
      20.770358029238583,
      20.853012437730644,
      20.878824251485895,
      20.99963155226166,
      20.96171923184137,
      20.90124341289578
    ],
    "test_loss": [
      NaN,
      NaN,
      NaN,
      NaN,
      NaN,
      NaN,
      NaN,
      NaN,
      NaN,
      NaN,
      NaN,
      NaN,
      NaN,
      NaN,
      NaN,
      NaN,
      NaN,
      NaN,
      NaN,
      NaN,
      NaN,
      NaN,
      NaN,
      NaN,
      NaN,
      NaN,
      NaN,
      NaN,
      NaN,
      NaN,
      NaN,
      NaN,
      NaN,
      NaN,
      NaN,
      NaN,
      NaN,
      NaN,
      NaN,
      NaN,
      NaN,
      NaN,
      NaN,
      NaN,
      NaN,
      NaN,
      NaN,
      NaN,
      NaN,
      NaN,
      NaN,
      NaN,
      NaN,
      NaN,
      NaN,
      NaN,
      NaN,
      NaN,
      NaN,
      NaN,
      NaN,
      NaN,
      NaN,
      NaN,
      NaN,
      NaN,
      NaN,
      NaN,
      NaN,
      NaN,
      NaN,
      NaN,
      NaN,
      NaN,
      NaN,
      NaN,
      NaN,
      NaN,
      NaN,
      NaN,
      NaN,
      NaN,
      NaN,
      NaN,
      NaN,
      NaN,
      NaN,
      NaN,
      NaN,
      NaN,
      NaN,
      NaN,
      NaN,
      NaN,
      NaN,
      NaN,
      NaN,
      NaN,
      NaN,
      NaN
    ],
    "test_acc": [
      23.59533571728579,
      25.29258446516885,
      24.365959443163202,
      26.7653533622677,
      24.069744662852234,
      23.315164954399556,
      25.82272919920878,
      24.713209508605523,
      24.542623452362783,
      25.685778983652597,
      25.45434574333574,
      24.971400461830644,
      24.491606796158454,
      24.507160495392757,
      25.26657269849985,
      25.183812699287362,
      26.692806098280002,
      26.045326845538234,
      25.44373992145359,
      24.380954882536493,
      25.347022028801245,
      25.55640031493092,
      24.58162677539561,
      24.112336860416647,
      24.917109084622677,
      25.642055821727812,
      25.14517589536728,
      25.748904253197583,
      24.5622804507398,
      25.54589709606158,
      25.279263564051806,
      25.79584026181276,
      26.137826359501787,
      24.02272723794226,
      24.571515492448142,
      25.361524307585974,
      24.738967021693185,
      25.963908082670713,
      25.561128312112256,
      23.920995074500567,
      25.006799856603863,
      24.54269973091039,
      20.926405514374867,
      23.606083260841142,
      26.86496539339203,
      25.50611552498675,
      26.282658550328378,
      25.46813409335873,
      26.357248552991344,
      25.20208548687719,
      25.084546668580955,
      24.63178337748776,
      25.05641588945744,
      25.607797845765653,
      25.723225845407995,
      23.103247587202826,
      25.358371137713647,
      24.929748247581404,
      24.098676270887523,
      25.686338504026356,
      25.744884855255695,
      25.55648194714562,
      25.742064584829116,
      25.080415995584328,
      27.676597815070597,
      24.507132651074574,
      24.823324522698783,
      23.939830688107357,
      26.071327329465,
      24.95151529749501,
      24.598961364101342,
      25.572640595317594,
      26.566443312673183,
      24.524479607841844,
      25.298798277114766,
      25.509966722659332,
      25.617403629145368,
      25.5739751355382,
      25.175948854963956,
      25.286501861579666,
      25.816926591037202,
      25.952336739419273,
      24.451063534279587,
      27.514134558055236,
      25.50929277637181,
      24.704315845343388,
      25.654109797866948,
      24.78768187731735,
      26.176554956752238,
      24.449570080571384,
      26.068767190094214,
      27.83991387207755,
      24.201181693399704,
      24.91899800778918,
      25.468079100927035,
      25.10699935117637,
      25.023055327118037,
      24.29029085681767,
      24.809173644213885,
      25.234099630934033
    ]
  }
}