{
  "config": {
    "out_dir": "./results",
    "seed": 42,
    "bs_train": 32,
    "bs_test": 8,
    "batches": 100,
    "epochs": 100,
    "early_stopping": 3,
    "checkpoints": null,
    "lr": 0.005,
    "h_dim": 256,
    "z_dim": 5,
    "betas": [
      0.1,
      0.1
    ],
    "kw": {},
    "run_name": "MEGA_RUNbs_32lr_0.005s_0.9",
    "x_sigma2": 0.9
  },
  "results": {
    "num_epochs": 0,
    "train_loss": [
      5.6102536826805286e+17,
      0.43874198794364927,
      1.9042790253957114,
      1.6983636498451233,
      1.0026135305563608,
      0.3912328839302063,
      0.3643904745578766,
      0.35156362255414325,
      0.35401408274968466,
      0.34225038091341653,
      0.3380105415980021,
      0.33994187315305074,
      0.34044501980145775,
      0.3377483129501343,
      0.3392321765422821,
      0.3395527064800262,
      0.3352810800075531,
      0.3380457798639933,
      0.3370151003201803,
      0.33804352482159933,
      0.3388427793979645,
      0.33928462068239845,
      0.34168960253397623,
      0.3380731165409088,
      0.33702649076779684,
      0.33823225100835164,
      0.3362513879934947,
      0.33982887864112854,
      0.3368204414844513,
      0.33644172350565593,
      0.33629966378211973,
      0.33709840377171835,
      0.34168383677800496,
      0.3358020762602488,
      0.33954466780026754,
      0.33957523504892984,
      0.34002239306767784,
      0.33245569467544556,
      0.341646150747935,
      0.3387309352556864,
      0.35195861061414085,
      0.36146069367726646,
      0.3612622141838074,
      0.3569838523864746,
      0.3599371870358785,
      0.35657254258791604,
      0.3546611706415812,
      0.3547143320242564,
      0.3548216760158539,
      0.3556446095307668,
      0.35460636218388875,
      0.35440957148869834,
      0.354335484902064,
      0.35422756473223366,
      0.3533261636892954,
      0.3545777499675751,
      0.35184080600738527,
      0.35316446820894876,
      0.3519640187422434,
      0.35343841115633645,
      0.35282728473345437,
      0.3526933570702871,
      0.35215543309847513,
      0.3516933977603912,
      0.3534389595190684,
      0.35190617640813193,
      0.3542027751604716,
      0.3523567299048106,
      0.3513638993104299,
      0.3546501894791921,
      0.3525259037812551,
      0.35203019380569456,
      0.3508411864439646,
      0.35108553369839984,
      0.3504424810409546,
      0.35029311378796896,
      0.35349958737691245,
      0.3516142507394155,
      0.3516352037588755,
      0.3519509355227152,
      0.35149532159169516,
      0.3512906591097514,
      0.35051815112431844,
      0.3526579995950063,
      0.3528377572695414,
      0.35468519330024717,
      0.35235653122266136,
      0.3540985107421875,
      0.3512480636437734,
      0.3508593221505483,
      0.3541171113650004,
      0.3516492227713267,
      0.35191901922225954,
      0.35199140111605326,
      0.351446145772934,
      0.35157886147499084,
      0.3519897997379303,
      0.35274421572685244,
      0.3511221885681152,
      0.3517843763033549
    ],
    "train_acc": [
      6.545304098597687,
      8.77345660762369,
      8.823949030336728,
      8.425761366560192,
      9.652490128260432,
      9.590267040665028,
      10.007696341703237,
      10.423832942426392,
      10.403242859205315,
      10.571127369429409,
      10.886791324881642,
      10.824959528423445,
      10.801485114223247,
      10.903183123235205,
      10.854539175916797,
      10.875082327479822,
      10.995315709301689,
      10.870735167114717,
      10.917012049831676,
      10.903037559074768,
      10.872101316828644,
      10.819671620982762,
      10.796015074892974,
      10.894946049322808,
      10.92075951968139,
      10.909058288030044,
      10.93468930833456,
      10.883862167311289,
      10.952733500871284,
      10.978637080400329,
      10.965848084896008,
      10.900372510866791,
      10.810168553355918,
      10.973455515463641,
      10.849339513840398,
      10.855080177451605,
      10.898267448839324,
      11.08753234353083,
      10.757601519669638,
      10.79888226601322,
      10.377821083888191,
      10.116840198291689,
      10.086413708162643,
      10.217834256839643,
      10.126026699936356,
      10.283727321284891,
      10.328198967714806,
      10.305295587221103,
      10.303199008384876,
      10.292318117929819,
      10.282878631590783,
      10.307715642525977,
      10.336600713813404,
      10.326435113652199,
      10.373992111362865,
      10.290679354133777,
      10.428595826974814,
      10.349389885993324,
      10.396204334039124,
      10.352075792229606,
      10.37295853464616,
      10.374741720471839,
      10.384123019823008,
      10.399377479237502,
      10.381807513027063,
      10.39125489208053,
      10.320208819222243,
      10.38672382801678,
      10.405668596452367,
      10.317134167164477,
      10.368263169688948,
      10.393001855340605,
      10.437760092608181,
      10.414139706092445,
      10.474934115517657,
      10.43903171430775,
      10.329063782414872,
      10.405023738730634,
      10.418729469478404,
      10.421376240695428,
      10.39402624867776,
      10.432315404730964,
      10.458514164834536,
      10.366115364302022,
      10.388188035519157,
      10.298986919038418,
      10.397003710402638,
      10.392464973153798,
      10.43313457558205,
      10.433301649431154,
      10.323240693812487,
      10.406592334878422,
      10.406019968859042,
      10.4504001895017,
      10.448289182154403,
      10.41690191625529,
      10.39119678156016,
      10.393823037834524,
      10.415072727811946,
      10.390192499681767
    ],