{
  "config": {
    "out_dir": "./results",
    "seed": 42,
    "bs_train": 64,
    "bs_test": 16,
    "batches": 100,
    "epochs": 100,
    "early_stopping": 3,
    "checkpoints": null,
    "lr": 0.01,
    "h_dim": 256,
    "z_dim": 5,
    "betas": [
      0.1,
      0.1
    ],
    "kw": {},
    "run_name": "MEGA_RUNbs_64lr_0.01s_0.5",
    "x_sigma2": 0.9
  },
  "results": {
    "num_epochs": 0,
    "train_loss": [
      NaN,
      NaN,
      NaN,
      NaN,
      NaN,
      NaN,
      NaN,
      NaN,
      NaN,
      NaN,
      NaN,
      NaN,
      NaN,
      NaN,
      NaN,
      NaN,
      NaN,
      NaN,
      NaN,
      NaN,
      NaN,
      NaN,
      NaN,
      NaN,
      NaN,
      NaN,
      NaN,
      NaN,
      NaN,
      NaN,
      NaN,
      NaN,
      NaN,
      NaN,
      NaN,
      NaN,
      NaN,
      NaN,
      NaN,
      NaN,
      NaN,
      NaN,
      NaN,
      NaN,
      NaN,
      NaN,
      NaN,
      NaN,
      NaN,
      NaN,
      NaN,
      NaN,
      NaN,
      NaN,
      NaN,
      NaN,
      NaN,
      NaN,
      NaN,
      NaN,
      NaN,
      NaN,
      NaN,
      NaN,
      NaN,
      NaN,
      NaN,
      NaN,
      NaN,
      NaN,
      NaN,
      NaN,
      NaN,
      NaN,
      NaN,
      NaN,
      NaN,
      NaN,
      NaN,
      NaN,
      NaN,
      NaN,
      NaN,
      NaN,
      NaN,
      NaN,
      NaN,
      NaN,
      NaN,
      NaN,
      NaN,
      NaN,
      NaN,
      NaN,
      NaN,
      NaN,
      NaN,
      NaN,
      NaN,
      NaN
    ],
    "train_acc": [
      4.432037595143503,
      5.0656903389696,
      5.146175452379438,
      5.1600728689050195,
      5.181313383223179,
      5.1803190554795915,
      5.277654637662056,
      5.245360941044557,
      5.175023866996719,
      5.3256863033428825,
      5.379101385426423,
      5.249167841706878,
      5.374820808179016,
      5.397406013586511,
      5.391193354380815,
      5.331666750788659,
      5.4037517244908715,
      5.385097959581465,
      5.449885627163048,
      5.469008041187183,
      5.334188229974446,
      5.470059245020216,
      5.463224326483161,
      5.497649464318797,
      5.418809757386841,
      5.373807104089011,
      5.471386631612642,
      5.500666825251763,
      5.492967858821207,
      5.514292367144359,
      5.485360322748268,
      5.465843939909082,
      5.515660716395835,
      5.5473701291627835,
      5.463098314765899,
      5.472686665040827,
      5.553135893873426,
      5.535943566524837,
      5.507128017078153,
      5.520185596210752,
      5.521053234722696,
      5.477378022833606,
      5.489294020034365,
      5.541072549666255,
      5.513786182498997,
      5.527192699068173,
      5.531071553374082,
      5.530833938886094,
      5.493875181799429,
      5.543552440225015,
      5.536259107220313,
      5.517540808141276,
      5.470707950858505,
      5.508808084092188,
      5.514452614025792,
      5.550690854388304,
      5.5318278152576585,
      5.518657125890527,
      5.510541790349447,
      5.519197602344701,
      5.551556151508058,
      5.528218720691812,
      5.564947490031253,
      5.510587947469347,
      5.538678629051694,
      5.54141986201551,
      5.551239121406982,
      5.542052116094355,
      5.508943485544091,
      5.52790889497584,
      5.498047807141379,
      5.502030541450596,
      5.565916843392132,
      5.5301564155519785,
      5.5916124943636385,
      5.562651571031164,
      5.54695162790239,
      5.566456496171116,
      5.51109421559036,
      5.494486842079502,
      5.491275210131307,
      5.546712654995772,
      5.495459603071421,
      5.531190572969934,
      5.534985242242457,
      5.53729362046601,
      5.524838736041226,
      5.548568326128852,
      5.518434963457855,
      5.555391547550814,
      5.5327703105017765,
      5.559786753869139,
      5.525883399007098,
      5.5322062203761995,
      5.535073515172678,
      5.5199968792358645,
      5.526967237754637,
      5.521061132004857,
      5.5017489994668995,
      5.568839157826605
    ],
    "test_loss": [
      NaN,
      NaN,
      NaN,
      NaN,
      NaN,
      NaN,
      NaN,
      NaN,
      NaN,
      NaN,
      NaN,
      NaN,
      NaN,
      NaN,
      NaN,
      NaN,
      NaN,
      NaN,
      NaN,
      NaN,
      NaN,
      NaN,
      NaN,
      NaN,
      NaN,
      NaN,
      NaN,
      NaN,
      NaN,
      NaN,
      NaN,
      NaN,
      NaN,
      NaN,
      NaN,
      NaN,
      NaN,
      NaN,
      NaN,
      NaN,
      NaN,
      NaN,
      NaN,
      NaN,
      NaN,
      NaN,
      NaN,
      NaN,
      NaN,
      NaN,
      NaN,
      NaN,
      NaN,
      NaN,
      NaN,
      NaN,
      NaN,
      NaN,
      NaN,
      NaN,
      NaN,
      NaN,
      NaN,
      NaN,
      NaN,
      NaN,
      NaN,
      NaN,
      NaN,
      NaN,
      NaN,
      NaN,
      NaN,
      NaN,
      NaN,
      NaN,
      NaN,
      NaN,
      NaN,
      NaN,
      NaN,
      NaN,
      NaN,
      NaN,
      NaN,
      NaN,
      NaN,
      NaN,
      NaN,
      NaN,
      NaN,
      NaN,
      NaN,
      NaN,
      NaN,
      NaN,
      NaN,
      NaN,
      NaN,
      NaN
    ],
    "test_acc": [
      5.877458494881151,
      6.082061788413461,
      6.113356405499989,
      5.710447711103876,
      6.119795275877254,
      6.199722228526854,
      4.105348432643259,
      6.278535096546231,
      6.268496651561056,
      6.34752338845164,
      6.265396134233508,
      6.343459354687436,
      6.2936131516417575,
      5.54392795221573,
      5.3763277979938575,
      6.311125925616908,
      6.3396233367920685,
      6.294071155094586,
      6.062622890118219,
      6.322556473519745,
      6.379117069245419,
      6.3484170289528965,
      6.3334632890266525,
      6.319952980034655,
      5.582827731827423,
      6.322851987181747,
      6.27965357165212,
      6.359400550918576,
      5.676772350811474,
      5.716150074451751,
      6.215892894293692,
      6.281178104342128,
      6.319626826715712,
      5.488907876929283,
      6.261224771903201,
      6.341053916534769,
      6.251971847632982,
      6.105623599246977,
      6.364726130521489,
      6.378417183173072,
      5.378742712716184,
      6.121698328670164,
      6.291673007666626,
      6.222396791434235,
      6.326428755169746,
      5.901958979971339,
      6.235420323549554,
      6.3384497657159375,
      6.318024937548877,
      6.176818771972453,
      6.396366346435757,
      6.35022098868708,
      6.408622428612749,
      6.410601626834765,
      6.257949576861451,
      6.1633863441472805,
      6.4151337239146216,
      6.39789700473325,
      6.326560884300415,
      6.21602227750427,
      6.077097051616801,
      6.360068795823384,
      6.087698383723281,
      6.3602764530958105,
      6.379081075031017,
      6.168567056240407,
      6.229966746082155,
      6.252654138686085,
      5.837505818728756,
      6.34301065860087,
      6.397832350632148,
      6.369720960495386,
      6.389882109773501,
      6.3701958771284275,
      6.301375045658042,
      6.32003436589808,
      6.38126588825176,
      5.9286187240422645,
      6.371756999455094,
      6.430131232317845,
      6.379948905849997,
      6.277116402285906,
      6.257677417118844,
      6.317366128354262,
      6.255789033272818,
      6.341244455224418,
      5.909089336156772,
      6.315680328733687,
      6.168612133654598,
      6.276507164430138,
      6.248414616021951,
      6.236074436293374,
      6.320700673180805,
      6.147706447113888,
      6.084777606780532,
      6.189075972598443,
      6.1579591582920745,
      6.344861780230705,
      6.298605354042586,
      6.343436473464357
    ]
  }
}