{
  "config": {
    "run_name": "MEGA_RUNbs_16lr_0.01s_0.9",
    "out_dir": "./results",
    "seed": 42,
    "bs_train": 16,
    "bs_test": 4,
    "batches": 100,
    "epochs": 30,
    "early_stopping": 3,
    "checkpoints": null,
    "lr": 0.01,
    "h_dim": 256,
    "z_dim": 5,
    "betas": [
      0.1,
      0.1
    ],
    "kw": {},
    "x_sigma2": 0.9
  },
  "results": {
    "num_epochs": 0,
    "train_loss": [
      NaN,
      NaN,
      NaN,
      NaN,
      NaN,
      NaN,
      NaN,
      NaN,
      NaN,
      NaN,
      NaN,
      NaN,
      NaN,
      NaN,
      NaN,
      NaN,
      NaN,
      NaN,
      NaN,
      NaN,
      NaN,
      NaN,
      NaN,
      NaN,
      NaN,
      NaN,
      NaN,
      NaN,
      NaN,
      NaN
    ],
    "train_acc": [
      18.182224693809612,
      19.4871760424534,
      19.753311019045256,
      19.940777557102894,
      20.051044694168972,
      20.31484460228955,
      20.34936642332453,
      20.531114126946648,
      20.511980789031494,
      20.690790658779612,
      20.701733690168705,
      20.682125814102005,
      20.676849312158875,
      20.701837196539216,
      20.743172189914038,
      20.752517041902212,
      20.738174696527953,
      20.6918483005381,
      20.782807387814028,
      20.75361955296974,
      20.807978221427806,
      20.912371762516333,
      20.76858051938504,
      20.661082820102123,
      20.706595268700404,
      20.876894858942364,
      20.841530643550463,
      20.695941488340374,
      20.82210008278052,
      20.866021475644022
    ],
    "test_loss": [
      NaN,
      NaN,
      NaN,
      NaN,
      NaN,
      NaN,
      NaN,
      NaN,
      NaN,
      NaN,
      NaN,
      NaN,
      NaN,
      NaN,
      NaN,
      NaN,
      NaN,
      NaN,
      NaN,
      NaN,
      NaN,
      NaN,
      NaN,
      NaN,
      NaN,
      NaN,
      NaN,
      NaN,
      NaN,
      NaN
    ],
    "test_acc": [
      23.595332878999518,
      25.29258019738059,
      24.365831985232607,
      26.76864030918702,
      23.573919346200974,
      21.992031094141634,
      25.85313955590439,
      24.330712038047952,
      24.625286457311297,
      25.217646698139863,
      25.129020873437472,
      23.7631933913898,
      25.290532691307224,
      25.14005788459157,
      26.438077870251043,
      25.157377420205787,
      23.014335566760977,
      26.853871114506777,
      25.65345623126803,
      25.48186482001433,
      25.361083458998333,
      24.07925658770019,
      26.751505679069247,
      24.316383855548604,
      24.639682042994686,
      25.09186101205426,
      24.601185238499518,
      25.943597814234657,
      24.429778876816936,
      20.49804080840351
    ]
  }
}