{
  "config": {
    "run_name": "MEGA_RUNbs_16lr_0.01h_128z_2s_0.3",
    "out_dir": "./results",
    "seed": 42,
    "bs_train": 16,
    "bs_test": 4,
    "batches": 100,
    "epochs": 30,
    "early_stopping": 3,
    "checkpoints": null,
    "lr": 0.01,
    "h_dim": 128,
    "z_dim": 2,
    "betas": [
      0.1,
      0.1
    ],
    "kw": {},
    "x_sigma2": 0.3
  },
  "results": {
    "num_epochs": 0,
    "train_loss": [
      NaN,
      NaN,
      NaN,
      NaN,
      NaN,
      NaN,
      NaN,
      NaN,
      NaN,
      NaN,
      NaN,
      NaN,
      NaN,
      NaN,
      NaN,
      NaN,
      NaN,
      NaN,
      NaN,
      NaN,
      NaN,
      NaN,
      NaN,
      NaN,
      NaN,
      NaN,
      NaN,
      NaN,
      NaN,
      NaN
    ],
    "train_acc": [
      6.061745830748129,
      6.4811284236547815,
      6.499643590114046,
      6.557010365469102,
      6.589864477499102,
      6.6002908847158315,
      6.609524254780708,
      6.614396768036115,
      6.617578003185448,
      6.650292550426692,
      6.647678953110657,
      6.667815804662132,
      6.647028039980694,
      6.687925607502939,
      6.669819584430022,
      6.6758071867521345,
      6.656436029454158,
      6.699656877662526,
      6.652107266950964,
      6.653328611168301,
      6.6952765570252195,
      6.6502201351636705,
      6.679642432352606,
      6.665735316322924,
      6.679269620755255,
      6.659757389957962,
      6.670786744292435,
      6.685828970101068,
      6.694264604745771,
      6.641814376767703
    ],
    "test_loss": [
      NaN,
      NaN,
      NaN,
      NaN,
      NaN,
      NaN,
      NaN,
      NaN,
      NaN,
      NaN,
      NaN,
      NaN,
      NaN,
      NaN,
      NaN,
      NaN,
      NaN,
      NaN,
      NaN,
      NaN,
      NaN,
      NaN,
      NaN,
      NaN,
      NaN,
      NaN,
      NaN,
      NaN,
      NaN,
      NaN
    ],
    "test_acc": [
      8.160540111038598,
      8.139644796452911,
      7.856629665257651,
      7.713140872392458,
      8.239718054617136,
      8.194752200610603,
      7.86416497107087,
      8.634358610835806,
      8.324812713554362,
      8.111489930160253,
      8.536184631675289,
      8.180477770825728,
      8.45321704625384,
      7.892414307570927,
      8.12955649773143,
      8.003112493296955,
      8.379439549246717,
      8.212065571595444,
      8.09166587451691,
      8.013463118338155,
      8.326435282146683,
      8.775163073044903,
      8.229525062545372,
      8.017211258836666,
      8.423785633436184,
      8.27432158661001,
      8.19005813907581,
      8.267998487814236,
      8.120947950884517,
      8.341456715795417
    ]
  }
}