{
  "config": {
    "run_name": "MEGA_RUNbs_16lr_0.01s_0.5",
    "out_dir": "./results",
    "seed": 42,
    "bs_train": 16,
    "bs_test": 4,
    "batches": 100,
    "epochs": 30,
    "early_stopping": 3,
    "checkpoints": null,
    "lr": 0.01,
    "h_dim": 256,
    "z_dim": 5,
    "betas": [
      0.1,
      0.1
    ],
    "kw": {},
    "x_sigma2": 0.9
  },
  "results": {
    "num_epochs": 0,
    "train_loss": [
      NaN,
      NaN,
      NaN,
      NaN,
      NaN,
      NaN,
      NaN,
      NaN,
      NaN,
      NaN,
      NaN,
      NaN,
      NaN,
      NaN,
      NaN,
      NaN,
      NaN,
      NaN,
      NaN,
      NaN,
      NaN,
      NaN,
      NaN,
      NaN,
      NaN,
      NaN,
      NaN,
      NaN,
      NaN,
      NaN
    ],
    "train_acc": [
      18.182224684721948,
      19.48717209185841,
      19.753326943009043,
      20.000336706950872,
      20.193355682915676,
      20.401588708184434,
      20.448328798267752,
      20.49546712899625,
      20.462471150170792,
      20.646058274041504,
      20.709491372671188,
      20.702373664686153,
      20.73966038437049,
      20.747427893736774,
      20.66814576843172,
      20.722908514000416,
      20.744341910971418,
      20.733782326153175,
      20.798032410404335,
      20.781712198656287,
      20.87066950463741,
      20.928221464563187,
      20.768527104035783,
      20.680749111202903,
      20.766499264943718,
      20.86598360884567,
      20.861701862169987,
      20.748465109947297,
      20.847018623947474,
      20.831066546823926
    ],
    "test_loss": [
      NaN,
      NaN,
      NaN,
      NaN,
      NaN,
      NaN,
      NaN,
      NaN,
      NaN,
      NaN,
      NaN,
      NaN,
      NaN,
      NaN,
      NaN,
      NaN,
      NaN,
      NaN,
      NaN,
      NaN,
      NaN,
      NaN,
      NaN,
      NaN,
      NaN,
      NaN,
      NaN,
      NaN,
      NaN,
      NaN
    ],
    "test_acc": [
      23.59533188135937,
      25.29259142070577,
      24.366178770534546,
      27.228623023845095,
      24.44613680976778,
      25.193533145682377,
      25.908195815502584,
      24.66812873795475,
      24.516974183823592,
      25.718915629192225,
      25.375213244886442,
      24.43454301273585,
      25.252760601373488,
      25.34566644021743,
      26.326079222043422,
      25.255134235472706,
      23.12979831612001,
      26.83736295675403,
      25.323797025604026,
      25.441121155772155,
      25.249551229725444,
      25.641472161502804,
      26.39252420616353,
      25.29484300826577,
      24.34266428612844,
      24.895960862984264,
      25.01074139062794,
      25.932920879321067,
      24.144566530818558,
      19.57419964765363
    ]
  }
}