{
  "config": {
    "out_dir": "./results",
    "seed": 42,
    "bs_train": 32,
    "bs_test": 8,
    "batches": 100,
    "epochs": 100,
    "early_stopping": 3,
    "checkpoints": null,
    "lr": 0.01,
    "h_dim": 256,
    "z_dim": 5,
    "betas": [
      0.1,
      0.1
    ],
    "kw": {},
    "run_name": "MEGA_RUNbs_32lr_0.01s_0.5",
    "x_sigma2": 0.9
  },
  "results": {
    "num_epochs": 0,
    "train_loss": [
      NaN,
      NaN,
      NaN,
      NaN,
      NaN,
      NaN,
      NaN,
      NaN,
      NaN,
      NaN,
      NaN,
      NaN,
      NaN,
      NaN,
      NaN,
      NaN,
      NaN,
      NaN,
      NaN,
      NaN,
      NaN,
      NaN,
      NaN,
      NaN,
      NaN,
      NaN,
      NaN,
      NaN,
      NaN,
      NaN,
      NaN,
      NaN,
      NaN,
      NaN,
      NaN,
      NaN,
      NaN,
      NaN,
      NaN,
      NaN,
      NaN,
      NaN,
      NaN,
      NaN,
      NaN,
      NaN,
      NaN,
      NaN,
      NaN,
      NaN,
      NaN,
      NaN,
      NaN,
      NaN,
      NaN,
      NaN,
      NaN,
      NaN,
      NaN,
      NaN,
      NaN,
      NaN,
      NaN,
      NaN,
      NaN,
      NaN,
      NaN,
      NaN,
      NaN,
      NaN,
      NaN,
      NaN,
      NaN,
      NaN,
      NaN,
      NaN,
      NaN,
      NaN,
      NaN,
      NaN,
      NaN,
      NaN,
      NaN,
      NaN,
      NaN,
      NaN,
      NaN,
      NaN,
      NaN,
      NaN,
      NaN,
      NaN,
      NaN,
      NaN,
      NaN,
      NaN,
      NaN,
      NaN,
      NaN,
      NaN
    ],
    "train_acc": [
      8.751459823460333,
      9.56036532877354,
      9.68725356201168,
      9.736052782966564,
      9.77547894185792,
      9.786360649981392,
      9.7918751570503,
      9.870239475555675,
      9.840784112243444,
      9.880233987749198,
      9.912718366039565,
      9.892228062864977,
      9.939089078716226,
      9.872762553575006,
      9.957903380809514,
      9.894541862089502,
      9.933173305991524,
      9.963444317052675,
      9.950602441886737,
      9.949180679850876,
      9.937111700792759,
      9.975529807598356,
      9.930762170734285,
      9.927775484367832,
      9.973025338254132,
      9.949553247578287,
      9.965320574835479,
      9.951940401305341,
      9.968655328022342,
      9.943636729872477,
      9.994286676892546,
      9.95951295826609,
      9.9906648019252,
      10.009615319958003,
      9.949665601717314,
      9.980214023100837,
      9.969010671966785,
      10.041601699177102,
      9.995924189227205,
      10.00331125017199,
      9.962624171959352,
      10.001596232518223,
      9.922370089456937,
      9.955892057028038,
      9.961664099491557,
      10.008134531282481,
      10.016111064991316,
      10.026794428963234,
      10.006569296514822,
      9.979319929595471,
      9.987368303159021,
      9.986930215717287,
      10.011379466078283,
      10.042552773524411,
      10.01335843087294,
      9.974852452740569,
      10.016355038045987,
      9.988055161148889,
      10.020455743482177,
      9.97148634986672,
      9.99575490977645,
      10.01488765878269,
      10.002717874449269,
      10.03357553568834,
      9.990392511565087,
      9.994570381910542,
      9.991289627849982,
      10.004186828440728,
      10.013421818691477,
      9.985696887889123,
      9.980510443065588,
      10.012312292000493,
      10.031187928899334,
      10.01162895953991,
      10.049517326576355,
      10.034469171076704,
      9.985144035402772,
      10.02088949463105,
      10.024390451488596,
      10.005154549193728,
      10.014754867872885,
      10.03728021242793,
      10.039887192924004,
      10.008096124390777,
      9.990129268605456,
      9.9747745324825,
      9.994507553055154,
      10.020583139532807,
      10.022080868630843,
      10.013135011312322,
      10.021708948474272,
      10.019960406412677,
      10.006509297191853,
      10.077235538719403,
      10.02789699239424,
      10.023387499242844,
      9.974849463970402,
      9.988834773261624,
      10.015974426187665,
      9.980691970514743
    ],
    "test_loss": [
      NaN,
      NaN,
      NaN,
      NaN,
      NaN,
      NaN,
      NaN,
      NaN,
      NaN,
      NaN,
      NaN,
      NaN,
      NaN,
      NaN,
      NaN,
      NaN,
      NaN,
      NaN,
      NaN,
      NaN,
      NaN,
      NaN,
      NaN,
      NaN,
      NaN,
      NaN,
      NaN,
      NaN,
      NaN,
      NaN,
      NaN,
      NaN,
      NaN,
      NaN,
      NaN,
      NaN,
      NaN,
      NaN,
      NaN,
      NaN,
      NaN,
      NaN,
      NaN,
      NaN,
      NaN,
      NaN,
      NaN,
      NaN,
      NaN,
      NaN,
      NaN,
      NaN,
      NaN,
      NaN,
      NaN,
      NaN,
      NaN,
      NaN,
      NaN,
      NaN,
      NaN,
      NaN,
      NaN,
      NaN,
      NaN,
      NaN,
      NaN,
      NaN,
      NaN,
      NaN,
      NaN,
      NaN,
      NaN,
      NaN,
      NaN,
      NaN,
      NaN,
      NaN,
      NaN,
      NaN,
      NaN,
      NaN,
      NaN,
      NaN,
      NaN,
      NaN,
      NaN,
      NaN,
      NaN,
      NaN,
      NaN,
      NaN,
      NaN,
      NaN,
      NaN,
      NaN,
      NaN,
      NaN,
      NaN,
      NaN
    ],
    "test_acc": [
      9.600968700317964,
      12.055347664890572,
      11.25143699184636,
      12.078818308624262,
      11.693207134286952,
      11.573345734108413,
      11.90980755698029,
      11.536769284334392,
      12.216783489857521,
      12.162142517349396,
      11.864421134408943,
      11.595632851199296,
      12.154789378694185,
      11.69652594055036,
      12.037022178298255,
      11.780226884519621,
      12.786787786129944,
      12.18977284446303,
      12.167055205369708,
      12.184052307342201,
      11.998698779948416,
      12.340048731865666,
      11.90792347489032,
      11.966764467015391,
      12.256316525906767,
      12.162669785590431,
      11.921811135053938,
      12.642906211372491,
      12.147432700473765,
      12.561076045639666,
      11.907943273246646,
      12.192931327660826,
      12.22197700202059,
      12.385455011301813,
      12.275896404096565,
      11.545893293341216,
      12.424938040795144,
      12.470479561841334,
      12.376586890452785,
      12.314606293189453,
      12.130880219021861,
      12.44966375955361,
      12.297596776525232,
      12.252747749874585,
      11.633450378567307,
      11.805005786532515,
      11.756076009872334,
      12.071064800821842,
      11.706898939663763,
      12.461406753103605,
      12.162373519808922,
      12.34332809362773,
      12.27312069562248,
      12.004724422515793,
      11.993380454452096,
      11.846808967273057,
      11.870228083709273,
      12.396239081872721,
      12.339749075872872,
      12.220207725181293,
      12.003087649039777,
      12.0074387985077,
      11.97829567659156,
      12.280379412382779,
      12.247083466340323,
      11.805985694686116,
      11.975977841340377,
      12.181958493721906,
      12.320281226317892,
      11.719318515128807,
      12.299818938793804,
      12.33217829932099,
      12.126927614241916,
      12.012943730367807,
      12.0009434230718,
      11.8215306021864,
      11.841246612331641,
      11.656456219098002,
      12.092092013644784,
      12.1540746676796,
      12.266623820103002,
      11.96864618552544,
      12.042860863673294,
      11.933214749503392,
      12.23914186556626,
      12.303794263735485,
      12.439111758942152,
      12.491275311467414,
      11.99376877427782,
      11.9310617419326,
      12.253921232724794,
      12.262120382913773,
      12.647442682645162,
      12.23265219309355,
      12.008591220251787,
      12.36662708202233,
      11.800592057678811,
      12.217376685104355,
      12.526430838546542,
      12.507691837371217
    ]
  }
}