{
  "config": {
    "out_dir": "./results",
    "seed": 42,
    "bs_train": 64,
    "bs_test": 16,
    "batches": 100,
    "epochs": 100,
    "early_stopping": 3,
    "checkpoints": null,
    "lr": 0.0005,
    "h_dim": 256,
    "z_dim": 5,
    "betas": [
      0.1,
      0.1
    ],
    "kw": {},
    "run_name": "MEGA_RUNbs_64lr_0.0005s_0.9",
    "x_sigma2": 0.9
  },
  "results": {
    "num_epochs": 0,
    "train_loss": [
      0.6438273191452026,
      0.4553067572414875,
      0.40423035621643066,
      0.38526587188243866,
      0.35966093465685844,
      0.3461039550602436,
      0.3396366722881794,
      0.3292894549667835,
      0.31335755437612534,
      0.31040704622864723,
      0.3108980171382427,
      0.30336976423859596,
      0.3009302653372288,
      0.27625812217593193,
      0.29678864404559135,
      0.2961812950670719,
      0.2884874828159809,
      0.3049482889473438,
      0.2754472568631172,
      0.2873685471713543,
      0.2933554630726576,
      0.27883839793503284,
      0.2592982091009617,
      0.2964816018939018,
      0.26465675979852676,
      0.28057278506457806,
      0.26609542593359947,
      0.2726467177271843,
      0.26939242146909237,
      0.2851395234465599,
      0.26929119043052197,
      0.27177066169679165,
      0.26852242089807987,
      0.2749535981565714,
      0.26005532033741474,
      0.2786628529429436,
      0.25279848277568817,
      0.25762030482292175,
      0.29729506932199,
      0.25336093455553055,
      0.27828544192016125,
      0.2662272322922945,
      0.26738191582262516,
      0.2636480685323477,
      0.2700303439050913,
      0.258557865396142,
      0.2616278249770403,
      0.25607334077358246,
      0.26153364777565,
      0.2499076183885336,
      0.243891853839159,
      0.27688080072402954,
      0.24889730848371983,
      0.24038522504270077,
      0.26486410200595856,
      0.2718321979045868,
      0.24858235195279121,
      0.2540615703910589,
      0.24826405197381973,
      0.26868990808725357,
      0.24520746991038322,
      0.2381960991770029,
      0.23592562228441238,
      0.2604930344969034,
      0.25232553854584694,
      0.2512370217591524,
      0.23901750706136227,
      0.2619091998785734,
      0.22966120578348637,
      0.2553079593926668,
      0.25373571552336216,
      0.2630071472376585,
      0.23881806060671806,
      0.24828588590025902,
      0.24809281900525093,
      0.23734137415885925,
      0.281178068369627,
      0.23482117615640163,
      0.2562362104654312,
      0.23822073638439178,
      0.23966431617736816,
      0.2494391743093729,
      0.2505857478827238,
      0.25272088684141636,
      0.24006171338260174,
      0.2540012914687395,
      0.2350794542580843,
      0.2470141313970089,
      0.2517384886741638,
      0.2444627583026886,
      0.2485609482973814,
      0.24079587496817112,
      0.23860815353691578,
      0.2370755486190319,
      0.2505677901208401,
      0.23764845356345177,
      0.23308401182293892,
      0.2414255514740944,
      0.23601320199668407,
      0.24085534177720547
    ],
    "train_acc": [
      4.64023973974132,
      4.946378257718248,
      5.176994646660321,
      5.3339833437933075,
      5.4970859352641375,
      5.5765098743998625,
      5.581679571457013,
      5.6068831819345055,
      5.848035122455101,
      5.817782648993574,
      5.882146915130331,
      6.0273999446951905,
      6.11720546946486,
      6.586413585460357,
      6.229425828827702,
      6.1952695871921994,
      6.226096932890618,
      6.056183737923492,
      6.535916712448458,
      6.433704051552694,
      6.332889172115039,
      6.475970418806734,
      6.843736336775421,
      6.08945503279447,
      6.77188278387587,
      6.483299934696375,
      6.697187341592204,
      6.440065654999528,
      6.783234525530795,
      6.237312695118607,
      6.640706803689488,
      6.601479434344751,
      6.586231307370132,
      6.595740018335986,
      6.789813193822827,
      6.400910339258413,
      7.061388500588341,
      6.886875950049382,
      6.195110863693931,
      7.043843548631896,
      6.55588139752861,
      6.65389146152176,
      6.628228255709856,
      6.789315698740952,
      6.562900308906646,
      6.873166216961929,
      6.773291746503623,
      6.8694499432807286,
      6.772834873671324,
      7.108250190759094,
      7.23577887011547,
      6.62529720719379,
      7.110762822059262,
      7.4733944641030154,
      6.774578008014617,
      6.88297283085223,
      7.215852409941047,
      7.032366221947416,
      7.111758680915587,
      6.73738395485238,
      7.196548944321046,
      7.466711129924401,
      7.550204840756245,
      6.893425579400344,
      7.091614104814872,
      7.148975315751302,
      7.453380286084954,
      6.833311489545578,
      7.6760614439647314,
      7.109572503471991,
      6.989861630602429,
      6.973113014566517,
      7.495301135235847,
      7.25558973412805,
      7.306221522111825,
      7.518172738562166,
      6.790118029047876,
      7.687477399439814,
      7.002131631416896,
      7.521942212346819,
      7.455291608380488,
      7.332623304657766,
      7.24761396408984,
      7.091551379989134,
      7.565901530074815,
      7.010595718523552,
      7.577202310900717,
      7.260267396879374,
      7.1347022611262565,
      7.386963740391709,
      7.309208279509138,
      7.495548782111379,
      7.387943757387482,
      7.658522587361907,
      7.128180375765371,
      7.490875466651399,
      7.5791037397931404,
      7.317464297111908,
      7.559593479010384,
      7.41198771178699
    ],