{
  "config": {
    "out_dir": "./results",
    "seed": 42,
    "bs_train": 64,
    "bs_test": 16,
    "batches": 100,
    "epochs": 100,
    "early_stopping": 3,
    "checkpoints": null,
    "lr": 0.0005,
    "h_dim": 256,
    "z_dim": 5,
    "betas": [
      0.1,
      0.1
    ],
    "kw": {},
    "run_name": "MEGA_RUNbs_64lr_0.0005s_0.5",
    "x_sigma2": 0.9
  },
  "results": {
    "num_epochs": 0,
    "train_loss": [
      0.6437925733625889,
      0.4548882618546486,
      0.40512553229928017,
      0.3849465437233448,
      0.35868246853351593,
      0.3407590314745903,
      0.347212303429842,
      0.32504481822252274,
      0.3135305196046829,
      0.31233659386634827,
      0.30540917813777924,
      0.30394820123910904,
      0.2897734008729458,
      0.2928598001599312,
      0.2949472591280937,
      0.3044942021369934,
      0.30265180580317974,
      0.3035134505480528,
      0.27926645055413246,
      0.2905678618699312,
      0.28827884793281555,
      0.2800019159913063,
      0.26352495327591896,
      0.29935137182474136,
      0.2651339713484049,
      0.27727965638041496,
      0.2704872749745846,
      0.27528194338083267,
      0.2696580905467272,
      0.2723470013588667,
      0.2662468310445547,
      0.2503614127635956,
      0.2751311920583248,
      0.26998267136514187,
      0.26524229533970356,
      0.2680700980126858,
      0.26695994287729263,
      0.25275077670812607,
      0.26879747956991196,
      0.26193965040147305,
      0.27597816102206707,
      0.2502719145268202,
      0.26505178585648537,
      0.2540146838873625,
      0.25880031287670135,
      0.25420085713267326,
      0.2626121714711189,
      0.25710166431963444,
      0.24754615500569344,
      0.2536171991378069,
      0.2545954678207636,
      0.25276321172714233,
      0.2459368221461773,
      0.2553639691323042,
      0.2655264250934124,
      0.2545408718287945,
      0.26446530409157276,
      0.25721292197704315,
      0.2512682769447565,
      0.2527607437223196,
      0.2573888208717108,
      0.24154693260788918,
      0.24800805374979973,
      0.2568595800548792,
      0.24749534763395786,
      0.23787676356732845,
      0.26307390443980694,
      0.26078419759869576,
      0.2542337663471699,
      0.25306230038404465,
      0.25466178357601166,
      0.2554166838526726,
      0.2316942922770977,
      0.26618324033915997,
      0.25655282475054264,
      0.23741240426898003,
      0.2503008712083101,
      0.23031152971088886,
      0.25877626426517963,
      0.24006547220051289,
      0.24151523038744926,
      0.24169873632490635,
      0.2423269171267748,
      0.2427490297704935,
      0.2301334422081709,
      0.2534213252365589,
      0.2292286865413189,
      0.25552131049335003,
      0.2404826171696186,
      0.23219808377325535,
      0.24895940721035004,
      0.23494958877563477,
      0.25437617115676403,
      0.22989890538156033,
      0.24423562921583652,
      0.24900377169251442,
      0.23582003824412823,
      0.22520956210792065,
      0.28025522269308567,
      0.23964948020875454
    ],
    "train_acc": [
      4.640201281274126,
      4.949303526319174,
      5.161149037654935,
      5.336130121001148,
      5.518259365255819,
      5.608354245238618,
      5.5806173814542,
      5.767711014808566,
      5.845455900458221,
      5.77607722128035,
      6.015190039169874,
      6.012256683693332,
      6.2046390404346985,
      6.337440922700283,
      6.332256240788319,
      6.186145376838418,
      6.123803400152538,
      6.05239002315677,
      6.43710969792491,
      6.327336056122138,
      6.232102674572616,
      6.399029903014452,
      6.789617521051327,
      6.025143993278689,
      6.761261959803906,
      6.57016763107201,
      6.582217915668017,
      6.41932537871763,
      6.647863211425274,
      6.559668448030237,
      6.649528472691673,
      7.085736279374418,
      6.716185581627469,
      6.659658530962682,
      6.738784520721251,
      6.790679673694255,
      6.710332992583003,
      6.971358776994973,
      6.704500085327856,
      6.826656648002054,
      6.637614780160834,
      7.169716106309832,
      6.737437732467009,
      7.092142049686471,
      6.872150428867992,
      7.004999454510141,
      6.970173319135644,
      6.99624084311491,
      7.280303522748437,
      7.06327329492357,
      7.038330633989432,
      7.086630556182395,
      7.322763165513723,
      7.100533766880902,
      6.733717852362795,
      7.106829808588169,
      6.945069844727181,
      6.958764471148129,
      7.133597199600721,
      7.11357789924658,
      6.933957206345424,
      7.377293760867089,
      7.185270795244174,
      7.162171498658007,
      7.238024584318335,
      7.474786859489643,
      6.89089203434917,
      6.798966869199045,
      7.359445238434447,
      7.238388217179297,
      7.057327268395074,
      6.998759362716863,
      7.676064857458653,
      6.987478499545383,
      7.04189851163334,
      7.512757511113902,
      7.105187258530816,
      7.754137208696086,
      6.971947283238811,
      7.435467996631072,
      7.425200540617355,
      7.332493381455071,
      7.3432876951934745,
      7.332166355660005,
      7.709950855455301,
      7.1115140868254345,
      7.693549473186405,
      7.015290735940509,
      7.398141553721868,
      7.68762394330253,
      7.249883973292841,
      7.626077113388194,
      7.0362481161242165,
      7.747660707600319,
      7.234137801002999,
      7.189465804371245,
      7.580116682584673,
      7.8933206030498635,
      6.953395951793425,
      7.52831743616139
    ],