{
  "results": {
    "num_epochs": 0,
    "train_loss": [
      0.6739332715670268,
      0.40092817147572835,
      0.3758462170759837,
      0.3664233684539795,
      0.36089964310328165,
      0.3637252986431122,
      0.3617000341415405,
      0.3498159130414327,
      0.3478764752546946,
      0.34223973552385967,
      0.3433831294377645,
      0.3329021076361338,
      0.3400701423486074,
      0.33849717378616334,
      0.33413200577100116,
      0.3283849438031515,
      0.33094720443089803,
      0.32458539406458536,
      0.32449068625768024,
      0.32636075218518573,
      0.32356181740760803,
      0.32090476353963215,
      0.31942555904388426,
      0.31947638193766276,
      0.3190164307753245,
      0.3160470346609751,
      0.314508322874705,
      0.31310577789942423,
      0.31385894219080607,
      0.31442322929700217
    ],
    "train_acc": [
      8.682520916379772,
      9.510131108025385,
      10.22421298398135,
      10.530761373869984,
      10.571879075795804,
      10.316813121726623,
      10.441929376407806,
      10.634521953317197,
      10.778569769565186,
      10.793225316016766,
      10.734364829696206,
      10.932580397319708,
      10.817578368851049,
      10.802503820329507,
      10.892888788391488,
      10.98154308694488,
      10.95437745839904,
      11.099088356425172,
      11.018298012706833,
      10.910908496991933,
      10.991920096129105,
      11.078132423312685,
      11.048135643142636,
      11.04416503347025,
      10.960676755356747,
      11.145334649785609,
      11.06398714921687,
      11.178478760934292,
      11.148452665696423,
      11.025101677300311
    ],
    "test_loss": [
      0.433311864733696,
      0.4599878042936325,
      0.37164412438869476,
      0.3709864914417267,
      0.3362188935279846,
      0.3510406017303467,
      0.3456971049308777,
      0.3590574264526367,
      0.33006513118743896,
      0.3571590632200241,
      0.3125282824039459,
      0.35936281085014343,
      0.31880755722522736,
      0.3402855396270752,
      0.33099548518657684,
      0.35434529185295105,
      0.3221621662378311,
      0.32082319259643555,
      0.3572564870119095,
      0.33130066096782684,
      0.3260275274515152,
      0.33326390385627747,
      0.3073920011520386,
      0.3114742189645767,
      0.32273346185684204,
      0.3115346133708954,
      0.3088865578174591,
      0.3203012943267822,
      0.29313963651657104,
      0.3200622648000717
    ],
    "test_acc": [
      9.150175830281267,
      10.252815748272164,
      11.586043589713833,
      12.943394879466224,
      12.795938986874049,
      13.254547416435289,
      12.210609184001104,
      12.864687440733615,
      13.187473963037993,
      13.000721984836666,
      13.279120906149759,
      12.457952964311461,
      13.094526870640038,
      12.856025244295282,
      12.754164899603417,
      12.926498709335764,
      13.232273778056612,
      13.485900078989786,
      12.252749110346086,
      12.97635561332921,
      12.69271539441486,
      12.843258922474998,
      13.082374042064778,
      13.174613856692734,
      12.644788431529406,
      13.364108042493172,
      13.332222430152878,
      13.55668661645383,
      13.943608924883279,
      13.235785383160788
    ]
  }
}