{
  "results": {
    "num_epochs": 0,
    "train_loss": [
      0.6128324531018734,
      0.37141845747828484,
      0.35126012563705444,
      0.33830006048083305,
      0.32844172790646553,
      0.3205200918018818,
      0.3124862350523472,
      0.30891572311520576,
      0.2940373979508877,
      0.3061230555176735,
      0.3056054562330246,
      0.29158397391438484,
      0.293023481965065,
      0.28389246948063374,
      0.29240168258547783,
      0.28530867770314217,
      0.27257295325398445,
      0.29050903767347336,
      0.27265970781445503,
      0.29700296744704247,
      0.2754293605685234,
      0.28356928564608097,
      0.2802908830344677,
      0.28125341795384884,
      0.2702861875295639,
      0.26292758248746395,
      0.2744496129453182,
      0.2630519066005945,
      0.2825376857072115,
      0.26958681270480156,
      0.28414631448686123,
      0.2730408962816,
      0.2704094424843788,
      0.2616241555660963,
      0.2853796239942312,
      0.25334104895591736,
      0.2778296750038862,
      0.25383070670068264,
      0.25697484984993935,
      0.26747141778469086,
      0.26408809795975685,
      0.266513641923666,
      0.2540001608431339,
      0.25510548800230026,
      0.26143945567309856,
      0.24814381822943687,
      0.2604227866977453,
      0.25677388347685337,
      0.2560485415160656,
      0.25120021030306816,
      0.24755366891622543,
      0.24515993893146515,
      0.2726162653416395,
      0.25038791447877884,
      0.26074145920574665,
      0.2467242181301117,
      0.2531854100525379,
      0.25762356258928776,
      0.2437449637800455,
      0.25841163098812103
    ],
    "train_acc": [
      4.445570288817995,
      4.9405151252689885,
      5.149783596557889,
      5.377631180184346,
      5.514404133394031,
      5.6577039427151785,
      5.789270504290517,
      5.912441388076659,
      6.22366245856433,
      5.999613626557196,
      6.117938540361385,
      6.320749745656524,
      6.319179583166679,
      6.485219278334482,
      6.352113755183555,
      6.377974639141098,
      6.690472747661426,
      6.302544016922746,
      6.695772417000755,
      6.180136667491532,
      6.539181628932128,
      6.5087524315594205,
      6.494436124130642,
      6.448328486381443,
      6.653204974293745,
      6.865096964811995,
      6.632078527481501,
      6.949664080218077,
      6.6386974313760225,
      6.800591073772601,
      6.40233679799665,
      6.6344769537795,
      6.677329579719107,
      6.903019778089055,
      6.321595114121555,
      7.036809002132334,
      6.507831066866924,
      7.086300862466882,
      6.945408261940118,
      6.6754585729955895,
      6.754742534742126,
      6.864050206120788,
      7.169538759785652,
      6.969127691492756,
      6.902011673290602,
      7.137539853354009,
      6.906662159605812,
      6.8783453182523,
      6.984340992518808,
      7.131807650478866,
      7.172215895115149,
      7.306473051908199,
      6.721382526347589,
      7.190198146484778,
      6.892135211503149,
      7.175687613849396,
      7.092035946172794,
      6.9626292620719346,
      7.2429570841447415,
      6.9995875434992625
    ],
    "test_loss": [
      0.3472544550895691,
      0.33879876136779785,
      0.32284507155418396,
      0.3271856904029846,
      0.3072640597820282,
      0.32174649834632874,
      0.34405866265296936,
      0.306470662355423,
      0.3157764971256256,
      0.28857946395874023,
      0.27957022190093994,
      0.35366135835647583,
      0.2789710760116577,
      0.3092052936553955,
      0.26739001274108887,
      0.28810593485832214,
      0.27972421050071716,
      0.26824185252189636,
      0.3332372307777405,
      0.3023560047149658,
      0.37175458669662476,
      0.2592315971851349,
      0.2749309837818146,
      0.2678372859954834,
      0.2771199941635132,
      0.25952428579330444,
      0.2612264156341553,
      0.2547054588794708,
      0.26994389295578003,
      0.2570668160915375,
      0.2710733711719513,
      0.25729671120643616,
      0.2604456841945648,
      0.36565694212913513,
      0.25264713168144226,
      0.2560489773750305,
      0.2672496438026428,
      0.28093475103378296,
      0.33763816952705383,
      0.25494253635406494,
      0.2618463635444641,
      0.2613851726055145,
      0.2846752405166626,
      0.26496806740760803,
      0.2795480787754059,
      0.2538089156150818,
      0.24858394265174866,
      0.2699512541294098,
      0.24983063340187073,
      0.3713744580745697,
      0.26244625449180603,
      0.26343607902526855,
      0.24540579319000244,
      0.2524227499961853,
      0.28508082032203674,
      0.28264039754867554,
      0.353394091129303,
      0.2504308223724365,
      0.2967338562011719,
      0.245702862739563
    ],
    "test_acc": [
      5.823209048942797,
      5.898174401241581,
      6.229733794967856,
      6.123836531893182,
      6.519666903753658,
      6.152048286499865,
      5.915298883208276,
      6.504534000579229,
      6.783962250908296,
      7.212895099170226,
      7.268064479521357,
      5.732331076319813,
      7.255186166428317,
      6.728762744355505,
      7.533779193024133,
      7.260154837198608,
      7.296753937690712,
      7.546675012749047,
      5.952133513849375,
      6.834551610658552,
      5.30834202597294,
      7.709702417934343,
      7.270015782062041,
      7.411239784751071,
      7.199764306345499,
      7.852266963450485,
      7.739859711970252,
      7.850835585735168,
      7.505183909665464,
      7.910706339405175,
      7.421968995330516,
      7.811305590447588,
      7.635389578705533,
      5.3797884629444646,
      7.866371005672472,
      7.974693837278061,
      7.550073786935487,
      7.14795463359778,
      5.8501750339060035,
      8.011803545503824,
      7.8035222400253135,
      7.854590898710514,
      6.924951697979639,
      7.919129018891041,
      7.000555205270352,
      7.991644221200391,
      7.97850978464457,
      7.3871037214362,
      8.027855452837393,
      5.270947714219662,
      7.565363968527896,
      7.52660325251218,
      8.14405531408823,
      7.880704828820807,
      6.881745538660917,
      6.991683017334334,
      5.571170704768694,
      7.868045169013642,
      6.738863627970609,
      8.057670991811749
    ]
  }
}