{
  "config": {
    "run_name": "Try1",
    "out_dir": "./results",
    "seed": 42,
    "bs_train": 16,
    "bs_test": 4,
    "batches": 100,
    "epochs": 2,
    "early_stopping": 3,
    "checkpoints": null,
    "lr": 0.001,
    "h_dim": 256,
    "z_dim": 5,
    "betas": [
      0.1,
      0.1
    ],
    "kw": {},
    "x_sigma2": 0.9
  },
  "results": {
    "num_epochs": 0,
    "train_loss": [
      0.6655811230341594,
      0.33465972046057385
    ],
    "train_acc": [
      18.412799162282255,
      20.37476024945338
    ],
    "test_loss": [
      0.3093840628862381,
      0.29493550956249237
    ],
    "test_acc": [
      26.271706766248275,
      26.39658475422313
    ]
  }
}