{
  "config": {
    "seed": 42,
    "bs_train": 16,
    "bs_test": 4,
    "batches": 100,
    "epochs": 40,
    "early_stopping": 10,
    "checkpoints": null,
    "lr": 0.0001,
    "print_every": 100,
    "h_dim": 256,
    "z_dim": 128,
    "betas": [
      0.9,
      0.999
    ],
    "kw": {},
    "RTplot": false,
    "out_dir": "./results/Res4/",
    "run_name": "BIG_ARCHlr_0.0001s_1",
    "x_sigma2": 1
  },
  "results": {
    "num_epochs": 0,
    "train_loss": [
      1.7031781395276389,
      1.2426717201868693,
      0.863151224454244,
      0.5974468131860097,
      0.4345018098751704,
      0.3371475060780843,
      0.28405915250380837,
      0.25342437078555424,
      0.23243386894464493,
      0.22315947860479354,
      0.2176975260178248,
      0.2097457433740298,
      0.21407473633686702,
      0.21045583287874858,
      0.20299504746993383,
      0.20857650339603423,
      0.2061026836435,
      0.20727594594160717,
      0.20234275857607523,
      0.20209151407082876,
      0.20269337991873423,
      0.2013519118229548,
      0.2036053294936816,
      0.20034108608961104,
      0.19853370040655136,
      0.19888428896665572,
      0.19724371284246445,
      0.1988314261039098,
      0.199407988289992,
      0.19774353007475534,
      0.1973702867825826,
      0.19773924499750137,
      0.19621369192997615,
      0.19585816065470377,
      0.1937838484843572,
      0.19236599107583363,
      0.19186905324459075,
      0.18893136431773502,
      0.18929052948951722,
      0.18818949113289515
    ],
    "train_acc": [
      20.633337081762384,
      24.608090252162114,
      24.82372294324465,
      25.680394358407643,
      27.858659492565163,
      29.263788164325028,
      29.775790171315165,
      29.919000377810164,
      30.700640556495372,
      30.626179212010886,
      30.92805170331582,
      31.401499704053432,
      30.74093079138838,
      31.107078345464718,
      31.883852838455432,
      31.220443110904867,
      31.383219597745395,
      31.328602999601372,
      32.0412936718328,
      31.931605074480466,
      31.811227153311112,
      32.06990614283507,
      31.718214827430888,
      32.318444603729425,
      32.46286110367474,
      32.331401568758565,
      32.70112114758186,
      32.23993393343867,
      32.4238906786607,
      32.46204422288052,
      32.64180558943376,
      32.55166817230582,
      32.751110121989214,
      32.754456233400326,
      33.29451065947354,
      33.38242830442761,
      33.70823618406039,
      34.004502194551854,
      34.14108451979394,
      34.346244079813815
    ],
    "test_loss": [
      1.6670233309268951,
      1.022350549697876,
      0.7478048652410507,
      0.5634201318025589,
      0.4608311802148819,
      0.353945255279541,
      0.3637937754392624,
      0.36702268570661545,
      0.27702174335718155,
      0.27744726091623306,
      0.2927519679069519,
      0.3175857849419117,
      0.2995711378753185,
      0.2592872530221939,
      0.3163933716714382,
      0.2769985757768154,
      0.22697684541344643,
      0.40284068137407303,
      0.36647095531225204,
      0.276487622410059,
      0.29713163152337074,
      0.3019534684717655,
      0.274084709584713,
      0.27456749230623245,
      0.28241414576768875,
      0.25098470598459244,
      0.4143262356519699,
      0.32213206216692924,
      0.3375179097056389,
      0.4070645272731781,
      0.282392930239439,
      0.27390118688344955,
      0.2647128999233246,
      0.32811785116791725,
      0.3443881943821907,
      0.35402248799800873,
      0.37974007427692413,
      0.36284496635198593,
      0.33067692816257477,
      0.4285309687256813
    ],
    "test_acc": [
      27.977498611298852,
      30.056755808117273,
      29.49873078556529,
      30.910047906312712,
      30.93955452980467,
      31.400025343764646,
      25.50393849684944,
      25.00166516209093,
      30.393468832914873,
      29.57402214627366,
      28.52184500852372,
      26.239359800692224,
      27.883819018955414,
      29.944020199781892,
      27.320708837145983,
      28.75948757029629,
      37.12343189121216,
      19.931165409125576,
      21.390073071285382,
      28.940489155195447,
      26.982474318628007,
      26.02435004742867,
      31.671478989917325,
      28.237776407938426,
      27.41811887512541,
      30.506657427256556,
      23.043909821539405,
      24.773960554584335,
      27.40660179722263,
      20.997182372385936,
      30.73555800128727,
      28.918565314584306,
      29.607836045777027,
      28.66133704205685,
      24.06490101548458,
      23.90931022297418,
      21.498744313551,
      22.241595499768728,
      26.979287280603167,
      20.179246283713717
    ]
  }
}