{
  "config": {
    "seed": 42,
    "bs_train": 16,
    "bs_test": 4,
    "batches": 100,
    "epochs": 40,
    "early_stopping": 10,
    "checkpoints": null,
    "lr": 0.0008,
    "print_every": 100,
    "h_dim": 256,
    "z_dim": 128,
    "betas": [
      0.9,
      0.999
    ],
    "kw": {},
    "RTplot": false,
    "out_dir": "./results/Res4/",
    "run_name": "BIG_ARCHlr_0.0008s_0.9",
    "x_sigma2": 0.9
  },
  "results": {
    "num_epochs": 0,
    "train_loss": [
      0.8957394162813822,
      0.30150516430536906,
      0.2599830344319344,
      0.25914704451958337,
      0.2574078048268954,
      0.24820291002591452,
      0.24234271595875423,
      0.2413959413766861,
      0.2353493129213651,
      0.23017124831676483,
      0.23026818533738455,
      0.22659312138954799,
      0.22600161482890446,
      0.222083676358064,
      0.21588903268178303,
      0.21936464657386143,
      0.21765653789043427,
      0.21968881785869598,
      0.21224911709626515,
      0.20583408226569494,
      0.20499102423588436,
      0.20534824381272,
      0.20560292502244312,
      0.20260136524836223,
      0.1973486880461375,
      0.19720130215088527,
      0.1970068782567978,
      0.19919899006684622,
      0.19613152394692104,
      0.19669921348492306,
      0.19005082895358402,
      0.1937706897656123,
      0.19085939278205236,
      0.18773378779490787,
      0.18514452974001566,
      0.18496681203444798,
      0.18272382120291392,
      0.18171183665593466,
      0.1822203497091929,
      0.17897018988927205
    ],
    "train_acc": [
      24.01074417376145,
      27.56046934218121,
      28.692959454687326,
      28.985200521268425,
      28.76055484608514,
      29.636796971831703,
      30.06169603381843,
      29.941294784626354,
      30.673337041060236,
      31.461851831898546,
      31.50029382402492,
      31.653173095102037,
      31.969519022801713,
      32.5063008493034,
      33.455320102539616,
      33.05061462399313,
      33.39526642511045,
      33.13503652736734,
      34.3125583424084,
      35.195280951118804,
      35.37611213034416,
      35.51116096585452,
      35.559538331051776,
      36.10177673036523,
      36.777593759273444,
      36.74933575533424,
      36.84780990544503,
      36.39884021315301,
      37.00222360852799,
      36.77260878019504,
      38.056658726351884,
      37.48260514567757,
      38.17372172593063,
      38.75148627925445,
      39.41992408298021,
      39.34941006121882,
      40.0523414621987,
      40.08020434938173,
      39.98398387798852,
      40.639138931259424
    ],
    "test_loss": [
      0.702410101890564,
      0.33342496305704117,
      0.3573778048157692,
      0.3087577372789383,
      0.3342422619462013,
      0.3201879486441612,
      0.38274144381284714,
      0.3545130714774132,
      0.32607800513505936,
      0.3322158455848694,
      0.34312618523836136,
      0.3216795213520527,
      0.301256000995636,
      0.3200947344303131,
      0.4313751608133316,
      0.3314411863684654,
      0.27688970044255257,
      0.4135398864746094,
      0.3990981727838516,
      0.29321809858083725,
      0.32835548743605614,
      0.3565516769886017,
      0.34960437193512917,
      0.32393161207437515,
      0.41386715322732925,
      0.3102058656513691,
      0.6084546446800232,
      0.36233998090028763,
      0.37518026679754257,
      0.38787951320409775,
      0.31561193615198135,
      0.3342863917350769,
      0.346979096531868,
      0.5429512932896614,
      0.5027474835515022,
      0.4388119652867317,
      0.3811301738023758,
      0.381012886762619,
      0.4955151081085205,
      0.41645074635744095
    ],
    "test_acc": [
      24.369675769452527,
      27.33395064363503,
      26.143499522775617,
      29.734529914271743,
      26.431482347296058,
      27.806702510219708,
      22.734288979937,
      24.506101099950257,
      26.794239994993923,
      25.80084473368949,
      25.63208539173426,
      27.766920537048545,
      28.99195184031797,
      27.316837010899572,
      22.158530295243526,
      26.394783543028527,
      32.32539051183658,
      23.449366753354504,
      22.091019471982833,
      29.68973939637014,
      27.304921445915216,
      24.706728162107606,
      25.680375106444032,
      26.773289041563864,
      21.55548733856585,
      28.476194345982076,
      16.606558979225824,
      24.256344808914548,
      24.92962674876927,
      23.808328757144416,
      27.233931654286174,
      26.492435808747032,
      24.645470286354133,
      17.658524194604176,
      19.972119617744312,
      20.231937015743377,
      22.784177134283212,
      22.59651690468036,
      18.288445101562893,
      21.408946306428774
    ]
  }
}