{
  "config": {
    "seed": 42,
    "bs_train": 16,
    "bs_test": 4,
    "batches": 100,
    "epochs": 40,
    "early_stopping": 10,
    "checkpoints": null,
    "lr": 0.0008,
    "print_every": 100,
    "h_dim": 256,
    "z_dim": 128,
    "betas": [
      0.9,
      0.999
    ],
    "kw": {},
    "RTplot": false,
    "out_dir": "./results/Res4/",
    "run_name": "BIG_ARCHlr_0.0008s_0.85",
    "x_sigma2": 0.85
  },
  "results": {
    "num_epochs": 0,
    "train_loss": [
      0.9130880683660507,
      0.31768906811873115,
      0.2820008705059687,
      0.27357098162174226,
      0.2711509024103483,
      0.2596100504199664,
      0.2553948764999708,
      0.25630035946766533,
      0.24820841898520787,
      0.24389077325661976,
      0.2439228519797325,
      0.24073575337727865,
      0.23705314248800277,
      0.23358265409866968,
      0.2296691452463468,
      0.23112433006366093,
      0.2305937911073367,
      0.2302125205596288,
      0.22378473331530888,
      0.2189231589436531,
      0.21816383550564447,
      0.21464627534151076,
      0.21562670916318893,
      0.21294686545928318,
      0.2087758446733157,
      0.20821206818024318,
      0.2080109879374504,
      0.2108767732977867,
      0.20927923073371252,
      0.21003121733665467,
      0.20396587401628494,
      0.20567359874645869,
      0.20361909021933874,
      0.1987816333770752,
      0.1985536813735962,
      0.19579857488473257,
      0.1936375935872396,
      0.19532538205385208,
      0.1946156660715739,
      0.19056425839662552
    ],
    "train_acc": [
      24.060199171185204,
      27.61193258550573,
      28.40245597072025,
      29.008412085641915,
      28.816260018785904,
      29.94342681108314,
      30.166763081871714,
      29.95485787705314,
      30.777121148915235,
      31.41856950088035,
      31.473402451585198,
      31.64515410073061,
      32.257049772248806,
      32.74044721241357,
      33.378659656171514,
      33.273474179169575,
      33.380052262889855,
      33.39948101779658,
      34.29887425949307,
      35.1008903187058,
      35.24188133071604,
      35.89797037965183,
      35.75263823835498,
      36.38098018928863,
      36.77668518155093,
      36.84730218929486,
      36.94740688027636,
      36.386306711575536,
      36.7477866786006,
      36.47360164876908,
      37.67025850866734,
      37.37956974335235,
      37.85424441071161,
      38.669815608037695,
      38.94014498355467,
      39.317240817004176,
      39.94090668874414,
      39.57306054034163,
      39.710967167000575,
      40.43028392938382
    ],
    "test_loss": [
      0.718327522277832,
      0.3230411857366562,
      0.37411200255155563,
      0.3279467970132828,
      0.34708546102046967,
      0.32630082219839096,
      0.3917700797319412,
      0.36272311955690384,
      0.3375420570373535,
      0.3767465054988861,
      0.3670041486620903,
      0.3290330618619919,
      0.3504437580704689,
      0.3267694562673569,
      0.39216943830251694,
      0.34854137524962425,
      0.3006727285683155,
      0.4864639565348625,
      0.3762408345937729,
      0.3173539340496063,
      0.35405540466308594,
      0.38526856154203415,
      0.3513234369456768,
      0.3076352924108505,
      0.3454275578260422,
      0.3569715544581413,
      0.566120482981205,
      0.2985057234764099,
      0.3610197976231575,
      0.35984769836068153,
      0.34792520850896835,
      0.31824927777051926,
      0.39716973155736923,
      0.5427154526114464,
      0.5277503281831741,
      0.43984006345272064,
      0.34548184275627136,
      0.3753621205687523,
      0.5205106437206268,
      0.45605921000242233
    ],
    "test_acc": [
      24.350969664692762,
      30.763501889907488,
      26.13071399601463,
      29.488694401571895,
      27.144505267248206,
      28.411507826848624,
      24.377811243554913,
      25.028414356952943,
      27.228923189764913,
      24.061228276050922,
      25.063389214532393,
      29.309394582412775,
      27.197703809991893,
      28.564233547462976,
      26.860668629010043,
      27.33555960114995,
      31.35446372785268,
      20.638512954013287,
      24.458683546932477,
      29.501658554729193,
      26.398557424417497,
      23.973502460966813,
      27.295557598863414,
      29.72427093434745,
      26.363802034986456,
      26.091262660795536,
      20.941095796974306,
      31.82258923730445,
      28.00838129784544,
      27.768895847136125,
      26.29916050401644,
      30.061930303440974,
      22.97504094537319,
      19.777542962926443,
      19.191560175030187,
      22.408958572120515,
      27.087152053870405,
      24.792898895512884,
      19.574853671687766,
      20.831133061624445
    ]
  }
}