{
  "config": {
    "seed": 42,
    "bs_train": 16,
    "bs_test": 4,
    "batches": 100,
    "epochs": 40,
    "early_stopping": 10,
    "checkpoints": null,
    "lr": 0.0005,
    "print_every": 100,
    "h_dim": 256,
    "z_dim": 128,
    "betas": [
      0.9,
      0.999
    ],
    "kw": {},
    "RTplot": false,
    "out_dir": "./results/Res4/",
    "run_name": "BIG_ARCHlr_0.0005s_1",
    "x_sigma2": 1
  },
  "results": {
    "num_epochs": 0,
    "train_loss": [
      1.0873002956310909,
      0.33105820963780086,
      0.24553031474351883,
      0.22968336542447407,
      0.22861440132061642,
      0.21974825263023376,
      0.21578436146179836,
      0.21455868085225424,
      0.21216812978188196,
      0.20546637177467347,
      0.20800810654958088,
      0.2067968969543775,
      0.2072389175494512,
      0.20846402943134307,
      0.20080549468596776,
      0.20515798280636469,
      0.2021222526828448,
      0.2031594107548396,
      0.1987999235590299,
      0.19346002688010533,
      0.19184753100077312,
      0.19123213191827138,
      0.19283362925052644,
      0.1883090118567149,
      0.18455568353335064,
      0.18412790497144063,
      0.1825922191143036,
      0.18202084948619207,
      0.18314850082000098,
      0.18303435444831848,
      0.17766352593898774,
      0.1798335651556651,
      0.17685293306907018,
      0.17611628472805024,
      0.17611465305089952,
      0.1741137757897377,
      0.17334000915288925,
      0.17133789509534836,
      0.17351768513520557,
      0.16799567689498265
    ],
    "train_acc": [
      23.47488532973657,
      27.01941765751969,
      28.376397766685187,
      29.06533319731964,
      28.787854384808977,
      29.79182912316835,
      30.311671112741482,
      30.2268411740729,
      30.63306452927227,
      31.587134182385967,
      31.33073721462448,
      31.396113583378423,
      31.355579831997144,
      31.1626776579435,
      32.10162958151454,
      31.57502002114368,
      31.8903289353321,
      31.76199592933941,
      32.7065895050384,
      33.51505315333109,
      33.76933197802257,
      33.887903769650634,
      33.76342414098214,
      34.62238133527135,
      35.18191201361277,
      35.34142126159061,
      35.94912969889172,
      35.76151482508657,
      35.808639480467676,
      35.71081362390177,
      36.84505643270326,
      36.27087272665391,
      36.915628969416744,
      36.87701632794687,
      37.23207489900775,
      37.36470593119616,
      37.75226010414509,
      37.95895016281444,
      37.66143450431284,
      38.8010150788273
    ],
    "test_loss": [
      0.7753773629665375,
      0.3850794583559036,
      0.2759397104382515,
      0.2876483127474785,
      0.3383002355694771,
      0.3098739944398403,
      0.3117474839091301,
      0.28740929067134857,
      0.28332072868943214,
      0.32017339766025543,
      0.320031002163887,
      0.27621180936694145,
      0.27525388449430466,
      0.22815481573343277,
      0.34882862865924835,
      0.2889956384897232,
      0.22972379252314568,
      0.4242609515786171,
      0.3913371115922928,
      0.27191397547721863,
      0.31535350531339645,
      0.340633288025856,
      0.33293697610497475,
      0.2800621911883354,
      0.3162732906639576,
      0.32798974215984344,
      0.49481412023305893,
      0.2864045202732086,
      0.3292421065270901,
      0.3763181269168854,
      0.3186107650399208,
      0.3235793188214302,
      0.296106182038784,
      0.3997270241379738,
      0.40968114882707596,
      0.3821618780493736,
      0.36729902774095535,
      0.4544607698917389,
      0.38321493566036224,
      0.37999220192432404
    ],
    "test_acc": [
      28.811815307142883,
      25.059524613179274,
      29.64630019401427,
      28.569271753008906,
      22.91437655730117,
      25.619600234998153,
      25.207573872302405,
      28.035773656226404,
      29.55721909253636,
      24.218421558483602,
      24.99180313180975,
      29.335610842401323,
      29.21330176597242,
      34.20043521199178,
      25.41517618300227,
      27.379356417096975,
      34.02850270375181,
      20.196341090662358,
      20.472179038201627,
      28.83890148332549,
      26.03343509566538,
      24.003503852760662,
      24.296237588825452,
      29.86955432777995,
      25.48740919331545,
      23.6782985586633,
      18.836455634836785,
      27.398263883896316,
      26.66779203501847,
      22.012617430840855,
      25.845300907734963,
      24.934117220102028,
      26.313957915777074,
      21.1721645193099,
      20.364774464516085,
      21.18370628777532,
      21.197653093030105,
      17.852151289253243,
      23.293708667331426,
      21.022890589807
    ]
  }
}