{
  "config": {
    "seed": 42,
    "bs_train": 16,
    "bs_test": 4,
    "batches": 100,
    "epochs": 40,
    "early_stopping": 10,
    "checkpoints": null,
    "lr": 0.0003,
    "print_every": 100,
    "h_dim": 256,
    "z_dim": 128,
    "betas": [
      0.9,
      0.999
    ],
    "kw": {},
    "RTplot": false,
    "out_dir": "./results/Res4/",
    "run_name": "BIG_ARCHlr_0.0003s_0.9",
    "x_sigma2": 0.9
  },
  "results": {
    "num_epochs": 0,
    "train_loss": [
      1.3694986840089163,
      0.5516817688941955,
      0.31445462703704835,
      0.27010484635829923,
      0.2610161786278089,
      0.24502147088448206,
      0.2426271229982376,
      0.23887722690900168,
      0.23557928800582886,
      0.23117954482634862,
      0.2315058082342148,
      0.22861062784989675,
      0.22755087514718372,
      0.2269840841492017,
      0.22256639550129573,
      0.2296786904335022,
      0.22458674510320029,
      0.23000424355268478,
      0.2229503035545349,
      0.21957310338815053,
      0.2209258904059728,
      0.2180994565288226,
      0.21703027933835983,
      0.2132391557097435,
      0.2120043605566025,
      0.20954697877168654,
      0.20784203509489696,
      0.207089734574159,
      0.20849893540143966,
      0.2101413701971372,
      0.2028356393178304,
      0.20452778736750285,
      0.20282641053199768,
      0.19821729212999345,
      0.19894185463587444,
      0.19404299706220626,
      0.1947306474049886,
      0.19410283267498016,
      0.19623907854159672,
      0.18950907985369364
    ],
    "train_acc": [
      22.866872289589917,
      26.180449714591592,
      28.229361307848315,
      28.56130796557597,
      28.62600604637363,
      29.953977741464133,
      30.030875191765634,
      30.199406888758553,
      30.7165833024207,
      31.25180735760409,
      31.42485483566308,
      31.54251174108916,
      31.647068178571683,
      31.635137584993604,
      32.13102760678205,
      31.391733366495835,
      31.779171894218774,
      31.254085654409856,
      32.21336522479189,
      32.4893663782226,
      32.4220073095404,
      32.92905587623155,
      33.181263062885584,
      33.975895077490094,
      34.17228428310656,
      34.29960892014571,
      34.6789059574178,
      34.6664384740857,
      34.60440527347818,
      34.19836416488773,
      35.483941606930706,
      35.33787125374304,
      35.762567176500205,
      36.33433980737299,
      36.63495033923589,
      37.13718435227078,
      37.141975297819776,
      37.12972200443795,
      36.87910132084022,
      37.95713365377239
    ],
    "test_loss": [
      1.0870922207832336,
      0.5065864622592926,
      0.31123407930135727,
      0.30355415120720863,
      0.303382508456707,
      0.31601154804229736,
      0.34796953201293945,
      0.32510365545749664,
      0.2837023660540581,
      0.32712503522634506,
      0.31966591626405716,
      0.3414783328771591,
      0.3174496963620186,
      0.2691027894616127,
      0.3818587213754654,
      0.31826943159103394,
      0.25558552891016006,
      0.3508255183696747,
      0.4370366707444191,
      0.28991954028606415,
      0.31357309594750404,
      0.32186033576726913,
      0.35187024995684624,
      0.296798937022686,
      0.31362007185816765,
      0.3387008607387543,
      0.474320225417614,
      0.3380161449313164,
      0.3666556030511856,
      0.4222993403673172,
      0.3282116800546646,
      0.31150272488594055,
      0.35648684203624725,
      0.39216508716344833,
      0.441393218934536,
      0.41088446974754333,
      0.37528741359710693,
      0.35130133479833603,
      0.3800789639353752,
      0.4322841316461563
    ],
    "test_acc": [
      28.456670906820047,
      29.47677226942466,
      33.02785186298063,
      31.190659696923333,
      29.640962849325078,
      27.877036148761324,
      24.846200675979716,
      26.72388716063773,
      31.861196601595047,
      26.451704107310185,
      28.254128068842498,
      26.77517240318747,
      28.194096329885063,
      31.954766480298133,
      25.627365671909104,
      27.744206151928996,
      35.098028407794615,
      24.93278560050746,
      20.92394884615131,
      31.860034263647073,
      28.034561165495198,
      28.035202787685503,
      25.409578657701374,
      31.805171969440703,
      28.48900359858981,
      26.005288068342473,
      23.0295443084335,
      25.83068874649668,
      28.02932640885764,
      21.99720027719679,
      27.90549006039671,
      28.192211276836503,
      23.949568276683742,
      23.764764026607736,
      21.73308185341029,
      22.620485797662326,
      23.409435603080897,
      25.748485761616934,
      23.773990512736123,
      21.105170517300614
    ]
  }
}