{
  "config": {
    "seed": 42,
    "bs_train": 16,
    "bs_test": 4,
    "batches": 100,
    "epochs": 40,
    "early_stopping": 10,
    "checkpoints": null,
    "lr": 0.0008,
    "print_every": 100,
    "h_dim": 256,
    "z_dim": 128,
    "betas": [
      0.9,
      0.999
    ],
    "kw": {},
    "RTplot": false,
    "out_dir": "./results/Res4/",
    "run_name": "BIG_ARCHlr_0.0008s_0.8",
    "x_sigma2": 0.8
  },
  "results": {
    "num_epochs": 0,
    "train_loss": [
      0.9326906353235245,
      0.3354030082623164,
      0.2966642980774244,
      0.28790264775355656,
      0.2874500388900439,
      0.27610267301400504,
      0.2723214129606883,
      0.27041402210791904,
      0.26609334150950115,
      0.25841651658217113,
      0.25827248791853585,
      0.25422083387772243,
      0.24783424238363902,
      0.2459550271431605,
      0.24092781742413838,
      0.24241306235392887,
      0.2455942451953888,
      0.2432283659776052,
      0.23524250586827597,
      0.2293935721119245,
      0.22916798293590546,
      0.22767272740602493,
      0.22802265336116154,
      0.2266261488199234,
      0.21975707163413366,
      0.22004663646221162,
      0.21943602363268536,
      0.21994021485249202,
      0.2208195224404335,
      0.21940998882055282,
      0.2134754220644633,
      0.21359494974215826,
      0.21263499160607655,
      0.21005717565615972,
      0.20722447335720062,
      0.20522502462069195,
      0.20251734256744386,
      0.20324819535017014,
      0.20392015874385833,
      0.19950251430273055
    ],
    "train_acc": [
      24.145674804282734,
      27.63616847668276,
      28.38489067482339,
      29.03960559938526,
      28.832896030787015,
      29.891742163065103,
      30.062452115746698,
      30.159304378800453,
      30.605827507806666,
      31.53870523329957,
      31.58667258176521,
      31.91495374617395,
      33.05228698642451,
      33.303637289533306,
      33.87726235712598,
      33.573267144151835,
      33.489628234573445,
      33.67559637584303,
      34.83578773076403,
      35.72867918761613,
      35.58277569298146,
      35.96274272409377,
      35.99648236611106,
      36.37277165515768,
      37.070204146819144,
      37.05318331352886,
      37.239724956350834,
      37.03359798483464,
      37.125679643861744,
      37.32688407908543,
      38.41364284782313,
      38.45956332505001,
      38.605549672124134,
      38.96667904970552,
      39.65809963328124,
      39.86987993089031,
      40.55047294214261,
      40.372195701251755,
      40.3215660362464,
      41.09162336375709
    ],
    "test_loss": [
      0.7397252023220062,
      0.3430410251021385,
      0.34781982749700546,
      0.3718373700976372,
      0.3578161373734474,
      0.33243977278470993,
      0.39047636091709137,
      0.4015345275402069,
      0.3411378860473633,
      0.4142652526497841,
      0.39818616956472397,
      0.3462703302502632,
      0.328111968934536,
      0.3026740029454231,
      0.43610743433237076,
      0.3562774956226349,
      0.3636433854699135,
      0.4777231141924858,
      0.4522034376859665,
      0.34559372067451477,
      0.38073187321424484,
      0.41090086847543716,
      0.4060962274670601,
      0.3707995340228081,
      0.3576236665248871,
      0.45234446227550507,
      0.6308496594429016,
      0.36818286031484604,
      0.39539824426174164,
      0.4309457913041115,
      0.3489023596048355,
      0.35683242231607437,
      0.4217580482363701,
      0.5571004450321198,
      0.5275378450751305,
      0.415834404528141,
      0.3860877975821495,
      0.445759080350399,
      0.5531553402543068,
      0.48394060134887695
    ],
    "test_acc": [
      24.252051501188777,
      30.238032677343472,
      29.605819557792564,
      27.096975378133614,
      27.72871854100402,
      30.317185973235237,
      25.540253940340744,
      24.0002057186528,
      28.75902076732283,
      23.206948215333696,
      25.090036875372604,
      29.81721749173429,
      29.934399930506896,
      32.41595684913585,
      25.05442750438886,
      28.41242477653069,
      26.924183190807973,
      21.993788091127456,
      22.05262452768528,
      29.954638360427953,
      26.44722953794561,
      23.84409564311444,
      24.42346290276051,
      26.745160014549686,
      27.274483193656803,
      21.52474309499165,
      18.91899655625343,
      26.969932555261863,
      27.064717249634338,
      25.007906189643087,
      27.63216677668159,
      28.98075126397566,
      22.766591329681518,
      19.283582895230495,
      19.06979932623866,
      26.18113598581888,
      25.790094841435927,
      22.369894212153618,
      19.569011185519646,
      20.78081339949957
    ]
  }
}