{
  "config": {
    "seed": 42,
    "bs_train": 16,
    "bs_test": 4,
    "batches": 100,
    "epochs": 40,
    "early_stopping": 10,
    "checkpoints": null,
    "lr": 0.0001,
    "print_every": 100,
    "h_dim": 256,
    "z_dim": 128,
    "betas": [
      0.9,
      0.999
    ],
    "kw": {},
    "RTplot": false,
    "out_dir": "./results/Res4/",
    "run_name": "BIG_ARCHlr_0.0001s_0.85",
    "x_sigma2": 0.85
  },
  "results": {
    "num_epochs": 0,
    "train_loss": [
      1.7584462881088256,
      1.28851344982783,
      0.9088694492975871,
      0.6386831800142924,
      0.47309128443400067,
      0.37526748577753705,
      0.32172804077466327,
      0.29209792663653694,
      0.27042286743720373,
      0.2606144562363625,
      0.25468256026506425,
      0.24536081105470658,
      0.25073068340619403,
      0.24655865579843522,
      0.23759065320094427,
      0.24547935177882513,
      0.24192835340897242,
      0.24298568616310756,
      0.2381998802224795,
      0.2369582399725914,
      0.2377355232834816,
      0.23663143465916317,
      0.23950669219096501,
      0.23540654828151067,
      0.2328977589805921,
      0.23343762656052908,
      0.23138505071401597,
      0.23345326135555902,
      0.2334578608473142,
      0.23188147048155466,
      0.2307336673140526,
      0.23052046050628025,
      0.2281305154164632,
      0.22556061844031017,
      0.22275306781133017,
      0.2207295333345731,
      0.22005875110626222,
      0.2195328290263812,
      0.2200993334253629,
      0.21839932103951773
    ],
    "train_acc": [
      20.63369789045102,
      24.610155669456745,
      24.84137608184482,
      26.088161272852595,
      28.25181469251122,
      29.499561900994554,
      29.965239624304566,
      30.04130563876376,
      30.767070912117703,
      30.715247729683824,
      31.00605777757993,
      31.523524897022536,
      30.8326312817456,
      31.201930852745978,
      32.001184927082974,
      31.179800957028622,
      31.440535494179557,
      31.399134441042825,
      32.01232116274542,
      32.00495409880181,
      31.874401291340217,
      32.08739398122797,
      31.72377345092938,
      32.34852942907783,
      32.52182622138047,
      32.387649901728786,
      32.775803346390845,
      32.30196935681497,
      32.5748260628828,
      32.562878813981726,
      32.84925599895182,
      32.85881154038652,
      33.19600906713118,
      33.52637898603357,
      34.19142007411372,
      34.34168716422938,
      34.70708601992537,
      34.477247594289096,
      34.572937511623806,
      34.733114092715276
    ],
    "test_loss": [
      1.7155437767505646,
      1.069131761789322,
      0.7940525710582733,
      0.6146282106637955,
      0.503234252333641,
      0.3962121978402138,
      0.4161543548107147,
      0.4205559939146042,
      0.3225194588303566,
      0.32906968891620636,
      0.343561589717865,
      0.3583688959479332,
      0.35145945101976395,
      0.30338142067193985,
      0.3735232278704643,
      0.31762930005788803,
      0.26615316793322563,
      0.46362531930208206,
      0.41742967814207077,
      0.3196561634540558,
      0.3512252941727638,
      0.35211745649576187,
      0.31696420907974243,
      0.309820793569088,
      0.32545100897550583,
      0.28824103623628616,
      0.47823044657707214,
      0.37005680054426193,
      0.3884449005126953,
      0.4641156941652298,
      0.34377965331077576,
      0.30096013471484184,
      0.3129178211092949,
      0.38464346528053284,
      0.4129544347524643,
      0.34512218832969666,
      0.4333999752998352,
      0.4332597851753235,
      0.3897636793553829,
      0.5047042220830917
    ],
    "test_acc": [
      27.97974269127529,
      30.069532597559494,
      29.61748417671975,
      30.7192030740642,
      31.11754057704818,
      31.577432469649356,
      25.622127966771863,
      25.420350620342663,
      30.419027097368385,
      29.19622781875395,
      28.420776831358022,
      27.025070670172617,
      27.949055762682605,
      30.081516403381393,
      27.01551896645236,
      29.46246525530889,
      37.13859620133309,
      20.701982568425926,
      21.965760419195764,
      29.80508245254613,
      27.057005722708634,
      26.323827783874304,
      32.081520146148634,
      29.552520344268594,
      27.91542678684409,
      31.272978049989923,
      23.474463620800677,
      25.510062096490064,
      27.722395820350116,
      21.460397756323466,
      28.928686322680605,
      30.72413733560728,
      29.371693672499582,
      29.176930919548408,
      22.900307299832264,
      27.29111857121259,
      21.82089224163137,
      21.91845201044702,
      26.400137839022968,
      20.612046281285732
    ]
  }
}