{
  "config": {
    "seed": 42,
    "bs_train": 16,
    "bs_test": 4,
    "batches": 100,
    "epochs": 40,
    "early_stopping": 10,
    "checkpoints": null,
    "lr": 0.0008,
    "print_every": 100,
    "h_dim": 256,
    "z_dim": 128,
    "betas": [
      0.9,
      0.999
    ],
    "kw": {},
    "RTplot": false,
    "out_dir": "./results/Res4/",
    "run_name": "BIG_ARCHlr_0.0008s_1",
    "x_sigma2": 1
  },
  "results": {
    "num_epochs": 0,
    "train_loss": [
      0.8660297165314357,
      0.27999986012776695,
      0.23431614190340042,
      0.232052048544089,
      0.23165396551291148,
      0.22309108128150304,
      0.21818500906229019,
      0.21630831062793732,
      0.21092961182196934,
      0.20963327636321386,
      0.20779862105846406,
      0.20465540736913682,
      0.20473440786202748,
      0.203146830201149,
      0.1954789126912753,
      0.1982009490331014,
      0.1984895999232928,
      0.1983241950472196,
      0.19249149560928344,
      0.18766797681649525,
      0.18764807333548864,
      0.1885317747791608,
      0.18911423335472743,
      0.18358462105194728,
      0.180314239859581,
      0.1780357763171196,
      0.17748942424853642,
      0.18038685669501622,
      0.17933068573474883,
      0.18021741658449172,
      0.1736074760556221,
      0.17592176000277202,
      0.17414477864901226,
      0.17325777461131414,
      0.1699575439095497,
      0.1699885661403338,
      0.16772897044817606,
      0.16615179926156998,
      0.16610850741465885,
      0.16302101413408915
    ],
    "train_acc": [
      23.94123398608657,
      27.35972785464013,
      28.659519260534655,
      28.9934389267276,
      28.817686999570682,
      29.77875602776871,
      30.046236503804664,
      29.924315683054964,
      30.810115914197752,
      31.15928954775283,
      31.416848859583936,
      31.59358399528663,
      31.772553404572285,
      31.9723649448602,
      33.20453628119147,
      32.97898272517962,
      32.987524555084356,
      32.998246597836314,
      33.888168625545696,
      34.66271413834038,
      34.62038204041645,
      34.7984041688016,
      34.90588564008852,
      35.804412916857295,
      36.341988397320414,
      36.693322552291875,
      36.75754321395329,
      36.157633510569305,
      36.60123944751101,
      36.1995483239899,
      37.63128782319876,
      37.04652152052281,
      37.56153184615757,
      37.592951608786635,
      38.52003926909288,
      38.45160711515228,
      39.22114469369999,
      39.53696871243698,
      39.4867021549723,
      40.163079890928515
    ],
    "test_loss": [
      0.6587401926517487,
      0.28391458466649055,
      0.32269978895783424,
      0.3288479894399643,
      0.30672233551740646,
      0.3102327585220337,
      0.31972605735063553,
      0.3039129823446274,
      0.3084912598133087,
      0.2801232598721981,
      0.300627700984478,
      0.2868700437247753,
      0.26790498197078705,
      0.26972444355487823,
      0.39368486404418945,
      0.3016210272908211,
      0.22651786729693413,
      0.3784129060804844,
      0.3966308534145355,
      0.2615613676607609,
      0.33371588960289955,
      0.3237953558564186,
      0.30804378539323807,
      0.2715275399386883,
      0.3223124146461487,
      0.28633636981248856,
      0.5638489760458469,
      0.33901316672563553,
      0.4178639277815819,
      0.3506263941526413,
      0.33023688197135925,
      0.29050804674625397,
      0.39978817850351334,
      0.4428987354040146,
      0.46686166524887085,
      0.47139281779527664,
      0.28887709602713585,
      0.3296504355967045,
      0.47397954761981964,
      0.32610778138041496
    ],
    "test_acc": [
      24.72270507878988,
      28.720450084027416,
      26.284805324868664,
      24.634289999332452,
      26.067198582020342,
      26.4928085117549,
      24.811519584731013,
      25.93874942590914,
      25.165537128917762,
      28.01974658785804,
      26.48489001633171,
      27.91384617479292,
      29.00175433409593,
      29.01803245213922,
      21.68797787822586,
      26.7935400339983,
      35.27834513558679,
      22.877257207936548,
      20.04549223365362,
      30.17607182506569,
      25.49141866596703,
      24.741577105757138,
      26.60685615347393,
      29.659721834576487,
      24.961741860277744,
      28.227750358145382,
      19.855516515353838,
      22.662049422866907,
      21.04616942792575,
      23.921373254227394,
      24.58178990652424,
      26.631134243786885,
      19.826322847218144,
      19.91107288912142,
      18.88495134570039,
      18.285524671567025,
      27.20487936864061,
      24.212647034790905,
      18.69516925631902,
      24.60483240274412
    ]
  }
}