{
  "config": {
    "seed": 42,
    "bs_train": 16,
    "bs_test": 4,
    "batches": 100,
    "epochs": 40,
    "early_stopping": 10,
    "checkpoints": null,
    "lr": 0.0003,
    "print_every": 100,
    "h_dim": 256,
    "z_dim": 128,
    "betas": [
      0.9,
      0.999
    ],
    "kw": {},
    "RTplot": false,
    "out_dir": "./results/Res4/",
    "run_name": "BIG_ARCHlr_0.0003s_0.85",
    "x_sigma2": 0.85
  },
  "results": {
    "num_epochs": 0,
    "train_loss": [
      1.387878570954005,
      0.5672553896903991,
      0.3292230526606242,
      0.28516528258721036,
      0.2746069610118866,
      0.2585894837975502,
      0.2570089802145958,
      0.2532299598058065,
      0.24940608590841293,
      0.24489985257387162,
      0.24452045907576878,
      0.24170983483393987,
      0.24133891810973485,
      0.24096154421567917,
      0.23569544553756713,
      0.24364237735668817,
      0.23723106284936268,
      0.24316961417595545,
      0.23492316901683807,
      0.23133395214875538,
      0.2311416581273079,
      0.22917592227458955,
      0.22736514508724212,
      0.2260389233628909,
      0.22151760657628378,
      0.22047367542982102,
      0.21740375757217406,
      0.21934202214082082,
      0.21978873958190281,
      0.2211466684937477,
      0.2149137571454048,
      0.21682956218719482,
      0.21562107155720392,
      0.20892013361056647,
      0.21065116276343662,
      0.2055758719642957,
      0.20546148369709652,
      0.20450109938780467,
      0.20819956610600154,
      0.20097311834494272
    ],
    "train_acc": [
      22.869837318511536,
      26.2867224248694,
      28.346566258364202,
      28.595606792437312,
      28.7888071507574,
      30.009291083619527,
      30.030360621847805,
      30.168435839846794,
      30.724380437266106,
      31.20492988700229,
      31.455489525774258,
      31.559210715087428,
      31.613107172536736,
      31.586434923284695,
      32.13187199845133,
      31.3446155078766,
      31.824800815441073,
      31.32602818990849,
      32.391164980611094,
      32.67722465200219,
      32.85390611241379,
      33.340231387315136,
      33.573430000645224,
      33.94447667548026,
      34.431805302117176,
      34.46232670399346,
      35.007062676769166,
      34.614349381865075,
      34.67697176924158,
      34.33714255211695,
      35.42179699264215,
      35.238997514573086,
      35.6027684649682,
      36.47314025652536,
      36.567879440598794,
      37.10297408794279,
      37.27535045766986,
      37.28084188440866,
      36.79433718650485,
      37.9548182208727
    ],
    "test_loss": [
      1.1045303344726562,
      0.5337957814335823,
      0.3266115188598633,
      0.3191880062222481,
      0.3273673728108406,
      0.3296801373362541,
      0.3706366643309593,
      0.3463324308395386,
      0.294706616550684,
      0.3415265157818794,
      0.3368753492832184,
      0.35384682565927505,
      0.33107249438762665,
      0.2770315855741501,
      0.3993704617023468,
      0.32788103073835373,
      0.2724774181842804,
      0.36372528225183487,
      0.4478193372488022,
      0.3032373934984207,
      0.3424399197101593,
      0.33664388209581375,
      0.3658299595117569,
      0.31808172911405563,
      0.34334130585193634,
      0.35407234728336334,
      0.5112745612859726,
      0.33753702044487,
      0.4034371189773083,
      0.4481882378458977,
      0.33159901946783066,
      0.3075355514883995,
      0.3633088245987892,
      0.4247879609465599,
      0.48232221603393555,
      0.4499702453613281,
      0.40178101509809494,
      0.3926582708954811,
      0.39838220924139023,
      0.44040152430534363
    ],
    "test_acc": [
      28.47243701589595,
      29.07418890799774,
      32.87833193367261,
      31.613459843956054,
      28.7390450491125,
      28.27832069812474,
      24.757418578016836,
      26.610623605090147,
      32.43002429293986,
      26.862788741428858,
      28.438519687202774,
      27.291536905729785,
      28.19512215555291,
      32.89979103442193,
      26.07481435294444,
      28.468798497583762,
      34.639704032910146,
      25.284802768585536,
      21.723324630212034,
      31.496996402358743,
      26.87194647896388,
      27.79934435760655,
      26.64358468234405,
      32.05739084973767,
      27.293890856279337,
      26.70120129328389,
      21.364199634974106,
      27.074605758972666,
      27.570427500889355,
      21.65749693234573,
      28.442589058282987,
      30.542667739313693,
      24.92713908987039,
      24.470366789081417,
      20.42489296518916,
      22.121553990787525,
      22.947077019644052,
      23.778961406411412,
      24.3133072568203,
      21.866674993925763
    ]
  }
}