{
  "config": {
    "seed": 42,
    "bs_train": 16,
    "bs_test": 4,
    "batches": 100,
    "epochs": 40,
    "early_stopping": 10,
    "checkpoints": null,
    "lr": 0.0001,
    "print_every": 100,
    "h_dim": 256,
    "z_dim": 128,
    "betas": [
      0.9,
      0.999
    ],
    "kw": {},
    "RTplot": false,
    "out_dir": "./results/Res4/",
    "run_name": "BIG_ARCHlr_0.0001s_0.8",
    "x_sigma2": 0.8
  },
  "results": {
    "num_epochs": 0,
    "train_loss": [
      1.7814731041590373,
      1.307584778467814,
      0.927588802576065,
      0.6551447888215383,
      0.4888775626818339,
      0.3910672386487325,
      0.3376126448313395,
      0.30807027518749236,
      0.28611002415418624,
      0.2760242243607839,
      0.2700868914524714,
      0.2604741265376409,
      0.2660451903939247,
      0.2613300457596779,
      0.25213278631369274,
      0.2606298049290975,
      0.2567689657211304,
      0.257770433028539,
      0.2530008018016815,
      0.25186214248339334,
      0.25246084729830426,
      0.2510238895813624,
      0.2541647260387739,
      0.25000786582628887,
      0.24723023821910223,
      0.2479620228211085,
      0.2457793638110161,
      0.24776224344968795,
      0.24746966610352197,
      0.24564619312683741,
      0.24376149872938793,
      0.24299046099185945,
      0.23970709542433422,
      0.2370879163344701,
      0.23507097363471985,
      0.23319361607233682,
      0.23269170224666597,
      0.23257585515578588,
      0.23306179891029993,
      0.23078377544879913
    ],
    "train_acc": [
      20.63375209482413,
      24.610379719119287,
      24.850415530904566,
      26.25639218371827,
      28.39009414187565,
      29.580331926840795,
      30.00186420484402,
      30.09726699442893,
      30.797100072838564,
      30.760934318291685,
      31.018580179159454,
      31.546669878650953,
      30.85645970226572,
      31.270344192312695,
      32.02603519357048,
      31.195755701084703,
      31.45629008377787,
      31.427855546600128,
      32.00844489897822,
      31.976172895767863,
      31.88699522786503,
      32.127107680311056,
      31.756219042624515,
      32.35446283293919,
      32.5493957365911,
      32.40602724871967,
      32.7936259389771,
      32.34489764464201,
      32.674296818027884,
      32.68464635329523,
      33.05297982946302,
      33.13416024973965,
      33.6160390063836,
      33.94351612611124,
      34.48161577614541,
      34.56729229908036,
      34.86562994097592,
      34.56855809797794,
      34.70172491118394,
      34.90184518313586
    ],
    "test_loss": [
      1.7356352806091309,
      1.0878660082817078,
      0.8128743916749954,
      0.6375401765108109,
      0.5153080075979233,
      0.41553637385368347,
      0.4376952201128006,
      0.44232379645109177,
      0.3402884751558304,
      0.35195454210042953,
      0.3579411059617996,
      0.3769024685025215,
      0.373188279569149,
      0.32041240483522415,
      0.40006890147924423,
      0.3364451974630356,
      0.28338443860411644,
      0.4847719669342041,
      0.43392253667116165,
      0.3387405350804329,
      0.370903804898262,
      0.3657274544239044,
      0.3341293968260288,
      0.3266746550798416,
      0.34432031959295273,
      0.3040437176823616,
      0.4797644391655922,
      0.3941272795200348,
      0.4140545353293419,
      0.48814358562231064,
      0.38905883580446243,
      0.3108302131295204,
      0.34653519093990326,
      0.4150830879807472,
      0.42120521515607834,
      0.3638439178466797,
      0.44179826229810715,
      0.4603760913014412,
      0.40015625208616257,
      0.5385653004050255
    ],
    "test_acc": [
      27.97912137359298,
      30.072972797920826,
      29.686566788043642,
      30.59788774009413,
      31.29121307222026,
      31.570922344377657,
      25.643993260473607,
      25.484181592191945,
      30.567196298085445,
      29.106237307226298,
      28.78888928649063,
      27.289225479181553,
      28.189424039920983,
      30.247203031248393,
      26.803209036618718,
      29.484690144364432,
      36.9320644918474,
      20.928937181287843,
      22.480267353875973,
      29.663506908829063,
      27.18464943960015,
      26.851366640745283,
      32.44352167761663,
      29.598060801413858,
      28.0182230258227,
      31.497160335570317,
      24.76254161134936,
      25.5180774582418,
      27.720030767941,
      21.6170181942011,
      27.086477940546608,
      31.531477699831832,
      28.20932053495312,
      27.454311622119004,
      23.72473167011255,
      27.347873532614198,
      22.765411835604773,
      21.80284030613133,
      27.11711339388729,
      20.812223757176625
    ]
  }
}