{
  "config": {
    "seed": 42,
    "bs_train": 16,
    "bs_test": 4,
    "batches": 100,
    "epochs": 40,
    "early_stopping": 10,
    "checkpoints": null,
    "lr": 0.0005,
    "print_every": 100,
    "h_dim": 256,
    "z_dim": 128,
    "betas": [
      0.9,
      0.999
    ],
    "kw": {},
    "RTplot": false,
    "out_dir": "./results/Res4/",
    "run_name": "BIG_ARCHlr_0.0005s_0.9",
    "x_sigma2": 0.9
  },
  "results": {
    "num_epochs": 0,
    "train_loss": [
      1.117586185534795,
      0.35777014096577964,
      0.2731237024068832,
      0.2552261690298716,
      0.2529482205708822,
      0.24570767134428023,
      0.23919833501180013,
      0.23657004187504452,
      0.23646248827377955,
      0.22803302556276323,
      0.2305726667245229,
      0.2289687842130661,
      0.22942118495702743,
      0.23157735814650854,
      0.2224038690328598,
      0.2278069704771042,
      0.22631377776463826,
      0.22725814680258433,
      0.22308794061342876,
      0.21595839361349742,
      0.21416146010160447,
      0.21167398045460384,
      0.2145199070374171,
      0.2115285063783328,
      0.20645975867907207,
      0.20492151379585266,
      0.20141728272040685,
      0.20254803895950318,
      0.2015506421526273,
      0.2032828539609909,
      0.19720073640346528,
      0.19896672864754994,
      0.19594204823176067,
      0.194460029900074,
      0.1947390486796697,
      0.19233615845441818,
      0.19022042403618494,
      0.18887826104958852,
      0.18838594257831573,
      0.18477422793706258
    ],
    "train_acc": [
      23.53134855667524,
      27.2131054810369,
      28.437936476384735,
      29.06263141507472,
      28.97339121312622,
      29.675097721416353,
      30.29337656081897,
      30.442013773226424,
      30.52820772148829,
      31.667405431852114,
      31.41213595381524,
      31.459885991353683,
      31.455361155017776,
      31.19745299411063,
      32.17222060464237,
      31.573748796964743,
      31.680118474795567,
      31.60518524878582,
      32.291081852570485,
      33.272299553658875,
      33.611634284039916,
      33.99787212192665,
      33.74935805271917,
      34.36035639666523,
      35.019762498399615,
      35.240026020649594,
      36.054714229971616,
      35.752774067476786,
      36.064408679701266,
      35.64705195665739,
      36.836187669677216,
      36.38224416881164,
      36.928189622413626,
      37.110047861201366,
      37.35290039883211,
      37.612253828067345,
      38.166913546231974,
      38.271143032457935,
      38.60253048633661,
      39.26096839596933
    ],
    "test_loss": [
      0.8192422688007355,
      0.4207239896059036,
      0.3018027991056442,
      0.3151294104754925,
      0.3677082881331444,
      0.31787335127592087,
      0.34839554876089096,
      0.311422236263752,
      0.30529646947979927,
      0.36912424862384796,
      0.36611489951610565,
      0.3312971256673336,
      0.29553307965397835,
      0.28690631315112114,
      0.38686735183000565,
      0.33375102654099464,
      0.2589758262038231,
      0.44827334582805634,
      0.4230806976556778,
      0.3101772516965866,
      0.3515905737876892,
      0.37902510166168213,
      0.37435412406921387,
      0.31063051894307137,
      0.3342076800763607,
      0.35156111419200897,
      0.4772816449403763,
      0.351178415119648,
      0.3747379705309868,
      0.39859888702630997,
      0.3132872059941292,
      0.31405113637447357,
      0.30260274186730385,
      0.39637454599142075,
      0.4619329646229744,
      0.38623252511024475,
      0.3850625157356262,
      0.4395599141716957,
      0.44100090861320496,
      0.42016734182834625
    ],
    "test_acc": [
      28.552439444225367,
      25.320059687624916,
      30.210768511409174,
      29.256061237003898,
      23.62338721634056,
      27.92423732144464,
      25.072998365620435,
      27.77573649192062,
      30.022160882627755,
      23.499583581933415,
      25.071025828124885,
      27.583017557642858,
      30.147438890055565,
      29.979982272022777,
      25.124470099520998,
      26.573262241057027,
      33.78069213423878,
      20.420862540657435,
      21.156888524551643,
      27.943858111308533,
      26.066496104192495,
      23.074886208524507,
      24.238693812828785,
      31.050986982401724,
      26.505554080218506,
      24.855519425090364,
      23.172151647611084,
      24.96639938466738,
      25.05792725281513,
      23.03481990735612,
      28.837301848613055,
      27.61954996350356,
      28.888940616370828,
      24.348960582330616,
      20.81349627585521,
      25.00524018268077,
      22.54269859641583,
      20.467666296211085,
      24.97149964805555,
      20.44371398738129
    ]
  }
}