{
  "config": {
    "seed": 42,
    "bs_train": 16,
    "bs_test": 4,
    "batches": 100,
    "epochs": 40,
    "early_stopping": 10,
    "checkpoints": null,
    "lr": 0.0003,
    "print_every": 100,
    "h_dim": 256,
    "z_dim": 128,
    "betas": [
      0.9,
      0.999
    ],
    "kw": {},
    "RTplot": false,
    "out_dir": "./results/Res4/",
    "run_name": "BIG_ARCHlr_0.0003s_0.8",
    "x_sigma2": 0.8
  },
  "results": {
    "num_epochs": 0,
    "train_loss": [
      1.4088241318861643,
      0.5846441894769668,
      0.34572769204775494,
      0.30165721277395885,
      0.2912994295358658,
      0.27473655839761096,
      0.2711751441160838,
      0.268668690820535,
      0.2645319397250811,
      0.2602588007847468,
      0.26081901490688325,
      0.2570369372765223,
      0.25573648810386657,
      0.25496823390324913,
      0.2504805078109105,
      0.2590960428118706,
      0.2524149551987648,
      0.25774966478347777,
      0.24833755244811376,
      0.24449424644311268,
      0.2435629442334175,
      0.24104759693145753,
      0.24030305941899618,
      0.2388217588265737,
      0.23359258820613224,
      0.2325766295194626,
      0.23067182103792827,
      0.2335219770669937,
      0.2328305199742317,
      0.23321361343065897,
      0.2264919896920522,
      0.2285582835475604,
      0.2261430288354556,
      0.22173041452964146,
      0.22214993387460708,
      0.21750271916389466,
      0.21778865804274877,
      0.2162903403242429,
      0.21823885490496953,
      0.21210016310214996
    ],
    "train_acc": [
      22.87152636278786,
      26.3934947962144,
      28.464124689778966,
      28.671684322540397,
      28.85899768739365,
      29.95070821864874,
      30.240122299818136,
      30.22031894134373,
      30.7451848196471,
      31.179566457718032,
      31.373496664447085,
      31.5451100679368,
      31.655831761574238,
      31.681004998949657,
      32.11128931350768,
      31.334145813695073,
      31.821665013829776,
      31.420675836574013,
      32.567083315478484,
      32.95479336964067,
      33.25555741663617,
      33.694220170213306,
      33.714192564237905,
      34.10610531626466,
      34.621362745571005,
      34.64140032854944,
      35.025145539294314,
      34.6005962217037,
      34.753499363549885,
      34.62850560025307,
      35.78258394730476,
      35.605881007615324,
      36.05891512349107,
      36.57730388903002,
      36.82557298201417,
      37.23572373316376,
      37.36330458288583,
      37.479701867257624,
      37.302235789079084,
      38.22153773176006
    ],
    "test_loss": [
      1.1252427399158478,
      0.5579733699560165,
      0.34086277335882187,
      0.3366641253232956,
      0.3460908681154251,
      0.3390667662024498,
      0.40029294788837433,
      0.3712286800146103,
      0.30669450387358665,
      0.34713342785835266,
      0.3642507418990135,
      0.3722676932811737,
      0.34977295249700546,
      0.3130599781870842,
      0.41471943259239197,
      0.3474934622645378,
      0.29252395778894424,
      0.3961305618286133,
      0.47855640947818756,
      0.3174346387386322,
      0.3485925458371639,
      0.37540582567453384,
      0.39748407900333405,
      0.3388975262641907,
      0.3707202225923538,
      0.3636227175593376,
      0.5449124723672867,
      0.4001650884747505,
      0.43531958758831024,
      0.4504081755876541,
      0.3544641584157944,
      0.3213622346520424,
      0.3712220788002014,
      0.434200681746006,
      0.4787472113966942,
      0.4647034779191017,
      0.4004962891340256,
      0.3856562301516533,
      0.4325841814279556,
      0.46993470937013626
    ],
    "test_acc": [
      28.474983124277994,
      28.949481900125935,
      33.14818519982058,
      31.78735259052804,
      28.780466516038278,
      28.94773161520233,
      24.411195009566757,
      26.28178096830681,
      32.58380001586493,
      27.874642800272408,
      28.58043222063494,
      27.50357917827639,
      28.548020133755095,
      30.793214206855826,
      26.93332913463115,
      28.396674342129465,
      35.17093642560984,
      24.877387050046156,
      21.574417209756078,
      31.883583432346608,
      29.165172838981515,
      26.421881886064266,
      25.795803923284442,
      29.77634887700096,
      26.854194795417346,
      27.60668555779305,
      21.002821248719098,
      24.717566681687785,
      26.705098060106206,
      22.702525573628773,
      28.06167174381118,
      30.872554488646838,
      25.92080733122258,
      26.3126073933724,
      21.924629123493407,
      23.330009368853737,
      24.261905954401307,
      26.883837564078522,
      24.295753615557597,
      21.82796939642268
    ]
  }
}