{
  "config": {
    "seed": 42,
    "bs_train": 32,
    "bs_test": 8,
    "batches": 100,
    "epochs": 100,
    "early_stopping": 10,
    "checkpoints": null,
    "lr": 0.0005,
    "print_every": 100,
    "h_dim": 256,
    "z_dim": 10,
    "betas": [
      0.1,
      0.1
    ],
    "kw": {},
    "RTplot": false,
    "out_dir": "./results/Res4/",
    "run_name": "MEGA_RUNlr_0.0005s_0.85",
    "x_sigma2": 0.85
  },
  "results": {
    "num_epochs": 0,
    "train_loss": [
      1.6011019070943198,
      0.37302953402201333,
      0.3686187704404195,
      0.35451545715332033,
      0.35089221795399983,
      0.3436536967754364,
      0.34933906396230063,
      0.3480684220790863,
      0.3543720265229543,
      0.3445384085178375,
      0.3469463566939036,
      0.33995135823885597,
      0.3358292281627655,
      0.3398330827554067,
      0.3318266630172729,
      0.3359084983666738,
      0.3376583198706309,
      0.3319723129272461,
      0.3311134894688924,
      0.33128920594851174,
      0.3315042912960052,
      0.33092769185702003,
      0.33648091554641724,
      0.3316093583901723,
      0.33417229652404784,
      0.3287066161632538,
      0.32933897177378335,
      0.32152780493100486,
      0.3300872087478638,
      0.32282935579617816,
      0.32249040802319845,
      0.32733332316080727,
      0.3191355228424072,
      0.31903921663761137,
      0.3192131598790487,
      0.3202092389265696,
      0.31803697943687437,
      0.31139416694641114,
      0.31897127827008565,
      0.31883920828501383,
      0.3197730123996735,
      0.31166802446047465,
      0.3088870366414388,
      0.30292023221651715,
      0.2946975330511729,
      0.29446054697036744,
      0.29811310370763144,
      0.30977609058221184,
      0.3008813420931498,
      0.29370217621326444,
      0.2888825704654058,
      0.3004284133513769,
      0.2964817543824514,
      0.2925474762916565,
      0.29780297776063286,
      0.28531654477119445,
      0.2907816251118978,
      0.29139390985171,
      0.27810327808062235,
      0.2950488378604253,
      0.2759942630926768,
      0.28198663592338563,
      0.27992932001749676,
      0.2873434056838354,
      0.2680359741051992,
      0.27532763381799064,
      0.28394619723161063,
      0.28396264612674715,
      0.29289946854114535,
      0.2762649079163869,
      0.2691391944885254,
      0.2794487198193868,
      0.2803982506195704,
      0.27927868366241454,
      0.2700424154599508,
      0.2730628808339437,
      0.27042239109675087,
      0.27415875991185507,
      0.27207274436950685,
      0.26483269333839415,
      0.2674910843372345,
      0.2658717175324758,
      0.2726056694984436,
      0.26414744555950165,
      0.2737193316221237,
      0.278468124071757,
      0.2637752672036489,
      0.26732563475767773,
      0.2814642200867335,
      0.2667407363653183,
      0.2680998573700587,
      0.27082509398460386,
      0.2621047010024389,
      0.26475321451822914,
      0.26027947465578716,
      0.2682126690944036,
      0.26453594664732616,
      0.27552705307801567,
      0.2638672451178233,
      0.2640357444683711
    ],
    "train_acc": [
      8.446803694048523,
      9.603549479797717,
      10.023206976734873,
      10.129923456745189,
      10.291712250082092,
      10.306063637760465,
      10.321942837429555,
      10.625181905152562,
      10.34455977444617,
      10.587435215907561,
      10.521697094103574,
      10.566771558066696,
      10.671839469678606,
      10.561696078441006,
      10.941124980191036,
      10.572172798113435,
      10.632795547998086,
      10.792129328142053,
      10.786539540332713,
      10.779504756530356,
      10.93916746210005,
      10.975375803905953,
      10.657057470219298,
      10.91130437545842,
      11.016643249335063,
      11.12061930767731,
      11.096102655386524,
      11.386887184158807,
      11.118039794906917,
      11.34410339340608,
      11.42913667897472,
      11.185140353744456,
      11.3735311506116,
      11.499384895843713,
      11.303900635829756,
      11.272242049196311,
      11.393739732910658,
      11.681388162348393,
      11.56037966132246,
      11.46806670944048,
      11.455471147848895,
      11.615844379645585,
      11.58270321782801,
      11.913712527343625,
      12.229785586093428,
      12.181576707057772,
      12.019782914808195,
      11.744550917797223,
      12.035504058705243,
      12.472723569649352,
      12.33714524003268,
      11.913342262890854,
      12.335078966859124,
      12.174815893768617,
      12.006758517842199,
      12.571712603501819,
      12.355906059662061,
      12.140974722779514,
      12.698408762131795,
      12.142770162679923,
      12.815912940041235,
      12.454306191243091,
      12.48851683274766,
      12.43297301715747,
      13.027094387001021,
      12.536576482374215,
      12.405616296255863,
      12.353744766487717,
      12.078512365724894,
      12.529410815214776,
      12.894601403056498,
      12.493191532129114,
      12.459634484710232,
      12.644219671738293,
      12.79454064647831,
      12.852285544243745,
      12.803871292347509,
      12.746111360233854,
      12.761544383847074,
      13.065245821507062,
      12.872316862132987,
      12.945757517762448,
      12.71125332082276,
      12.901787636405485,
      12.601891603081832,
      12.499127255201865,
      13.164461291351229,
      12.947433592823527,
      12.435288646627821,
      13.074239371876907,
      12.957005407000628,
      12.732533330905186,
      13.10492932848951,
      12.95410347381609,
      13.19875305941986,
      12.970447746702122,
      13.216299865184657,
      12.47194358075355,
      13.186821134450568,
      13.057328412807625
    ],