{
  "config": {
    "seed": 42,
    "bs_train": 16,
    "bs_test": 4,
    "batches": 100,
    "epochs": 40,
    "early_stopping": 10,
    "checkpoints": null,
    "lr": 0.0001,
    "print_every": 100,
    "h_dim": 256,
    "z_dim": 128,
    "betas": [
      0.9,
      0.999
    ],
    "kw": {},
    "RTplot": false,
    "out_dir": "./results/Res4/",
    "run_name": "MEGA_RUNlr_0.0001bs_16",
    "x_sigma2": 1
  },
  "results": {
    "num_epochs": 0,
    "train_loss": [
      1.703184151649475,
      1.2427839676539103,
      0.8632795810699463,
      0.5974896788597107,
      0.4344573050737381,
      0.3370768666267395,
      0.2839380964636803,
      0.25351103047529855,
      0.2323651616772016,
      0.22312146077553432,
      0.2176627958814303,
      0.20965569714705148,
      0.21397978216409683,
      0.2106998140613238,
      0.20289383083581924,
      0.2087015300989151,
      0.2061486651500066,
      0.20704227884610493,
      0.20239942024151483,
      0.20205407291650773,
      0.2026581699649493,
      0.20145601977904637,
      0.20375763873259226,
      0.20027567992607753,
      0.19843886842330297,
      0.19906638860702514,
      0.19720383832852045,
      0.19887799868981043,
      0.1994638890028,
      0.19777573545773824,
      0.19729288270076115,
      0.19766141325235367,
      0.19617339024941127,
      0.195794810851415,
      0.19381297330061595,
      0.19230366945266725,
      0.19180318961540857,
      0.18908828298250835,
      0.18904628356297812,
      0.18810427139202754
    ],
    "train_acc": [
      20.632963598436046,
      24.608390184439433,
      24.82405562714886,
      25.682982857478137,
      27.864975038269456,
      29.275962121539692,
      29.791180752056484,
      29.917958306054604,
      30.704630933851533,
      30.62126313676132,
      30.93817835980796,
      31.405394771199113,
      30.741801104617608,
      31.06797208489141,
      31.89265777446973,
      31.206848260639955,
      31.372387031219585,
      31.357191245208103,
      32.03158331659853,
      31.937943207056186,
      31.819406250372467,
      32.059066008632875,
      31.696545994131153,
      32.32740928938502,
      32.46445097890185,
      32.303312828011315,
      32.705308174260026,
      32.23547835407449,
      32.413077864269745,
      32.452212514287126,
      32.64388357938979,
      32.56447090729774,
      32.7628892504338,
      32.76594921022253,
      33.295964826082866,
      33.39437403500257,
      33.731643170250955,
      33.985030927736936,
      34.17551005592553,
      34.34135937813675
    ],
    "test_loss": [
      1.666927456855774,
      1.0230864584445953,
      0.7473439574241638,
      0.5634070038795471,
      0.46148398518562317,
      0.3554060235619545,
      0.36412983387708664,
      0.3676089942455292,
      0.2769481688737869,
      0.27952179685235023,
      0.2902495712041855,
      0.31814325600862503,
      0.3005065284669399,
      0.25894617289304733,
      0.3172938860952854,
      0.2777349166572094,
      0.22530531883239746,
      0.4048251137137413,
      0.37127117812633514,
      0.27518681436777115,
      0.29757755994796753,
      0.3040139302611351,
      0.27241119742393494,
      0.27470412477850914,
      0.2843313403427601,
      0.2496083565056324,
      0.40084313228726387,
      0.31821461394429207,
      0.3365025073289871,
      0.40982354059815407,
      0.28221987560391426,
      0.2742084786295891,
      0.2627178840339184,
      0.32810111716389656,
      0.341684453189373,
      0.3500865399837494,
      0.37839725613594055,
      0.36068014800548553,
      0.3318543843924999,
      0.4294632375240326
    ],
    "test_acc": [
      27.979028243532003,
      30.05185640694147,
      29.504141277610564,
      30.915841199258686,
      30.93249462824199,
      31.284279713699803,
      25.434928454189397,
      25.002053563443628,
      30.232844804017926,
      29.462695127872358,
      28.577142136672325,
      26.189693547905865,
      27.76368661889429,
      29.999147369555825,
      27.16576702763977,
      28.652171314015366,
      37.25311343809102,
      20.066689483760815,
      21.04826382985104,
      29.081342555936722,
      26.994081442055503,
      25.858595402297446,
      31.7190809822822,
      28.366629994413213,
      27.242451829910966,
      30.673515192075346,
      23.722225124370116,
      24.91724394886056,
      27.525433847035355,
      20.65837414139055,
      30.80872278773441,
      28.942015157910948,
      29.762711013567284,
      28.99385045793526,
      24.18242679064203,
      24.054838190066683,
      21.54192186879627,
      22.317895225033414,
      26.768428649260308,
      20.29750134323506
    ]
  }
}