{
  "config": {
    "seed": 42,
    "bs_train": 8,
    "bs_test": 2,
    "batches": 100,
    "epochs": 100,
    "early_stopping": 10,
    "checkpoints": null,
    "lr": 0.0005,
    "print_every": 5,
    "h_dim": 256,
    "z_dim": 128,
    "betas": [
      0.1,
      0.1
    ],
    "kw": {},
    "RTplot": true,
    "out_dir": "./results/Res4/",
    "run_name": "MEGA_RUNlr_0.0005s_0.9",
    "x_sigma2": 0.9
  },
  "results": {
    "num_epochs": 0,
    "train_loss": [
      1.05028246541818,
      0.5214061185717582,
      0.47539936800797783,
      0.4624223992228508,
      0.44716008951266606,
      0.44694985846678414,
      0.44600694527228674,
      0.43610000908374785,
      0.4384149154027303,
      0.425027334690094,
      0.42186990280946096,
      0.4090235397219658,
      0.4094784989953041,
      0.4009166325132052,
      0.403252549469471,
      0.40078753779331844,
      0.39447550823291144,
      0.3920323893427849,
      0.3840929612517357,
      0.3837197209397952,
      0.3849199712276459,
      0.3790477524201075,
      0.37162840863068897,
      0.3837679515282313,
      0.37676429996887845,
      0.38797106643517815,
      0.38079841136932374,
      0.36427733798821765,
      0.3611000493168831,
      0.38884844183921813,
      0.3570288623372714,
      0.34727087765932085,
      0.364122719069322,
      0.3666304846604665,
      0.3641508460044861,
      0.36087719549735386,
      0.3589389145374298,
      0.3623363770544529,
      0.3573660090565681,
      0.3508722007274628,
      0.35730618188778557,
      0.3521190198759238,
      0.3501218552390734,
      0.352655362089475,
      0.35001260017355285,
      0.3548160990079244,
      0.3543233851591746,
      0.3493514105677605,
      0.3459720437725385,
      0.34619601890444757,
      0.34752380351225537,
      0.3627357269326846,
      0.3438439962764581,
      0.3462325175603231,
      0.3365032494068146,
      0.34785061404109,
      0.33860612884163854,
      0.34370948349436126,
      0.3344120775659879,
      0.34396097660064695,
      0.3384870233635108,
      0.34528639713923137,
      0.3551112810770671,
      0.35854277287920316,
      0.34396713773409526,
      0.3518558586637179,
      0.32899946669737495,
      0.3357255881031354,
      0.34848741243282955,
      0.3378504122296969,
      0.3537147040168444,
      0.3311222289999326,
      0.34333089788754784,
      0.33606619586547215,
      0.3379414310057958,
      0.33318751156330106,
      0.34702450086673103,
      0.34277960161368054,
      0.33359467461705206,
      0.35515735919276875,
      0.3483351876338323,
      0.3443986902634303,
      0.3418113708496094,
      0.349486135939757,
      0.33670978049437206,
      0.33359253630042074,
      0.3502090486387412,
      0.3479780986905098,
      0.34109418392181395,
      0.34597979361812276,
      0.3314199683566888,
      0.34393633157014847,
      0.3433461974064509,
      0.3384896248579025,
      0.33715302298466365,
      0.33109185347954434,
      0.3266076142589251,
      0.34307771970828377,
      0.338361403097709,
      0.3422851388653119
    ],
    "train_acc": [
      39.47630525073583,
      41.52304652632757,
      43.84415431035894,
      44.05559974028648,
      44.611787667219325,
      44.29521011492585,
      44.65274701993103,
      44.74557041515102,
      43.24545492265626,
      44.96560562435653,
      44.36450992624111,
      45.68008344676071,
      45.30985416357094,
      46.34364036685249,
      46.90863038331644,
      46.66175178154364,
      46.970397121780984,
      47.009292727760226,
      48.242382849440425,
      48.13414803880496,
      48.066789697678836,
      49.140925400226664,
      49.32564914980932,
      47.550428121034706,
      47.5730658490543,
      47.127447693309584,
      47.862262237841826,
      48.88760289502494,
      49.773978910995076,
      46.837453647600626,
      49.39641380802617,
      50.46025133909415,
      48.18841170904156,
      48.345759459518284,
      49.004335526858846,
      48.289589632775936,
      49.32512968252845,
      48.64771565546802,
      48.74803602604082,
      49.81727483357552,
      48.93703340312841,
      50.34955435905471,
      49.05213209751957,
      49.095973804909825,
      49.07968668917452,
      49.03939952664627,
      48.82182157469744,
      49.22349021907944,
      49.115370463883735,
      49.316824473286275,
      48.82220134311493,
      47.3307805796757,
      49.38532718125322,
      49.776015596797,
      50.4646445323179,
      48.570732309171035,
      49.86206960297964,
      49.601462664158795,
      50.95746836819505,
      49.428309716836,
      50.47947123714611,
      50.50597275824354,
      47.84547834418591,
      49.02214514096024,
      49.39004235812797,
      48.348174972735976,
      51.77054099994423,
      50.53833016083334,
      48.71510306974364,
      49.72642554530872,
      49.34308279650515,
      50.61264281112443,
      48.99641090786272,
      49.64761676209063,
      50.24660946189626,
      50.20077963326238,
      49.10593489955806,
      48.342496343595435,
      50.34225639386384,
      48.75269417252875,
      48.26736516204315,
      48.63578023286189,
      49.55335940202273,
      48.33989302744468,
      49.422347563465145,
      50.337237026597435,
      48.95011094115873,
      49.204567121019416,
      49.09785542098318,
      47.77017124716978,
      50.080046530125614,
      49.63174300583335,
      48.44046673452721,
      49.62353216394569,
      49.32235927712514,
      48.85793250199023,
      50.338409276083986,
      48.18793616529514,
      49.351414244687206,
      48.76745515566021
    ],