{
  "config": {
    "seed": 42,
    "bs_train": 32,
    "bs_test": 8,
    "batches": 100,
    "epochs": 100,
    "early_stopping": 10,
    "checkpoints": null,
    "lr": 0.0001,
    "print_every": 100,
    "h_dim": 256,
    "z_dim": 10,
    "betas": [
      0.1,
      0.1
    ],
    "kw": {},
    "RTplot": false,
    "out_dir": "./results/Res4/",
    "run_name": "MEGA_RUNlr_0.0001s_0.9",
    "x_sigma2": 0.9
  },
  "results": {
    "num_epochs": 0,
    "train_loss": [
      2.571042776107788,
      2.1844393650690717,
      1.316469935576121,
      0.5161044239997864,
      0.32108718355496724,
      0.30404077768325805,
      0.29994042714436847,
      0.2916204561789831,
      0.28218683203061423,
      0.28752587834994,
      0.2846575230360031,
      0.2814724624156952,
      0.28117641707261404,
      0.28060248295466106,
      0.2798737029234568,
      0.277067756652832,
      0.28283889492352804,
      0.2751902351776759,
      0.27731149991353354,
      0.2770392696062724,
      0.27684303919474285,
      0.2738866597414017,
      0.27568147977193197,
      0.2757826636234919,
      0.2749311606089274,
      0.2748253871997198,
      0.26979469259579975,
      0.2723345677057902,
      0.2720473498106003,
      0.27021754483381905,
      0.270330885052681,
      0.2706571032603582,
      0.27333462834358213,
      0.2701052268346151,
      0.26741993029912314,
      0.26919347246487935,
      0.2734332650899887,
      0.26602923969427744,
      0.2728637963533401,
      0.2709130376577377,
      0.265884800752004,
      0.2680749197800954,
      0.2669566472371419,
      0.2644954890012741,
      0.2692369590202967,
      0.26741494139035543,
      0.2686012794574102,
      0.26739162305990855,
      0.26548433204491934,
      0.2669062415758769,
      0.26354636748631793,
      0.26300733387470243,
      0.26512779394785563,
      0.265152840813001,
      0.26854943434397377,
      0.2640094180901845,
      0.2611740012963613,
      0.2678476919730504,
      0.26125774085521697,
      0.2651067276795705,
      0.2645146797100703,
      0.2628041346867879,
      0.2623591750860214,
      0.26433701515197755,
      0.26091769138971965,
      0.26004356642564136,
      0.2664420694112778,
      0.26095612545808156,
      0.2597560743490855,
      0.2625289787848791,
      0.26085026959578195,
      0.25971335570017495,
      0.2577152232329051,
      0.2573338816563288,
      0.2590333561102549,
      0.2566027065118154,
      0.2576776524384817,
      0.26198361317316693,
      0.25715197722117106,
      0.2580498804648717,
      0.25856697261333467,
      0.25668057004610695,
      0.25553044279416404,
      0.25506701370080315,
      0.2581094880898794,
      0.2586703568696976,
      0.25626609126726785,
      0.2573903024196625,
      0.25699575344721476,
      0.2544384201367696,
      0.2613528370857239,
      0.25359792908032736,
      0.25193688571453093,
      0.25323698421319324,
      0.25172403554121653,
      0.24986423353354137,
      0.250758824745814,
      0.2547855337460836,
      0.2520048886537552,
      0.2509962052106857
    ],
    "train_acc": [
      9.090326648109222,
      9.850694868349954,
      10.509571539887379,
      10.337904187105414,
      10.66429985239906,
      11.167936883900488,
      11.378277137642836,
      11.941269536431124,
      12.38824777446926,
      12.205328986240131,
      12.342397780612986,
      12.488572432670423,
      12.616992560588779,
      12.544867098506458,
      12.569656009281355,
      12.7172665546295,
      12.509455092729759,
      12.766233558203536,
      12.586431297846179,
      12.679318538498753,
      12.713020571814232,
      12.855662405698688,
      12.669567290801881,
      12.718638767513774,
      12.687093650364067,
      12.799573344740057,
      13.043563020404164,
      12.804186655045507,
      12.834644938836634,
      12.901754280268532,
      12.944991354362337,
      12.902051285078086,
      12.782520870278935,
      12.93833890602932,
      13.119418376164148,
      13.04861813291853,
      12.765943256965159,
      13.155112646175258,
      12.824221412785304,
      12.980629055563675,
      13.083808583646118,
      13.00118854361948,
      13.138395765539213,
      13.134958163532621,
      12.949283045541831,
      13.059523902895531,
      13.062096049303808,
      12.989696008613592,
      13.026696877114409,
      12.995786258095862,
      13.181386344045523,
      13.162900868025403,
      13.113867957154476,
      13.073043076842527,
      12.923549028783949,
      13.133868349936014,
      13.272060522475355,
      13.001934249074973,
      13.295260288675715,
      13.045950426261959,
      13.12679460607189,
      13.11389838043525,
      13.22566259492898,
      13.090120205629947,
      13.303770747344789,
      13.330978572000157,
      12.947943791976638,
      13.282541434823013,
      13.358747330036811,
      13.29820013537712,
      13.225296402502533,
      13.317789147603367,
      13.422467287656945,
      13.406141282506207,
      13.335269961657412,
      13.43911088524105,
      13.390160272244579,
      13.236071749145077,
      13.422493659925514,
      13.404949189402712,
      13.305261210998678,
      13.41815886304035,
      13.525670598656294,
      13.45902800973211,
      13.240463894335077,
      13.295407548393728,
      13.444820744978818,
      13.358753293194077,
      13.419672676498529,
      13.488691940160365,
      13.169494418097324,
      13.504546911960404,
      13.613009926709523,
      13.594595997202683,
      13.640639010709563,
      13.708360137593816,
      13.680156980317294,
      13.463617205772936,
      13.544207750380528,
      13.566621316430009
    ],