{
  "config": {
    "seed": 42,
    "bs_train": 32,
    "bs_test": 8,
    "batches": 100,
    "epochs": 100,
    "early_stopping": 10,
    "checkpoints": null,
    "lr": 0.001,
    "print_every": 100,
    "h_dim": 256,
    "z_dim": 10,
    "betas": [
      0.1,
      0.1
    ],
    "kw": {},
    "RTplot": false,
    "out_dir": "./results/Res4/",
    "run_name": "MEGA_RUNlr_0.001s_0.85",
    "x_sigma2": 0.85
  },
  "results": {
    "num_epochs": 0,
    "train_loss": [
      1.1293138881524405,
      0.47421833078066505,
      0.40841841300328574,
      0.40460652112960815,
      0.38430949648221335,
      0.389171568552653,
      0.3865151007970174,
      0.38068462411562604,
      0.3823233445485433,
      0.37142725189526876,
      0.37564290364583336,
      0.365522966782252,
      0.36826294859250386,
      0.3689520001411438,
      0.36497419079144794,
      0.3602212925752004,
      0.3556154986222585,
      0.3526249925295512,
      0.3595712165037791,
      0.35640126665433247,
      0.3516295671463013,
      0.3543058574199677,
      0.3521246055761973,
      0.3523764729499817,
      0.3500741521517436,
      0.3484147032101949,
      0.34280918836593627,
      0.34555837909380593,
      0.3457203507423401,
      0.3436320940653483,
      0.34366433024406434,
      0.34176084597905476,
      0.3408501048882802,
      0.3498161156972249,
      0.33921869794527687,
      0.34319891929626467,
      0.3323113481203715,
      0.3393310328324636,
      0.3515907843907674,
      0.35308793584505715,
      0.33985093037287395,
      0.3439682106177012,
      0.33072876930236816,
      0.34576990207036334,
      0.3314472496509552,
      0.3328817884127299,
      0.3358829458554586,
      0.32074479659398397,
      0.31162168582280475,
      0.31648565729459127,
      0.31954345703125,
      0.32273617684841155,
      0.3030362685521444,
      0.31223395963509876,
      0.2971608320871989,
      0.298155270020167,
      0.30509453813234966,
      0.29517990748087564,
      0.2853046119213104,
      0.30178125301996866,
      0.28845230042934417,
      0.3048345198233922,
      0.28960991899172467,
      0.2914481073617935,
      0.3017154594262441,
      0.2971242109934489,
      0.30095528761545814,
      0.28698005179564157,
      0.2751409192879995,
      0.28409343858559927,
      0.27374991178512575,
      0.28696243862311044,
      0.28205256660779315,
      0.2755844444036484,
      0.2816996822754542,
      0.2806334227323532,
      0.2776573518911997,
      0.2874248464902242,
      0.2703530112902323,
      0.2833554665247599,
      0.27353240350882213,
      0.270296781261762,
      0.27138287921746573,
      0.27214086850484215,
      0.2780152251323064,
      0.27265021900335945,
      0.28530842264493306,
      0.2605775793393453,
      0.2731844484806061,
      0.2672399421532949,
      0.26498045921325686,
      0.2704419871171316,
      0.2614295860131582,
      0.27000756363073986,
      0.2653205573558807,
      0.2682297686735789,
      0.2651823918024699,
      0.26824983259042107,
      0.2655368119478226,
      0.2610187629858653
    ],
    "train_acc": [
      8.403176593887,
      8.531852701074696,
      9.64537236360762,
      9.70962791693488,
      10.027743603717388,
      9.979107605258504,
      10.045447037430483,
      10.163132672980462,
      9.99828432459309,
      10.186773535173415,
      9.984710956699672,
      10.25439016359869,
      10.240583382743893,
      10.106692619975291,
      10.313418363912044,
      10.28865153199226,
      10.339212566949934,
      10.395822670831787,
      10.273095611741534,
      10.427982475783814,
      10.388739361991032,
      10.336070151522165,
      10.22369058888712,
      10.289140292400411,
      10.425856718006745,
      10.467053471669614,
      10.479342631266544,
      10.412447315546844,
      10.389701385347266,
      10.43823395951638,
      10.474054553336938,
      10.54095847780613,
      10.567626972415882,
      10.731153852661313,
      10.766505593597476,
      10.57830875130099,
      10.846845018000483,
      10.649656033795683,
      10.586808219094502,
      10.718782624154462,
      10.523050974672504,
      10.647555188277158,
      10.926322053825313,
      10.777808091358594,
      11.163113406017837,
      11.030542073681957,
      10.960700515941905,
      11.260084054294172,
      11.63385066039858,
      11.337379655171343,
      11.28776766016691,
      11.603095003832257,
      11.893271237705568,
      11.70465012318723,
      12.1737589671309,
      12.10804159668217,
      11.876427215596657,
      12.0250929436724,
      12.599996066693093,
      11.972533290457205,
      12.584728618341096,
      12.07253545454167,
      12.325530507213738,
      12.318403431138703,
      12.18774895314706,
      12.383534240696413,
      12.083738608202518,
      12.587224279856772,
      12.636447293699655,
      12.496977190921472,
      12.97837854266917,
      12.384132690698092,
      12.459193350858731,
      12.89827177699716,
      12.683681671476858,
      12.677195583996081,
      12.671368092940996,
      12.192735548107889,
      13.006383430161874,
      12.677394479239755,
      12.911830959280017,
      13.10319289975916,
      12.796924969490597,
      13.089441316004423,
      12.554234979061345,
      12.995185723104914,
      12.36980476854481,
      13.347808536765033,
      12.778934479553099,
      12.96002251195927,
      13.061839243358213,
      12.994089377375632,
      13.173350454536166,
      13.021305933968733,
      13.043287554085316,
      12.879445635840419,
      12.951741776778105,
      12.95440887154293,
      13.16568313808582,
      13.162352462822433
    ],