{
  "config": {
    "seed": 42,
    "bs_train": 32,
    "bs_test": 8,
    "batches": 100,
    "epochs": 100,
    "early_stopping": 10,
    "checkpoints": null,
    "lr": 0.0005,
    "print_every": 100,
    "h_dim": 256,
    "z_dim": 10,
    "betas": [
      0.1,
      0.1
    ],
    "kw": {},
    "RTplot": false,
    "out_dir": "./results/Res4/",
    "run_name": "MEGA_RUNlr_0.0005s_0.95",
    "x_sigma2": 0.95
  },
  "results": {
    "num_epochs": 0,
    "train_loss": [
      1.5616154372692108,
      0.34916760126749674,
      0.32759740948677063,
      0.3220165133476257,
      0.3159874578317006,
      0.3118948757648468,
      0.31261932452519736,
      0.31018644173940024,
      0.3107544700304667,
      0.30766212145487465,
      0.3126287877559662,
      0.30531175136566163,
      0.30336894194285074,
      0.3045705755551656,
      0.30137046774228415,
      0.3053196946779887,
      0.30252194503943125,
      0.2981692214806875,
      0.3016083538532257,
      0.30203977227211,
      0.2980073750019073,
      0.3057667295138041,
      0.3020152489344279,
      0.2997962772846222,
      0.29585646390914916,
      0.2915105660756429,
      0.29681721031665803,
      0.30569722652435305,
      0.29505645036697387,
      0.29138723810513817,
      0.299153200785319,
      0.29330359399318695,
      0.2917395850022634,
      0.2931385984023412,
      0.28936517238616943,
      0.2885485162337621,
      0.2861735572417577,
      0.279067791501681,
      0.2799868295590083,
      0.2760549247264862,
      0.27752373218536375,
      0.278030788898468,
      0.26338001688321433,
      0.27076756159464516,
      0.2663859148820241,
      0.258964866399765,
      0.2687746584415436,
      0.2707587858041128,
      0.2700886487960815,
      0.2592929462591807,
      0.25653943022092185,
      0.26690265238285066,
      0.26110327541828154,
      0.25389988521734874,
      0.2527286877234777,
      0.26678678194681804,
      0.2569254199663798,
      0.26474954386552174,
      0.2533981055021286,
      0.2545222272475561,
      0.24815491040547688,
      0.24746393064657848,
      0.252006533741951,
      0.26775006850560507,
      0.24200231929620106,
      0.25583543876806897,
      0.25071286261081693,
      0.24535167614618938,
      0.24533616105715433,
      0.24457256098588306,
      0.24773828983306884,
      0.2420762578646342,
      0.24965927104155222,
      0.25124710400899253,
      0.24389000733693442,
      0.2388921558856964,
      0.24490899244944256,
      0.2562814235687256,
      0.23330430686473846,
      0.24666182299455006,
      0.24526337285836539,
      0.23735584417978922,
      0.2435913602511088,
      0.2366622547308604,
      0.2571831385294596,
      0.25227942168712614,
      0.24573542773723603,
      0.24430395265420277,
      0.24014983276526133,
      0.23752676745255788,
      0.24280301729838052,
      0.23884841601053874,
      0.23492782910664875,
      0.24230670531590778,
      0.23588532606760662,
      0.24625508586565653,
      0.2442784716685613,
      0.24649508496125538,
      0.2387694925069809,
      0.239484437306722
    ],
    "train_acc": [
      9.43312093340455,
      10.439853390567997,
      11.104832470168642,
      11.292184249610761,
      11.289052252811102,
      11.543020266709588,
      11.467220245498435,
      11.665272566560946,
      11.660483551018844,
      11.759057148974286,
      11.590302092732424,
      11.781820111527722,
      11.882775418964911,
      11.807024598535325,
      12.072090679182905,
      11.719093307611876,
      11.914638209935204,
      12.007889184714177,
      11.814223465173047,
      11.836458985396314,
      12.293441489393876,
      11.918630793616629,
      11.829174251625338,
      12.142323956358211,
      12.187386864192478,
      12.569162525229194,
      12.192563443696487,
      12.099681274682188,
      12.189492975753982,
      12.413985845544095,
      12.376619028282553,
      12.476673006255984,
      12.592769772147252,
      12.542648924231004,
      12.5603776280235,
      12.618452020539193,
      12.658684693796824,
      13.130955069790648,
      13.001782947751437,
      13.150255569783072,
      13.02392182903214,
      13.086968705230568,
      13.821878521563844,
      13.291648211009086,
      13.331811878136602,
      13.711693748322885,
      13.38676032677323,
      13.570218025468453,
      13.192488016434107,
      13.991890271728135,
      13.778194318683456,
      13.441071971309945,
      13.783282761728334,
      13.906523633997312,
      14.224488497855345,
      13.734379891382247,
      13.754961107866498,
      13.592611857827803,
      13.82606653924155,
      13.942697771818375,
      14.271295991501272,
      14.148091039412948,
      14.20546364827085,
      13.53282077734478,
      14.622381675881696,
      13.642910492085617,
      14.029387375465374,
      14.231195325715374,
      14.357558451128455,
      14.105471471905723,
      14.216241637402245,
      14.37476598050873,
      14.082442396992594,
      14.2950339596568,
      14.182881280816249,
      14.68420187390027,
      14.224788847843257,
      13.552406739844855,
      14.915282572887419,
      14.238612373958947,
      14.256519646627638,
      14.713987215246883,
      14.348168218166578,
      14.57384944315939,
      13.870722920068719,
      13.725347570322414,
      14.185822077997388,
      14.283077327365717,
      14.350835753018643,
      14.728581589576299,
      14.402582234231662,
      14.469132108369864,
      14.63075397463381,
      14.48383299355818,
      14.659968092486185,
      14.206468292285958,
      14.576768053781297,
      14.211051195199703,
      14.363261521066038,
      14.590429317818185
    ],