{
  "config": {
    "seed": 42,
    "bs_train": 32,
    "bs_test": 8,
    "batches": 100,
    "epochs": 100,
    "early_stopping": 10,
    "checkpoints": null,
    "lr": 0.0001,
    "print_every": 100,
    "h_dim": 256,
    "z_dim": 10,
    "betas": [
      0.1,
      0.1
    ],
    "kw": {},
    "RTplot": false,
    "out_dir": "./results/Res4/",
    "run_name": "MEGA_RUNlr_0.0001s_0.85",
    "x_sigma2": 0.85
  },
  "results": {
    "num_epochs": 0,
    "train_loss": [
      2.591569916407267,
      2.203325605392456,
      1.3341990033785502,
      0.5340200324853261,
      0.3385524133841197,
      0.32056815226872765,
      0.315926198164622,
      0.306885435183843,
      0.3024697919686635,
      0.29792537887891135,
      0.2985141297181447,
      0.29681379397710167,
      0.29574737548828123,
      0.2951776206493378,
      0.2950413306554159,
      0.2969639758268992,
      0.29187278846899667,
      0.2904451549053192,
      0.29285210768381753,
      0.2922438104947408,
      0.2919533689816793,
      0.28788053393363955,
      0.28903587261835734,
      0.2893779893716176,
      0.2894001762072245,
      0.29034643769264223,
      0.2880981723467509,
      0.2866765836874644,
      0.28641879856586455,
      0.2828250606854757,
      0.2822207341591517,
      0.2837662508090337,
      0.28904473582903545,
      0.28555891911188763,
      0.2813020616769791,
      0.28335083027680713,
      0.2876153488953908,
      0.282878033320109,
      0.28077637453873955,
      0.28345216711362203,
      0.2809957613547643,
      0.27932614187399546,
      0.2817993660767873,
      0.2779688576857249,
      0.28109480837980905,
      0.279315976301829,
      0.2826883465051651,
      0.281265793244044,
      0.27793128887812296,
      0.2783772269884745,
      0.2761705756187439,
      0.27889319459597267,
      0.27617101470629374,
      0.2777867416540782,
      0.27662770748138427,
      0.2793664276599884,
      0.2730255444844564,
      0.27694780031840005,
      0.27913566728432976,
      0.27723601857821145,
      0.27649456560611724,
      0.2748543292284012,
      0.2742843687534332,
      0.2769687722126643,
      0.2739504675070445,
      0.2734843949476878,
      0.2744598319133123,
      0.27320032715797427,
      0.27376502752304077,
      0.27327759663263956,
      0.27142783602078757,
      0.2706302007039388,
      0.2701122542222341,
      0.27429805397987367,
      0.26777946452299756,
      0.2706563889980316,
      0.2703546643257141,
      0.27031960487365725,
      0.26928458114465076,
      0.26909080843130745,
      0.2662777086098989,
      0.2689194053411484,
      0.2688291182120641,
      0.26587398648262023,
      0.2673900544643402,
      0.26995944877465566,
      0.26496047973632814,
      0.26616976261138914,
      0.26360168556372326,
      0.2639677186806997,
      0.2660046676794688,
      0.2645152966181437,
      0.2610805849234263,
      0.263792817791303,
      0.2616843402385712,
      0.25903708636760714,
      0.25612040360768634,
      0.25736446877320607,
      0.26215527256329857,
      0.2534520745277405
    ],
    "train_acc": [
      8.585294277195233,
      9.303340824972501,
      9.925577939138465,
      9.769906156877234,
      10.072378163498783,
      10.555773940164926,
      10.774390083191903,
      11.326740530510802,
      11.561293535746618,
      11.785508510417102,
      11.777906205547938,
      11.811179754770281,
      11.960455616490654,
      11.888025659792502,
      11.877714601767844,
      11.92477914744021,
      12.097237622100106,
      12.076067697826636,
      11.877464710504942,
      11.980719915393609,
      12.016642677549193,
      12.206363946277028,
      12.134642693263814,
      12.081167994146032,
      12.087762329399258,
      12.077691949904976,
      12.120234863657101,
      12.241351411814257,
      12.272610674536747,
      12.388253445437496,
      12.394745599057899,
      12.32911427009121,
      12.058987946829651,
      12.202869276790052,
      12.40727808945022,
      12.34436557669987,
      12.093696152848151,
      12.382939349217361,
      12.389760200913347,
      12.33720144606431,
      12.35932023494368,
      12.402964645461577,
      12.391890419245703,
      12.510789843095601,
      12.427569811514843,
      12.505873348682613,
      12.272899013704716,
      12.336033035016046,
      12.474448806941666,
      12.490424711248757,
      12.571502710340772,
      12.44492128698844,
      12.551387816068251,
      12.5012097834413,
      12.571667367327969,
      12.401612982593623,
      12.650168787684757,
      12.545495586729423,
      12.496143690559634,
      12.474537199292843,
      12.556601756352402,
      12.496910269891675,
      12.588694053665462,
      12.44963888789015,
      12.636142614296206,
      12.644745831122725,
      12.558399447648656,
      12.542673252838101,
      12.642851278543693,
      12.611288159751386,
      12.706373686450487,
      12.754983318336262,
      12.694182956772366,
      12.552473758238863,
      12.817927938178746,
      12.704511615171715,
      12.700355333742458,
      12.75213100661547,
      12.764654301732318,
      12.769645924910634,
      12.830618427833045,
      12.72696701506776,
      12.768137325893072,
      12.843484553076058,
      12.774266720081215,
      12.69780623401554,
      12.876850925681099,
      12.843060034866895,
      12.903875210726579,
      12.921583485059774,
      12.86015358241443,
      12.861360631414522,
      12.964934826515725,
      12.870686377987711,
      12.955398796179555,
      13.018954726547339,
      13.181198459868375,
      13.161108039147006,
      12.862852465466847,
      13.345616034381353
    ],